participant,class1,class2,running_time,test_acc,train_acc,test_size,train_size,train_block,test_block,test_acc_vote
10,Hand,Rest,58.68149137496948,0.6785714285714286,1.0,"(56, 64, 1000)","(140, 64, 1000)",12345,67,0.625
10,Feet,Rest,56.596742391586304,0.5,1.0,"(56, 64, 1000)","(140, 64, 1000)",12345,67,0.4821428571428571
10,Tongue,Rest,58.6143581867218,0.625,1.0,"(56, 64, 1000)","(140, 64, 1000)",12345,67,0.5892857142857143
10,Mis,Rest,57.262749433517456,0.875,1.0,"(56, 64, 1000)","(140, 64, 1000)",12345,67,0.8392857142857143
