participant,class1,class2,running_time,test_acc,train_acc,test_size,train_size,train_block,test_block,test_acc_vote
3,Hand,Rest,60.492897748947144,0.7678571428571429,1.0,"(56, 64, 1000)","(140, 64, 1000)",12345,67,0.75
3,Feet,Rest,55.46247839927673,0.5357142857142857,1.0,"(56, 64, 1000)","(140, 64, 1000)",12345,67,0.5178571428571428
3,Tongue,Rest,56.118152379989624,0.6964285714285714,1.0,"(56, 64, 1000)","(140, 64, 1000)",12345,67,0.6607142857142857
3,Mis,Rest,57.26257038116455,0.8214285714285714,1.0,"(56, 64, 1000)","(140, 64, 1000)",12345,67,0.7857142857142857
