participant,class1,class2,running_time,test_acc,train_acc,test_size,train_size,train_block,test_block,test_acc_vote
3,Hand,Rest,146.71935319900513,0.8807339449541285,0.9211009174311928,"(218, 64, 1000)","(545, 64, 1000)",12345,67,0.8807339449541285
3,Feet,Rest,148.13744235038757,0.6926605504587156,0.9137614678899084,"(218, 64, 1000)","(545, 64, 1000)",12345,67,0.6834862385321101
3,Tongue,Rest,147.99773693084717,0.7568807339449541,0.9192660550458716,"(218, 64, 1000)","(545, 64, 1000)",12345,67,0.7660550458715596
3,Mis,Rest,148.57359313964844,0.8486238532110092,0.944954128440367,"(218, 64, 1000)","(545, 64, 1000)",12345,67,0.8532110091743119
