participant,class1,class2,running_time,test_acc,train_acc,test_size,train_size,train_block,test_block,test_acc_vote
9,Hand,Rest,148.2931263446808,0.9128440366972476,0.9376146788990826,"(218, 64, 1000)","(545, 64, 1000)",12345,67,0.9311926605504588
9,Feet,Rest,154.08770155906677,0.8899082568807339,0.963302752293578,"(218, 64, 1000)","(545, 64, 1000)",12345,67,0.8899082568807339
9,Tongue,Rest,159.14386296272278,0.7293577981651376,0.910091743119266,"(218, 64, 1000)","(545, 64, 1000)",12345,67,0.7385321100917431
9,Mis,Rest,155.62159776687622,0.6926605504587156,0.8917431192660551,"(218, 64, 1000)","(545, 64, 1000)",12345,67,0.6972477064220184
