participant,class1,class2,running_time,test_acc,train_acc,test_size,train_size,train_block,test_block,test_acc_vote
14,Hand,Rest,36.50965523719787,0.6071428571428571,1.0,"(224, 64, 250)","(112, 64, 250)",1,67,0.5669642857142857
14,Feet,Rest,36.61127686500549,0.59375,1.0,"(224, 64, 250)","(112, 64, 250)",1,67,0.5625
14,Tongue,Rest,37.322120904922485,0.4776785714285714,1.0,"(224, 64, 250)","(112, 64, 250)",1,67,0.4910714285714286
14,Mis,Rest,37.2440402507782,0.5223214285714286,1.0,"(224, 64, 250)","(112, 64, 250)",1,67,0.5580357142857143
