participant,class1,class2,running_time,test_acc,train_acc,test_size,train_size,train_block,test_block,test_acc_vote
15,Hand,Rest,37.83275508880615,0.6964285714285714,1.0,"(224, 64, 250)","(112, 64, 250)",1,67,0.6919642857142857
15,Feet,Rest,37.08216309547424,0.5178571428571429,1.0,"(224, 64, 250)","(112, 64, 250)",1,67,0.5044642857142857
15,Tongue,Rest,37.01482057571411,0.5267857142857143,1.0,"(224, 64, 250)","(112, 64, 250)",1,67,0.5089285714285714
15,Mis,Rest,37.25345587730408,0.5401785714285714,1.0,"(224, 64, 250)","(112, 64, 250)",1,67,0.5803571428571428
