participant,class1,class2,running_time,test_acc,train_acc,test_size,train_size,train_block,test_block,test_acc_vote
17,Hand,Rest,36.99069285392761,0.65625,1.0,"(224, 64, 250)","(112, 64, 250)",1,67,0.6607142857142857
17,Feet,Rest,36.839197397232056,0.6383928571428571,1.0,"(224, 64, 250)","(112, 64, 250)",1,67,0.6294642857142857
17,Tongue,Rest,36.95298433303833,0.5758928571428571,1.0,"(224, 64, 250)","(112, 64, 250)",1,67,0.5714285714285714
17,Mis,Rest,37.12034487724304,0.625,1.0,"(224, 64, 250)","(112, 64, 250)",1,67,0.5803571428571428
