participant,class1,class2,running_time,test_acc,train_acc,test_size,train_size,train_block,test_block,test_acc_vote
7,Hand,Rest,36.96808981895447,0.5892857142857143,1.0,"(224, 64, 250)","(112, 64, 250)",1,67,0.6294642857142857
7,Feet,Rest,36.8460066318512,0.53125,1.0,"(224, 64, 250)","(112, 64, 250)",1,67,0.5178571428571428
7,Tongue,Rest,37.300618171691895,0.5223214285714286,1.0,"(224, 64, 250)","(112, 64, 250)",1,67,0.5133928571428572
7,Mis,Rest,36.891167640686035,0.5267857142857143,1.0,"(224, 64, 250)","(112, 64, 250)",1,67,0.5223214285714286
