participant,class1,class2,running_time,test_acc,train_acc,test_size,train_size,train_block,test_block,test_acc_vote
13,Hand,Rest,52.01546001434326,0.75,1.0,"(168, 64, 1000)","(28, 64, 1000)",1,234567,0.7202380952380952
13,Feet,Rest,52.43312239646912,0.5952380952380952,1.0,"(168, 64, 1000)","(28, 64, 1000)",1,234567,0.5476190476190477
13,Tongue,Rest,54.72118043899536,0.6964285714285714,1.0,"(168, 64, 1000)","(28, 64, 1000)",1,234567,0.6666666666666667
13,Mis,Rest,53.21017503738403,0.6547619047619048,1.0,"(168, 64, 1000)","(28, 64, 1000)",1,234567,0.625
