participant,class1,class2,running_time,test_acc,train_acc,test_size,train_size,train_block,test_block,test_acc_vote
7,Hand,Rest,51.42773199081421,0.6428571428571429,1.0,"(168, 64, 1000)","(28, 64, 1000)",1,234567,0.6309523809523809
7,Feet,Rest,51.282325983047485,0.7321428571428571,1.0,"(168, 64, 1000)","(28, 64, 1000)",1,234567,0.7261904761904762
7,Tongue,Rest,52.89259672164917,0.5119047619047619,1.0,"(168, 64, 1000)","(28, 64, 1000)",1,234567,0.5059523809523809
7,Mis,Rest,54.13605046272278,0.625,1.0,"(168, 64, 1000)","(28, 64, 1000)",1,234567,0.5892857142857143
