Task,Pearson Correlation Coefficient,P-value
Hand,0.1924500885003334,0.6793030686520567
Feet,-0.2886751345948128,0.5300916186704535
Tongue,-0.1318760957241322,0.7780618784480522
Mis,-0.6350006353927067,0.125464011918985
