participant,class1,class2,running_time,test_acc,train_acc,test_size,train_size,train_block,test_block,test_acc_vote
5,Hand,Rest,52.357091426849365,0.5119047619047619,1.0,"(168, 64, 1000)","(28, 64, 1000)",1,234567,0.494047619047619
5,Feet,Rest,51.86989545822144,0.5357142857142857,1.0,"(168, 64, 1000)","(28, 64, 1000)",1,234567,0.5059523809523809
5,Tongue,Rest,51.90400409698486,0.4880952380952381,1.0,"(168, 64, 1000)","(28, 64, 1000)",1,234567,0.4880952380952381
5,Mis,Rest,52.34010457992554,0.47023809523809523,1.0,"(168, 64, 1000)","(28, 64, 1000)",1,234567,0.49404761904761907
