participant,class1,class2,running_time,test_acc,train_acc,test_size,train_size,train_block,test_block,test_acc_vote
10,Hand,Rest,37.953733682632446,0.5945945945945946,1.0,"(222, 64, 500)","(111, 64, 500)",1,67,0.5990990990990991
10,Feet,Rest,37.886133432388306,0.6396396396396397,1.0,"(222, 64, 500)","(111, 64, 500)",1,67,0.6396396396396397
10,Tongue,Rest,37.61070799827576,0.5585585585585585,1.0,"(222, 64, 500)","(111, 64, 500)",1,67,0.5630630630630631
10,Mis,Rest,37.84510898590088,0.536036036036036,1.0,"(222, 64, 500)","(111, 64, 500)",1,67,0.5495495495495495
