participant,class1,class2,running_time,test_acc,train_acc,test_size,train_size,train_block,test_block,test_acc_vote
5,Hand,Rest,73.75343632698059,0.5535168195718655,0.9908256880733946,"(654, 64, 1000)","(109, 64, 1000)",1,234567,0.5489296636085628
5,Feet,Rest,73.73319673538208,0.599388379204893,1.0,"(654, 64, 1000)","(109, 64, 1000)",1,234567,0.591743119266055
5,Tongue,Rest,76.61052441596985,0.6437308868501529,1.0,"(654, 64, 1000)","(109, 64, 1000)",1,234567,0.6452599388379205
5,Mis,Rest,76.9049277305603,0.5856269113149847,1.0,"(654, 64, 1000)","(109, 64, 1000)",1,234567,0.6024464831804281
