participant,class1,class2,running_time,test_acc,train_acc,test_size,train_size,train_block,test_block,test_acc_vote
10,Hand,Rest,104.62143182754517,0.5382262996941896,0.9724770642201837,"(654, 64, 1000)","(109, 64, 1000)",1,234567,0.5351681957186545
10,Feet,Rest,107.06690955162048,0.5886850152905199,0.9908256880733946,"(654, 64, 1000)","(109, 64, 1000)",1,234567,0.599388379204893
10,Tongue,Rest,107.1528308391571,0.6131498470948012,0.9908256880733946,"(654, 64, 1000)","(109, 64, 1000)",1,234567,0.6162079510703364
10,Mis,Rest,106.270423412323,0.6009174311926605,1.0,"(654, 64, 1000)","(109, 64, 1000)",1,234567,0.5932721712538227
