participant,class1,class2,running_time,test_acc,train_acc,test_size,train_size,train_block,test_block,test_acc_vote
14,Hand,Rest,105.0441415309906,0.7140672782874617,0.9908256880733946,"(654, 64, 1000)","(109, 64, 1000)",1,234567,0.7217125382262997
14,Feet,Rest,105.97319340705872,0.6009174311926605,1.0,"(654, 64, 1000)","(109, 64, 1000)",1,234567,0.6055045871559632
14,Tongue,Rest,106.35571599006651,0.5336391437308868,1.0,"(654, 64, 1000)","(109, 64, 1000)",1,234567,0.5305810397553516
14,Mis,Rest,106.51191186904907,0.5535168195718655,0.9908256880733946,"(654, 64, 1000)","(109, 64, 1000)",1,234567,0.5565749235474007
