participant,class1,class2,running_time,test_acc,train_acc,test_size,train_size,train_block,test_block,test_acc_vote
6,Hand,Rest,106.38097214698792,0.6391437308868502,0.981651376146789,"(654, 64, 1000)","(109, 64, 1000)",1,234567,0.6391437308868502
6,Feet,Rest,106.59058856964111,0.5474006116207951,0.981651376146789,"(654, 64, 1000)","(109, 64, 1000)",1,234567,0.555045871559633
6,Tongue,Rest,106.86456680297852,0.6253822629969419,0.9724770642201837,"(654, 64, 1000)","(109, 64, 1000)",1,234567,0.6314984709480123
6,Mis,Rest,107.92947936058044,0.5948012232415902,0.9724770642201835,"(654, 64, 1000)","(109, 64, 1000)",1,234567,0.5963302752293578
