class,test_acc,vote_acc
Hand,0.5583333333333335,0.5488095238095237
Feet,0.525,0.5178571428571428
Tongue,0.5440476190476191,0.5261904761904761
Mis,0.5345238095238095,0.5202380952380952
