participant,class1,class2,running_time,test_acc,train_acc,test_size,train_size,train_block,test_block,test_acc_vote
11,Hand,Rest,23.990190267562863,0.6964285714285714,1.0,"(56, 64, 1000)","(28, 64, 1000)",1,67,0.6964285714285714
11,Feet,Rest,24.002257585525513,0.6428571428571429,1.0,"(56, 64, 1000)","(28, 64, 1000)",1,67,0.6428571428571428
11,Tongue,Rest,23.67188596725464,0.5357142857142857,1.0,"(56, 64, 1000)","(28, 64, 1000)",1,67,0.5178571428571428
11,Mis,Rest,23.705294370651245,0.5535714285714286,1.0,"(56, 64, 1000)","(28, 64, 1000)",1,67,0.5535714285714286
