participant,class1,class2,running_time,test_acc,train_acc,test_size,train_size,train_block,test_block,test_acc_vote
16,Hand,Rest,23.383325338363647,0.5178571428571429,1.0,"(56, 64, 1000)","(28, 64, 1000)",1,67,0.5535714285714286
16,Feet,Rest,23.345375776290897,0.5714285714285714,1.0,"(56, 64, 1000)","(28, 64, 1000)",1,67,0.5178571428571428
16,Tongue,Rest,23.143871307373047,0.6785714285714286,1.0,"(56, 64, 1000)","(28, 64, 1000)",1,67,0.6964285714285714
16,Mis,Rest,23.726112604141235,0.39285714285714285,1.0,"(56, 64, 1000)","(28, 64, 1000)",1,67,0.4107142857142857
