participant,class1,class2,running_time,test_acc,train_acc,test_size,train_size,train_block,test_block,test_acc_vote
4,Hand,Rest,23.378087997436523,0.6071428571428571,1.0,"(56, 64, 1000)","(28, 64, 1000)",1,67,0.625
4,Feet,Rest,23.274813890457153,0.5357142857142857,1.0,"(56, 64, 1000)","(28, 64, 1000)",1,67,0.5535714285714286
4,Tongue,Rest,23.331440925598145,0.5178571428571429,1.0,"(56, 64, 1000)","(28, 64, 1000)",1,67,0.4821428571428571
4,Mis,Rest,23.817092418670654,0.6785714285714286,1.0,"(56, 64, 1000)","(28, 64, 1000)",1,67,0.6428571428571428
