participant,class1,class2,running_time,test_acc,train_acc,test_size,train_size,train_block,test_block,test_acc_vote
11,Hand,Rest,28.772577047348022,0.7767857142857143,0.9910714285714286,"(112, 64, 500)","(112, 64, 500)",12,67,0.8035714285714286
11,Feet,Rest,33.58126473426819,0.8928571428571429,1.0,"(112, 64, 500)","(112, 64, 500)",12,67,0.9017857142857144
11,Tongue,Rest,30.50103545188904,0.5982142857142857,1.0,"(112, 64, 500)","(112, 64, 500)",12,67,0.6071428571428572
11,Mis,Rest,48.05194926261902,0.5803571428571429,0.9732142857142857,"(112, 64, 500)","(112, 64, 500)",12,67,0.6071428571428572
