participant,class1,class2,running_time,test_acc,train_acc,test_size,train_size,train_block,test_block,test_acc_vote
13,Hand,Rest,44.33670616149902,0.5892857142857143,0.9910714285714286,"(112, 64, 500)","(112, 64, 500)",12,67,0.5803571428571428
13,Feet,Rest,44.647620677948,0.7678571428571429,0.9553571428571428,"(112, 64, 500)","(112, 64, 500)",12,67,0.7946428571428572
13,Tongue,Rest,33.41897416114807,0.6785714285714286,0.9732142857142856,"(112, 64, 500)","(112, 64, 500)",12,67,0.6696428571428572
13,Mis,Rest,27.876055240631104,0.6517857142857143,0.9732142857142857,"(112, 64, 500)","(112, 64, 500)",12,67,0.6160714285714286
