participant,class1,class2,running_time,test_acc,train_acc,test_size,train_size,train_block,test_block,test_acc_vote
17,Hand,Rest,32.332026720047,0.7142857142857143,0.9464285714285714,"(112, 64, 500)","(112, 64, 500)",12,67,0.75
17,Feet,Rest,27.979087591171265,0.7410714285714286,0.8928571428571429,"(112, 64, 500)","(112, 64, 500)",12,67,0.7232142857142857
17,Tongue,Rest,27.637829303741455,0.7589285714285714,1.0,"(112, 64, 500)","(112, 64, 500)",12,67,0.8125
17,Mis,Rest,34.48494625091553,0.6607142857142857,1.0,"(112, 64, 500)","(112, 64, 500)",12,67,0.6607142857142857
