participant,class1,class2,running_time,test_acc,train_acc,test_size,train_size,train_block,test_block,test_acc_vote
19,Hand,Rest,28.1209659576416,0.6696428571428571,0.9910714285714286,"(112, 64, 500)","(112, 64, 500)",12,67,0.6696428571428572
19,Feet,Rest,28.56119656562805,0.5625,1.0,"(112, 64, 500)","(112, 64, 500)",12,67,0.5357142857142857
19,Tongue,Rest,27.73130464553833,0.7589285714285714,0.9821428571428572,"(112, 64, 500)","(112, 64, 500)",12,67,0.7857142857142857
19,Mis,Rest,29.743497610092163,0.7142857142857143,0.9910714285714286,"(112, 64, 500)","(112, 64, 500)",12,67,0.7142857142857143
