participant,class1,class2,running_time,test_acc,train_acc,test_size,train_size,train_block,test_block,test_acc_vote
3,Hand,Rest,28.736690759658813,0.6428571428571429,0.9642857142857144,"(112, 64, 500)","(112, 64, 500)",12,67,0.5892857142857143
3,Feet,Rest,28.337568044662476,0.5,0.9732142857142856,"(112, 64, 500)","(112, 64, 500)",12,67,0.5
3,Tongue,Rest,27.99083685874939,0.6160714285714286,0.9642857142857144,"(112, 64, 500)","(112, 64, 500)",12,67,0.625
3,Mis,Rest,28.49768042564392,0.7589285714285714,0.9910714285714286,"(112, 64, 500)","(112, 64, 500)",12,67,0.8303571428571428
