participant,class1,class2,running_time,test_acc,train_acc,test_size,train_size,train_block,test_block,test_acc_vote
4,Hand,Rest,27.564162254333496,0.7857142857142857,1.0,"(112, 64, 500)","(112, 64, 500)",12,67,0.8035714285714286
4,Feet,Rest,28.286114931106567,0.6875,0.9642857142857144,"(112, 64, 500)","(112, 64, 500)",12,67,0.6607142857142857
4,Tongue,Rest,28.988464832305908,0.7767857142857143,0.9821428571428572,"(112, 64, 500)","(112, 64, 500)",12,67,0.7678571428571428
4,Mis,Rest,34.53903865814209,0.6517857142857143,0.9642857142857143,"(112, 64, 500)","(112, 64, 500)",12,67,0.7053571428571428
