participant,class1,class2,running_time,test_acc,train_acc,test_size,train_size,train_block,test_block,test_acc_vote
5,Hand,Rest,31.671406745910645,0.5535714285714286,1.0,"(112, 64, 500)","(112, 64, 500)",12,67,0.5714285714285714
5,Feet,Rest,45.086833477020264,0.6875,1.0,"(112, 64, 500)","(112, 64, 500)",12,67,0.6517857142857143
5,Tongue,Rest,30.504644870758057,0.5,1.0,"(112, 64, 500)","(112, 64, 500)",12,67,0.5089285714285714
5,Mis,Rest,28.36656141281128,0.6696428571428571,1.0,"(112, 64, 500)","(112, 64, 500)",12,67,0.6875
