participant,class1,class2,running_time,test_acc,train_acc,test_size,train_size,train_block,test_block,test_acc_vote
10,Hand,Rest,68.54396176338196,0.5142857142857142,1.0,"(280, 64, 500)","(112, 64, 500)",12,34567,0.525
10,Feet,Rest,66.8474760055542,0.5107142857142857,1.0,"(280, 64, 500)","(112, 64, 500)",12,34567,0.5142857142857142
10,Tongue,Rest,75.72432446479797,0.5035714285714286,1.0,"(280, 64, 500)","(112, 64, 500)",12,34567,0.5071428571428571
10,Mis,Rest,71.18870425224304,0.5,1.0,"(280, 64, 500)","(112, 64, 500)",12,34567,0.5071428571428571
