participant,class1,class2,running_time,test_acc,train_acc,test_size,train_size,train_block,test_block,test_acc_vote
11,Hand,Rest,71.48674321174622,0.5821428571428572,1.0,"(280, 64, 500)","(112, 64, 500)",12,34567,0.5535714285714286
11,Feet,Rest,74.52494430541992,0.5678571428571428,1.0,"(280, 64, 500)","(112, 64, 500)",12,34567,0.5571428571428572
11,Tongue,Rest,71.84597301483154,0.5607142857142857,1.0,"(280, 64, 500)","(112, 64, 500)",12,34567,0.5642857142857143
11,Mis,Rest,76.31270742416382,0.5357142857142857,1.0,"(280, 64, 500)","(112, 64, 500)",12,34567,0.5392857142857144
