participant,class1,class2,running_time,test_acc,train_acc,test_size,train_size,train_block,test_block,test_acc_vote
13,Hand,Rest,67.90148305892944,0.5428571428571428,1.0,"(280, 64, 500)","(112, 64, 500)",12,34567,0.5464285714285715
13,Feet,Rest,73.00718879699707,0.5142857142857142,1.0,"(280, 64, 500)","(112, 64, 500)",12,34567,0.5035714285714286
13,Tongue,Rest,74.77847456932068,0.5892857142857143,1.0,"(280, 64, 500)","(112, 64, 500)",12,34567,0.5785714285714285
13,Mis,Rest,72.79862928390503,0.5,1.0,"(280, 64, 500)","(112, 64, 500)",12,34567,0.4928571428571429
