participant,class1,class2,running_time,test_acc,train_acc,test_size,train_size,train_block,test_block,test_acc_vote
3,Hand,Rest,68.35964512825012,0.5071428571428571,1.0,"(280, 64, 500)","(112, 64, 500)",12,34567,0.4928571428571429
3,Feet,Rest,70.12802481651306,0.5035714285714286,1.0,"(280, 64, 500)","(112, 64, 500)",12,34567,0.4928571428571429
3,Tongue,Rest,78.57430958747864,0.5964285714285714,1.0,"(280, 64, 500)","(112, 64, 500)",12,34567,0.5821428571428571
3,Mis,Rest,74.53642535209656,0.6071428571428571,1.0,"(280, 64, 500)","(112, 64, 500)",12,34567,0.6321428571428571
