participant,class1,class2,running_time,test_acc,train_acc,test_size,train_size,train_block,test_block,test_acc_vote
9,Hand,Rest,71.4226861000061,0.5285714285714286,1.0,"(280, 64, 500)","(112, 64, 500)",12,34567,0.5178571428571428
9,Feet,Rest,73.98248600959778,0.5214285714285715,1.0,"(280, 64, 500)","(112, 64, 500)",12,34567,0.5071428571428571
9,Tongue,Rest,73.38517498970032,0.5107142857142857,1.0,"(280, 64, 500)","(112, 64, 500)",12,34567,0.4821428571428571
9,Mis,Rest,84.21536421775818,0.48928571428571427,1.0,"(280, 64, 500)","(112, 64, 500)",12,34567,0.5071428571428571
