participant,class1,class2,running_time,test_acc,train_acc,test_size,train_size,train_block,test_block,test_acc_vote
11,Hand,Rest,44.64777588844299,0.7946428571428571,1.0,"(112, 64, 500)","(168, 64, 500)",123,67,0.7767857142857143
11,Feet,Rest,45.038612842559814,0.9196428571428572,1.0,"(112, 64, 500)","(168, 64, 500)",123,67,0.9196428571428572
11,Tongue,Rest,45.05728483200073,0.6339285714285714,1.0,"(112, 64, 500)","(168, 64, 500)",123,67,0.6517857142857143
11,Mis,Rest,44.43728804588318,0.625,1.0,"(112, 64, 500)","(168, 64, 500)",123,67,0.6428571428571428
