participant,class1,class2,running_time,test_acc,train_acc,test_size,train_size,train_block,test_block,test_acc_vote
14,Hand,Rest,45.43510818481445,0.7857142857142857,1.0,"(112, 64, 500)","(168, 64, 500)",123,67,0.7767857142857143
14,Feet,Rest,45.69994521141052,0.6428571428571429,1.0,"(112, 64, 500)","(168, 64, 500)",123,67,0.625
14,Tongue,Rest,45.860018253326416,0.625,1.0,"(112, 64, 500)","(168, 64, 500)",123,67,0.7232142857142857
14,Mis,Rest,44.49223470687866,0.6607142857142857,1.0,"(112, 64, 500)","(168, 64, 500)",123,67,0.7678571428571428
