participant,class1,class2,running_time,test_acc,train_acc,test_size,train_size,train_block,test_block,test_acc_vote
3,Hand,Rest,44.375470876693726,0.8214285714285714,1.0,"(112, 64, 500)","(168, 64, 500)",123,67,0.8392857142857143
3,Feet,Rest,44.40478277206421,0.5625,1.0,"(112, 64, 500)","(168, 64, 500)",123,67,0.5089285714285714
3,Tongue,Rest,45.20734024047851,0.6517857142857143,1.0,"(112, 64, 500)","(168, 64, 500)",123,67,0.6785714285714286
3,Mis,Rest,44.85288858413696,0.7946428571428571,1.0,"(112, 64, 500)","(168, 64, 500)",123,67,0.7589285714285714
