participant,class1,class2,running_time,test_acc,train_acc,test_size,train_size,train_block,test_block,test_acc_vote
11,Hand,Rest,26.288957595825195,0.5803571428571429,1.0,"(112, 64, 500)","(56, 64, 500)",1,67,0.5803571428571428
11,Feet,Rest,26.480812788009644,0.8214285714285714,1.0,"(112, 64, 500)","(56, 64, 500)",1,67,0.8660714285714286
11,Tongue,Rest,26.318909883499146,0.5535714285714286,1.0,"(112, 64, 500)","(56, 64, 500)",1,67,0.5535714285714286
11,Mis,Rest,26.197314739227295,0.5178571428571429,1.0,"(112, 64, 500)","(56, 64, 500)",1,67,0.5089285714285714
