participant,class1,class2,running_time,test_acc,train_acc,test_size,train_size,train_block,test_block,test_acc_vote
7,Hand,Rest,26.553529024124146,0.5714285714285714,1.0,"(112, 64, 500)","(56, 64, 500)",1,67,0.5803571428571428
7,Feet,Rest,27.080758571624756,0.5267857142857143,1.0,"(112, 64, 500)","(56, 64, 500)",1,67,0.5625
7,Tongue,Rest,26.512102365493774,0.5,1.0,"(112, 64, 500)","(56, 64, 500)",1,67,0.5089285714285714
7,Mis,Rest,26.421531438827515,0.5535714285714286,1.0,"(112, 64, 500)","(56, 64, 500)",1,67,0.6071428571428572
