participant,class1,class2,running_time,test_acc,train_acc,test_size,train_size,train_block,test_block,test_acc_vote
4,Hand,Rest,59.19697880744934,0.9047619047619048,1.0,"(84, 64, 1000)","(112, 64, 1000)",1234,567,0.9047619047619048
4,Feet,Rest,57.744558334350586,0.8095238095238095,0.9910714285714286,"(84, 64, 1000)","(112, 64, 1000)",1234,567,0.75
4,Tongue,Rest,59.66720199584961,0.8452380952380952,1.0,"(84, 64, 1000)","(112, 64, 1000)",1234,567,0.8095238095238095
4,Mis,Rest,58.86542344093323,0.7023809523809523,0.9910714285714286,"(84, 64, 1000)","(112, 64, 1000)",1234,567,0.6428571428571428
