participant,class1,class2,running_time,test_acc,train_acc,test_size,train_size,train_block,test_block,test_acc_vote
7,Hand,Rest,58.23178768157959,0.8452380952380952,1.0,"(84, 64, 1000)","(112, 64, 1000)",1234,567,0.8690476190476191
7,Feet,Rest,60.35171866416931,0.8333333333333334,1.0,"(84, 64, 1000)","(112, 64, 1000)",1234,567,0.8095238095238095
7,Tongue,Rest,60.022889375686646,0.7142857142857143,1.0,"(84, 64, 1000)","(112, 64, 1000)",1234,567,0.7142857142857143
7,Mis,Rest,59.583661794662476,0.6785714285714286,1.0,"(84, 64, 1000)","(112, 64, 1000)",1234,567,0.7023809523809523
