participant,class1,class2,running_time,test_acc,train_acc,test_size,train_size,train_block,test_block,test_acc_vote
9,Hand,Rest,58.85950493812561,0.9285714285714286,0.9910714285714286,"(84, 64, 1000)","(112, 64, 1000)",1234,567,0.9166666666666666
9,Feet,Rest,59.56958079338074,0.8571428571428571,1.0,"(84, 64, 1000)","(112, 64, 1000)",1234,567,0.8333333333333334
9,Tongue,Rest,61.528560638427734,0.7619047619047619,0.9910714285714286,"(84, 64, 1000)","(112, 64, 1000)",1234,567,0.7261904761904762
9,Mis,Rest,59.58566665649414,0.6904761904761905,1.0,"(84, 64, 1000)","(112, 64, 1000)",1234,567,0.6785714285714286
