participant,class1,class2,running_time,test_acc,train_acc,test_size,train_size,train_block,test_block,test_acc_vote
11,Hand,Rest,52.146941900253296,0.7214285714285714,1.0,"(140, 64, 1000)","(56, 64, 1000)",12,67,0.6857142857142857
11,Feet,Rest,51.70138883590698,0.8571428571428571,1.0,"(140, 64, 1000)","(56, 64, 1000)",12,67,0.8357142857142857
11,Tongue,Rest,51.590413331985474,0.5714285714285714,1.0,"(140, 64, 1000)","(56, 64, 1000)",12,67,0.5285714285714286
11,Mis,Rest,50.82610297203064,0.6071428571428571,1.0,"(140, 64, 1000)","(56, 64, 1000)",12,67,0.5428571428571429
