participant,class1,class2,running_time,test_acc,train_acc,test_size,train_size,train_block,test_block,test_acc_vote
14,Hand,Rest,52.53495192527771,0.8214285714285714,1.0,"(140, 64, 1000)","(56, 64, 1000)",12,67,0.8214285714285714
14,Feet,Rest,51.53927779197693,0.6357142857142857,1.0,"(140, 64, 1000)","(56, 64, 1000)",12,67,0.6214285714285714
14,Tongue,Rest,52.65917491912842,0.5714285714285714,1.0,"(140, 64, 1000)","(56, 64, 1000)",12,67,0.55
14,Mis,Rest,51.00677466392517,0.6642857142857143,1.0,"(140, 64, 1000)","(56, 64, 1000)",12,67,0.6357142857142857
