participant,class1,class2,running_time,test_acc,train_acc,test_size,train_size,train_block,test_block,test_acc_vote
15,Hand,Rest,50.18718457221985,0.8778625954198473,1.0,"(131, 64, 1000)","(56, 64, 1000)",12,67,0.83206106870229
15,Feet,Rest,50.87365007400513,0.5571428571428572,1.0,"(140, 64, 1000)","(56, 64, 1000)",12,67,0.5714285714285714
15,Tongue,Rest,51.954554319381714,0.6071428571428571,1.0,"(140, 64, 1000)","(56, 64, 1000)",12,67,0.5571428571428572
15,Mis,Rest,50.675774812698364,0.5285714285714286,1.0,"(140, 64, 1000)","(56, 64, 1000)",12,67,0.5071428571428571
