participant,class1,class2,running_time,test_acc,train_acc,test_size,train_size,train_block,test_block,test_acc_vote
17,Hand,Rest,51.0382227897644,0.7142857142857143,1.0,"(140, 64, 1000)","(56, 64, 1000)",12,67,0.6928571428571428
17,Feet,Rest,50.43942928314209,0.75,0.9464285714285714,"(140, 64, 1000)","(56, 64, 1000)",12,67,0.7
17,Tongue,Rest,51.97501492500305,0.75,1.0,"(140, 64, 1000)","(56, 64, 1000)",12,67,0.7142857142857143
17,Mis,Rest,51.26043891906738,0.7642857142857142,1.0,"(140, 64, 1000)","(56, 64, 1000)",12,67,0.7428571428571429
