participant,class1,class2,running_time,test_acc,train_acc,test_size,train_size,train_block,test_block,test_acc_vote
18,Hand,Rest,51.091758251190186,0.5785714285714286,1.0,"(140, 64, 1000)","(56, 64, 1000)",12,67,0.5857142857142856
18,Feet,Rest,51.04122591018677,0.7,1.0,"(140, 64, 1000)","(56, 64, 1000)",12,67,0.6928571428571428
18,Tongue,Rest,52.148292541503906,0.6357142857142857,1.0,"(140, 64, 1000)","(56, 64, 1000)",12,67,0.6142857142857143
18,Mis,Rest,50.741360902786255,0.6785714285714286,1.0,"(140, 64, 1000)","(56, 64, 1000)",12,67,0.6428571428571428
