participant,class1,class2,running_time,test_acc,train_acc,test_size,train_size,train_block,test_block,test_acc_vote
19,Hand,Rest,52.12992548942566,0.6428571428571429,1.0,"(140, 64, 1000)","(56, 64, 1000)",12,67,0.65
19,Feet,Rest,51.26144289970398,0.6857142857142857,1.0,"(140, 64, 1000)","(56, 64, 1000)",12,67,0.6571428571428571
19,Tongue,Rest,52.10506820678711,0.7142857142857143,0.9642857142857144,"(140, 64, 1000)","(56, 64, 1000)",12,67,0.6571428571428571
19,Mis,Rest,50.84525537490845,0.7714285714285715,1.0,"(140, 64, 1000)","(56, 64, 1000)",12,67,0.7357142857142858
