participant,class1,class2,running_time,test_acc,train_acc,test_size,train_size,train_block,test_block,test_acc_vote
3,Hand,Rest,51.22187614440918,0.6142857142857143,1.0,"(140, 64, 1000)","(56, 64, 1000)",12,67,0.5642857142857143
3,Feet,Rest,50.90891623497009,0.6428571428571429,0.9821428571428572,"(140, 64, 1000)","(56, 64, 1000)",12,67,0.6
3,Tongue,Rest,52.026731967926025,0.6571428571428571,0.9821428571428572,"(140, 64, 1000)","(56, 64, 1000)",12,67,0.5928571428571429
3,Mis,Rest,51.02182650566101,0.6214285714285714,1.0,"(140, 64, 1000)","(56, 64, 1000)",12,67,0.5642857142857143
