participant,class1,class2,running_time,test_acc,train_acc,test_size,train_size,train_block,test_block,test_acc_vote
9,Hand,Rest,51.56538987159729,0.8785714285714286,1.0,"(140, 64, 1000)","(56, 64, 1000)",12,67,0.8642857142857143
9,Feet,Rest,50.98185658454895,0.8714285714285714,1.0,"(140, 64, 1000)","(56, 64, 1000)",12,67,0.85
9,Tongue,Rest,51.53265881538391,0.4928571428571429,1.0,"(140, 64, 1000)","(56, 64, 1000)",12,67,0.4928571428571429
9,Mis,Rest,50.203408002853394,0.5857142857142857,1.0,"(140, 64, 1000)","(56, 64, 1000)",12,67,0.6214285714285714
