participant,class1,class2,running_time,test_acc,train_acc,test_size,train_size,train_block,test_block,test_acc_vote
10,Hand,Rest,56.896082639694214,0.6666666666666666,1.0,"(84, 64, 1000)","(112, 64, 1000)",1234,567,0.6309523809523809
10,Feet,Rest,56.14623236656189,0.6547619047619048,1.0,"(84, 64, 1000)","(112, 64, 1000)",1234,567,0.6071428571428572
10,Tongue,Rest,59.025243520736694,0.5833333333333334,1.0,"(84, 64, 1000)","(112, 64, 1000)",1234,567,0.5714285714285714
10,Mis,Rest,58.68402123451233,0.7619047619047619,1.0,"(84, 64, 1000)","(112, 64, 1000)",1234,567,0.7261904761904762
