participant,class1,class2,running_time,test_acc,train_acc,test_size,train_size,train_block,test_block,test_acc_vote
14,Hand,Rest,56.76175284385681,0.9285714285714286,1.0,"(84, 64, 1000)","(112, 64, 1000)",1234,567,0.8928571428571429
14,Feet,Rest,56.80787801742554,0.8452380952380952,1.0,"(84, 64, 1000)","(112, 64, 1000)",1234,567,0.8333333333333334
14,Tongue,Rest,57.843770027160645,0.6785714285714286,1.0,"(84, 64, 1000)","(112, 64, 1000)",1234,567,0.6666666666666667
14,Mis,Rest,58.997397661209106,0.75,1.0,"(84, 64, 1000)","(112, 64, 1000)",1234,567,0.7738095238095238
