participant,class1,class2,running_time,test_acc,train_acc,test_size,train_size,train_block,test_block,test_acc_vote
5,Hand,Rest,56.87431621551514,0.75,1.0,"(84, 64, 1000)","(112, 64, 1000)",1234,567,0.7380952380952381
5,Feet,Rest,57.52980279922485,0.6190476190476191,1.0,"(84, 64, 1000)","(112, 64, 1000)",1234,567,0.5952380952380952
5,Tongue,Rest,57.994464635849,0.7976190476190477,1.0,"(84, 64, 1000)","(112, 64, 1000)",1234,567,0.7738095238095238
5,Mis,Rest,58.64984059333801,0.75,1.0,"(84, 64, 1000)","(112, 64, 1000)",1234,567,0.7261904761904762
