participant,class1,class2,running_time,test_acc,train_acc,test_size,train_size,train_block,test_block,test_acc_vote
10,Hand,Rest,104.8584303855896,0.7023809523809523,1.0,"(168, 64, 500)","(224, 64, 500)",1234,567,0.6845238095238095
10,Feet,Rest,85.31366610527039,0.5654761904761905,1.0,"(168, 64, 500)","(224, 64, 500)",1234,567,0.5178571428571428
10,Tongue,Rest,104.28280782699584,0.5714285714285714,1.0,"(168, 64, 500)","(224, 64, 500)",1234,567,0.6011904761904762
10,Mis,Rest,78.75792002677917,0.5059523809523809,1.0,"(168, 64, 500)","(224, 64, 500)",1234,567,0.5119047619047619
