participant,class1,class2,running_time,test_acc,train_acc,test_size,train_size,train_block,test_block,test_acc_vote
5,Hand,Rest,103.31359267234802,0.5892857142857143,1.0,"(168, 64, 500)","(224, 64, 500)",1234,567,0.5833333333333333
5,Feet,Rest,89.07729434967041,0.6130952380952381,1.0,"(168, 64, 500)","(224, 64, 500)",1234,567,0.5773809523809523
5,Tongue,Rest,105.91272282600404,0.7678571428571429,1.0,"(168, 64, 500)","(224, 64, 500)",1234,567,0.7619047619047619
5,Mis,Rest,106.087726354599,0.5416666666666666,1.0,"(168, 64, 500)","(224, 64, 500)",1234,567,0.5357142857142857
