participant,class1,class2,running_time,test_acc,train_acc,test_size,train_size,train_block,test_block,test_acc_vote
7,Hand,Rest,102.72656607627869,0.6547619047619048,1.0,"(168, 64, 500)","(224, 64, 500)",1234,567,0.6547619047619048
7,Feet,Rest,90.841082572937,0.6369047619047619,1.0,"(168, 64, 500)","(224, 64, 500)",1234,567,0.6428571428571428
7,Tongue,Rest,106.70056343078612,0.5654761904761905,1.0,"(168, 64, 500)","(224, 64, 500)",1234,567,0.6071428571428572
7,Mis,Rest,105.55297589302063,0.5178571428571429,1.0,"(168, 64, 500)","(224, 64, 500)",1234,567,0.5595238095238095
