participant,class1,class2,running_time,test_acc,train_acc,test_size,train_size,train_block,test_block,test_acc_vote
9,Hand,Rest,105.87016415596008,0.7023809523809523,1.0,"(168, 64, 500)","(224, 64, 500)",1234,567,0.6547619047619048
9,Feet,Rest,77.89136075973511,0.7380952380952381,1.0,"(168, 64, 500)","(224, 64, 500)",1234,567,0.7321428571428572
9,Tongue,Rest,91.3772325515747,0.5833333333333334,1.0,"(168, 64, 500)","(224, 64, 500)",1234,567,0.5535714285714286
9,Mis,Rest,104.72601413726807,0.5535714285714286,1.0,"(168, 64, 500)","(224, 64, 500)",1234,567,0.5238095238095238
