participant,class1,class2,running_time,test_acc,train_acc,test_size,train_size,train_block,test_block,test_acc_vote
14,Hand,Rest,66.69151186943054,0.9464285714285714,1.0,"(56, 64, 1000)","(140, 64, 1000)",12345,67,0.9285714285714286
14,Feet,Rest,64.88909602165222,0.8928571428571429,1.0,"(56, 64, 1000)","(140, 64, 1000)",12345,67,0.8928571428571429
14,Tongue,Rest,67.49151539802551,0.7857142857142857,1.0,"(56, 64, 1000)","(140, 64, 1000)",12345,67,0.7321428571428572
14,Mis,Rest,65.36271810531616,0.7142857142857143,1.0,"(56, 64, 1000)","(140, 64, 1000)",12345,67,0.7142857142857143
