participant,class1,class2,running_time,test_acc,train_acc,test_size,train_size,train_block,test_block,test_acc_vote
6,Hand,Rest,64.7273576259613,0.8035714285714286,1.0,"(56, 64, 1000)","(140, 64, 1000)",12345,67,0.7321428571428572
6,Feet,Rest,63.539355993270874,0.8035714285714286,1.0,"(56, 64, 1000)","(140, 64, 1000)",12345,67,0.8214285714285714
6,Tongue,Rest,65.67132711410522,0.8571428571428571,1.0,"(56, 64, 1000)","(140, 64, 1000)",12345,67,0.8035714285714286
6,Mis,Rest,65.16740894317627,0.75,1.0,"(56, 64, 1000)","(140, 64, 1000)",12345,67,0.7857142857142857
