participant,class1,class2,running_time,test_acc,train_acc,test_size,train_size,train_block,test_block,test_acc_vote
4,Hand,Rest,53.454397439956665,0.8357142857142857,1.0,"(140, 64, 1000)","(56, 64, 1000)",12,34567,0.8285714285714285
4,Feet,Rest,53.04103469848633,0.7285714285714285,1.0,"(140, 64, 1000)","(56, 64, 1000)",12,34567,0.7142857142857143
4,Tongue,Rest,55.489033222198486,0.7357142857142858,1.0,"(140, 64, 1000)","(56, 64, 1000)",12,34567,0.7
4,Mis,Rest,55.828603744506836,0.6642857142857143,1.0,"(140, 64, 1000)","(56, 64, 1000)",12,34567,0.6357142857142857
