participant,class1,class2,running_time,test_acc,train_acc,test_size,train_size,train_block,test_block,test_acc_vote
6,Hand,Rest,68.52183198928833,0.5714285714285714,1.0,"(140, 64, 1000)","(56, 64, 1000)",12,34567,0.5714285714285714
6,Feet,Rest,55.411757469177246,0.5642857142857143,1.0,"(140, 64, 1000)","(56, 64, 1000)",12,34567,0.4928571428571429
6,Tongue,Rest,56.51875710487366,0.55,1.0,"(140, 64, 1000)","(56, 64, 1000)",12,34567,0.5428571428571429
6,Mis,Rest,67.16820740699768,0.5785714285714286,0.9821428571428571,"(140, 64, 1000)","(56, 64, 1000)",12,34567,0.5714285714285714
