participant,class1,class2,running_time,test_acc,train_acc,test_size,train_size,train_block,test_block,test_acc_vote
7,Hand,Rest,66.04638624191284,0.5357142857142857,1.0,"(140, 64, 1000)","(56, 64, 1000)",12,34567,0.5642857142857143
7,Feet,Rest,68.11710023880005,0.7,1.0,"(140, 64, 1000)","(56, 64, 1000)",12,34567,0.6428571428571428
7,Tongue,Rest,58.5680046081543,0.6428571428571429,1.0,"(140, 64, 1000)","(56, 64, 1000)",12,34567,0.6142857142857143
7,Mis,Rest,56.614461183547974,0.6357142857142857,1.0,"(140, 64, 1000)","(56, 64, 1000)",12,34567,0.5928571428571429
