participant,class1,class2,running_time,test_acc,train_acc,test_size,train_size,train_block,test_block,test_acc_vote
10,Hand,Rest,50.53024792671203,0.6294642857142857,1.0,"(224, 64, 250)","(224, 64, 250)",12,67,0.6651785714285714
10,Feet,Rest,49.29249954223633,0.5178571428571429,1.0,"(224, 64, 250)","(224, 64, 250)",12,67,0.5223214285714286
10,Tongue,Rest,50.15541863441467,0.5535714285714286,1.0,"(224, 64, 250)","(224, 64, 250)",12,67,0.5625
10,Mis,Rest,49.4575355052948,0.6160714285714286,1.0,"(224, 64, 250)","(224, 64, 250)",12,67,0.6294642857142857
