participant,class1,class2,running_time,test_acc,train_acc,test_size,train_size,train_block,test_block,test_acc_vote
11,Hand,Rest,50.28965449333191,0.6607142857142857,1.0,"(224, 64, 250)","(224, 64, 250)",12,67,0.71875
11,Feet,Rest,50.177265644073486,0.8258928571428571,1.0,"(224, 64, 250)","(224, 64, 250)",12,67,0.8839285714285714
11,Tongue,Rest,49.92207407951355,0.5625,1.0,"(224, 64, 250)","(224, 64, 250)",12,67,0.5803571428571428
11,Mis,Rest,49.87791085243225,0.5669642857142857,1.0,"(224, 64, 250)","(224, 64, 250)",12,67,0.59375
