participant,class1,class2,running_time,test_acc,train_acc,test_size,train_size,train_block,test_block,test_acc_vote
15,Hand,Rest,49.43459987640381,0.7633928571428571,1.0,"(224, 64, 250)","(224, 64, 250)",12,67,0.8348214285714286
15,Feet,Rest,49.47502613067627,0.6026785714285714,1.0,"(224, 64, 250)","(224, 64, 250)",12,67,0.6205357142857143
15,Tongue,Rest,50.364116191864014,0.7008928571428571,1.0,"(224, 64, 250)","(224, 64, 250)",12,67,0.7410714285714286
15,Mis,Rest,49.616666078567505,0.6205357142857143,1.0,"(224, 64, 250)","(224, 64, 250)",12,67,0.6517857142857143
