participant,class1,class2,running_time,test_acc,train_acc,test_size,train_size,train_block,test_block,test_acc_vote
16,Hand,Rest,49.30496573448181,0.5580357142857143,1.0,"(224, 64, 250)","(224, 64, 250)",12,67,0.5625
16,Feet,Rest,50.35038495063782,0.59375,1.0,"(224, 64, 250)","(224, 64, 250)",12,67,0.6116071428571428
16,Tongue,Rest,49.820671796798706,0.6696428571428571,1.0,"(224, 64, 250)","(224, 64, 250)",12,67,0.7276785714285714
16,Mis,Rest,49.91012954711914,0.6026785714285714,1.0,"(224, 64, 250)","(224, 64, 250)",12,67,0.6294642857142857
