participant,class1,class2,running_time,test_acc,train_acc,test_size,train_size,train_block,test_block,test_acc_vote
17,Hand,Rest,49.560099363327026,0.6875,1.0,"(224, 64, 250)","(224, 64, 250)",12,67,0.6964285714285714
17,Feet,Rest,49.28991389274597,0.6696428571428571,1.0,"(224, 64, 250)","(224, 64, 250)",12,67,0.6785714285714286
17,Tongue,Rest,49.963438749313354,0.6205357142857143,1.0,"(224, 64, 250)","(224, 64, 250)",12,67,0.59375
17,Mis,Rest,49.222731590270996,0.6116071428571429,1.0,"(224, 64, 250)","(224, 64, 250)",12,67,0.5982142857142857
