participant,class1,class2,running_time,test_acc,train_acc,test_size,train_size,train_block,test_block,test_acc_vote
19,Hand,Rest,50.37904906272888,0.6696428571428571,1.0,"(224, 64, 250)","(224, 64, 250)",12,67,0.7142857142857143
19,Feet,Rest,49.53829312324524,0.5848214285714286,1.0,"(224, 64, 250)","(224, 64, 250)",12,67,0.6026785714285714
19,Tongue,Rest,49.470048666000366,0.6741071428571429,1.0,"(224, 64, 250)","(224, 64, 250)",12,67,0.7276785714285714
19,Mis,Rest,49.52483510971069,0.6919642857142857,1.0,"(224, 64, 250)","(224, 64, 250)",12,67,0.7321428571428572
