participant,class1,class2,running_time,test_acc,train_acc,test_size,train_size,train_block,test_block,test_acc_vote
3,Hand,Rest,49.92076396942139,0.6607142857142857,1.0,"(224, 64, 250)","(224, 64, 250)",12,67,0.65625
3,Feet,Rest,50.55682945251465,0.5580357142857143,1.0,"(224, 64, 250)","(224, 64, 250)",12,67,0.5982142857142857
3,Tongue,Rest,50.60457491874695,0.6160714285714286,1.0,"(224, 64, 250)","(224, 64, 250)",12,67,0.6205357142857143
3,Mis,Rest,50.0587797164917,0.65625,1.0,"(224, 64, 250)","(224, 64, 250)",12,67,0.6741071428571428
