participant,class1,class2,running_time,test_acc,train_acc,test_size,train_size,train_block,test_block,test_acc_vote
4,Hand,Rest,49.84759473800659,0.7321428571428571,1.0,"(224, 64, 250)","(224, 64, 250)",12,67,0.7098214285714286
4,Feet,Rest,50.62390899658203,0.7589285714285714,1.0,"(224, 64, 250)","(224, 64, 250)",12,67,0.7901785714285714
4,Tongue,Rest,49.712745666503906,0.6517857142857143,1.0,"(224, 64, 250)","(224, 64, 250)",12,67,0.6919642857142857
4,Mis,Rest,50.35070466995239,0.6205357142857143,1.0,"(224, 64, 250)","(224, 64, 250)",12,67,0.6160714285714286
