participant,class1,class2,running_time,test_acc,train_acc,test_size,train_size,train_block,test_block,test_acc_vote
6,Hand,Rest,50.183692932128906,0.6116071428571429,1.0,"(224, 64, 250)","(224, 64, 250)",12,67,0.625
6,Feet,Rest,50.55274319648743,0.5267857142857143,1.0,"(224, 64, 250)","(224, 64, 250)",12,67,0.5223214285714286
6,Tongue,Rest,50.21143436431885,0.5446428571428571,1.0,"(224, 64, 250)","(224, 64, 250)",12,67,0.5223214285714286
6,Mis,Rest,49.63895773887634,0.5714285714285714,1.0,"(224, 64, 250)","(224, 64, 250)",12,67,0.6026785714285714
