participant,class1,class2,running_time,test_acc,train_acc,test_size,train_size,train_block,test_block,test_acc_vote
7,Hand,Rest,49.97192692756653,0.6339285714285714,1.0,"(224, 64, 250)","(224, 64, 250)",12,67,0.6517857142857143
7,Feet,Rest,50.283528327941895,0.5892857142857143,1.0,"(224, 64, 250)","(224, 64, 250)",12,67,0.6071428571428572
7,Tongue,Rest,50.28711247444153,0.5714285714285714,1.0,"(224, 64, 250)","(224, 64, 250)",12,67,0.5848214285714286
7,Mis,Rest,49.94300413131714,0.5625,1.0,"(224, 64, 250)","(224, 64, 250)",12,67,0.6116071428571428
