participant,class1,class2,running_time,test_acc,train_acc,test_size,train_size,train_block,test_block,test_acc_vote
9,Hand,Rest,49.38652563095093,0.7589285714285714,1.0,"(224, 64, 250)","(224, 64, 250)",12,67,0.8392857142857143
9,Feet,Rest,49.561771631240845,0.7455357142857143,1.0,"(224, 64, 250)","(224, 64, 250)",12,67,0.7946428571428572
9,Tongue,Rest,50.58411359786987,0.5580357142857143,1.0,"(224, 64, 250)","(224, 64, 250)",12,67,0.5625
9,Mis,Rest,50.41412854194641,0.53125,1.0,"(224, 64, 250)","(224, 64, 250)",12,67,0.5223214285714286
