participant,class1,class2,running_time,test_acc,train_acc,test_size,train_size,train_block,test_block,test_acc_vote
11,Hand,Rest,37.00048351287842,0.6126126126126126,1.0,"(222, 64, 500)","(111, 64, 500)",1,67,0.6171171171171171
11,Feet,Rest,36.4416127204895,0.7612612612612613,1.0,"(222, 64, 500)","(111, 64, 500)",1,67,0.7792792792792793
11,Tongue,Rest,37.26113605499267,0.5225225225225225,1.0,"(222, 64, 500)","(111, 64, 500)",1,67,0.5315315315315315
11,Mis,Rest,36.81800866127014,0.481981981981982,1.0,"(222, 64, 500)","(111, 64, 500)",1,67,0.48198198198198194
