participant,class1,class2,running_time,test_acc,train_acc,test_size,train_size,train_block,test_block,test_acc_vote
13,Hand,Rest,36.36876916885376,0.5675675675675675,1.0,"(222, 64, 500)","(111, 64, 500)",1,67,0.5630630630630631
13,Feet,Rest,37.30783581733704,0.6171171171171171,1.0,"(222, 64, 500)","(111, 64, 500)",1,67,0.6126126126126126
13,Tongue,Rest,37.03450298309326,0.6126126126126126,1.0,"(222, 64, 500)","(111, 64, 500)",1,67,0.6036036036036037
13,Mis,Rest,37.12964129447937,0.545045045045045,1.0,"(222, 64, 500)","(111, 64, 500)",1,67,0.5315315315315315
