participant,class1,class2,running_time,test_acc,train_acc,test_size,train_size,train_block,test_block,test_acc_vote
16,Hand,Rest,37.22667598724365,0.5540540540540541,1.0,"(222, 64, 500)","(111, 64, 500)",1,67,0.5810810810810811
16,Feet,Rest,36.84548830986023,0.509009009009009,1.0,"(222, 64, 500)","(111, 64, 500)",1,67,0.5180180180180181
16,Tongue,Rest,37.13669943809509,0.5990990990990991,1.0,"(222, 64, 500)","(111, 64, 500)",1,67,0.6216216216216216
16,Mis,Rest,37.78995370864868,0.6261261261261262,1.0,"(222, 64, 500)","(111, 64, 500)",1,67,0.6351351351351351
