participant,class1,class2,running_time,test_acc,train_acc,test_size,train_size,train_block,test_block,test_acc_vote
17,Hand,Rest,37.88406252861023,0.6171171171171171,1.0,"(222, 64, 500)","(111, 64, 500)",1,67,0.6036036036036037
17,Feet,Rest,37.79153633117676,0.6441441441441441,0.990990990990991,"(222, 64, 500)","(111, 64, 500)",1,67,0.6486486486486487
17,Tongue,Rest,38.43444848060608,0.6081081081081081,1.0,"(222, 64, 500)","(111, 64, 500)",1,67,0.6081081081081081
17,Mis,Rest,38.09448528289795,0.5135135135135135,1.0,"(222, 64, 500)","(111, 64, 500)",1,67,0.509009009009009
