participant,class1,class2,running_time,test_acc,train_acc,test_size,train_size,train_block,test_block,test_acc_vote
4,Hand,Rest,38.01660799980163,0.6621621621621622,1.0,"(222, 64, 500)","(111, 64, 500)",1,67,0.6891891891891893
4,Feet,Rest,37.50730347633362,0.4549549549549549,1.0,"(222, 64, 500)","(111, 64, 500)",1,67,0.4459459459459459
4,Tongue,Rest,38.206139087677,0.527027027027027,1.0,"(222, 64, 500)","(111, 64, 500)",1,67,0.545045045045045
4,Mis,Rest,37.894258975982666,0.5405405405405406,1.0,"(222, 64, 500)","(111, 64, 500)",1,67,0.545045045045045
