participant,class1,class2,running_time,test_acc,train_acc,test_size,train_size,train_block,test_block,test_acc_vote
7,Hand,Rest,37.38849496841431,0.5405405405405406,1.0,"(222, 64, 500)","(111, 64, 500)",1,67,0.5225225225225225
7,Feet,Rest,37.50519490242005,0.6216216216216216,1.0,"(222, 64, 500)","(111, 64, 500)",1,67,0.6666666666666667
7,Tongue,Rest,36.72041940689087,0.4864864864864865,1.0,"(222, 64, 500)","(111, 64, 500)",1,67,0.4594594594594594
7,Mis,Rest,37.78280544281006,0.6216216216216216,1.0,"(222, 64, 500)","(111, 64, 500)",1,67,0.6531531531531531
