participant,class1,class2,running_time,test_acc,train_acc,test_size,train_size,train_block,test_block,test_acc_vote
9,Hand,Rest,37.486379623413086,0.6981981981981982,1.0,"(222, 64, 500)","(111, 64, 500)",1,67,0.7117117117117118
9,Feet,Rest,37.616365909576416,0.536036036036036,1.0,"(222, 64, 500)","(111, 64, 500)",1,67,0.5405405405405406
9,Tongue,Rest,37.108139514923096,0.481981981981982,1.0,"(222, 64, 500)","(111, 64, 500)",1,67,0.4819819819819819
9,Mis,Rest,37.37032389640808,0.5180180180180181,1.0,"(222, 64, 500)","(111, 64, 500)",1,67,0.5180180180180181
