participant,class1,class2,running_time,test_acc,train_acc,test_size,train_size,train_block,test_block,test_acc_vote
16,Hand,Rest,24.738873720169067,0.6428571428571429,1.0,"(56, 64, 1000)","(56, 64, 1000)",12,67,0.625
16,Feet,Rest,24.646404266357425,0.6428571428571429,1.0,"(56, 64, 1000)","(56, 64, 1000)",12,67,0.6428571428571428
16,Tongue,Rest,25.339219331741333,0.6607142857142857,1.0,"(56, 64, 1000)","(56, 64, 1000)",12,67,0.6071428571428572
16,Mis,Rest,25.041025400161743,0.8571428571428571,1.0,"(56, 64, 1000)","(56, 64, 1000)",12,67,0.8214285714285714
