participant,class1,class2,running_time,test_acc,train_acc,test_size,train_size,train_block,test_block,test_acc_vote
19,Hand,Rest,24.885295629501343,0.6428571428571429,1.0,"(56, 64, 1000)","(56, 64, 1000)",12,67,0.625
19,Feet,Rest,25.765076637268063,0.6071428571428571,1.0,"(56, 64, 1000)","(56, 64, 1000)",12,67,0.5535714285714286
19,Tongue,Rest,25.358129024505615,0.7142857142857143,0.9642857142857144,"(56, 64, 1000)","(56, 64, 1000)",12,67,0.625
19,Mis,Rest,25.259174823760986,0.6964285714285714,1.0,"(56, 64, 1000)","(56, 64, 1000)",12,67,0.6428571428571428
