participant,class1,class2,running_time,test_acc,train_acc,test_size,train_size,train_block,test_block,test_acc_vote
6,Hand,Rest,25.43981385231018,0.6607142857142857,1.0,"(56, 64, 1000)","(56, 64, 1000)",12,67,0.6071428571428572
6,Feet,Rest,25.382309675216675,0.5892857142857143,1.0,"(56, 64, 1000)","(56, 64, 1000)",12,67,0.5714285714285714
6,Tongue,Rest,24.607369661331177,0.6428571428571429,0.9642857142857144,"(56, 64, 1000)","(56, 64, 1000)",12,67,0.6428571428571428
6,Mis,Rest,24.98101019859314,0.6428571428571429,0.9642857142857143,"(56, 64, 1000)","(56, 64, 1000)",12,67,0.6428571428571428
