participant,class1,class2,running_time,test_acc,train_acc,test_size,train_size,train_block,test_block,test_acc_vote
7,Hand,Rest,24.78044891357422,0.6964285714285714,1.0,"(56, 64, 1000)","(56, 64, 1000)",12,67,0.6785714285714286
7,Feet,Rest,24.48662805557251,0.75,1.0,"(56, 64, 1000)","(56, 64, 1000)",12,67,0.7857142857142857
7,Tongue,Rest,24.360170602798465,0.6071428571428571,1.0,"(56, 64, 1000)","(56, 64, 1000)",12,67,0.5535714285714286
7,Mis,Rest,25.829328060150146,0.5,1.0,"(56, 64, 1000)","(56, 64, 1000)",12,67,0.5357142857142857
