participant,class1,class2,running_time,test_acc,train_acc,test_size,train_size,train_block,test_block,test_acc_vote
11,Hand,Rest,106.529394865036,0.8348623853211009,0.8646788990825688,"(327, 64, 1000)","(436, 64, 1000)",1234,567,0.8379204892966361
11,Feet,Rest,106.05266666412354,0.8623853211009175,0.9495412844036696,"(327, 64, 1000)","(436, 64, 1000)",1234,567,0.8685015290519877
11,Tongue,Rest,106.55527138710022,0.672782874617737,0.8600917431192661,"(327, 64, 1000)","(436, 64, 1000)",1234,567,0.6788990825688073
11,Mis,Rest,107.03293752670288,0.636085626911315,0.8463302752293578,"(327, 64, 1000)","(436, 64, 1000)",1234,567,0.6483180428134556
