participant,class1,class2,running_time,test_acc,train_acc,test_size,train_size,train_block,test_block,test_acc_vote
6,Hand,Rest,103.6271665096283,0.7431192660550459,0.8348623853211009,"(327, 64, 1000)","(436, 64, 1000)",1234,567,0.7553516819571866
6,Feet,Rest,103.38633871078493,0.6819571865443425,0.8692660550458715,"(327, 64, 1000)","(436, 64, 1000)",1234,567,0.6758409785932722
6,Tongue,Rest,104.24513697624208,0.7737003058103975,0.8830275229357798,"(327, 64, 1000)","(436, 64, 1000)",1234,567,0.8134556574923547
6,Mis,Rest,105.52124166488647,0.7033639143730887,0.8119266055045872,"(327, 64, 1000)","(436, 64, 1000)",1234,567,0.7155963302752293
