participant,class1,class2,running_time,test_acc,train_acc,test_size,train_size,train_block,test_block,test_acc_vote
14,Hand,Rest,98.18437671661376,0.7752293577981652,0.9877675840978594,"(218, 64, 1000)","(327, 64, 1000)",123,67,0.7706422018348624
14,Feet,Rest,100.24813890457152,0.6192660550458715,0.9938837920489296,"(218, 64, 1000)","(327, 64, 1000)",123,67,0.6146788990825688
14,Tongue,Rest,98.18768572807312,0.6146788990825688,1.0,"(218, 64, 1000)","(327, 64, 1000)",123,67,0.6055045871559632
14,Mis,Rest,98.79279017448425,0.6651376146788991,0.9663608562691132,"(218, 64, 1000)","(327, 64, 1000)",123,67,0.6651376146788991
