participant,class1,class2,running_time,test_acc,train_acc,test_size,train_size,train_block,test_block,test_acc_vote
18,Hand,Rest,98.26664781570436,0.6972477064220184,0.9571865443425076,"(218, 64, 1000)","(327, 64, 1000)",123,67,0.7064220183486238
18,Feet,Rest,97.92321491241456,0.6513761467889908,0.981651376146789,"(218, 64, 1000)","(327, 64, 1000)",123,67,0.6467889908256881
18,Tongue,Rest,98.37081241607666,0.7981651376146789,0.9694189602446484,"(218, 64, 1000)","(327, 64, 1000)",123,67,0.7935779816513762
18,Mis,Rest,98.28955101966858,0.8073394495412844,0.9571865443425076,"(218, 64, 1000)","(327, 64, 1000)",123,67,0.8119266055045872
