participant,class1,class2,running_time,test_acc,train_acc,test_size,train_size,train_block,test_block,test_acc_vote
4,Hand,Rest,98.20445108413696,0.7935779816513762,0.9785932721712538,"(218, 64, 1000)","(327, 64, 1000)",123,67,0.7981651376146789
4,Feet,Rest,99.2375750541687,0.7431192660550459,0.9785932721712538,"(218, 64, 1000)","(327, 64, 1000)",123,67,0.7431192660550459
4,Tongue,Rest,98.20125651359558,0.7431192660550459,0.9724770642201837,"(218, 64, 1000)","(327, 64, 1000)",123,67,0.7522935779816513
4,Mis,Rest,98.08751678466797,0.6743119266055045,0.9694189602446484,"(218, 64, 1000)","(327, 64, 1000)",123,67,0.6788990825688073
