participant,class1,class2,running_time,test_acc,train_acc,test_size,train_size,train_block,test_block,test_acc_vote
13,Hand,Rest,43.2852771282196,0.6116071428571429,0.8541666666666666,"(224, 64, 250)","(336, 64, 250)",123,67,0.6026785714285714
13,Feet,Rest,43.73527669906616,0.7098214285714286,0.9077380952380952,"(224, 64, 250)","(336, 64, 250)",123,67,0.75
13,Tongue,Rest,53.65711951255798,0.6607142857142857,0.9047619047619048,"(224, 64, 250)","(336, 64, 250)",123,67,0.6607142857142857
13,Mis,Rest,43.92100715637207,0.6964285714285714,0.8779761904761905,"(224, 64, 250)","(336, 64, 250)",123,67,0.7321428571428572
