participant,class1,class2,running_time,test_acc,train_acc,test_size,train_size,train_block,test_block,test_acc_vote
14,Hand,Rest,44.123329639434814,0.8214285714285714,0.9315476190476192,"(224, 64, 250)","(336, 64, 250)",123,67,0.8482142857142857
14,Feet,Rest,43.57982277870178,0.625,0.9226190476190476,"(224, 64, 250)","(336, 64, 250)",123,67,0.6160714285714286
14,Tongue,Rest,42.87855291366577,0.5892857142857143,0.9375,"(224, 64, 250)","(336, 64, 250)",123,67,0.6116071428571428
14,Mis,Rest,42.466041564941406,0.5892857142857143,0.9434523809523809,"(224, 64, 250)","(336, 64, 250)",123,67,0.6071428571428572
