participant,class1,class2,running_time,test_acc,train_acc,test_size,train_size,train_block,test_block,test_acc_vote
19,Hand,Rest,47.050801038742065,0.7276785714285714,0.8898809523809523,"(224, 64, 250)","(336, 64, 250)",123,67,0.7544642857142857
19,Feet,Rest,52.97842478752136,0.6160714285714286,0.9196428571428572,"(224, 64, 250)","(336, 64, 250)",123,67,0.6651785714285714
19,Tongue,Rest,49.842947244644165,0.75,0.8839285714285714,"(224, 64, 250)","(336, 64, 250)",123,67,0.7991071428571428
19,Mis,Rest,43.520742893218994,0.7276785714285714,0.9226190476190477,"(224, 64, 250)","(336, 64, 250)",123,67,0.7455357142857143
