participant,class1,class2,running_time,test_acc,train_acc,test_size,train_size,train_block,test_block,test_acc_vote
5,Hand,Rest,128.2562084197998,0.6696428571428571,0.9226190476190476,"(224, 64, 250)","(336, 64, 250)",123,67,0.6785714285714286
5,Feet,Rest,101.91068243980408,0.7321428571428571,0.9375,"(224, 64, 250)","(336, 64, 250)",123,67,0.78125
5,Tongue,Rest,124.78909754753111,0.5357142857142857,0.9434523809523808,"(224, 64, 250)","(336, 64, 250)",123,67,0.5178571428571428
5,Mis,Rest,73.97296977043152,0.5267857142857143,0.9375,"(224, 64, 250)","(336, 64, 250)",123,67,0.5357142857142857
