participant,class1,class2,running_time,test_acc,train_acc,test_size,train_size,train_block,test_block,test_acc_vote
5,Hand,Rest,61.38477206230163,0.6607142857142857,0.9928571428571428,"(56, 64, 1000)","(140, 64, 1000)",12345,67,0.6785714285714286
5,Feet,Rest,61.02561664581299,0.7678571428571429,0.9928571428571428,"(56, 64, 1000)","(140, 64, 1000)",12345,67,0.75
5,Tongue,Rest,64.8648898601532,0.8035714285714286,1.0,"(56, 64, 1000)","(140, 64, 1000)",12345,67,0.8214285714285714
5,Mis,Rest,78.2126612663269,0.8571428571428571,1.0,"(56, 64, 1000)","(140, 64, 1000)",12345,67,0.8392857142857143
