participant,class1,class2,running_time,test_acc,train_acc,test_size,train_size,train_block,test_block,test_acc_vote
10,Hand,Rest,52.73729681968689,0.6130952380952381,1.0,"(168, 64, 1000)","(28, 64, 1000)",1,234567,0.6071428571428572
10,Feet,Rest,52.76002025604248,0.5773809523809523,1.0,"(168, 64, 1000)","(28, 64, 1000)",1,234567,0.5535714285714286
10,Tongue,Rest,53.23066854476929,0.5178571428571429,1.0,"(168, 64, 1000)","(28, 64, 1000)",1,234567,0.5059523809523809
10,Mis,Rest,54.033658266067505,0.6011904761904762,1.0,"(168, 64, 1000)","(28, 64, 1000)",1,234567,0.5833333333333333
