participant,class1,class2,running_time,test_acc,train_acc,test_size,train_size,train_block,test_block,test_acc_vote
11,Hand,Rest,51.76669526100159,0.5833333333333334,1.0,"(168, 64, 1000)","(28, 64, 1000)",1,234567,0.5833333333333333
11,Feet,Rest,51.67783188819885,0.6726190476190477,1.0,"(168, 64, 1000)","(28, 64, 1000)",1,234567,0.6011904761904762
11,Tongue,Rest,53.923938035964966,0.6011904761904762,1.0,"(168, 64, 1000)","(28, 64, 1000)",1,234567,0.5595238095238095
11,Mis,Rest,53.74576282501221,0.5773809523809523,1.0,"(168, 64, 1000)","(28, 64, 1000)",1,234567,0.5416666666666667
