participant,class1,class2,running_time,test_acc,train_acc,test_size,train_size,train_block,test_block,test_acc_vote
4,Hand,Rest,51.83905243873596,0.8452380952380952,1.0,"(168, 64, 1000)","(28, 64, 1000)",1,234567,0.8392857142857143
4,Feet,Rest,52.20916771888733,0.7083333333333334,1.0,"(168, 64, 1000)","(28, 64, 1000)",1,234567,0.6904761904761905
4,Tongue,Rest,53.13728427886963,0.5535714285714286,1.0,"(168, 64, 1000)","(28, 64, 1000)",1,234567,0.5
4,Mis,Rest,52.45487070083618,0.5773809523809523,1.0,"(168, 64, 1000)","(28, 64, 1000)",1,234567,0.5595238095238095
