participant,class1,class2,running_time,test_acc,train_acc,test_size,train_size,train_block,test_block,test_acc_vote
10,Hand,Rest,57.329018354415894,0.7857142857142857,0.9642857142857144,"(56, 64, 1000)","(140, 64, 1000)",12345,67,0.7321428571428572
10,Feet,Rest,56.66836905479431,0.7678571428571429,0.9714285714285714,"(56, 64, 1000)","(140, 64, 1000)",12345,67,0.7678571428571428
10,Tongue,Rest,56.64779758453369,0.7142857142857143,0.9785714285714284,"(56, 64, 1000)","(140, 64, 1000)",12345,67,0.6964285714285714
10,Mis,Rest,58.71328020095825,0.9285714285714286,0.9857142857142858,"(56, 64, 1000)","(140, 64, 1000)",12345,67,0.8928571428571429
