participant,class1,class2,running_time,test_acc,train_acc,test_size,train_size,train_block,test_block,test_acc_vote
11,Hand,Rest,57.31211757659912,0.9821428571428572,0.9714285714285714,"(56, 64, 1000)","(140, 64, 1000)",12345,67,0.9821428571428572
11,Feet,Rest,56.70292282104492,0.9107142857142856,0.9928571428571428,"(56, 64, 1000)","(140, 64, 1000)",12345,67,0.9107142857142856
11,Tongue,Rest,56.74925994873047,0.7857142857142857,0.9785714285714284,"(56, 64, 1000)","(140, 64, 1000)",12345,67,0.7678571428571428
11,Mis,Rest,57.5969603061676,0.6607142857142857,1.0,"(56, 64, 1000)","(140, 64, 1000)",12345,67,0.6071428571428572
