participant,class1,class2,running_time,test_acc,train_acc,test_size,train_size,train_block,test_block,test_acc_vote
16,Hand,Rest,57.99839639663696,0.6785714285714286,0.9785714285714284,"(56, 64, 1000)","(140, 64, 1000)",12345,67,0.6428571428571428
16,Feet,Rest,57.7659649848938,0.7142857142857143,0.9857142857142858,"(56, 64, 1000)","(140, 64, 1000)",12345,67,0.6785714285714286
16,Tongue,Rest,57.31016492843628,0.8571428571428571,0.9928571428571428,"(56, 64, 1000)","(140, 64, 1000)",12345,67,0.8035714285714286
16,Mis,Rest,58.347323417663574,0.875,0.9214285714285714,"(56, 64, 1000)","(140, 64, 1000)",12345,67,0.8214285714285714
