participant,class1,class2,running_time,test_acc,train_acc,test_size,train_size,train_block,test_block,test_acc_vote
3,Hand,Rest,59.8414990901947,0.9285714285714286,0.9642857142857144,"(56, 64, 1000)","(140, 64, 1000)",12345,67,0.9642857142857144
3,Feet,Rest,56.337146520614624,0.7142857142857143,0.9714285714285714,"(56, 64, 1000)","(140, 64, 1000)",12345,67,0.6428571428571428
3,Tongue,Rest,58.44943404197693,0.75,0.9142857142857144,"(56, 64, 1000)","(140, 64, 1000)",12345,67,0.6607142857142857
3,Mis,Rest,56.690284729003906,0.875,0.9642857142857143,"(56, 64, 1000)","(140, 64, 1000)",12345,67,0.875
