participant,class1,class2,running_time,test_acc,train_acc,test_size,train_size,train_block,test_block,test_acc_vote
4,Hand,Rest,57.13234972953797,0.8571428571428571,0.9785714285714284,"(56, 64, 1000)","(140, 64, 1000)",12345,67,0.8392857142857143
4,Feet,Rest,56.77876305580139,0.9107142857142856,0.9714285714285714,"(56, 64, 1000)","(140, 64, 1000)",12345,67,0.8928571428571429
4,Tongue,Rest,56.55370044708252,0.8214285714285714,0.9857142857142858,"(56, 64, 1000)","(140, 64, 1000)",12345,67,0.7857142857142857
4,Mis,Rest,56.877198219299316,0.6785714285714286,0.9714285714285714,"(56, 64, 1000)","(140, 64, 1000)",12345,67,0.6785714285714286
