participant,class1,class2,running_time,test_acc,train_acc,test_size,train_size,train_block,test_block,test_acc_vote
9,Hand,Rest,57.22511386871338,0.9464285714285714,0.9571428571428572,"(56, 64, 1000)","(140, 64, 1000)",12345,67,0.9107142857142856
9,Feet,Rest,56.894158124923706,0.9285714285714286,0.9928571428571428,"(56, 64, 1000)","(140, 64, 1000)",12345,67,0.9285714285714286
9,Tongue,Rest,56.67929029464722,0.75,0.9428571428571428,"(56, 64, 1000)","(140, 64, 1000)",12345,67,0.7321428571428572
9,Mis,Rest,57.07722878456116,0.75,0.9285714285714286,"(56, 64, 1000)","(140, 64, 1000)",12345,67,0.7142857142857143
