participant,class1,class2,running_time,test_acc,train_acc,test_size,train_size,train_block,test_block,test_acc_vote
10,Hand,Rest,38.46486282348633,0.7321428571428571,0.9857142857142858,"(56, 64, 1000)","(140, 64, 1000)",12345,67,0.6964285714285714
10,Feet,Rest,38.45459032058716,0.6785714285714286,0.9928571428571428,"(56, 64, 1000)","(140, 64, 1000)",12345,67,0.6607142857142857
10,Tongue,Rest,39.479323387146,0.75,0.9928571428571428,"(56, 64, 1000)","(140, 64, 1000)",12345,67,0.6964285714285714
10,Mis,Rest,39.512563705444336,0.9642857142857143,0.9928571428571429,"(56, 64, 1000)","(140, 64, 1000)",12345,67,0.9642857142857143
