participant,class1,class2,running_time,test_acc,train_acc,test_size,train_size,train_block,test_block,test_acc_vote
11,Hand,Rest,38.445539236068726,0.9464285714285714,0.9857142857142858,"(56, 64, 1000)","(140, 64, 1000)",12345,67,0.9107142857142856
11,Feet,Rest,38.55164647102356,0.9464285714285714,0.9928571428571428,"(56, 64, 1000)","(140, 64, 1000)",12345,67,0.9464285714285714
11,Tongue,Rest,39.499794244766235,0.6071428571428571,0.9857142857142858,"(56, 64, 1000)","(140, 64, 1000)",12345,67,0.5535714285714286
11,Mis,Rest,39.2892701625824,0.7142857142857143,0.9785714285714285,"(56, 64, 1000)","(140, 64, 1000)",12345,67,0.6964285714285714
