participant,class1,class2,running_time,test_acc,train_acc,test_size,train_size,train_block,test_block,test_acc_vote
6,Hand,Rest,53.02539300918579,0.65,0.9642857142857144,"(140, 64, 1000)","(56, 64, 1000)",12,34567,0.6357142857142857
6,Feet,Rest,52.88149809837341,0.6,0.9464285714285714,"(140, 64, 1000)","(56, 64, 1000)",12,34567,0.5714285714285714
6,Tongue,Rest,53.673959732055664,0.5571428571428572,0.9464285714285714,"(140, 64, 1000)","(56, 64, 1000)",12,34567,0.5285714285714286
6,Mis,Rest,53.208280086517334,0.5857142857142857,0.9285714285714286,"(140, 64, 1000)","(56, 64, 1000)",12,34567,0.55
