participant,class1,class2,running_time,test_acc,train_acc,test_size,train_size,train_block,test_block,test_acc_vote
9,Hand,Rest,52.28715944290161,0.5857142857142857,0.9107142857142856,"(140, 64, 1000)","(56, 64, 1000)",12,34567,0.5571428571428572
9,Feet,Rest,53.959089040756226,0.8214285714285714,0.9821428571428572,"(140, 64, 1000)","(56, 64, 1000)",12,34567,0.8285714285714285
9,Tongue,Rest,54.97861170768738,0.65,0.9642857142857144,"(140, 64, 1000)","(56, 64, 1000)",12,34567,0.6571428571428571
9,Mis,Rest,54.19593954086304,0.45714285714285713,0.9821428571428571,"(140, 64, 1000)","(56, 64, 1000)",12,34567,0.47857142857142854
