participant,class1,class2,running_time,test_acc,train_acc,test_size,train_size,train_block,test_block,test_acc_vote
11,Hand,Rest,56.29342079162598,0.8482142857142857,0.9955357142857144,"(112, 64, 500)","(224, 64, 500)",1234,67,0.8303571428571428
11,Feet,Rest,57.985135555267334,0.9553571428571428,1.0,"(112, 64, 500)","(224, 64, 500)",1234,67,0.9642857142857144
11,Tongue,Rest,57.69556975364685,0.6875,1.0,"(112, 64, 500)","(224, 64, 500)",1234,67,0.6964285714285714
11,Mis,Rest,57.43620419502258,0.7053571428571429,1.0,"(112, 64, 500)","(224, 64, 500)",1234,67,0.6607142857142857
