participant,class1,class2,running_time,test_acc,train_acc,test_size,train_size,train_block,test_block,test_acc_vote
14,Hand,Rest,56.5468316078186,0.8482142857142857,1.0,"(112, 64, 500)","(224, 64, 500)",1234,67,0.8392857142857143
14,Feet,Rest,56.59099864959717,0.625,1.0,"(112, 64, 500)","(224, 64, 500)",1234,67,0.5625
14,Tongue,Rest,56.44567275047302,0.6785714285714286,1.0,"(112, 64, 500)","(224, 64, 500)",1234,67,0.6785714285714286
14,Mis,Rest,56.463133096694946,0.6964285714285714,0.9955357142857143,"(112, 64, 500)","(224, 64, 500)",1234,67,0.7232142857142857
