participant,class1,class2,running_time,test_acc,train_acc,test_size,train_size,train_block,test_block,test_acc_vote
15,Hand,Rest,53.973565340042114,0.8482142857142857,0.9902912621359224,"(112, 64, 500)","(206, 64, 500)",1234,67,0.8392857142857143
15,Feet,Rest,57.08560490608215,0.6875,0.9955357142857144,"(112, 64, 500)","(224, 64, 500)",1234,67,0.6964285714285714
15,Tongue,Rest,56.39461040496826,0.7053571428571429,0.9866071428571428,"(112, 64, 500)","(224, 64, 500)",1234,67,0.7053571428571428
15,Mis,Rest,57.3026123046875,0.6696428571428571,0.9955357142857143,"(112, 64, 500)","(224, 64, 500)",1234,67,0.6339285714285714
