participant,class1,class2,running_time,test_acc,train_acc,test_size,train_size,train_block,test_block,test_acc_vote
17,Hand,Rest,57.64238119125366,0.8035714285714286,0.9375,"(112, 64, 500)","(224, 64, 500)",1234,67,0.7946428571428572
17,Feet,Rest,56.293641328811646,0.6875,0.8973214285714286,"(112, 64, 500)","(224, 64, 500)",1234,67,0.6785714285714286
17,Tongue,Rest,57.231247663497925,0.7946428571428571,0.9598214285714286,"(112, 64, 500)","(224, 64, 500)",1234,67,0.7857142857142857
17,Mis,Rest,57.189608335494995,0.8035714285714286,0.9419642857142857,"(112, 64, 500)","(224, 64, 500)",1234,67,0.8303571428571428
