participant,class1,class2,running_time,test_acc,train_acc,test_size,train_size,train_block,test_block,test_acc_vote
19,Hand,Rest,56.207985162734985,0.8482142857142857,0.9464285714285714,"(112, 64, 500)","(224, 64, 500)",1234,67,0.8839285714285714
19,Feet,Rest,56.41186428070069,0.6071428571428571,0.9955357142857144,"(112, 64, 500)","(224, 64, 500)",1234,67,0.5714285714285714
19,Tongue,Rest,56.49139189720154,0.8482142857142857,0.9732142857142856,"(112, 64, 500)","(224, 64, 500)",1234,67,0.9107142857142856
19,Mis,Rest,57.98577833175659,0.7232142857142857,0.9955357142857143,"(112, 64, 500)","(224, 64, 500)",1234,67,0.7767857142857143
