participant,class1,class2,running_time,test_acc,train_acc,test_size,train_size,train_block,test_block,test_acc_vote
13,Hand,Rest,58.40374398231506,0.7857142857142857,0.9464285714285714,"(84, 64, 1000)","(112, 64, 1000)",1234,567,0.7738095238095238
13,Feet,Rest,59.632582664489746,0.9285714285714286,1.0,"(84, 64, 1000)","(112, 64, 1000)",1234,567,0.9166666666666666
13,Tongue,Rest,60.05968189239502,0.8452380952380952,1.0,"(84, 64, 1000)","(112, 64, 1000)",1234,567,0.8214285714285714
13,Mis,Rest,61.39293718338013,0.7023809523809523,1.0,"(84, 64, 1000)","(112, 64, 1000)",1234,567,0.6666666666666667
