participant,class1,class2,running_time,test_acc,train_acc,test_size,train_size,train_block,test_block,test_acc_vote
14,Hand,Rest,60.41601514816284,0.9404761904761904,1.0,"(84, 64, 1000)","(112, 64, 1000)",1234,567,0.9285714285714286
14,Feet,Rest,59.16232752799988,0.75,0.9910714285714286,"(84, 64, 1000)","(112, 64, 1000)",1234,567,0.7023809523809523
14,Tongue,Rest,61.843445777893066,0.5833333333333334,1.0,"(84, 64, 1000)","(112, 64, 1000)",1234,567,0.5238095238095238
14,Mis,Rest,59.49256920814514,0.5952380952380952,1.0,"(84, 64, 1000)","(112, 64, 1000)",1234,567,0.5476190476190477
