participant,class1,class2,running_time,test_acc,train_acc,test_size,train_size,train_block,test_block,test_acc_vote
4,Hand,Rest,59.205458641052246,0.8928571428571429,1.0,"(84, 64, 1000)","(112, 64, 1000)",1234,567,0.8809523809523809
4,Feet,Rest,58.86694097518921,0.7976190476190477,0.9821428571428572,"(84, 64, 1000)","(112, 64, 1000)",1234,567,0.7619047619047619
4,Tongue,Rest,60.45046854019165,0.7976190476190477,1.0,"(84, 64, 1000)","(112, 64, 1000)",1234,567,0.7261904761904762
4,Mis,Rest,59.760117292404175,0.6666666666666666,0.9910714285714286,"(84, 64, 1000)","(112, 64, 1000)",1234,567,0.6666666666666667
