participant,class1,class2,running_time,test_acc,train_acc,test_size,train_size,train_block,test_block,test_acc_vote
6,Hand,Rest,59.63051724433899,0.5833333333333334,1.0,"(84, 64, 1000)","(112, 64, 1000)",1234,567,0.4880952380952381
6,Feet,Rest,59.105618715286255,0.7738095238095238,0.9910714285714286,"(84, 64, 1000)","(112, 64, 1000)",1234,567,0.7738095238095238
6,Tongue,Rest,59.857179164886475,0.7976190476190477,1.0,"(84, 64, 1000)","(112, 64, 1000)",1234,567,0.7619047619047619
6,Mis,Rest,60.45224046707153,0.7261904761904762,0.9821428571428571,"(84, 64, 1000)","(112, 64, 1000)",1234,567,0.7619047619047619
