participant,class1,class2,running_time,test_acc,train_acc,test_size,train_size,train_block,test_block,test_acc_vote
7,Hand,Rest,58.73616981506348,0.8095238095238095,1.0,"(84, 64, 1000)","(112, 64, 1000)",1234,567,0.8095238095238095
7,Feet,Rest,64.47728872299194,0.8214285714285714,1.0,"(84, 64, 1000)","(112, 64, 1000)",1234,567,0.7976190476190477
7,Tongue,Rest,60.50641369819641,0.7738095238095238,1.0,"(84, 64, 1000)","(112, 64, 1000)",1234,567,0.7738095238095238
7,Mis,Rest,63.986517906188965,0.6666666666666666,0.9821428571428571,"(84, 64, 1000)","(112, 64, 1000)",1234,567,0.6904761904761905
