participant,class1,class2,running_time,test_acc,train_acc,test_size,train_size,train_block,test_block,test_acc_vote
9,Hand,Rest,58.19765591621399,0.9285714285714286,1.0,"(84, 64, 1000)","(112, 64, 1000)",1234,567,0.8928571428571429
9,Feet,Rest,58.8491108417511,0.9404761904761904,1.0,"(84, 64, 1000)","(112, 64, 1000)",1234,567,0.9166666666666666
9,Tongue,Rest,61.17354607582092,0.7261904761904762,1.0,"(84, 64, 1000)","(112, 64, 1000)",1234,567,0.7619047619047619
9,Mis,Rest,60.39188361167908,0.6666666666666666,0.9910714285714286,"(84, 64, 1000)","(112, 64, 1000)",1234,567,0.6547619047619048
