participant,class1,class2,running_time,test_acc,train_acc,test_size,train_size,train_block,test_block,test_acc_vote
10,Hand,Rest,90.40283513069151,0.5892857142857143,1.0,"(112, 64, 500)","(280, 64, 500)",12345,67,0.5982142857142857
10,Feet,Rest,79.05877661705017,0.5446428571428571,1.0,"(112, 64, 500)","(280, 64, 500)",12345,67,0.5535714285714286
10,Tongue,Rest,82.49486541748047,0.5357142857142857,1.0,"(112, 64, 500)","(280, 64, 500)",12345,67,0.5267857142857143
10,Mis,Rest,74.47941017150879,0.5625,1.0,"(112, 64, 500)","(280, 64, 500)",12345,67,0.5625
