participant,class1,class2,running_time,test_acc,train_acc,test_size,train_size,train_block,test_block,test_acc_vote
13,Hand,Rest,82.36777830123901,0.5803571428571429,1.0,"(112, 64, 500)","(280, 64, 500)",12345,67,0.5625
13,Feet,Rest,77.82762169837952,0.4910714285714285,1.0,"(112, 64, 500)","(280, 64, 500)",12345,67,0.5178571428571428
13,Tongue,Rest,87.60148644447327,0.6696428571428571,1.0,"(112, 64, 500)","(280, 64, 500)",12345,67,0.6875
13,Mis,Rest,76.39711236953735,0.5892857142857143,1.0,"(112, 64, 500)","(280, 64, 500)",12345,67,0.5892857142857143
