participant,class1,class2,running_time,test_acc,train_acc,test_size,train_size,train_block,test_block,test_acc_vote
5,Hand,Rest,75.29477643966675,0.6696428571428571,1.0,"(112, 64, 500)","(280, 64, 500)",12345,67,0.6785714285714286
5,Feet,Rest,77.23980402946472,0.7142857142857143,1.0,"(112, 64, 500)","(280, 64, 500)",12345,67,0.7142857142857143
5,Tongue,Rest,87.75423789024353,0.75,1.0,"(112, 64, 500)","(280, 64, 500)",12345,67,0.7946428571428572
5,Mis,Rest,79.83377957344055,0.5982142857142857,1.0,"(112, 64, 500)","(280, 64, 500)",12345,67,0.5982142857142857
