participant,class1,class2,running_time,test_acc,train_acc,test_size,train_size,train_block,test_block,test_acc_vote
7,Hand,Rest,79.00369691848755,0.7053571428571429,1.0,"(112, 64, 500)","(280, 64, 500)",12345,67,0.7232142857142857
7,Feet,Rest,74.68846940994263,0.7053571428571429,1.0,"(112, 64, 500)","(280, 64, 500)",12345,67,0.7142857142857143
7,Tongue,Rest,81.24253177642822,0.5892857142857143,1.0,"(112, 64, 500)","(280, 64, 500)",12345,67,0.5714285714285714
7,Mis,Rest,86.7303102016449,0.5625,1.0,"(112, 64, 500)","(280, 64, 500)",12345,67,0.5625
