participant,class1,class2,running_time,test_acc,train_acc,test_size,train_size,train_block,test_block,test_acc_vote
13,Hand,Rest,38.51734972000122,0.6547619047619048,1.0,"(84, 64, 1000)","(112, 64, 1000)",1234,567,0.5952380952380952
13,Feet,Rest,38.97283148765564,0.8095238095238095,1.0,"(84, 64, 1000)","(112, 64, 1000)",1234,567,0.8095238095238095
13,Tongue,Rest,40.20972990989685,0.7619047619047619,1.0,"(84, 64, 1000)","(112, 64, 1000)",1234,567,0.7380952380952381
13,Mis,Rest,39.929189920425415,0.7619047619047619,1.0,"(84, 64, 1000)","(112, 64, 1000)",1234,567,0.7023809523809523
