participant,class1,class2,running_time,test_acc,train_acc,test_size,train_size,train_block,test_block,test_acc_vote
4,Hand,Rest,37.05653500556946,0.8928571428571429,1.0,"(84, 64, 1000)","(112, 64, 1000)",1234,567,0.8809523809523809
4,Feet,Rest,47.141083002090454,0.8452380952380952,1.0,"(84, 64, 1000)","(112, 64, 1000)",1234,567,0.7857142857142857
4,Tongue,Rest,38.36990904808045,0.7142857142857143,1.0,"(84, 64, 1000)","(112, 64, 1000)",1234,567,0.6428571428571428
4,Mis,Rest,37.02280044555664,0.7023809523809523,1.0,"(84, 64, 1000)","(112, 64, 1000)",1234,567,0.6309523809523809
