participant,class1,class2,running_time,test_acc,train_acc,test_size,train_size,train_block,test_block,test_acc_vote
6,Hand,Rest,40.610522747039795,0.7976190476190477,1.0,"(84, 64, 1000)","(112, 64, 1000)",1234,567,0.7738095238095238
6,Feet,Rest,37.70572066307068,0.7261904761904762,1.0,"(84, 64, 1000)","(112, 64, 1000)",1234,567,0.7023809523809523
6,Tongue,Rest,39.40116047859192,0.75,1.0,"(84, 64, 1000)","(112, 64, 1000)",1234,567,0.7261904761904762
6,Mis,Rest,38.92590355873108,0.6428571428571429,1.0,"(84, 64, 1000)","(112, 64, 1000)",1234,567,0.6428571428571428
