participant,class1,class2,running_time,test_acc,train_acc,test_size,train_size,train_block,test_block,test_acc_vote
10,Hand,Rest,52.6559739112854,0.6214285714285714,0.9821428571428572,"(140, 64, 1000)","(56, 64, 1000)",12,34567,0.6214285714285714
10,Feet,Rest,53.09617352485657,0.6,0.9642857142857144,"(140, 64, 1000)","(56, 64, 1000)",12,34567,0.5642857142857143
10,Tongue,Rest,54.60222816467285,0.55,0.9642857142857144,"(140, 64, 1000)","(56, 64, 1000)",12,34567,0.5214285714285714
10,Mis,Rest,54.189082622528076,0.5571428571428572,0.9821428571428571,"(140, 64, 1000)","(56, 64, 1000)",12,34567,0.5214285714285714
