participant,class1,class2,running_time,test_acc,train_acc,test_size,train_size,train_block,test_block,test_acc_vote
13,Hand,Rest,52.5099401473999,0.7857142857142857,0.8928571428571429,"(140, 64, 1000)","(56, 64, 1000)",12,34567,0.75
13,Feet,Rest,54.34677290916443,0.6642857142857143,1.0,"(140, 64, 1000)","(56, 64, 1000)",12,34567,0.6071428571428572
13,Tongue,Rest,55.95059514045715,0.6642857142857143,0.9464285714285714,"(140, 64, 1000)","(56, 64, 1000)",12,34567,0.65
13,Mis,Rest,55.8526451587677,0.7642857142857142,0.9464285714285714,"(140, 64, 1000)","(56, 64, 1000)",12,34567,0.7214285714285714
