participant,class1,class2,running_time,test_acc,train_acc,test_size,train_size,train_block,test_block,test_acc_vote
11,Hand,Rest,39.27639269828797,0.8571428571428571,1.0,"(56, 64, 1000)","(140, 64, 1000)",12345,67,0.875
11,Feet,Rest,38.9577796459198,0.9285714285714286,1.0,"(56, 64, 1000)","(140, 64, 1000)",12345,67,0.9285714285714286
11,Tongue,Rest,41.149096965789795,0.6607142857142857,1.0,"(56, 64, 1000)","(140, 64, 1000)",12345,67,0.5714285714285714
11,Mis,Rest,42.131794691085815,0.7142857142857143,1.0,"(56, 64, 1000)","(140, 64, 1000)",12345,67,0.6785714285714286
