participant,class1,class2,running_time,test_acc,train_acc,test_size,train_size,train_block,test_block,test_acc_vote
10,Hand,Rest,93.5961298942566,0.7385321100917431,0.9418960244648318,"(218, 64, 1000)","(327, 64, 1000)",123,67,0.7522935779816513
10,Feet,Rest,103.12222671508788,0.7110091743119266,0.9571865443425076,"(218, 64, 1000)","(327, 64, 1000)",123,67,0.7293577981651376
10,Tongue,Rest,99.97002124786376,0.7201834862385321,0.9480122324159022,"(218, 64, 1000)","(327, 64, 1000)",123,67,0.7155963302752293
10,Mis,Rest,86.8328104019165,0.7064220183486238,0.9694189602446484,"(218, 64, 1000)","(327, 64, 1000)",123,67,0.7064220183486238
