participant,class1,class2,running_time,test_acc,train_acc,test_size,train_size,train_block,test_block,test_acc_vote
13,Hand,Rest,84.5178816318512,0.573394495412844,0.8837920489296636,"(218, 64, 1000)","(327, 64, 1000)",123,67,0.5596330275229358
13,Feet,Rest,80.60331845283508,0.8256880733944955,0.9204892966360856,"(218, 64, 1000)","(327, 64, 1000)",123,67,0.8256880733944953
13,Tongue,Rest,82.21170496940613,0.7798165137614679,0.9388379204892966,"(218, 64, 1000)","(327, 64, 1000)",123,67,0.8027522935779816
13,Mis,Rest,88.65498971939087,0.6972477064220184,0.9204892966360856,"(218, 64, 1000)","(327, 64, 1000)",123,67,0.7018348623853211
