participant,class1,class2,running_time,test_acc,train_acc,test_size,train_size,train_block,test_block,test_acc_vote
15,Hand,Rest,81.1144278049469,0.8348623853211009,0.9663608562691132,"(218, 64, 1000)","(327, 64, 1000)",123,67,0.8623853211009174
15,Feet,Rest,81.20564579963684,0.6972477064220184,0.9602446483180428,"(218, 64, 1000)","(327, 64, 1000)",123,67,0.7018348623853211
15,Tongue,Rest,109.54376077651978,0.6330275229357798,0.9541284403669724,"(218, 64, 1000)","(327, 64, 1000)",123,67,0.6330275229357798
15,Mis,Rest,110.11092925071716,0.7981651376146789,0.963302752293578,"(218, 64, 1000)","(327, 64, 1000)",123,67,0.8211009174311926
