participant,class1,class2,running_time,test_acc,train_acc,test_size,train_size,train_block,test_block,test_acc_vote
18,Hand,Rest,109.99535727500916,0.7247706422018348,0.9418960244648318,"(218, 64, 1000)","(327, 64, 1000)",123,67,0.7339449541284404
18,Feet,Rest,87.75386309623718,0.6880733944954128,0.9480122324159022,"(218, 64, 1000)","(327, 64, 1000)",123,67,0.7110091743119267
18,Tongue,Rest,86.34633827209473,0.8211009174311926,0.9296636085626911,"(218, 64, 1000)","(327, 64, 1000)",123,67,0.8165137614678899
18,Mis,Rest,91.94767665863037,0.6972477064220184,0.944954128440367,"(218, 64, 1000)","(327, 64, 1000)",123,67,0.6972477064220184
