participant,class1,class2,running_time,test_acc,train_acc,test_size,train_size,train_block,test_block,test_acc_vote
19,Hand,Rest,111.46026539802553,0.8532110091743119,0.9388379204892966,"(218, 64, 1000)","(327, 64, 1000)",123,67,0.8669724770642202
19,Feet,Rest,87.6799168586731,0.6192660550458715,0.9571865443425076,"(218, 64, 1000)","(327, 64, 1000)",123,67,0.6238532110091743
19,Tongue,Rest,83.6386981010437,0.7339449541284404,0.9541284403669724,"(218, 64, 1000)","(327, 64, 1000)",123,67,0.7385321100917431
19,Mis,Rest,86.23475623130798,0.7110091743119266,0.944954128440367,"(218, 64, 1000)","(327, 64, 1000)",123,67,0.7155963302752293
