participant,class1,class2,running_time,test_acc,train_acc,test_size,train_size,train_block,test_block,test_acc_vote
7,Hand,Rest,89.7698335647583,0.7660550458715596,0.9694189602446484,"(218, 64, 1000)","(327, 64, 1000)",123,67,0.7706422018348624
7,Feet,Rest,83.08963012695312,0.7844036697247706,0.9510703363914372,"(218, 64, 1000)","(327, 64, 1000)",123,67,0.7935779816513762
7,Tongue,Rest,101.82601952552795,0.6284403669724771,0.9663608562691132,"(218, 64, 1000)","(327, 64, 1000)",123,67,0.6376146788990826
7,Mis,Rest,91.08969950675964,0.7155963302752294,0.9418960244648318,"(218, 64, 1000)","(327, 64, 1000)",123,67,0.7339449541284404
