participant,class1,class2,running_time,test_acc,train_acc,test_size,train_size,train_block,test_block,test_acc_vote
9,Hand,Rest,86.39786911010742,0.926605504587156,0.9235474006116208,"(218, 64, 1000)","(327, 64, 1000)",123,67,0.9311926605504588
9,Feet,Rest,81.64871549606323,0.908256880733945,0.9755351681957186,"(218, 64, 1000)","(327, 64, 1000)",123,67,0.9174311926605504
9,Tongue,Rest,94.83040070533752,0.6697247706422018,0.9480122324159022,"(218, 64, 1000)","(327, 64, 1000)",123,67,0.6743119266055047
9,Mis,Rest,82.30363869667053,0.7385321100917431,0.9541284403669725,"(218, 64, 1000)","(327, 64, 1000)",123,67,0.7477064220183487
