participant,class1,class2,running_time,test_acc,train_acc,test_size,train_size,train_block,test_block,test_acc_vote
10,Hand,Rest,52.12694978713989,0.5357142857142857,0.9464285714285714,"(140, 64, 1000)","(56, 64, 1000)",12,34567,0.5
10,Feet,Rest,53.52339601516723,0.6785714285714286,0.9821428571428572,"(140, 64, 1000)","(56, 64, 1000)",12,34567,0.6642857142857144
10,Tongue,Rest,55.41462445259094,0.65,0.8928571428571429,"(140, 64, 1000)","(56, 64, 1000)",12,34567,0.65
10,Mis,Rest,55.0777850151062,0.6357142857142857,1.0,"(140, 64, 1000)","(56, 64, 1000)",12,34567,0.6428571428571428
