participant,class1,class2,running_time,test_acc,train_acc,test_size,train_size,train_block,test_block,test_acc_vote
5,Hand,Rest,35.30447483062744,0.5119047619047619,1.0,"(168, 64, 1000)","(28, 64, 1000)",1,234567,0.494047619047619
5,Feet,Rest,35.56381702423096,0.5357142857142857,1.0,"(168, 64, 1000)","(28, 64, 1000)",1,234567,0.5059523809523809
5,Tongue,Rest,36.53595948219299,0.4880952380952381,1.0,"(168, 64, 1000)","(28, 64, 1000)",1,234567,0.4880952380952381
5,Mis,Rest,36.34643292427063,0.5,1.0,"(168, 64, 1000)","(28, 64, 1000)",1,234567,0.49404761904761907
