participant,class1,class2,running_time,test_acc,train_acc,test_size,train_size,train_block,test_block,test_acc_vote
10,Hand,Rest,101.33542776107788,0.6531531531531531,0.9711711711711712,"(222, 64, 500)","(555, 64, 500)",12345,67,0.6666666666666667
10,Feet,Rest,102.23990154266356,0.6531531531531531,0.9891891891891892,"(222, 64, 500)","(555, 64, 500)",12345,67,0.6396396396396397
10,Tongue,Rest,100.95133924484252,0.6261261261261262,0.9567567567567568,"(222, 64, 500)","(555, 64, 500)",12345,67,0.6171171171171171
10,Mis,Rest,101.90506052970886,0.6306306306306306,0.9765765765765766,"(222, 64, 500)","(555, 64, 500)",12345,67,0.6216216216216216
