participant,class1,class2,running_time,test_acc,train_acc,test_size,train_size,train_block,test_block,test_acc_vote
14,Hand,Rest,100.63927483558656,0.8243243243243243,0.9765765765765766,"(222, 64, 500)","(555, 64, 500)",12345,67,0.8333333333333334
14,Feet,Rest,101.56327867507936,0.7162162162162162,0.990990990990991,"(222, 64, 500)","(555, 64, 500)",12345,67,0.7432432432432432
14,Tongue,Rest,100.90604138374329,0.7432432432432432,0.9927927927927928,"(222, 64, 500)","(555, 64, 500)",12345,67,0.7387387387387387
14,Mis,Rest,101.22153854370117,0.6351351351351351,0.972972972972973,"(222, 64, 500)","(555, 64, 500)",12345,67,0.6261261261261262
