participant,class1,class2,running_time,test_acc,train_acc,test_size,train_size,train_block,test_block,test_acc_vote
18,Hand,Rest,100.81864094734192,0.6621621621621622,0.9495495495495496,"(222, 64, 500)","(555, 64, 500)",12345,67,0.6666666666666667
18,Feet,Rest,100.09144401550292,0.6666666666666666,0.9585585585585584,"(222, 64, 500)","(555, 64, 500)",12345,67,0.6981981981981982
18,Tongue,Rest,101.87715768814088,0.8198198198198198,0.9711711711711712,"(222, 64, 500)","(555, 64, 500)",12345,67,0.8018018018018018
18,Mis,Rest,101.40034031867981,0.7477477477477478,0.9567567567567568,"(222, 64, 500)","(555, 64, 500)",12345,67,0.7567567567567568
