participant,class1,class2,running_time,test_acc,train_acc,test_size,train_size,train_block,test_block,test_acc_vote
19,Hand,Rest,100.68516564369202,0.8063063063063063,0.927927927927928,"(222, 64, 500)","(555, 64, 500)",12345,67,0.8198198198198199
19,Feet,Rest,100.91025352478027,0.6306306306306306,0.981981981981982,"(222, 64, 500)","(555, 64, 500)",12345,67,0.6216216216216216
19,Tongue,Rest,102.50636100769044,0.8423423423423423,0.9531531531531532,"(222, 64, 500)","(555, 64, 500)",12345,67,0.8738738738738738
19,Mis,Rest,100.68071746826172,0.7477477477477478,0.9765765765765766,"(222, 64, 500)","(555, 64, 500)",12345,67,0.7657657657657657
