participant,class1,class2,running_time,test_acc,train_acc,test_size,train_size,train_block,test_block,test_acc_vote
3,Hand,Rest,101.41182351112366,0.8198198198198198,0.945945945945946,"(222, 64, 500)","(555, 64, 500)",12345,67,0.8468468468468469
3,Feet,Rest,100.27146935462952,0.6216216216216216,0.927927927927928,"(222, 64, 500)","(555, 64, 500)",12345,67,0.6441441441441442
3,Tongue,Rest,101.11146640777588,0.7252252252252253,0.9315315315315316,"(222, 64, 500)","(555, 64, 500)",12345,67,0.7252252252252251
3,Mis,Rest,100.3533787727356,0.7072072072072072,0.9405405405405406,"(222, 64, 500)","(555, 64, 500)",12345,67,0.6846846846846847
