participant,class1,class2,running_time,test_acc,train_acc,test_size,train_size,train_block,test_block,test_acc_vote
5,Hand,Rest,100.45481419563292,0.6666666666666666,0.981981981981982,"(222, 64, 500)","(555, 64, 500)",12345,67,0.6711711711711712
5,Feet,Rest,100.52995109558104,0.8063063063063063,0.981981981981982,"(222, 64, 500)","(555, 64, 500)",12345,67,0.8243243243243243
5,Tongue,Rest,101.0688772201538,0.7837837837837838,0.9801801801801802,"(222, 64, 500)","(555, 64, 500)",12345,67,0.8063063063063063
5,Mis,Rest,101.7528784275055,0.8513513513513513,0.9945945945945946,"(222, 64, 500)","(555, 64, 500)",12345,67,0.8738738738738738
