participant,class1,class2,running_time,test_acc,train_acc,test_size,train_size,train_block,test_block,test_acc_vote
6,Hand,Rest,100.5218117237091,0.7207207207207207,0.9747747747747748,"(222, 64, 500)","(555, 64, 500)",12345,67,0.7297297297297297
6,Feet,Rest,101.91419386863708,0.6216216216216216,0.9855855855855856,"(222, 64, 500)","(555, 64, 500)",12345,67,0.6306306306306306
6,Tongue,Rest,100.50821661949158,0.6261261261261262,0.9747747747747748,"(222, 64, 500)","(555, 64, 500)",12345,67,0.6171171171171171
6,Mis,Rest,102.61841535568237,0.7207207207207207,0.972972972972973,"(222, 64, 500)","(555, 64, 500)",12345,67,0.7252252252252251
