participant,class1,class2,running_time,test_acc,train_acc,test_size,train_size,train_block,test_block,test_acc_vote
7,Hand,Rest,100.8163604736328,0.7882882882882883,0.9801801801801802,"(222, 64, 500)","(555, 64, 500)",12345,67,0.7972972972972973
7,Feet,Rest,102.73623609542848,0.8063063063063063,0.9873873873873874,"(222, 64, 500)","(555, 64, 500)",12345,67,0.8288288288288288
7,Tongue,Rest,100.6502788066864,0.6081081081081081,0.9747747747747748,"(222, 64, 500)","(555, 64, 500)",12345,67,0.6531531531531531
7,Mis,Rest,100.92331266403198,0.7162162162162162,0.9513513513513514,"(222, 64, 500)","(555, 64, 500)",12345,67,0.7252252252252251
