participant,class1,class2,running_time,test_acc,train_acc,test_size,train_size,train_block,test_block,test_acc_vote
14,Hand,Rest,36.01608657836914,0.8392857142857143,0.9761904761904762,"(112, 64, 500)","(168, 64, 500)",123,67,0.8035714285714286
14,Feet,Rest,35.89365768432617,0.6607142857142857,1.0,"(112, 64, 500)","(168, 64, 500)",123,67,0.6517857142857143
14,Tongue,Rest,35.72251629829407,0.625,0.9761904761904762,"(112, 64, 500)","(168, 64, 500)",123,67,0.625
14,Mis,Rest,35.79184293746948,0.6339285714285714,0.9880952380952381,"(112, 64, 500)","(168, 64, 500)",123,67,0.6785714285714286
