participant,class1,class2,running_time,test_acc,train_acc,test_size,train_size,train_block,test_block,test_acc_vote
11,Hand,Rest,132.35270285606384,0.7767584097859327,0.9977064220183486,"(327, 64, 1000)","(436, 64, 1000)",1234,567,0.8073394495412844
11,Feet,Rest,132.79623985290527,0.8654434250764526,1.0,"(327, 64, 1000)","(436, 64, 1000)",1234,567,0.8807339449541285
11,Tongue,Rest,133.04145765304563,0.6483180428134556,1.0,"(327, 64, 1000)","(436, 64, 1000)",1234,567,0.6574923547400612
11,Mis,Rest,133.0468225479126,0.6024464831804281,1.0,"(327, 64, 1000)","(436, 64, 1000)",1234,567,0.6024464831804281
