participant,class1,class2,running_time,test_acc,train_acc,test_size,train_size,train_block,test_block,test_acc_vote
5,Hand,Rest,133.297621011734,0.7186544342507645,1.0,"(327, 64, 1000)","(436, 64, 1000)",1234,567,0.7522935779816513
5,Feet,Rest,131.8580527305603,0.6758409785932722,0.9977064220183486,"(327, 64, 1000)","(436, 64, 1000)",1234,567,0.672782874617737
5,Tongue,Rest,133.3589198589325,0.7308868501529052,0.9977064220183486,"(327, 64, 1000)","(436, 64, 1000)",1234,567,0.7492354740061162
5,Mis,Rest,133.76532220840454,0.6452599388379205,1.0,"(327, 64, 1000)","(436, 64, 1000)",1234,567,0.6422018348623852
