participant,class1,class2,running_time,test_acc,train_acc,test_size,train_size,train_block,test_block,test_acc_vote
6,Hand,Rest,131.58707857131958,0.7217125382262997,1.0,"(327, 64, 1000)","(436, 64, 1000)",1234,567,0.7553516819571866
6,Feet,Rest,131.32445788383484,0.6513761467889908,1.0,"(327, 64, 1000)","(436, 64, 1000)",1234,567,0.6452599388379205
6,Tongue,Rest,133.926016330719,0.6972477064220184,1.0,"(327, 64, 1000)","(436, 64, 1000)",1234,567,0.7247706422018348
6,Mis,Rest,133.24663758277893,0.691131498470948,1.0,"(327, 64, 1000)","(436, 64, 1000)",1234,567,0.709480122324159
