participant,class1,class2,running_time,test_acc,train_acc,test_size,train_size,train_block,test_block,test_acc_vote
10,Hand,Rest,147.1762728691101,0.6880733944954128,0.9559633027522936,"(218, 64, 1000)","(545, 64, 1000)",12345,67,0.6972477064220184
10,Feet,Rest,147.59669709205627,0.6146788990825688,0.944954128440367,"(218, 64, 1000)","(545, 64, 1000)",12345,67,0.6100917431192661
10,Tongue,Rest,148.78378915786743,0.7155963302752294,0.9394495412844036,"(218, 64, 1000)","(545, 64, 1000)",12345,67,0.7201834862385321
10,Mis,Rest,150.65845108032227,0.9128440366972477,0.9486238532110092,"(218, 64, 1000)","(545, 64, 1000)",12345,67,0.9220183486238532
