participant,class1,class2,running_time,test_acc,train_acc,test_size,train_size,train_block,test_block,test_acc_vote
11,Hand,Rest,149.2098903656006,0.8394495412844036,0.9761467889908256,"(218, 64, 1000)","(545, 64, 1000)",12345,67,0.8394495412844036
11,Feet,Rest,150.69578909873962,0.8899082568807339,0.9651376146788992,"(218, 64, 1000)","(545, 64, 1000)",12345,67,0.8990825688073394
11,Tongue,Rest,153.19780921936035,0.6467889908256881,0.9724770642201837,"(218, 64, 1000)","(545, 64, 1000)",12345,67,0.6559633027522935
11,Mis,Rest,152.95359683036804,0.6100917431192661,0.9724770642201835,"(218, 64, 1000)","(545, 64, 1000)",12345,67,0.6100917431192661
