participant,class1,class2,running_time,test_acc,train_acc,test_size,train_size,train_block,test_block,test_acc_vote
9,Hand,Rest,150.64792847633362,0.9128440366972476,0.9376146788990826,"(218, 64, 1000)","(545, 64, 1000)",12345,67,0.9220183486238532
9,Feet,Rest,148.73635292053223,0.8853211009174312,0.9614678899082568,"(218, 64, 1000)","(545, 64, 1000)",12345,67,0.8944954128440367
9,Tongue,Rest,153.3637351989746,0.7201834862385321,0.9192660550458716,"(218, 64, 1000)","(545, 64, 1000)",12345,67,0.7247706422018348
9,Mis,Rest,153.45957350730896,0.6788990825688074,0.8844036697247707,"(218, 64, 1000)","(545, 64, 1000)",12345,67,0.6834862385321101
