class,test_acc,vote_acc
Hand,0.6807142857142857,0.6592857142857144
Feet,0.6964285714285714,0.68
Tongue,0.6385714285714286,0.61
Mis,0.5900000000000001,0.5735714285714286
