participant,class1,class2,running_time,test_acc,train_acc,test_size,train_size,train_block,test_block,test_acc_vote
14,Hand,Rest,51.98226547241211,0.8714285714285714,1.0,"(140, 64, 1000)","(56, 64, 1000)",12,34567,0.8357142857142857
14,Feet,Rest,52.80345845222473,0.65,0.9821428571428572,"(140, 64, 1000)","(56, 64, 1000)",12,34567,0.6214285714285714
14,Tongue,Rest,53.372925758361816,0.5571428571428572,1.0,"(140, 64, 1000)","(56, 64, 1000)",12,34567,0.5428571428571429
14,Mis,Rest,53.375956773757935,0.4785714285714286,0.9821428571428571,"(140, 64, 1000)","(56, 64, 1000)",12,34567,0.48571428571428577
