participant,class1,class2,running_time,test_acc,train_acc,test_size,train_size,train_block,test_block,test_acc_vote
9,Hand,Rest,53.229655504226685,0.6142857142857143,0.9821428571428572,"(140, 64, 1000)","(56, 64, 1000)",12,34567,0.5857142857142856
9,Feet,Rest,52.77949285507202,0.8714285714285714,1.0,"(140, 64, 1000)","(56, 64, 1000)",12,34567,0.85
9,Tongue,Rest,53.69785213470459,0.5642857142857143,1.0,"(140, 64, 1000)","(56, 64, 1000)",12,34567,0.5642857142857143
9,Mis,Rest,53.207964181900024,0.5,1.0,"(140, 64, 1000)","(56, 64, 1000)",12,34567,0.5
