participant,class1,class2,running_time,test_acc,train_acc,test_size,train_size,train_block,test_block,test_acc_vote
17,Hand,Rest,35.8942391872406,0.7321428571428571,0.9375,"(112, 64, 500)","(112, 64, 500)",12,67,0.7053571428571428
17,Feet,Rest,35.788208961486816,0.75,0.9464285714285714,"(112, 64, 500)","(112, 64, 500)",12,67,0.7678571428571428
17,Tongue,Rest,35.37871813774109,0.6160714285714286,1.0,"(112, 64, 500)","(112, 64, 500)",12,67,0.6428571428571428
17,Mis,Rest,35.92246127128601,0.625,0.9821428571428571,"(112, 64, 500)","(112, 64, 500)",12,67,0.6339285714285714
