participant,class1,class2,running_time,test_acc,train_acc,test_size,train_size,train_block,test_block,test_acc_vote
13,Hand,Rest,91.6824414730072,0.6294642857142857,0.8785714285714286,"(224, 64, 250)","(560, 64, 250)",12345,67,0.6339285714285714
13,Feet,Rest,91.60981893539427,0.75,0.95,"(224, 64, 250)","(560, 64, 250)",12345,67,0.7633928571428572
13,Tongue,Rest,92.49533653259276,0.7589285714285714,0.95,"(224, 64, 250)","(560, 64, 250)",12345,67,0.7767857142857143
13,Mis,Rest,92.46721124649048,0.7455357142857143,0.8946428571428572,"(224, 64, 250)","(560, 64, 250)",12345,67,0.78125
