participant,class1,class2,running_time,test_acc,train_acc,test_size,train_size,train_block,test_block,test_acc_vote
13,Hand,Rest,84.14199566841125,0.7321428571428571,1.0,"(56, 64, 1000)","(140, 64, 1000)",12345,67,0.7142857142857143
13,Feet,Rest,68.95162010192871,0.8928571428571429,1.0,"(56, 64, 1000)","(140, 64, 1000)",12345,67,0.875
13,Tongue,Rest,70.52589344978333,0.8392857142857143,1.0,"(56, 64, 1000)","(140, 64, 1000)",12345,67,0.7857142857142857
13,Mis,Rest,48.70109844207764,0.8035714285714286,1.0,"(56, 64, 1000)","(140, 64, 1000)",12345,67,0.7142857142857143
