participant,class1,class2,running_time,test_acc,train_acc,test_size,train_size,train_block,test_block,test_acc_vote
4,Hand,Rest,54.48829245567322,0.9071428571428573,1.0,"(140, 64, 1000)","(56, 64, 1000)",12,34567,0.8928571428571429
4,Feet,Rest,54.36921143531799,0.7428571428571429,1.0,"(140, 64, 1000)","(56, 64, 1000)",12,34567,0.6928571428571428
4,Tongue,Rest,55.13073515892029,0.7428571428571429,1.0,"(140, 64, 1000)","(56, 64, 1000)",12,34567,0.7285714285714286
4,Mis,Rest,56.07434058189392,0.6357142857142857,1.0,"(140, 64, 1000)","(56, 64, 1000)",12,34567,0.6285714285714286
