class,test_acc,vote_acc
Hand,0.6892857142857143,0.6473214285714285
Feet,0.6589285714285715,0.6232142857142857
Tongue,0.6133928571428572,0.575
Mis,0.6133928571428571,0.5866071428571429
