participant,class1,class2,running_time,test_acc,train_acc,test_size,train_size,train_block,test_block,test_acc_vote
3,Hand,Rest,52.19967174530029,0.6607142857142857,1.0,"(112, 64, 1000)","(84, 64, 1000)",123,4567,0.6160714285714286
3,Feet,Rest,51.26441192626953,0.5535714285714286,1.0,"(112, 64, 1000)","(84, 64, 1000)",123,4567,0.4910714285714286
3,Tongue,Rest,52.55082297325134,0.6696428571428571,1.0,"(112, 64, 1000)","(84, 64, 1000)",123,4567,0.5803571428571428
3,Mis,Rest,52.72215723991394,0.6160714285714286,1.0,"(112, 64, 1000)","(84, 64, 1000)",123,4567,0.5982142857142857
