participant,class1,class2,running_time,test_acc,train_acc,test_size,train_size,train_block,test_block,test_acc_vote
4,Hand,Rest,51.8806939125061,0.8303571428571429,1.0,"(112, 64, 1000)","(84, 64, 1000)",123,4567,0.7767857142857143
4,Feet,Rest,52.13273811340332,0.7410714285714286,1.0,"(112, 64, 1000)","(84, 64, 1000)",123,4567,0.7053571428571428
4,Tongue,Rest,52.27876830101013,0.7321428571428571,1.0,"(112, 64, 1000)","(84, 64, 1000)",123,4567,0.625
4,Mis,Rest,55.1873345375061,0.75,1.0,"(112, 64, 1000)","(84, 64, 1000)",123,4567,0.6964285714285714
