participant,class1,class2,running_time,test_acc,train_acc,test_size,train_size,train_block,test_block,test_acc_vote
5,Hand,Rest,53.387943744659424,0.5089285714285714,1.0,"(112, 64, 1000)","(84, 64, 1000)",123,4567,0.5178571428571428
5,Feet,Rest,52.785900592803955,0.5,1.0,"(112, 64, 1000)","(84, 64, 1000)",123,4567,0.5178571428571428
5,Tongue,Rest,52.89633870124817,0.75,1.0,"(112, 64, 1000)","(84, 64, 1000)",123,4567,0.7321428571428572
5,Mis,Rest,53.2484245300293,0.5803571428571429,1.0,"(112, 64, 1000)","(84, 64, 1000)",123,4567,0.5267857142857143
