participant,class1,class2,running_time,test_acc,train_acc,test_size,train_size,train_block,test_block,test_acc_vote
6,Hand,Rest,52.85292005538941,0.6785714285714286,1.0,"(112, 64, 1000)","(84, 64, 1000)",123,4567,0.6071428571428572
6,Feet,Rest,52.88282942771912,0.6964285714285714,1.0,"(112, 64, 1000)","(84, 64, 1000)",123,4567,0.5803571428571428
6,Tongue,Rest,53.735527992248535,0.6696428571428571,1.0,"(112, 64, 1000)","(84, 64, 1000)",123,4567,0.625
6,Mis,Rest,53.79812431335449,0.5535714285714286,1.0,"(112, 64, 1000)","(84, 64, 1000)",123,4567,0.5446428571428572
