participant,class1,class2,running_time,test_acc,train_acc,test_size,train_size,train_block,test_block,test_acc_vote
7,Hand,Rest,51.68482708930969,0.6875,1.0,"(112, 64, 1000)","(84, 64, 1000)",123,4567,0.6339285714285714
7,Feet,Rest,52.55723452568054,0.7410714285714286,1.0,"(112, 64, 1000)","(84, 64, 1000)",123,4567,0.7321428571428572
7,Tongue,Rest,53.1937210559845,0.6160714285714286,1.0,"(112, 64, 1000)","(84, 64, 1000)",123,4567,0.5178571428571428
7,Mis,Rest,53.47179365158081,0.5446428571428571,1.0,"(112, 64, 1000)","(84, 64, 1000)",123,4567,0.5357142857142857
