participant,class1,class2,running_time,test_acc,train_acc,test_size,train_size,train_block,test_block,test_acc_vote
9,Hand,Rest,52.57199239730835,0.7321428571428571,1.0,"(112, 64, 1000)","(84, 64, 1000)",123,4567,0.6517857142857143
9,Feet,Rest,52.81689548492432,0.8035714285714286,1.0,"(112, 64, 1000)","(84, 64, 1000)",123,4567,0.7946428571428572
9,Tongue,Rest,53.57730221748352,0.5178571428571429,1.0,"(112, 64, 1000)","(84, 64, 1000)",123,4567,0.5178571428571428
9,Mis,Rest,53.43597340583801,0.625,1.0,"(112, 64, 1000)","(84, 64, 1000)",123,4567,0.6339285714285714
