participant,class1,class2,running_time,test_acc,train_acc,test_size,train_size,train_block,test_block,test_acc_vote
11,Hand,Rest,54.62713599205017,0.8423423423423423,0.933933933933934,"(222, 64, 500)","(333, 64, 500)",123,67,0.8513513513513513
11,Feet,Rest,50.714187145233154,0.8378378378378378,0.951951951951952,"(222, 64, 500)","(333, 64, 500)",123,67,0.8648648648648649
11,Tongue,Rest,50.797574281692505,0.6306306306306306,0.960960960960961,"(222, 64, 500)","(333, 64, 500)",123,67,0.6531531531531531
11,Mis,Rest,59.58839416503906,0.6666666666666666,0.972972972972973,"(222, 64, 500)","(333, 64, 500)",123,67,0.6531531531531531
