participant,class1,class2,running_time,test_acc,train_acc,test_size,train_size,train_block,test_block,test_acc_vote
13,Hand,Rest,51.46724605560303,0.6441441441441441,0.8528528528528528,"(222, 64, 500)","(333, 64, 500)",123,67,0.6396396396396397
13,Feet,Rest,54.30786180496216,0.7477477477477478,0.9429429429429428,"(222, 64, 500)","(333, 64, 500)",123,67,0.7612612612612613
13,Tongue,Rest,51.7418417930603,0.7522522522522522,0.924924924924925,"(222, 64, 500)","(333, 64, 500)",123,67,0.7882882882882882
13,Mis,Rest,55.10696196556091,0.6711711711711712,0.8918918918918919,"(222, 64, 500)","(333, 64, 500)",123,67,0.6756756756756757
