participant,class1,class2,running_time,test_acc,train_acc,test_size,train_size,train_block,test_block,test_acc_vote
16,Hand,Rest,57.96564340591431,0.6126126126126126,0.96996996996997,"(222, 64, 500)","(333, 64, 500)",123,67,0.5990990990990991
16,Feet,Rest,60.61252570152283,0.6486486486486487,0.954954954954955,"(222, 64, 500)","(333, 64, 500)",123,67,0.6981981981981982
16,Tongue,Rest,57.3481879234314,0.6666666666666666,0.9429429429429428,"(222, 64, 500)","(333, 64, 500)",123,67,0.7072072072072072
16,Mis,Rest,58.483227491378784,0.7432432432432432,0.9369369369369369,"(222, 64, 500)","(333, 64, 500)",123,67,0.7702702702702703
