participant,class1,class2,running_time,test_acc,train_acc,test_size,train_size,train_block,test_block,test_acc_vote
19,Hand,Rest,55.06730628013611,0.7972972972972973,0.918918918918919,"(222, 64, 500)","(333, 64, 500)",123,67,0.8108108108108107
19,Feet,Rest,57.40931296348572,0.5990990990990991,0.951951951951952,"(222, 64, 500)","(333, 64, 500)",123,67,0.6261261261261262
19,Tongue,Rest,59.69039559364319,0.7342342342342343,0.915915915915916,"(222, 64, 500)","(333, 64, 500)",123,67,0.7432432432432432
19,Mis,Rest,61.65876078605652,0.7207207207207207,0.9459459459459459,"(222, 64, 500)","(333, 64, 500)",123,67,0.7342342342342343
