participant,class1,class2,running_time,test_acc,train_acc,test_size,train_size,train_block,test_block,test_acc_vote
3,Hand,Rest,56.44080829620361,0.7567567567567568,0.9009009009009008,"(222, 64, 500)","(333, 64, 500)",123,67,0.7747747747747747
3,Feet,Rest,65.78695011138916,0.581081081081081,0.933933933933934,"(222, 64, 500)","(333, 64, 500)",123,67,0.6036036036036037
3,Tongue,Rest,50.99704122543335,0.6936936936936937,0.945945945945946,"(222, 64, 500)","(333, 64, 500)",123,67,0.6936936936936937
3,Mis,Rest,50.92417335510254,0.6846846846846847,0.9009009009009009,"(222, 64, 500)","(333, 64, 500)",123,67,0.6891891891891893
