class,test_acc,vote_acc
Hand,0.7642857142857143,0.7142857142857143
Feet,0.7839285714285713,0.7142857142857142
Tongue,0.6857142857142857,0.6107142857142858
Mis,0.65,0.6017857142857143
