participant,class1,class2,running_time,test_acc,train_acc,test_size,train_size,train_block,test_block,test_acc_vote
11,Hand,Rest,60.30417323112488,0.8214285714285714,1.0,"(56, 64, 1000)","(140, 64, 1000)",12345,67,0.8035714285714286
11,Feet,Rest,58.46776056289673,0.9464285714285714,1.0,"(56, 64, 1000)","(140, 64, 1000)",12345,67,0.9107142857142856
11,Tongue,Rest,61.88792037963867,0.7142857142857143,1.0,"(56, 64, 1000)","(140, 64, 1000)",12345,67,0.625
11,Mis,Rest,57.3677544593811,0.6428571428571429,1.0,"(56, 64, 1000)","(140, 64, 1000)",12345,67,0.5892857142857143
