participant,class1,class2,running_time,test_acc,train_acc,test_size,train_size,train_block,test_block,test_acc_vote
14,Hand,Rest,55.79048681259155,0.8928571428571429,1.0,"(56, 64, 1000)","(140, 64, 1000)",12345,67,0.8392857142857143
14,Feet,Rest,56.511433601379395,0.8214285714285714,1.0,"(56, 64, 1000)","(140, 64, 1000)",12345,67,0.7321428571428572
14,Tongue,Rest,60.69129681587219,0.5714285714285714,1.0,"(56, 64, 1000)","(140, 64, 1000)",12345,67,0.5178571428571428
14,Mis,Rest,59.80701565742493,0.6071428571428571,1.0,"(56, 64, 1000)","(140, 64, 1000)",12345,67,0.5714285714285714
