participant,class1,class2,running_time,test_acc,train_acc,test_size,train_size,train_block,test_block,test_acc_vote
3,Hand,Rest,58.211836099624634,0.8392857142857143,1.0,"(56, 64, 1000)","(140, 64, 1000)",12345,67,0.7857142857142857
3,Feet,Rest,55.82338523864746,0.7142857142857143,1.0,"(56, 64, 1000)","(140, 64, 1000)",12345,67,0.5892857142857143
3,Tongue,Rest,60.08619952201843,0.6785714285714286,1.0,"(56, 64, 1000)","(140, 64, 1000)",12345,67,0.5714285714285714
3,Mis,Rest,60.4890992641449,0.7321428571428571,1.0,"(56, 64, 1000)","(140, 64, 1000)",12345,67,0.6785714285714286
