class,test_acc,vote_acc
Hand,0.6488095238095238,0.656547619047619
Feet,0.6214285714285716,0.6101190476190476
Tongue,0.613095238095238,0.6071428571428572
Mis,0.5970238095238095,0.5875
