participant,class1,class2,running_time,test_acc,train_acc,test_size,train_size,train_block,test_block,test_acc_vote
13,Hand,Rest,26.43136501312256,0.5446428571428571,1.0,"(112, 64, 500)","(56, 64, 500)",1,67,0.5357142857142857
13,Feet,Rest,26.79010653495789,0.6428571428571429,1.0,"(112, 64, 500)","(56, 64, 500)",1,67,0.6517857142857143
13,Tongue,Rest,26.582647562026978,0.6875,1.0,"(112, 64, 500)","(56, 64, 500)",1,67,0.6785714285714286
13,Mis,Rest,26.7494056224823,0.5357142857142857,1.0,"(112, 64, 500)","(56, 64, 500)",1,67,0.5178571428571428
