participant,class1,class2,running_time,test_acc,train_acc,test_size,train_size,train_block,test_block,test_acc_vote
14,Hand,Rest,26.281513690948486,0.6696428571428571,1.0,"(112, 64, 500)","(56, 64, 500)",1,67,0.6607142857142857
14,Feet,Rest,26.43114161491394,0.5982142857142857,1.0,"(112, 64, 500)","(56, 64, 500)",1,67,0.5892857142857143
14,Tongue,Rest,26.54960346221924,0.5,1.0,"(112, 64, 500)","(56, 64, 500)",1,67,0.4910714285714286
14,Mis,Rest,26.560958862304688,0.6160714285714286,1.0,"(112, 64, 500)","(56, 64, 500)",1,67,0.625
