participant,class1,class2,running_time,test_acc,train_acc,test_size,train_size,train_block,test_block,test_acc_vote
15,Hand,Rest,26.53639268875122,0.6607142857142857,1.0,"(112, 64, 500)","(56, 64, 500)",1,67,0.6696428571428572
15,Feet,Rest,26.467123985290527,0.5803571428571429,1.0,"(112, 64, 500)","(56, 64, 500)",1,67,0.5714285714285714
15,Tongue,Rest,26.52053451538086,0.6696428571428571,1.0,"(112, 64, 500)","(56, 64, 500)",1,67,0.6696428571428572
15,Mis,Rest,26.981942415237427,0.5892857142857143,1.0,"(112, 64, 500)","(56, 64, 500)",1,67,0.625
