participant,class1,class2,running_time,test_acc,train_acc,test_size,train_size,train_block,test_block,test_acc_vote
19,Hand,Rest,26.434449911117554,0.7232142857142857,1.0,"(112, 64, 500)","(56, 64, 500)",1,67,0.75
19,Feet,Rest,27.07384037971497,0.5982142857142857,1.0,"(112, 64, 500)","(56, 64, 500)",1,67,0.5803571428571428
19,Tongue,Rest,26.627801179885864,0.5714285714285714,1.0,"(112, 64, 500)","(56, 64, 500)",1,67,0.5535714285714286
19,Mis,Rest,26.45863175392151,0.7767857142857143,1.0,"(112, 64, 500)","(56, 64, 500)",1,67,0.8214285714285714
