participant,class1,class2,running_time,test_acc,train_acc,test_size,train_size,train_block,test_block,test_acc_vote
3,Hand,Rest,26.3669171333313,0.5,1.0,"(112, 64, 500)","(56, 64, 500)",1,67,0.4910714285714286
3,Feet,Rest,26.266592025756836,0.5,1.0,"(112, 64, 500)","(56, 64, 500)",1,67,0.4910714285714286
3,Tongue,Rest,26.5821590423584,0.6428571428571429,1.0,"(112, 64, 500)","(56, 64, 500)",1,67,0.6339285714285714
3,Mis,Rest,26.85056447982788,0.5803571428571429,1.0,"(112, 64, 500)","(56, 64, 500)",1,67,0.5357142857142857
