participant,class1,class2,running_time,test_acc,train_acc,test_size,train_size,train_block,test_block,test_acc_vote
4,Hand,Rest,27.05598258972168,0.7678571428571429,1.0,"(112, 64, 500)","(56, 64, 500)",1,67,0.7946428571428572
4,Feet,Rest,26.46224570274353,0.7053571428571429,1.0,"(112, 64, 500)","(56, 64, 500)",1,67,0.7053571428571428
4,Tongue,Rest,26.51219797134399,0.6607142857142857,1.0,"(112, 64, 500)","(56, 64, 500)",1,67,0.6071428571428572
4,Mis,Rest,26.596102952957153,0.6160714285714286,1.0,"(112, 64, 500)","(56, 64, 500)",1,67,0.6428571428571428
