participant,class1,class2,running_time,test_acc,train_acc,test_size,train_size,train_block,test_block,test_acc_vote
5,Hand,Rest,27.21163654327393,0.5357142857142857,1.0,"(112, 64, 500)","(56, 64, 500)",1,67,0.5089285714285714
5,Feet,Rest,27.02006244659424,0.5446428571428571,1.0,"(112, 64, 500)","(56, 64, 500)",1,67,0.4910714285714286
5,Tongue,Rest,26.43725872039795,0.5178571428571429,1.0,"(112, 64, 500)","(56, 64, 500)",1,67,0.5089285714285714
5,Mis,Rest,27.059816360473633,0.5,1.0,"(112, 64, 500)","(56, 64, 500)",1,67,0.4910714285714286
