participant,class1,class2,running_time,test_acc,train_acc,test_size,train_size,train_block,test_block,test_acc_vote
11,Hand,Rest,47.49993348121643,0.8392857142857143,0.9821428571428572,"(112, 64, 500)","(168, 64, 500)",123,67,0.8482142857142857
11,Feet,Rest,46.504908084869385,0.9107142857142856,0.9821428571428572,"(112, 64, 500)","(168, 64, 500)",123,67,0.9285714285714286
11,Tongue,Rest,47.6590530872345,0.6875,0.9940476190476192,"(112, 64, 500)","(168, 64, 500)",123,67,0.6875
11,Mis,Rest,47.04196834564209,0.6607142857142857,1.0,"(112, 64, 500)","(168, 64, 500)",123,67,0.6607142857142857
