participant,class1,class2,running_time,test_acc,train_acc,test_size,train_size,train_block,test_block,test_acc_vote
13,Hand,Rest,47.3885498046875,0.625,0.9166666666666666,"(112, 64, 500)","(168, 64, 500)",123,67,0.6160714285714286
13,Feet,Rest,46.528663635253906,0.7767857142857143,0.9702380952380952,"(112, 64, 500)","(168, 64, 500)",123,67,0.8214285714285714
13,Tongue,Rest,46.909990072250366,0.7321428571428571,0.9583333333333334,"(112, 64, 500)","(168, 64, 500)",123,67,0.7410714285714286
13,Mis,Rest,47.78396987915039,0.7589285714285714,0.9583333333333334,"(112, 64, 500)","(168, 64, 500)",123,67,0.7678571428571428
