participant,class1,class2,running_time,test_acc,train_acc,test_size,train_size,train_block,test_block,test_acc_vote
19,Hand,Rest,47.45874571800232,0.7946428571428571,0.9404761904761904,"(112, 64, 500)","(168, 64, 500)",123,67,0.7946428571428572
19,Feet,Rest,47.336987018585205,0.6071428571428571,0.988095238095238,"(112, 64, 500)","(168, 64, 500)",123,67,0.6339285714285714
19,Tongue,Rest,47.381160259246826,0.8125,0.9702380952380952,"(112, 64, 500)","(168, 64, 500)",123,67,0.8839285714285714
19,Mis,Rest,47.88844323158264,0.7232142857142857,0.9404761904761905,"(112, 64, 500)","(168, 64, 500)",123,67,0.7232142857142857
