participant,class1,class2,running_time,test_acc,train_acc,test_size,train_size,train_block,test_block,test_acc_vote
3,Hand,Rest,46.63779067993164,0.8392857142857143,0.9642857142857144,"(112, 64, 500)","(168, 64, 500)",123,67,0.8571428571428572
3,Feet,Rest,47.60400676727295,0.6428571428571429,0.9761904761904762,"(112, 64, 500)","(168, 64, 500)",123,67,0.625
3,Tongue,Rest,47.247687101364136,0.7321428571428571,0.9583333333333334,"(112, 64, 500)","(168, 64, 500)",123,67,0.7767857142857143
3,Mis,Rest,47.064589977264404,0.8035714285714286,0.9642857142857143,"(112, 64, 500)","(168, 64, 500)",123,67,0.7946428571428572
