participant,class1,class2,running_time,test_acc,train_acc,test_size,train_size,train_block,test_block,test_acc_vote
7,Hand,Rest,46.8704092502594,0.6964285714285714,0.988095238095238,"(112, 64, 500)","(168, 64, 500)",123,67,0.7589285714285714
7,Feet,Rest,46.711217403411865,0.7410714285714286,0.988095238095238,"(112, 64, 500)","(168, 64, 500)",123,67,0.7857142857142857
7,Tongue,Rest,48.27728533744812,0.6071428571428571,0.9821428571428572,"(112, 64, 500)","(168, 64, 500)",123,67,0.6428571428571428
7,Mis,Rest,48.09257197380066,0.6428571428571429,0.9464285714285714,"(112, 64, 500)","(168, 64, 500)",123,67,0.625
