participant,class1,class2,running_time,test_acc,train_acc,test_size,train_size,train_block,test_block,test_acc_vote
11,Hand,Rest,71.97807741165161,0.8169642857142857,0.9107142857142856,"(224, 64, 250)","(560, 64, 250)",12345,67,0.84375
11,Feet,Rest,74.21147418022156,0.8883928571428571,0.9267857142857144,"(224, 64, 250)","(560, 64, 250)",12345,67,0.9107142857142856
11,Tongue,Rest,72.0118305683136,0.6517857142857143,0.8910714285714286,"(224, 64, 250)","(560, 64, 250)",12345,67,0.6651785714285714
11,Mis,Rest,71.02835297584534,0.6607142857142857,0.9089285714285714,"(224, 64, 250)","(560, 64, 250)",12345,67,0.6875
