participant,class1,class2,running_time,test_acc,train_acc,test_size,train_size,train_block,test_block,test_acc_vote
19,Hand,Rest,70.21945261955261,0.7723214285714286,0.8607142857142858,"(224, 64, 250)","(560, 64, 250)",12345,67,0.7901785714285714
19,Feet,Rest,72.91383671760559,0.625,0.8875,"(224, 64, 250)","(560, 64, 250)",12345,67,0.6517857142857143
19,Tongue,Rest,68.68571591377258,0.7678571428571429,0.8535714285714285,"(224, 64, 250)","(560, 64, 250)",12345,67,0.7946428571428572
19,Mis,Rest,65.62485575675964,0.7991071428571429,0.8964285714285715,"(224, 64, 250)","(560, 64, 250)",12345,67,0.8080357142857143
