participant,class1,class2,running_time,test_acc,train_acc,test_size,train_size,train_block,test_block,test_acc_vote
3,Hand,Rest,72.31965112686157,0.7723214285714286,0.85,"(224, 64, 250)","(560, 64, 250)",12345,67,0.8392857142857143
3,Feet,Rest,71.95437693595886,0.6473214285714286,0.8678571428571429,"(224, 64, 250)","(560, 64, 250)",12345,67,0.6741071428571428
3,Tongue,Rest,74.3149733543396,0.6741071428571429,0.8428571428571429,"(224, 64, 250)","(560, 64, 250)",12345,67,0.7053571428571428
3,Mis,Rest,114.52491068840027,0.7946428571428571,0.8571428571428571,"(224, 64, 250)","(560, 64, 250)",12345,67,0.8526785714285714
