participant,class1,class2,running_time,test_acc,train_acc,test_size,train_size,train_block,test_block,test_acc_vote
11,Hand,Rest,77.21939587593079,0.9404761904761904,1.0,"(84, 64, 1000)","(112, 64, 1000)",1234,67,0.9642857142857144
11,Feet,Rest,73.28664016723633,0.9285714285714286,1.0,"(84, 64, 1000)","(112, 64, 1000)",1234,67,0.9285714285714286
11,Tongue,Rest,73.65777897834778,0.6428571428571429,1.0,"(84, 64, 1000)","(112, 64, 1000)",1234,67,0.6190476190476191
11,Mis,Rest,70.57162570953369,0.7023809523809523,1.0,"(84, 64, 1000)","(112, 64, 1000)",1234,67,0.6428571428571428
