participant,class1,class2,running_time,test_acc,train_acc,test_size,train_size,train_block,test_block,test_acc_vote
13,Hand,Rest,67.40801453590393,0.6547619047619048,1.0,"(84, 64, 1000)","(112, 64, 1000)",1234,67,0.6071428571428572
13,Feet,Rest,64.86016273498535,0.7738095238095238,1.0,"(84, 64, 1000)","(112, 64, 1000)",1234,67,0.8333333333333334
13,Tongue,Rest,65.36273741722107,0.7857142857142857,1.0,"(84, 64, 1000)","(112, 64, 1000)",1234,67,0.7738095238095238
13,Mis,Rest,62.95819973945618,0.7857142857142857,1.0,"(84, 64, 1000)","(112, 64, 1000)",1234,67,0.7619047619047619
