participant,class1,class2,running_time,test_acc,train_acc,test_size,train_size,train_block,test_block,test_acc_vote
14,Hand,Rest,64.77675747871399,0.9047619047619048,1.0,"(84, 64, 1000)","(112, 64, 1000)",1234,67,0.8571428571428572
14,Feet,Rest,65.56138873100281,0.8214285714285714,1.0,"(84, 64, 1000)","(112, 64, 1000)",1234,67,0.7857142857142857
14,Tongue,Rest,64.08582973480225,0.6071428571428571,1.0,"(84, 64, 1000)","(112, 64, 1000)",1234,67,0.5952380952380952
14,Mis,Rest,64.39633202552795,0.7142857142857143,1.0,"(84, 64, 1000)","(112, 64, 1000)",1234,67,0.7023809523809523
