participant,class1,class2,running_time,test_acc,train_acc,test_size,train_size,train_block,test_block,test_acc_vote
17,Hand,Rest,64.74385452270508,0.8571428571428571,0.9910714285714286,"(84, 64, 1000)","(112, 64, 1000)",1234,67,0.8571428571428572
17,Feet,Rest,64.89006876945496,0.6904761904761905,1.0,"(84, 64, 1000)","(112, 64, 1000)",1234,67,0.7023809523809523
17,Tongue,Rest,62.905561685562134,0.7142857142857143,1.0,"(84, 64, 1000)","(112, 64, 1000)",1234,67,0.6309523809523809
17,Mis,Rest,65.11660194396973,0.8333333333333334,1.0,"(84, 64, 1000)","(112, 64, 1000)",1234,67,0.8095238095238095
