participant,class1,class2,running_time,test_acc,train_acc,test_size,train_size,train_block,test_block,test_acc_vote
19,Hand,Rest,63.55278658866882,0.8809523809523809,1.0,"(84, 64, 1000)","(112, 64, 1000)",1234,67,0.8809523809523809
19,Feet,Rest,62.18528723716736,0.75,1.0,"(84, 64, 1000)","(112, 64, 1000)",1234,67,0.7142857142857143
19,Tongue,Rest,65.21651721000671,0.8452380952380952,1.0,"(84, 64, 1000)","(112, 64, 1000)",1234,67,0.8214285714285714
19,Mis,Rest,64.1461250782013,0.8214285714285714,1.0,"(84, 64, 1000)","(112, 64, 1000)",1234,67,0.8095238095238095
