participant,class1,class2,running_time,test_acc,train_acc,test_size,train_size,train_block,test_block,test_acc_vote
7,Hand,Rest,76.57903909683228,0.8095238095238095,1.0,"(84, 64, 1000)","(112, 64, 1000)",1234,67,0.7976190476190477
7,Feet,Rest,74.30814003944397,0.7857142857142857,1.0,"(84, 64, 1000)","(112, 64, 1000)",1234,67,0.7857142857142857
7,Tongue,Rest,76.606862783432,0.6547619047619048,1.0,"(84, 64, 1000)","(112, 64, 1000)",1234,67,0.7023809523809523
7,Mis,Rest,73.54113101959229,0.75,1.0,"(84, 64, 1000)","(112, 64, 1000)",1234,67,0.7142857142857143
