participant,class1,class2,running_time,test_acc,train_acc,test_size,train_size,train_block,test_block,test_acc_vote
9,Hand,Rest,76.1379292011261,0.8333333333333334,1.0,"(84, 64, 1000)","(112, 64, 1000)",1234,67,0.7738095238095238
9,Feet,Rest,75.0007586479187,0.9047619047619048,1.0,"(84, 64, 1000)","(112, 64, 1000)",1234,67,0.8928571428571429
9,Tongue,Rest,77.23696422576904,0.7380952380952381,1.0,"(84, 64, 1000)","(112, 64, 1000)",1234,67,0.7142857142857143
9,Mis,Rest,74.35003232955933,0.7142857142857143,1.0,"(84, 64, 1000)","(112, 64, 1000)",1234,67,0.6785714285714286
