participant,class1,class2,running_time,test_acc,train_acc,test_size,train_size,train_block,test_block,test_acc_vote
18,Hand,Rest,57.03765940666199,0.6517857142857143,1.0,"(112, 64, 500)","(224, 64, 500)",1234,67,0.6517857142857143
18,Feet,Rest,57.088382720947266,0.7678571428571429,1.0,"(112, 64, 500)","(224, 64, 500)",1234,67,0.8214285714285714
18,Tongue,Rest,56.76366686820984,0.7767857142857143,1.0,"(112, 64, 500)","(224, 64, 500)",1234,67,0.7678571428571428
18,Mis,Rest,57.0732057094574,0.7142857142857143,1.0,"(112, 64, 500)","(224, 64, 500)",1234,67,0.7410714285714286
