participant,class1,class2,running_time,test_acc,train_acc,test_size,train_size,train_block,test_block,test_acc_vote
7,Hand,Rest,55.71779179573059,0.7767857142857143,1.0,"(112, 64, 500)","(224, 64, 500)",1234,67,0.8303571428571428
7,Feet,Rest,55.89187049865723,0.8125,1.0,"(112, 64, 500)","(224, 64, 500)",1234,67,0.8303571428571428
7,Tongue,Rest,56.68782377243042,0.6607142857142857,1.0,"(112, 64, 500)","(224, 64, 500)",1234,67,0.6785714285714286
7,Mis,Rest,56.796870946884155,0.75,1.0,"(112, 64, 500)","(224, 64, 500)",1234,67,0.7678571428571428
