participant,class1,class2,running_time,test_acc,train_acc,test_size,train_size,train_block,test_block,test_acc_vote
14,Hand,Rest,36.29082489013672,0.8714285714285714,1.0,"(140, 64, 1000)","(56, 64, 1000)",12,34567,0.8357142857142857
14,Feet,Rest,36.39275622367859,0.7071428571428572,1.0,"(140, 64, 1000)","(56, 64, 1000)",12,34567,0.7071428571428571
14,Tongue,Rest,37.36069464683533,0.6214285714285714,1.0,"(140, 64, 1000)","(56, 64, 1000)",12,34567,0.5785714285714285
14,Mis,Rest,37.15696907043457,0.5214285714285715,1.0,"(140, 64, 1000)","(56, 64, 1000)",12,34567,0.4928571428571429
