participant,class1,class2,running_time,test_acc,train_acc,test_size,train_size,train_block,test_block,test_acc_vote
5,Hand,Rest,35.946476221084595,0.5,1.0,"(140, 64, 1000)","(56, 64, 1000)",12,34567,0.5142857142857142
5,Feet,Rest,35.60658311843872,0.6714285714285714,1.0,"(140, 64, 1000)","(56, 64, 1000)",12,34567,0.6214285714285714
5,Tongue,Rest,36.399765729904175,0.6428571428571429,1.0,"(140, 64, 1000)","(56, 64, 1000)",12,34567,0.5928571428571429
5,Mis,Rest,36.460755825042725,0.4928571428571429,1.0,"(140, 64, 1000)","(56, 64, 1000)",12,34567,0.5071428571428571
