participant,class1,class2,running_time,test_acc,train_acc,test_size,train_size,train_block,test_block,test_acc_vote
5,Hand,Rest,123.35885429382324,0.7568807339449541,0.9472477064220184,"(218, 64, 1000)","(436, 64, 1000)",1234,67,0.7660550458715596
5,Feet,Rest,121.48023986816406,0.6743119266055045,0.9495412844036696,"(218, 64, 1000)","(436, 64, 1000)",1234,67,0.6788990825688073
5,Tongue,Rest,122.95766758918762,0.8256880733944955,0.9541284403669724,"(218, 64, 1000)","(436, 64, 1000)",1234,67,0.8486238532110092
5,Mis,Rest,122.67380928993225,0.8256880733944955,0.9770642201834863,"(218, 64, 1000)","(436, 64, 1000)",1234,67,0.8532110091743119
