participant,class1,class2,running_time,test_acc,train_acc,test_size,train_size,train_block,test_block,test_acc_vote
10,Hand,Rest,45.27156472206116,0.6696428571428571,1.0,"(112, 64, 500)","(168, 64, 500)",123,67,0.6875
10,Feet,Rest,45.99153113365173,0.5625,1.0,"(112, 64, 500)","(168, 64, 500)",123,67,0.5803571428571428
10,Tongue,Rest,45.42297053337097,0.6160714285714286,1.0,"(112, 64, 500)","(168, 64, 500)",123,67,0.6339285714285714
10,Mis,Rest,45.001157999038696,0.625,1.0,"(112, 64, 500)","(168, 64, 500)",123,67,0.6071428571428572
