participant,class1,class2,running_time,test_acc,train_acc,test_size,train_size,train_block,test_block,test_acc_vote
16,Hand,Rest,44.95393896102905,0.5892857142857143,1.0,"(112, 64, 500)","(168, 64, 500)",123,67,0.5714285714285714
16,Feet,Rest,45.29415988922119,0.5803571428571429,1.0,"(112, 64, 500)","(168, 64, 500)",123,67,0.5357142857142857
16,Tongue,Rest,45.29063963890076,0.7321428571428571,1.0,"(112, 64, 500)","(168, 64, 500)",123,67,0.7678571428571428
16,Mis,Rest,45.08751916885376,0.7142857142857143,1.0,"(112, 64, 500)","(168, 64, 500)",123,67,0.7767857142857143
