participant,class1,class2,running_time,test_acc,train_acc,test_size,train_size,train_block,test_block,test_acc_vote
17,Hand,Rest,46.02218842506409,0.7232142857142857,1.0,"(112, 64, 500)","(168, 64, 500)",123,67,0.7589285714285714
17,Feet,Rest,45.900922536849976,0.6875,1.0,"(112, 64, 500)","(168, 64, 500)",123,67,0.7053571428571428
17,Tongue,Rest,45.51231551170349,0.7232142857142857,1.0,"(112, 64, 500)","(168, 64, 500)",123,67,0.75
17,Mis,Rest,45.19122123718262,0.7321428571428571,1.0,"(112, 64, 500)","(168, 64, 500)",123,67,0.7321428571428572
