participant,class1,class2,running_time,test_acc,train_acc,test_size,train_size,train_block,test_block,test_acc_vote
5,Hand,Rest,45.508020877838135,0.5535714285714286,1.0,"(112, 64, 500)","(168, 64, 500)",123,67,0.5446428571428572
5,Feet,Rest,46.41645908355713,0.6517857142857143,1.0,"(112, 64, 500)","(168, 64, 500)",123,67,0.625
5,Tongue,Rest,46.24225425720215,0.6607142857142857,1.0,"(112, 64, 500)","(168, 64, 500)",123,67,0.625
5,Mis,Rest,46.13965153694153,0.6339285714285714,1.0,"(112, 64, 500)","(168, 64, 500)",123,67,0.625
