participant,class1,class2,running_time,test_acc,train_acc,test_size,train_size,train_block,test_block,test_acc_vote
6,Hand,Rest,45.77886724472046,0.6607142857142857,1.0,"(112, 64, 500)","(168, 64, 500)",123,67,0.6339285714285714
6,Feet,Rest,45.41080474853515,0.6964285714285714,1.0,"(112, 64, 500)","(168, 64, 500)",123,67,0.7410714285714286
6,Tongue,Rest,45.99973678588867,0.6428571428571429,1.0,"(112, 64, 500)","(168, 64, 500)",123,67,0.6875
6,Mis,Rest,45.81169629096985,0.6339285714285714,1.0,"(112, 64, 500)","(168, 64, 500)",123,67,0.6607142857142857
