participant,class1,class2,running_time,test_acc,train_acc,test_size,train_size,train_block,test_block,test_acc_vote
7,Hand,Rest,46.735063791275024,0.6964285714285714,1.0,"(112, 64, 500)","(168, 64, 500)",123,67,0.6875
7,Feet,Rest,46.492122173309326,0.7232142857142857,1.0,"(112, 64, 500)","(168, 64, 500)",123,67,0.7767857142857143
7,Tongue,Rest,45.69457960128784,0.5714285714285714,1.0,"(112, 64, 500)","(168, 64, 500)",123,67,0.5535714285714286
7,Mis,Rest,45.32773423194885,0.625,1.0,"(112, 64, 500)","(168, 64, 500)",123,67,0.625
