participant,class1,class2,running_time,test_acc,train_acc,test_size,train_size,train_block,test_block,test_acc_vote
10,Hand,Rest,76.68459701538086,0.6383928571428571,1.0,"(224, 64, 250)","(448, 64, 250)",1234,67,0.6294642857142857
10,Feet,Rest,76.56897592544556,0.6517857142857143,1.0,"(224, 64, 250)","(448, 64, 250)",1234,67,0.6651785714285714
10,Tongue,Rest,76.54229211807251,0.625,1.0,"(224, 64, 250)","(448, 64, 250)",1234,67,0.6294642857142857
10,Mis,Rest,76.69919276237488,0.7232142857142857,1.0,"(224, 64, 250)","(448, 64, 250)",1234,67,0.7142857142857143
