participant,class1,class2,running_time,test_acc,train_acc,test_size,train_size,train_block,test_block,test_acc_vote
5,Hand,Rest,77.12727952003479,0.6160714285714286,1.0,"(224, 64, 250)","(448, 64, 250)",1234,67,0.6071428571428572
5,Feet,Rest,76.68649101257324,0.6294642857142857,1.0,"(224, 64, 250)","(448, 64, 250)",1234,67,0.6696428571428572
5,Tongue,Rest,76.6381025314331,0.6205357142857143,1.0,"(224, 64, 250)","(448, 64, 250)",1234,67,0.6473214285714286
5,Mis,Rest,76.10838842391968,0.6875,1.0,"(224, 64, 250)","(448, 64, 250)",1234,67,0.7276785714285714
