participant,class1,class2,running_time,test_acc,train_acc,test_size,train_size,train_block,test_block,test_acc_vote
11,Hand,Rest,56.86967182159424,0.9285714285714286,1.0,"(84, 64, 1000)","(112, 64, 1000)",1234,567,0.9047619047619048
11,Feet,Rest,60.13416910171509,0.9285714285714286,1.0,"(84, 64, 1000)","(112, 64, 1000)",1234,567,0.9285714285714286
11,Tongue,Rest,60.77490854263306,0.75,1.0,"(84, 64, 1000)","(112, 64, 1000)",1234,567,0.7380952380952381
11,Mis,Rest,60.84787178039551,0.8333333333333334,1.0,"(84, 64, 1000)","(112, 64, 1000)",1234,567,0.7857142857142857
