participant,class1,class2,running_time,test_acc,train_acc,test_size,train_size,train_block,test_block,test_acc_vote
5,Hand,Rest,53.20551609992981,0.5714285714285714,0.8928571428571429,"(112, 64, 1000)","(84, 64, 1000)",123,4567,0.5714285714285714
5,Feet,Rest,53.53390264511109,0.6964285714285714,0.9523809523809524,"(112, 64, 1000)","(84, 64, 1000)",123,4567,0.6785714285714286
5,Tongue,Rest,54.97232389450073,0.7946428571428571,0.9523809523809524,"(112, 64, 1000)","(84, 64, 1000)",123,4567,0.7857142857142857
5,Mis,Rest,55.92582130432129,0.5625,0.9523809523809523,"(112, 64, 1000)","(84, 64, 1000)",123,4567,0.5357142857142857
