participant,class1,class2,running_time,test_acc,train_acc,test_size,train_size,train_block,test_block,test_acc_vote
11,Hand,Rest,62.239683628082275,0.7857142857142857,1.0,"(224, 64, 250)","(336, 64, 250)",123,67,0.8303571428571428
11,Feet,Rest,62.41811561584473,0.8616071428571429,1.0,"(224, 64, 250)","(336, 64, 250)",123,67,0.90625
11,Tongue,Rest,61.76437592506409,0.6160714285714286,1.0,"(224, 64, 250)","(336, 64, 250)",123,67,0.6160714285714286
11,Mis,Rest,62.64707541465759,0.6339285714285714,1.0,"(224, 64, 250)","(336, 64, 250)",123,67,0.6741071428571428
