participant,class1,class2,running_time,test_acc,train_acc,test_size,train_size,train_block,test_block,test_acc_vote
3,Hand,Rest,61.82820534706116,0.7053571428571429,1.0,"(224, 64, 250)","(336, 64, 250)",123,67,0.7455357142857143
3,Feet,Rest,61.78950023651123,0.5,1.0,"(224, 64, 250)","(336, 64, 250)",123,67,0.4910714285714286
3,Tongue,Rest,62.814375162124634,0.6383928571428571,1.0,"(224, 64, 250)","(336, 64, 250)",123,67,0.6741071428571428
3,Mis,Rest,62.68914842605591,0.71875,1.0,"(224, 64, 250)","(336, 64, 250)",123,67,0.7946428571428572
