participant,class1,class2,running_time,test_acc,train_acc,test_size,train_size,train_block,test_block,test_acc_vote
6,Hand,Rest,61.909504652023315,0.6964285714285714,1.0,"(224, 64, 250)","(336, 64, 250)",123,67,0.7366071428571428
6,Feet,Rest,62.12329840660095,0.5625,1.0,"(224, 64, 250)","(336, 64, 250)",123,67,0.5580357142857143
6,Tongue,Rest,61.5362708568573,0.5714285714285714,1.0,"(224, 64, 250)","(336, 64, 250)",123,67,0.6294642857142857
6,Mis,Rest,62.59854316711426,0.6428571428571429,1.0,"(224, 64, 250)","(336, 64, 250)",123,67,0.65625
