participant,class1,class2,running_time,test_acc,train_acc,test_size,train_size,train_block,test_block,test_acc_vote
9,Hand,Rest,63.36274003982544,0.8125,1.0,"(224, 64, 250)","(336, 64, 250)",123,67,0.84375
9,Feet,Rest,62.120689868927,0.8526785714285714,1.0,"(224, 64, 250)","(336, 64, 250)",123,67,0.9285714285714286
9,Tongue,Rest,62.10182499885559,0.6830357142857143,1.0,"(224, 64, 250)","(336, 64, 250)",123,67,0.7098214285714286
9,Mis,Rest,61.947800159454346,0.6875,1.0,"(224, 64, 250)","(336, 64, 250)",123,67,0.7276785714285714
