participant,class1,class2,running_time,test_acc,train_acc,test_size,train_size,train_block,test_block,test_acc_vote
14,Hand,Rest,49.685604095458984,0.875,1.0,"(56, 64, 1000)","(112, 64, 1000)",1234,67,0.8392857142857143
14,Feet,Rest,50.61885499954224,0.8214285714285714,1.0,"(56, 64, 1000)","(112, 64, 1000)",1234,67,0.8035714285714286
14,Tongue,Rest,50.414445638656616,0.6964285714285714,1.0,"(56, 64, 1000)","(112, 64, 1000)",1234,67,0.6428571428571428
14,Mis,Rest,49.64838147163391,0.7142857142857143,1.0,"(56, 64, 1000)","(112, 64, 1000)",1234,67,0.7321428571428572
