participant,class1,class2,running_time,test_acc,train_acc,test_size,train_size,train_block,test_block,test_acc_vote
16,Hand,Rest,50.70869731903076,0.6785714285714286,1.0,"(56, 64, 1000)","(112, 64, 1000)",1234,67,0.625
16,Feet,Rest,50.554959297180176,0.6607142857142857,1.0,"(56, 64, 1000)","(112, 64, 1000)",1234,67,0.75
16,Tongue,Rest,50.04138612747192,0.8214285714285714,1.0,"(56, 64, 1000)","(112, 64, 1000)",1234,67,0.8035714285714286
16,Mis,Rest,49.82213282585144,0.8928571428571429,1.0,"(56, 64, 1000)","(112, 64, 1000)",1234,67,0.8928571428571429
