participant,class1,class2,running_time,test_acc,train_acc,test_size,train_size,train_block,test_block,test_acc_vote
4,Hand,Rest,49.36267518997192,0.875,1.0,"(56, 64, 1000)","(112, 64, 1000)",1234,67,0.875
4,Feet,Rest,50.866284132003784,0.8392857142857143,1.0,"(56, 64, 1000)","(112, 64, 1000)",1234,67,0.8035714285714286
4,Tongue,Rest,49.75455641746521,0.6964285714285714,1.0,"(56, 64, 1000)","(112, 64, 1000)",1234,67,0.6785714285714286
4,Mis,Rest,51.175817251205444,0.7142857142857143,1.0,"(56, 64, 1000)","(112, 64, 1000)",1234,67,0.6428571428571428
