participant,class1,class2,running_time,test_acc,train_acc,test_size,train_size,train_block,test_block,test_acc_vote
9,Hand,Rest,49.87715935707092,0.8571428571428571,1.0,"(56, 64, 1000)","(112, 64, 1000)",1234,67,0.7857142857142857
9,Feet,Rest,49.72152066230774,0.9642857142857144,1.0,"(56, 64, 1000)","(112, 64, 1000)",1234,67,0.9642857142857144
9,Tongue,Rest,49.96014165878296,0.7857142857142857,1.0,"(56, 64, 1000)","(112, 64, 1000)",1234,67,0.7857142857142857
9,Mis,Rest,49.867210149765015,0.7321428571428571,1.0,"(56, 64, 1000)","(112, 64, 1000)",1234,67,0.7142857142857143
