participant,class1,class2,running_time,test_acc,train_acc,test_size,train_size,train_block,test_block,test_acc_vote
10,Hand,Rest,84.20115756988525,0.6261261261261262,0.9932432432432432,"(222, 64, 500)","(444, 64, 500)",1234,67,0.6396396396396397
10,Feet,Rest,84.03063225746155,0.5675675675675675,0.9977477477477478,"(222, 64, 500)","(444, 64, 500)",1234,67,0.5630630630630631
10,Tongue,Rest,84.35669898986816,0.6036036036036037,0.9797297297297296,"(222, 64, 500)","(444, 64, 500)",1234,67,0.6126126126126126
10,Mis,Rest,84.48380923271179,0.8288288288288288,0.9819819819819819,"(222, 64, 500)","(444, 64, 500)",1234,67,0.8693693693693694
