participant,class1,class2,running_time,test_acc,train_acc,test_size,train_size,train_block,test_block,test_acc_vote
15,Hand,Rest,79.42496585845947,0.7702702702702703,0.9901960784313726,"(222, 64, 500)","(408, 64, 500)",1234,67,0.7927927927927928
15,Feet,Rest,83.17400407791138,0.7027027027027027,0.990990990990991,"(222, 64, 500)","(444, 64, 500)",1234,67,0.6936936936936937
15,Tongue,Rest,82.51953268051147,0.6081081081081081,0.9842342342342344,"(222, 64, 500)","(444, 64, 500)",1234,67,0.5990990990990991
15,Mis,Rest,82.88193082809448,0.6621621621621622,0.9864864864864865,"(222, 64, 500)","(444, 64, 500)",1234,67,0.6981981981981982
