participant,class1,class2,running_time,test_acc,train_acc,test_size,train_size,train_block,test_block,test_acc_vote
5,Hand,Rest,84.06609201431274,0.6396396396396397,0.9954954954954957,"(222, 64, 500)","(444, 64, 500)",1234,67,0.6306306306306306
5,Feet,Rest,83.26775074005127,0.6396396396396397,0.9842342342342344,"(222, 64, 500)","(444, 64, 500)",1234,67,0.6891891891891893
5,Tongue,Rest,84.84336590766907,0.6396396396396397,0.9887387387387389,"(222, 64, 500)","(444, 64, 500)",1234,67,0.6396396396396397
5,Mis,Rest,83.16618227958679,0.7162162162162162,0.9977477477477478,"(222, 64, 500)","(444, 64, 500)",1234,67,0.7477477477477478
