participant,class1,class2,running_time,test_acc,train_acc,test_size,train_size,train_block,test_block,test_acc_vote
11,Hand,Rest,51.61763072013855,0.6464285714285715,1.0,"(560, 64, 250)","(224, 64, 250)",12,34567,0.6946428571428571
11,Feet,Rest,51.64253568649292,0.8232142857142857,1.0,"(560, 64, 250)","(224, 64, 250)",12,34567,0.875
11,Tongue,Rest,52.65876626968384,0.6142857142857143,1.0,"(560, 64, 250)","(224, 64, 250)",12,34567,0.6196428571428572
11,Mis,Rest,52.78074526786804,0.5660714285714286,1.0,"(560, 64, 250)","(224, 64, 250)",12,34567,0.5928571428571429
