participant,class1,class2,running_time,test_acc,train_acc,test_size,train_size,train_block,test_block,test_acc_vote
13,Hand,Rest,51.81350588798523,0.6785714285714286,1.0,"(560, 64, 250)","(224, 64, 250)",12,34567,0.725
13,Feet,Rest,64.46460676193237,0.6446428571428572,1.0,"(560, 64, 250)","(224, 64, 250)",12,34567,0.6553571428571429
13,Tongue,Rest,52.68366050720215,0.7125,1.0,"(560, 64, 250)","(224, 64, 250)",12,34567,0.7321428571428572
13,Mis,Rest,53.03798222541809,0.5857142857142857,1.0,"(560, 64, 250)","(224, 64, 250)",12,34567,0.6053571428571429
