participant,class1,class2,running_time,test_acc,train_acc,test_size,train_size,train_block,test_block,test_acc_vote
14,Hand,Rest,51.60558891296387,0.7464285714285714,1.0,"(560, 64, 250)","(224, 64, 250)",12,34567,0.7464285714285714
14,Feet,Rest,51.74073934555054,0.6089285714285714,1.0,"(560, 64, 250)","(224, 64, 250)",12,34567,0.6017857142857144
14,Tongue,Rest,52.853984355926514,0.5517857142857143,1.0,"(560, 64, 250)","(224, 64, 250)",12,34567,0.5428571428571429
14,Mis,Rest,52.505866289138794,0.5214285714285715,1.0,"(560, 64, 250)","(224, 64, 250)",12,34567,0.5196428571428571
