participant,class1,class2,running_time,test_acc,train_acc,test_size,train_size,train_block,test_block,test_acc_vote
4,Hand,Rest,51.65823411941528,0.7785714285714286,1.0,"(560, 64, 250)","(224, 64, 250)",12,34567,0.7928571428571428
4,Feet,Rest,51.71291399002075,0.7178571428571429,1.0,"(560, 64, 250)","(224, 64, 250)",12,34567,0.7535714285714286
4,Tongue,Rest,65.13479804992676,0.6910714285714286,1.0,"(560, 64, 250)","(224, 64, 250)",12,34567,0.7357142857142858
4,Mis,Rest,59.05852508544922,0.6678571428571428,1.0,"(560, 64, 250)","(224, 64, 250)",12,34567,0.6982142857142857
