participant,class1,class2,running_time,test_acc,train_acc,test_size,train_size,train_block,test_block,test_acc_vote
6,Hand,Rest,51.28439021110535,0.6053571428571428,1.0,"(560, 64, 250)","(224, 64, 250)",12,34567,0.6285714285714286
6,Feet,Rest,51.603729486465454,0.5767857142857142,1.0,"(560, 64, 250)","(224, 64, 250)",12,34567,0.6089285714285715
6,Tongue,Rest,52.673548221588135,0.5535714285714286,1.0,"(560, 64, 250)","(224, 64, 250)",12,34567,0.55
6,Mis,Rest,53.2801353931427,0.5678571428571428,1.0,"(560, 64, 250)","(224, 64, 250)",12,34567,0.5696428571428571
