participant,class1,class2,running_time,test_acc,train_acc,test_size,train_size,train_block,test_block,test_acc_vote
9,Hand,Rest,51.70364046096802,0.7642857142857142,1.0,"(560, 64, 250)","(224, 64, 250)",12,34567,0.8107142857142857
9,Feet,Rest,50.979148626327515,0.725,1.0,"(560, 64, 250)","(224, 64, 250)",12,34567,0.75
9,Tongue,Rest,52.571964502334595,0.5339285714285714,1.0,"(560, 64, 250)","(224, 64, 250)",12,34567,0.5303571428571429
9,Mis,Rest,59.2435142993927,0.5178571428571429,1.0,"(560, 64, 250)","(224, 64, 250)",12,34567,0.5071428571428571
