participant,class1,class2,running_time,test_acc,train_acc,test_size,train_size,train_block,test_block,test_acc_vote
10,Hand,Rest,104.73730826377869,0.5198776758409785,1.0,"(654, 64, 1000)","(109, 64, 1000)",1,234567,0.5076452599388379
10,Feet,Rest,105.07860136032104,0.518348623853211,1.0,"(654, 64, 1000)","(109, 64, 1000)",1,234567,0.5091743119266054
10,Tongue,Rest,105.95008158683775,0.5978593272171254,1.0,"(654, 64, 1000)","(109, 64, 1000)",1,234567,0.6055045871559632
10,Mis,Rest,105.69264936447144,0.5932721712538226,1.0,"(654, 64, 1000)","(109, 64, 1000)",1,234567,0.5856269113149848
