participant,class1,class2,running_time,test_acc,train_acc,test_size,train_size,train_block,test_block,test_acc_vote
14,Hand,Rest,103.87210321426392,0.6972477064220184,1.0,"(654, 64, 1000)","(109, 64, 1000)",1,234567,0.6941896024464832
14,Feet,Rest,105.92027950286864,0.5672782874617737,1.0,"(654, 64, 1000)","(109, 64, 1000)",1,234567,0.5703363914373089
14,Tongue,Rest,107.13927912712096,0.5581039755351682,1.0,"(654, 64, 1000)","(109, 64, 1000)",1,234567,0.5535168195718654
14,Mis,Rest,106.70083260536194,0.5657492354740061,1.0,"(654, 64, 1000)","(109, 64, 1000)",1,234567,0.5703363914373089
