participant,class1,class2,running_time,test_acc,train_acc,test_size,train_size,train_block,test_block,test_acc_vote
3,Hand,Rest,34.43285083770752,0.6071428571428571,1.0,"(140, 64, 1000)","(56, 64, 1000)",12,34567,0.55
3,Feet,Rest,34.16543459892273,0.6428571428571429,1.0,"(140, 64, 1000)","(56, 64, 1000)",12,34567,0.6357142857142857
3,Tongue,Rest,35.29458403587341,0.6785714285714286,1.0,"(140, 64, 1000)","(56, 64, 1000)",12,34567,0.6714285714285715
3,Mis,Rest,35.59374022483826,0.6571428571428571,1.0,"(140, 64, 1000)","(56, 64, 1000)",12,34567,0.7
