participant,class1,class2,running_time,test_acc,train_acc,test_size,train_size,train_block,test_block,test_acc_vote
9,Hand,Rest,34.15363430976868,0.8928571428571429,1.0,"(140, 64, 1000)","(56, 64, 1000)",12,34567,0.8571428571428572
9,Feet,Rest,34.53632187843323,0.7857142857142857,1.0,"(140, 64, 1000)","(56, 64, 1000)",12,34567,0.7214285714285714
9,Tongue,Rest,35.213836908340454,0.5214285714285715,1.0,"(140, 64, 1000)","(56, 64, 1000)",12,34567,0.5
9,Mis,Rest,35.2474844455719,0.5928571428571429,1.0,"(140, 64, 1000)","(56, 64, 1000)",12,34567,0.5714285714285714
