participant,class1,class2,running_time,test_acc,train_acc,test_size,train_size,train_block,test_block,test_acc_vote
13,Hand,Rest,55.160476207733154,0.7142857142857143,1.0,"(112, 64, 1000)","(84, 64, 1000)",123,4567,0.6785714285714286
13,Feet,Rest,56.02570104598999,0.8482142857142857,1.0,"(112, 64, 1000)","(84, 64, 1000)",123,4567,0.8303571428571428
13,Tongue,Rest,55.98737096786499,0.7946428571428571,1.0,"(112, 64, 1000)","(84, 64, 1000)",123,4567,0.7678571428571428
13,Mis,Rest,57.1809937953949,0.7410714285714286,1.0,"(112, 64, 1000)","(84, 64, 1000)",123,4567,0.6964285714285714
