participant,class1,class2,running_time,test_acc,train_acc,test_size,train_size,train_block,test_block,test_acc_vote
14,Hand,Rest,63.93826246261597,0.875,1.0,"(112, 64, 1000)","(84, 64, 1000)",123,4567,0.8303571428571428
14,Feet,Rest,55.64420986175537,0.5982142857142857,1.0,"(112, 64, 1000)","(84, 64, 1000)",123,4567,0.5714285714285714
14,Tongue,Rest,56.93102693557739,0.6339285714285714,1.0,"(112, 64, 1000)","(84, 64, 1000)",123,4567,0.625
14,Mis,Rest,56.104774475097656,0.5982142857142857,1.0,"(112, 64, 1000)","(84, 64, 1000)",123,4567,0.5446428571428572
