participant,class1,class2,running_time,test_acc,train_acc,test_size,train_size,train_block,test_block,test_acc_vote
15,Hand,Rest,42.99234962463379,0.7901785714285714,0.9523809523809524,"(224, 64, 250)","(336, 64, 250)",123,67,0.8482142857142857
15,Feet,Rest,45.315370082855225,0.5803571428571429,0.9285714285714286,"(224, 64, 250)","(336, 64, 250)",123,67,0.5848214285714286
15,Tongue,Rest,42.84137344360352,0.6785714285714286,0.9107142857142856,"(224, 64, 250)","(336, 64, 250)",123,67,0.7276785714285714
15,Mis,Rest,42.82843828201294,0.6785714285714286,0.9226190476190477,"(224, 64, 250)","(336, 64, 250)",123,67,0.6785714285714286
