participant,class1,class2,running_time,test_acc,train_acc,test_size,train_size,train_block,test_block,test_acc_vote
16,Hand,Rest,43.40030837059021,0.5803571428571429,0.9166666666666666,"(224, 64, 250)","(336, 64, 250)",123,67,0.59375
16,Feet,Rest,42.609185218811035,0.6651785714285714,0.9434523809523808,"(224, 64, 250)","(336, 64, 250)",123,67,0.7053571428571428
16,Tongue,Rest,43.71822500228882,0.7008928571428571,0.9107142857142856,"(224, 64, 250)","(336, 64, 250)",123,67,0.7767857142857143
16,Mis,Rest,65.70707869529724,0.6830357142857143,0.8869047619047619,"(224, 64, 250)","(336, 64, 250)",123,67,0.7366071428571428
