participant,class1,class2,running_time,test_acc,train_acc,test_size,train_size,train_block,test_block,test_acc_vote
6,Hand,Rest,119.02598810195924,0.6473214285714286,0.925595238095238,"(224, 64, 250)","(336, 64, 250)",123,67,0.6651785714285714
6,Feet,Rest,137.7759666442871,0.5982142857142857,0.8898809523809523,"(224, 64, 250)","(336, 64, 250)",123,67,0.65625
6,Tongue,Rest,137.4571213722229,0.6026785714285714,0.9077380952380952,"(224, 64, 250)","(336, 64, 250)",123,67,0.5892857142857143
6,Mis,Rest,111.860276222229,0.625,0.8779761904761905,"(224, 64, 250)","(336, 64, 250)",123,67,0.6473214285714286
