participant,class1,class2,running_time,test_acc,train_acc,test_size,train_size,train_block,test_block,test_acc_vote
7,Hand,Rest,126.7624135017395,0.6741071428571429,0.9285714285714286,"(224, 64, 250)","(336, 64, 250)",123,67,0.7321428571428572
7,Feet,Rest,117.89011192321776,0.6919642857142857,0.9196428571428572,"(224, 64, 250)","(336, 64, 250)",123,67,0.7589285714285714
7,Tongue,Rest,105.27908658981325,0.5446428571428571,0.9315476190476192,"(224, 64, 250)","(336, 64, 250)",123,67,0.59375
7,Mis,Rest,98.7234239578247,0.5892857142857143,0.8898809523809523,"(224, 64, 250)","(336, 64, 250)",123,67,0.6160714285714286
