participant,class1,class2,running_time,test_acc,train_acc,test_size,train_size,train_block,test_block,test_acc_vote
4,Hand,Rest,56.5757794380188,0.8690476190476191,1.0,"(84, 64, 1000)","(112, 64, 1000)",1234,567,0.8690476190476191
4,Feet,Rest,58.53346872329712,0.7619047619047619,0.9910714285714286,"(84, 64, 1000)","(112, 64, 1000)",1234,567,0.6666666666666667
4,Tongue,Rest,58.64584565162659,0.8095238095238095,1.0,"(84, 64, 1000)","(112, 64, 1000)",1234,567,0.7619047619047619
4,Mis,Rest,59.219658613204956,0.75,0.9910714285714286,"(84, 64, 1000)","(112, 64, 1000)",1234,567,0.7142857142857143
