participant,class1,class2,running_time,test_acc,train_acc,test_size,train_size,train_block,test_block,test_acc_vote
7,Hand,Rest,57.73931360244751,0.8452380952380952,1.0,"(84, 64, 1000)","(112, 64, 1000)",1234,567,0.8452380952380952
7,Feet,Rest,56.35931086540222,0.8095238095238095,1.0,"(84, 64, 1000)","(112, 64, 1000)",1234,567,0.7857142857142857
7,Tongue,Rest,58.23536109924317,0.6785714285714286,1.0,"(84, 64, 1000)","(112, 64, 1000)",1234,567,0.6785714285714286
7,Mis,Rest,58.91315293312073,0.7023809523809523,0.9910714285714286,"(84, 64, 1000)","(112, 64, 1000)",1234,567,0.7023809523809523
