participant,class1,class2,running_time,test_acc,train_acc,test_size,train_size,train_block,test_block,test_acc_vote
14,Hand,Rest,53.89475297927856,0.7214285714285714,1.0,"(140, 64, 1000)","(56, 64, 1000)",12,34567,0.6785714285714286
14,Feet,Rest,53.687819957733154,0.5714285714285714,1.0,"(140, 64, 1000)","(56, 64, 1000)",12,34567,0.5571428571428572
14,Tongue,Rest,55.49949765205383,0.6,1.0,"(140, 64, 1000)","(56, 64, 1000)",12,34567,0.5428571428571429
14,Mis,Rest,55.508999824523926,0.6142857142857143,1.0,"(140, 64, 1000)","(56, 64, 1000)",12,34567,0.6357142857142857
