participant,class1,class2,running_time,test_acc,train_acc,test_size,train_size,train_block,test_block,test_acc_vote
14,Hand,Rest,63.34627366065979,0.9285714285714286,0.9928571428571428,"(56, 64, 1000)","(140, 64, 1000)",12345,67,0.9107142857142856
14,Feet,Rest,61.81664299964905,0.8392857142857143,1.0,"(56, 64, 1000)","(140, 64, 1000)",12345,67,0.8035714285714286
14,Tongue,Rest,62.202558517456055,0.6964285714285714,1.0,"(56, 64, 1000)","(140, 64, 1000)",12345,67,0.6785714285714286
14,Mis,Rest,62.13995885848999,0.5535714285714286,1.0,"(56, 64, 1000)","(140, 64, 1000)",12345,67,0.5535714285714286
