participant,class1,class2,running_time,test_acc,train_acc,test_size,train_size,train_block,test_block,test_acc_vote
9,Hand,Rest,60.77369928359985,0.75,0.9928571428571428,"(56, 64, 1000)","(140, 64, 1000)",12345,67,0.6607142857142857
9,Feet,Rest,62.66572046279907,0.9107142857142856,1.0,"(56, 64, 1000)","(140, 64, 1000)",12345,67,0.875
9,Tongue,Rest,63.32732653617859,0.625,1.0,"(56, 64, 1000)","(140, 64, 1000)",12345,67,0.6071428571428572
9,Mis,Rest,64.36480569839478,0.5535714285714286,1.0,"(56, 64, 1000)","(140, 64, 1000)",12345,67,0.5535714285714286
