participant,class1,class2,running_time,test_acc,train_acc,test_size,train_size,train_block,test_block,test_acc_vote
17,Hand,Rest,90.92264938354492,0.75,1.0,"(224, 64, 250)","(560, 64, 250)",12345,67,0.7678571428571428
17,Feet,Rest,91.71131873130798,0.7008928571428571,1.0,"(224, 64, 250)","(560, 64, 250)",12345,67,0.7008928571428572
17,Tongue,Rest,92.64661169052124,0.7410714285714286,1.0,"(224, 64, 250)","(560, 64, 250)",12345,67,0.7723214285714286
17,Mis,Rest,90.33925580978394,0.75,1.0,"(224, 64, 250)","(560, 64, 250)",12345,67,0.7455357142857143
