participant,class1,class2,running_time,test_acc,train_acc,test_size,train_size,train_block,test_block,test_acc_vote
4,Hand,Rest,91.4861981868744,0.8303571428571429,1.0,"(224, 64, 250)","(560, 64, 250)",12345,67,0.8571428571428572
4,Feet,Rest,91.40267324447632,0.7455357142857143,1.0,"(224, 64, 250)","(560, 64, 250)",12345,67,0.7633928571428572
4,Tongue,Rest,90.91182971000671,0.71875,1.0,"(224, 64, 250)","(560, 64, 250)",12345,67,0.7544642857142857
4,Mis,Rest,93.4327621459961,0.6473214285714286,1.0,"(224, 64, 250)","(560, 64, 250)",12345,67,0.6517857142857143
