participant,class1,class2,running_time,test_acc,train_acc,test_size,train_size,train_block,test_block,test_acc_vote
11,Hand,Rest,55.150437355041504,0.8928571428571429,1.0,"(112, 64, 1000)","(84, 64, 1000)",123,4567,0.8928571428571429
11,Feet,Rest,55.370025634765625,0.9553571428571428,1.0,"(112, 64, 1000)","(84, 64, 1000)",123,4567,0.9464285714285714
11,Tongue,Rest,56.912843227386475,0.6428571428571429,1.0,"(112, 64, 1000)","(84, 64, 1000)",123,4567,0.6428571428571428
11,Mis,Rest,57.09245753288269,0.7142857142857143,1.0,"(112, 64, 1000)","(84, 64, 1000)",123,4567,0.6785714285714286
