participant,class1,class2,running_time,test_acc,train_acc,test_size,train_size,train_block,test_block,test_acc_vote
6,Hand,Rest,54.297107458114624,0.5892857142857143,1.0,"(112, 64, 1000)","(84, 64, 1000)",123,4567,0.5803571428571428
6,Feet,Rest,54.00227689743042,0.7767857142857143,1.0,"(112, 64, 1000)","(84, 64, 1000)",123,4567,0.75
6,Tongue,Rest,55.943373680114746,0.75,1.0,"(112, 64, 1000)","(84, 64, 1000)",123,4567,0.7232142857142857
6,Mis,Rest,56.61993217468262,0.6339285714285714,1.0,"(112, 64, 1000)","(84, 64, 1000)",123,4567,0.5625
