participant,class1,class2,running_time,test_acc,train_acc,test_size,train_size,train_block,test_block,test_acc_vote
4,Hand,Rest,58.51186990737915,0.8035714285714286,0.9928571428571428,"(56, 64, 1000)","(140, 64, 1000)",12345,67,0.8035714285714286
4,Feet,Rest,57.99466943740845,0.9285714285714286,1.0,"(56, 64, 1000)","(140, 64, 1000)",12345,67,0.8928571428571429
4,Tongue,Rest,59.99096202850342,0.7857142857142857,1.0,"(56, 64, 1000)","(140, 64, 1000)",12345,67,0.75
4,Mis,Rest,59.52551603317261,0.6428571428571429,1.0,"(56, 64, 1000)","(140, 64, 1000)",12345,67,0.6428571428571428
