participant,class1,class2,running_time,test_acc,train_acc,test_size,train_size,train_block,test_block,test_acc_vote
10,Hand,Rest,55.83067083358765,0.6547619047619048,1.0,"(84, 64, 1000)","(112, 64, 1000)",1234,567,0.6071428571428572
10,Feet,Rest,55.4459331035614,0.6547619047619048,1.0,"(84, 64, 1000)","(112, 64, 1000)",1234,567,0.6190476190476191
10,Tongue,Rest,56.98392391204834,0.6666666666666666,1.0,"(84, 64, 1000)","(112, 64, 1000)",1234,567,0.7142857142857143
10,Mis,Rest,57.42149758338928,0.7857142857142857,1.0,"(84, 64, 1000)","(112, 64, 1000)",1234,567,0.7857142857142857
