participant,class1,class2,running_time,test_acc,train_acc,test_size,train_size,train_block,test_block,test_acc_vote
7,Hand,Rest,56.415607929229736,0.8452380952380952,1.0,"(84, 64, 1000)","(112, 64, 1000)",1234,567,0.8690476190476191
7,Feet,Rest,56.276323556900024,0.8095238095238095,1.0,"(84, 64, 1000)","(112, 64, 1000)",1234,567,0.8095238095238095
7,Tongue,Rest,57.07233381271362,0.6785714285714286,1.0,"(84, 64, 1000)","(112, 64, 1000)",1234,567,0.7261904761904762
7,Mis,Rest,58.1404972076416,0.7142857142857143,1.0,"(84, 64, 1000)","(112, 64, 1000)",1234,567,0.6666666666666667
