participant,class1,class2,running_time,test_acc,train_acc,test_size,train_size,train_block,test_block,test_acc_vote
3,Hand,Rest,53.284595012664795,0.5535714285714286,1.0,"(168, 64, 1000)","(28, 64, 1000)",1,234567,0.5416666666666667
3,Feet,Rest,52.10014319419861,0.6369047619047619,1.0,"(168, 64, 1000)","(28, 64, 1000)",1,234567,0.5833333333333333
3,Tongue,Rest,53.81336331367493,0.5357142857142857,1.0,"(168, 64, 1000)","(28, 64, 1000)",1,234567,0.5059523809523809
3,Mis,Rest,53.73505687713623,0.6309523809523809,1.0,"(168, 64, 1000)","(28, 64, 1000)",1,234567,0.5833333333333333
