participant,class1,class2,running_time,test_acc,train_acc,test_size,train_size,train_block,test_block,test_acc_vote
5,Hand,Rest,45.37946152687073,0.8035714285714286,1.0,"(56, 64, 1000)","(140, 64, 1000)",12345,67,0.7857142857142857
5,Feet,Rest,40.021974325180054,0.8035714285714286,1.0,"(56, 64, 1000)","(140, 64, 1000)",12345,67,0.8392857142857143
5,Tongue,Rest,35.869409799575806,0.8035714285714286,1.0,"(56, 64, 1000)","(140, 64, 1000)",12345,67,0.8035714285714286
5,Mis,Rest,37.0348539352417,0.9107142857142857,1.0,"(56, 64, 1000)","(140, 64, 1000)",12345,67,0.8928571428571429
