participant,class1,class2,running_time,test_acc,train_acc,test_size,train_size,train_block,test_block,test_acc_vote
9,Hand,Rest,35.82420229911804,0.9464285714285714,1.0,"(56, 64, 1000)","(140, 64, 1000)",12345,67,0.9285714285714286
9,Feet,Rest,35.28094029426575,0.9642857142857144,1.0,"(56, 64, 1000)","(140, 64, 1000)",12345,67,0.9642857142857144
9,Tongue,Rest,36.49850106239319,0.875,1.0,"(56, 64, 1000)","(140, 64, 1000)",12345,67,0.8392857142857143
9,Mis,Rest,36.93217587471008,0.7678571428571429,1.0,"(56, 64, 1000)","(140, 64, 1000)",12345,67,0.75
