participant,class1,class2,running_time,test_acc,train_acc,test_size,train_size,train_block,test_block,test_acc_vote
7,Hand,Rest,54.00442838668823,0.6428571428571429,1.0,"(140, 64, 1000)","(56, 64, 1000)",12,34567,0.65
7,Feet,Rest,53.51534104347229,0.6714285714285714,1.0,"(140, 64, 1000)","(56, 64, 1000)",12,34567,0.6285714285714286
7,Tongue,Rest,54.251381635665894,0.6642857142857143,1.0,"(140, 64, 1000)","(56, 64, 1000)",12,34567,0.6357142857142857
7,Mis,Rest,54.993104457855225,0.6714285714285714,1.0,"(140, 64, 1000)","(56, 64, 1000)",12,34567,0.65
