participant,class1,class2,running_time,test_acc,train_acc,test_size,train_size,train_block,test_block,test_acc_vote
9,Hand,Rest,54.927557706832886,0.7857142857142857,1.0,"(140, 64, 1000)","(56, 64, 1000)",12,34567,0.7571428571428571
9,Feet,Rest,53.44132447242737,0.6,1.0,"(140, 64, 1000)","(56, 64, 1000)",12,34567,0.5785714285714285
9,Tongue,Rest,54.570839405059814,0.5428571428571428,1.0,"(140, 64, 1000)","(56, 64, 1000)",12,34567,0.5142857142857142
9,Mis,Rest,53.91855192184448,0.5428571428571428,1.0,"(140, 64, 1000)","(56, 64, 1000)",12,34567,0.5428571428571429
