participant,class1,class2,running_time,test_acc,train_acc,test_size,train_size,train_block,test_block,test_acc_vote
13,Hand,Rest,119.24341702461244,0.6146788990825688,1.0,"(218, 64, 1000)","(436, 64, 1000)",1234,67,0.6009174311926606
13,Feet,Rest,119.12122011184692,0.8119266055045872,1.0,"(218, 64, 1000)","(436, 64, 1000)",1234,67,0.8211009174311926
13,Tongue,Rest,120.61218881607056,0.7155963302752294,1.0,"(218, 64, 1000)","(436, 64, 1000)",1234,67,0.7339449541284404
13,Mis,Rest,118.88452911376953,0.6880733944954128,1.0,"(218, 64, 1000)","(436, 64, 1000)",1234,67,0.6834862385321101
