participant,class1,class2,running_time,test_acc,train_acc,test_size,train_size,train_block,test_block,test_acc_vote
15,Hand,Rest,111.59787487983704,0.8165137614678899,1.0,"(218, 64, 1000)","(400, 64, 1000)",1234,67,0.8119266055045872
15,Feet,Rest,120.22669076919556,0.6788990825688074,1.0,"(218, 64, 1000)","(436, 64, 1000)",1234,67,0.6697247706422018
15,Tongue,Rest,118.78295254707336,0.6146788990825688,1.0,"(218, 64, 1000)","(436, 64, 1000)",1234,67,0.6055045871559632
15,Mis,Rest,118.59156775474548,0.7155963302752294,1.0,"(218, 64, 1000)","(436, 64, 1000)",1234,67,0.7155963302752293
