participant,class1,class2,running_time,test_acc,train_acc,test_size,train_size,train_block,test_block,test_acc_vote
17,Hand,Rest,120.55717730522156,0.8073394495412844,1.0,"(218, 64, 1000)","(436, 64, 1000)",1234,67,0.8211009174311926
17,Feet,Rest,121.512216091156,0.6743119266055045,1.0,"(218, 64, 1000)","(436, 64, 1000)",1234,67,0.6697247706422018
17,Tongue,Rest,120.55988073349,0.6467889908256881,1.0,"(218, 64, 1000)","(436, 64, 1000)",1234,67,0.6467889908256881
17,Mis,Rest,122.08164620399475,0.7981651376146789,1.0,"(218, 64, 1000)","(436, 64, 1000)",1234,67,0.7798165137614679
