participant,class1,class2,running_time,test_acc,train_acc,test_size,train_size,train_block,test_block,test_acc_vote
19,Hand,Rest,119.98435115814208,0.8394495412844036,1.0,"(218, 64, 1000)","(436, 64, 1000)",1234,67,0.8669724770642202
19,Feet,Rest,122.0721971988678,0.6513761467889908,1.0,"(218, 64, 1000)","(436, 64, 1000)",1234,67,0.6651376146788991
19,Tongue,Rest,121.15794825553894,0.8211009174311926,1.0,"(218, 64, 1000)","(436, 64, 1000)",1234,67,0.8256880733944953
19,Mis,Rest,121.35153245925903,0.7018348623853211,1.0,"(218, 64, 1000)","(436, 64, 1000)",1234,67,0.7155963302752293
