participant,class1,class2,running_time,test_acc,train_acc,test_size,train_size,train_block,test_block,test_acc_vote
4,Hand,Rest,121.14969825744627,0.8853211009174312,1.0,"(218, 64, 1000)","(436, 64, 1000)",1234,67,0.8899082568807339
4,Feet,Rest,121.58661913871764,0.8440366972477065,1.0,"(218, 64, 1000)","(436, 64, 1000)",1234,67,0.8394495412844036
4,Tongue,Rest,120.6314160823822,0.7935779816513762,1.0,"(218, 64, 1000)","(436, 64, 1000)",1234,67,0.8027522935779816
4,Mis,Rest,123.08634328842163,0.6880733944954128,1.0,"(218, 64, 1000)","(436, 64, 1000)",1234,67,0.6834862385321101
