participant,class1,class2,running_time,test_acc,train_acc,test_size,train_size,train_block,test_block,test_acc_vote
10,Hand,Rest,61.184000730514526,0.7857142857142857,1.0,"(56, 32, 1000)","(140, 32, 1000)",12345,67,0.7142857142857143
10,Feet,Rest,61.11001801490784,0.6428571428571429,1.0,"(56, 32, 1000)","(140, 32, 1000)",12345,67,0.5714285714285714
10,Tongue,Rest,52.30573582649231,0.7678571428571429,1.0,"(56, 32, 1000)","(140, 32, 1000)",12345,67,0.7678571428571428
10,Mis,Rest,60.740835189819336,0.9464285714285714,1.0,"(56, 32, 1000)","(140, 32, 1000)",12345,67,0.9464285714285714
