participant,class1,class2,running_time,test_acc,train_acc,test_size,train_size,train_block,test_block,test_acc_vote
11,Hand,Rest,57.04935789108277,0.9285714285714286,1.0,"(56, 32, 1000)","(140, 32, 1000)",12345,67,0.9285714285714286
11,Feet,Rest,54.82499933242798,0.9464285714285714,1.0,"(56, 32, 1000)","(140, 32, 1000)",12345,67,0.9464285714285714
11,Tongue,Rest,61.75216817855835,0.7142857142857143,1.0,"(56, 32, 1000)","(140, 32, 1000)",12345,67,0.6964285714285714
11,Mis,Rest,54.13663148880005,0.6785714285714286,1.0,"(56, 32, 1000)","(140, 32, 1000)",12345,67,0.6428571428571428
