participant,class1,class2,running_time,test_acc,train_acc,test_size,train_size,train_block,test_block,test_acc_vote
3,Hand,Rest,53.00246477127075,0.9285714285714286,1.0,"(56, 32, 1000)","(140, 32, 1000)",12345,67,0.9285714285714286
3,Feet,Rest,58.82886505126953,0.6428571428571429,1.0,"(56, 32, 1000)","(140, 32, 1000)",12345,67,0.6428571428571428
3,Tongue,Rest,66.78734922409058,0.7321428571428571,1.0,"(56, 32, 1000)","(140, 32, 1000)",12345,67,0.6428571428571428
3,Mis,Rest,51.95008325576782,0.8392857142857143,1.0,"(56, 32, 1000)","(140, 32, 1000)",12345,67,0.8035714285714286
