participant,class1,class2,running_time,test_acc,train_acc,test_size,train_size,train_block,test_block,test_acc_vote
5,Hand,Rest,65.07753443717957,0.6785714285714286,1.0,"(56, 32, 1000)","(140, 32, 1000)",12345,67,0.5892857142857143
5,Feet,Rest,56.12315535545349,0.7678571428571429,1.0,"(56, 32, 1000)","(140, 32, 1000)",12345,67,0.6964285714285714
5,Tongue,Rest,53.57769227027893,0.7678571428571429,1.0,"(56, 32, 1000)","(140, 32, 1000)",12345,67,0.7857142857142857
5,Mis,Rest,61.30819487571716,0.875,1.0,"(56, 32, 1000)","(140, 32, 1000)",12345,67,0.8392857142857143
