participant,class1,class2,running_time,test_acc,train_acc,test_size,train_size,train_block,test_block,test_acc_vote
6,Hand,Rest,51.96434307098389,0.7678571428571429,1.0,"(56, 32, 1000)","(140, 32, 1000)",12345,67,0.75
6,Feet,Rest,47.98398160934448,0.7321428571428571,1.0,"(56, 32, 1000)","(140, 32, 1000)",12345,67,0.7142857142857143
6,Tongue,Rest,53.48346948623657,0.6428571428571429,1.0,"(56, 32, 1000)","(140, 32, 1000)",12345,67,0.6785714285714286
6,Mis,Rest,62.41497468948364,0.7678571428571429,1.0,"(56, 32, 1000)","(140, 32, 1000)",12345,67,0.7321428571428572
