participant,class1,class2,running_time,test_acc,train_acc,test_size,train_size,train_block,test_block,test_acc_vote
9,Hand,Rest,57.66838574409485,0.9464285714285714,1.0,"(56, 32, 1000)","(140, 32, 1000)",12345,67,0.9285714285714286
9,Feet,Rest,53.282166481018066,0.8928571428571429,1.0,"(56, 32, 1000)","(140, 32, 1000)",12345,67,0.875
9,Tongue,Rest,58.364474058151245,0.7321428571428571,1.0,"(56, 32, 1000)","(140, 32, 1000)",12345,67,0.75
9,Mis,Rest,63.217549324035645,0.75,1.0,"(56, 32, 1000)","(140, 32, 1000)",12345,67,0.75
