participant,class1,class2,running_time,test_acc,train_acc,test_size,train_size,train_block,test_block,test_acc_vote
11,Hand,Rest,173.17441487312317,0.9128440366972476,0.93348623853211,"(218, 64, 1000)","(436, 64, 1000)",1234,67,0.9220183486238532
11,Feet,Rest,156.20675015449524,0.8853211009174312,0.9495412844036696,"(218, 64, 1000)","(436, 64, 1000)",1234,67,0.8853211009174312
11,Tongue,Rest,148.93937849998474,0.6743119266055045,0.9495412844036696,"(218, 64, 1000)","(436, 64, 1000)",1234,67,0.6743119266055047
11,Mis,Rest,140.93222379684448,0.6605504587155964,0.9495412844036697,"(218, 64, 1000)","(436, 64, 1000)",1234,67,0.6697247706422018
