participant,class1,class2,running_time,test_acc,train_acc,test_size,train_size,train_block,test_block,test_acc_vote
6,Hand,Rest,109.886971950531,0.6651376146788991,0.9472477064220184,"(218, 64, 1000)","(436, 64, 1000)",1234,67,0.6651376146788991
6,Feet,Rest,103.34432649612428,0.6192660550458715,0.9036697247706422,"(218, 64, 1000)","(436, 64, 1000)",1234,67,0.6146788990825688
6,Tongue,Rest,105.15287637710573,0.7522935779816514,0.9311926605504588,"(218, 64, 1000)","(436, 64, 1000)",1234,67,0.7752293577981652
6,Mis,Rest,103.59249424934387,0.6330275229357798,0.944954128440367,"(218, 64, 1000)","(436, 64, 1000)",1234,67,0.6467889908256881
