participant,class1,class2,running_time,test_acc,train_acc,test_size,train_size,train_block,test_block,test_acc_vote
11,Hand,Rest,126.06773519515993,0.8154761904761905,1.0,"(336, 64, 250)","(448, 64, 250)",1234,567,0.8571428571428572
11,Feet,Rest,104.8195481300354,0.8869047619047619,1.0,"(336, 64, 250)","(448, 64, 250)",1234,567,0.9047619047619048
11,Tongue,Rest,103.17107391357422,0.7023809523809523,1.0,"(336, 64, 250)","(448, 64, 250)",1234,567,0.7291666666666667
11,Mis,Rest,103.47208714485168,0.6577380952380952,1.0,"(336, 64, 250)","(448, 64, 250)",1234,567,0.6934523809523809
