participant,class1,class2,running_time,test_acc,train_acc,test_size,train_size,train_block,test_block,test_acc_vote
13,Hand,Rest,108.7636260986328,0.6458333333333334,1.0,"(336, 64, 250)","(448, 64, 250)",1234,567,0.6279761904761905
13,Feet,Rest,107.42372822761536,0.7142857142857143,1.0,"(336, 64, 250)","(448, 64, 250)",1234,567,0.7470238095238095
13,Tongue,Rest,110.98396611213684,0.7113095238095238,1.0,"(336, 64, 250)","(448, 64, 250)",1234,567,0.7529761904761905
13,Mis,Rest,105.45210099220276,0.7559523809523809,1.0,"(336, 64, 250)","(448, 64, 250)",1234,567,0.7797619047619048
