participant,class1,class2,running_time,test_acc,train_acc,test_size,train_size,train_block,test_block,test_acc_vote
4,Hand,Rest,136.817613363266,0.8095238095238095,1.0,"(336, 64, 250)","(448, 64, 250)",1234,567,0.8363095238095238
4,Feet,Rest,132.50988006591797,0.7113095238095238,1.0,"(336, 64, 250)","(448, 64, 250)",1234,567,0.7261904761904762
4,Tongue,Rest,118.0724139213562,0.6875,1.0,"(336, 64, 250)","(448, 64, 250)",1234,567,0.7232142857142857
4,Mis,Rest,125.7500205039978,0.6815476190476191,1.0,"(336, 64, 250)","(448, 64, 250)",1234,567,0.6904761904761905
