participant,class1,class2,running_time,test_acc,train_acc,test_size,train_size,train_block,test_block,test_acc_vote
5,Hand,Rest,128.81479835510254,0.6636904761904762,1.0,"(336, 64, 250)","(448, 64, 250)",1234,567,0.6726190476190477
5,Feet,Rest,144.95250582695007,0.6636904761904762,1.0,"(336, 64, 250)","(448, 64, 250)",1234,567,0.7232142857142857
5,Tongue,Rest,155.86155772209167,0.6607142857142857,1.0,"(336, 64, 250)","(448, 64, 250)",1234,567,0.6666666666666667
5,Mis,Rest,150.31087470054626,0.7053571428571429,1.0,"(336, 64, 250)","(448, 64, 250)",1234,567,0.7619047619047619
