participant,class1,class2,running_time,test_acc,train_acc,test_size,train_size,train_block,test_block,test_acc_vote
9,Hand,Rest,178.92549419403076,0.7827380952380952,1.0,"(336, 64, 250)","(448, 64, 250)",1234,567,0.8273809523809523
9,Feet,Rest,151.69740509986875,0.8452380952380952,1.0,"(336, 64, 250)","(448, 64, 250)",1234,567,0.8869047619047619
9,Tongue,Rest,167.33726739883423,0.7142857142857143,1.0,"(336, 64, 250)","(448, 64, 250)",1234,567,0.75
9,Mis,Rest,173.61187601089478,0.6607142857142857,1.0,"(336, 64, 250)","(448, 64, 250)",1234,567,0.6696428571428572
