participant,class1,class2,running_time,test_acc,train_acc,test_size,train_size,train_block,test_block,test_acc_vote
13,Hand,Rest,63.62277007102966,0.7857142857142857,1.0,"(56, 64, 1000)","(140, 64, 1000)",12345,67,0.75
13,Feet,Rest,63.209534883499146,0.8035714285714286,1.0,"(56, 64, 1000)","(140, 64, 1000)",12345,67,0.7678571428571428
13,Tongue,Rest,66.05928611755371,0.8035714285714286,1.0,"(56, 64, 1000)","(140, 64, 1000)",12345,67,0.7321428571428572
13,Mis,Rest,66.25879406929016,0.7321428571428571,1.0,"(56, 64, 1000)","(140, 64, 1000)",12345,67,0.6428571428571428
