participant,class1,class2,running_time,test_acc,train_acc,test_size,train_size,train_block,test_block,test_acc_vote
14,Hand,Rest,54.49804353713989,0.9285714285714286,1.0,"(84, 64, 1000)","(112, 64, 1000)",1234,567,0.8809523809523809
14,Feet,Rest,54.30175876617432,0.8214285714285714,1.0,"(84, 64, 1000)","(112, 64, 1000)",1234,567,0.7857142857142857
14,Tongue,Rest,57.435110092163086,0.5595238095238095,1.0,"(84, 64, 1000)","(112, 64, 1000)",1234,567,0.4880952380952381
14,Mis,Rest,56.34890937805176,0.7261904761904762,1.0,"(84, 64, 1000)","(112, 64, 1000)",1234,567,0.6785714285714286
