participant,class1,class2,running_time,test_acc,train_acc,test_size,train_size,train_block,test_block,test_acc_vote
3,Hand,Rest,55.30597257614136,0.8690476190476191,1.0,"(84, 64, 1000)","(112, 64, 1000)",1234,567,0.8214285714285714
3,Feet,Rest,53.658289194107056,0.5476190476190477,1.0,"(84, 64, 1000)","(112, 64, 1000)",1234,567,0.4761904761904761
3,Tongue,Rest,56.03039288520813,0.7619047619047619,1.0,"(84, 64, 1000)","(112, 64, 1000)",1234,567,0.7023809523809523
3,Mis,Rest,54.941349506378174,0.8214285714285714,1.0,"(84, 64, 1000)","(112, 64, 1000)",1234,567,0.7380952380952381
