participant,class1,class2,running_time,test_acc,train_acc,test_size,train_size,train_block,test_block,test_acc_vote
5,Hand,Rest,55.02389645576477,0.8809523809523809,1.0,"(84, 64, 1000)","(112, 64, 1000)",1234,567,0.8690476190476191
5,Feet,Rest,55.23148536682129,0.75,1.0,"(84, 64, 1000)","(112, 64, 1000)",1234,567,0.7142857142857143
5,Tongue,Rest,55.49051260948181,0.7738095238095238,1.0,"(84, 64, 1000)","(112, 64, 1000)",1234,567,0.7380952380952381
5,Mis,Rest,54.51848268508911,0.7261904761904762,1.0,"(84, 64, 1000)","(112, 64, 1000)",1234,567,0.7023809523809523
