participant,class1,class2,running_time,test_acc,train_acc,test_size,train_size,train_block,test_block,test_acc_vote
6,Hand,Rest,53.75382733345032,0.6547619047619048,1.0,"(84, 64, 1000)","(112, 64, 1000)",1234,567,0.6309523809523809
6,Feet,Rest,54.73558616638184,0.7738095238095238,1.0,"(84, 64, 1000)","(112, 64, 1000)",1234,567,0.6904761904761905
6,Tongue,Rest,55.591961145401,0.7738095238095238,1.0,"(84, 64, 1000)","(112, 64, 1000)",1234,567,0.7023809523809523
6,Mis,Rest,55.00941252708435,0.7142857142857143,1.0,"(84, 64, 1000)","(112, 64, 1000)",1234,567,0.5714285714285714
