participant,class1,class2,running_time,test_acc,train_acc,test_size,train_size,train_block,test_block,test_acc_vote
9,Hand,Rest,54.77176451683045,0.8333333333333334,1.0,"(84, 64, 1000)","(112, 64, 1000)",1234,567,0.7857142857142857
9,Feet,Rest,54.36107516288757,0.9285714285714286,1.0,"(84, 64, 1000)","(112, 64, 1000)",1234,567,0.9285714285714286
9,Tongue,Rest,54.52024817466736,0.7976190476190477,1.0,"(84, 64, 1000)","(112, 64, 1000)",1234,567,0.7261904761904762
9,Mis,Rest,55.62093234062195,0.7380952380952381,1.0,"(84, 64, 1000)","(112, 64, 1000)",1234,567,0.6785714285714286
