participant,class1,class2,running_time,test_acc,train_acc,test_size,train_size,train_block,test_block,test_acc_vote
10,Hand,Rest,37.21896576881409,0.6785714285714286,0.9928571428571428,"(56, 64, 1000)","(140, 64, 1000)",12345,67,0.625
10,Feet,Rest,36.870723485946655,0.6964285714285714,1.0,"(56, 64, 1000)","(140, 64, 1000)",12345,67,0.6785714285714286
10,Tongue,Rest,38.19712781906128,0.75,0.9928571428571428,"(56, 64, 1000)","(140, 64, 1000)",12345,67,0.6785714285714286
10,Mis,Rest,37.76252579689026,0.9285714285714286,0.9928571428571429,"(56, 64, 1000)","(140, 64, 1000)",12345,67,0.8928571428571429
