participant,class1,class2,running_time,test_acc,train_acc,test_size,train_size,train_block,test_block,test_acc_vote
3,Hand,Rest,37.56526398658752,0.9107142857142856,0.9785714285714284,"(56, 64, 1000)","(140, 64, 1000)",12345,67,0.9285714285714286
3,Feet,Rest,37.23004388809204,0.7321428571428571,0.9571428571428572,"(56, 64, 1000)","(140, 64, 1000)",12345,67,0.625
3,Tongue,Rest,38.267805099487305,0.75,0.9714285714285714,"(56, 64, 1000)","(140, 64, 1000)",12345,67,0.6785714285714286
3,Mis,Rest,38.04599952697754,0.8392857142857143,0.9714285714285714,"(56, 64, 1000)","(140, 64, 1000)",12345,67,0.8214285714285714
