participant,class1,class2,running_time,test_acc,train_acc,test_size,train_size,train_block,test_block,test_acc_vote
7,Hand,Rest,37.36181712150574,0.8571428571428571,0.9928571428571428,"(56, 64, 1000)","(140, 64, 1000)",12345,67,0.8571428571428572
7,Feet,Rest,36.88844060897827,0.8571428571428571,1.0,"(56, 64, 1000)","(140, 64, 1000)",12345,67,0.875
7,Tongue,Rest,37.942476987838745,0.625,1.0,"(56, 64, 1000)","(140, 64, 1000)",12345,67,0.6428571428571428
7,Mis,Rest,37.897634506225586,0.7142857142857143,1.0,"(56, 64, 1000)","(140, 64, 1000)",12345,67,0.6964285714285714
