class,test_acc,vote_acc
Hand,0.7334821428571429,0.765625
Feet,0.6964285714285714,0.7263392857142856
Tongue,0.65,0.6714285714285715
Mis,0.6272321428571428,0.6375
