participant,class1,class2,running_time,test_acc,train_acc,test_size,train_size,train_block,test_block,test_acc_vote
11,Hand,Rest,56.739487648010254,0.8035714285714286,1.0,"(224, 64, 250)","(560, 64, 250)",12345,67,0.8348214285714286
11,Feet,Rest,56.778976917266846,0.875,1.0,"(224, 64, 250)","(560, 64, 250)",12345,67,0.9151785714285714
11,Tongue,Rest,59.02261161804199,0.6651785714285714,1.0,"(224, 64, 250)","(560, 64, 250)",12345,67,0.6919642857142857
11,Mis,Rest,58.10432243347168,0.6517857142857143,1.0,"(224, 64, 250)","(560, 64, 250)",12345,67,0.6607142857142857
