participant,class1,class2,running_time,test_acc,train_acc,test_size,train_size,train_block,test_block,test_acc_vote
13,Hand,Rest,57.09577846527099,0.5625,1.0,"(224, 64, 250)","(560, 64, 250)",12345,67,0.5133928571428572
13,Feet,Rest,59.64570951461792,0.6651785714285714,1.0,"(224, 64, 250)","(560, 64, 250)",12345,67,0.6875
13,Tongue,Rest,63.21935701370239,0.7008928571428571,1.0,"(224, 64, 250)","(560, 64, 250)",12345,67,0.7008928571428572
13,Mis,Rest,61.89875411987305,0.6205357142857143,1.0,"(224, 64, 250)","(560, 64, 250)",12345,67,0.6294642857142857
