participant,class1,class2,running_time,test_acc,train_acc,test_size,train_size,train_block,test_block,test_acc_vote
14,Hand,Rest,55.35498762130737,0.78125,1.0,"(224, 64, 250)","(560, 64, 250)",12345,67,0.7946428571428572
14,Feet,Rest,55.11960530281067,0.6339285714285714,1.0,"(224, 64, 250)","(560, 64, 250)",12345,67,0.6607142857142857
14,Tongue,Rest,56.519670248031616,0.6383928571428571,1.0,"(224, 64, 250)","(560, 64, 250)",12345,67,0.6696428571428572
14,Mis,Rest,56.66170644760132,0.6026785714285714,1.0,"(224, 64, 250)","(560, 64, 250)",12345,67,0.6205357142857143
