participant,class1,class2,running_time,test_acc,train_acc,test_size,train_size,train_block,test_block,test_acc_vote
4,Hand,Rest,57.33537459373474,0.8169642857142857,1.0,"(224, 64, 250)","(560, 64, 250)",12345,67,0.8794642857142857
4,Feet,Rest,57.225035190582275,0.7053571428571429,1.0,"(224, 64, 250)","(560, 64, 250)",12345,67,0.7544642857142857
4,Tongue,Rest,58.65475964546203,0.7276785714285714,1.0,"(224, 64, 250)","(560, 64, 250)",12345,67,0.7544642857142857
4,Mis,Rest,57.932395935058594,0.6785714285714286,1.0,"(224, 64, 250)","(560, 64, 250)",12345,67,0.7008928571428572
