participant,class1,class2,running_time,test_acc,train_acc,test_size,train_size,train_block,test_block,test_acc_vote
6,Hand,Rest,57.11263728141785,0.7232142857142857,1.0,"(224, 64, 250)","(560, 64, 250)",12345,67,0.7723214285714286
6,Feet,Rest,57.749160051345825,0.6875,1.0,"(224, 64, 250)","(560, 64, 250)",12345,67,0.75
6,Tongue,Rest,58.026713848114014,0.6339285714285714,1.0,"(224, 64, 250)","(560, 64, 250)",12345,67,0.6785714285714286
6,Mis,Rest,58.47735834121704,0.6339285714285714,1.0,"(224, 64, 250)","(560, 64, 250)",12345,67,0.6294642857142857
