participant,class1,class2,running_time,test_acc,train_acc,test_size,train_size,train_block,test_block,test_acc_vote
7,Hand,Rest,57.2049605846405,0.7276785714285714,1.0,"(224, 64, 250)","(560, 64, 250)",12345,67,0.7901785714285714
7,Feet,Rest,57.345625162124634,0.7544642857142857,1.0,"(224, 64, 250)","(560, 64, 250)",12345,67,0.8035714285714286
7,Tongue,Rest,58.06825351715088,0.5892857142857143,1.0,"(224, 64, 250)","(560, 64, 250)",12345,67,0.6160714285714286
7,Mis,Rest,58.876659631729126,0.5982142857142857,1.0,"(224, 64, 250)","(560, 64, 250)",12345,67,0.5982142857142857
