participant,class1,class2,running_time,test_acc,train_acc,test_size,train_size,train_block,test_block,test_acc_vote
9,Hand,Rest,57.05795359611511,0.84375,1.0,"(224, 64, 250)","(560, 64, 250)",12345,67,0.9107142857142856
9,Feet,Rest,57.152228355407715,0.7589285714285714,1.0,"(224, 64, 250)","(560, 64, 250)",12345,67,0.7946428571428572
9,Tongue,Rest,58.51886248588562,0.6116071428571429,1.0,"(224, 64, 250)","(560, 64, 250)",12345,67,0.6339285714285714
9,Mis,Rest,58.22583198547363,0.7232142857142857,1.0,"(224, 64, 250)","(560, 64, 250)",12345,67,0.7678571428571428
