participant,class1,class2,running_time,test_acc,train_acc,test_size,train_size,train_block,test_block,test_acc_vote
13,Hand,Rest,141.32806658744812,0.6100917431192661,1.0,"(218, 64, 1000)","(545, 64, 1000)",12345,67,0.591743119266055
13,Feet,Rest,133.06781911849976,0.7844036697247706,1.0,"(218, 64, 1000)","(545, 64, 1000)",12345,67,0.8027522935779816
13,Tongue,Rest,132.97180318832395,0.7431192660550459,1.0,"(218, 64, 1000)","(545, 64, 1000)",12345,67,0.7752293577981652
13,Mis,Rest,148.22396636009216,0.6651376146788991,1.0,"(218, 64, 1000)","(545, 64, 1000)",12345,67,0.6651376146788991
