participant,class1,class2,running_time,test_acc,train_acc,test_size,train_size,train_block,test_block,test_acc_vote
14,Hand,Rest,132.66622591018677,0.8440366972477065,1.0,"(218, 64, 1000)","(545, 64, 1000)",12345,67,0.8532110091743119
14,Feet,Rest,131.8735065460205,0.7798165137614679,1.0,"(218, 64, 1000)","(545, 64, 1000)",12345,67,0.7844036697247706
14,Tongue,Rest,134.3756604194641,0.7064220183486238,1.0,"(218, 64, 1000)","(545, 64, 1000)",12345,67,0.7018348623853211
14,Mis,Rest,148.9713249206543,0.6972477064220184,1.0,"(218, 64, 1000)","(545, 64, 1000)",12345,67,0.7064220183486238
