participant,class1,class2,running_time,test_acc,train_acc,test_size,train_size,train_block,test_block,test_acc_vote
3,Hand,Rest,133.9951047897339,0.8577981651376146,1.0,"(218, 64, 1000)","(545, 64, 1000)",12345,67,0.8669724770642202
3,Feet,Rest,133.41264152526855,0.6834862385321101,1.0,"(218, 64, 1000)","(545, 64, 1000)",12345,67,0.6880733944954128
3,Tongue,Rest,134.1889045238495,0.7385321100917431,1.0,"(218, 64, 1000)","(545, 64, 1000)",12345,67,0.7477064220183487
3,Mis,Rest,133.9083936214447,0.8119266055045872,1.0,"(218, 64, 1000)","(545, 64, 1000)",12345,67,0.8302752293577982
