participant,class1,class2,running_time,test_acc,train_acc,test_size,train_size,train_block,test_block,test_acc_vote
4,Hand,Rest,134.16264367103577,0.8990825688073395,1.0,"(218, 64, 1000)","(545, 64, 1000)",12345,67,0.908256880733945
4,Feet,Rest,133.19097304344177,0.8165137614678899,1.0,"(218, 64, 1000)","(545, 64, 1000)",12345,67,0.8073394495412844
4,Tongue,Rest,136.86062097549438,0.7247706422018348,1.0,"(218, 64, 1000)","(545, 64, 1000)",12345,67,0.7155963302752293
4,Mis,Rest,136.66812419891357,0.6330275229357798,1.0,"(218, 64, 1000)","(545, 64, 1000)",12345,67,0.6100917431192661
