participant,class1,class2,running_time,test_acc,train_acc,test_size,train_size,train_block,test_block,test_acc_vote
6,Hand,Rest,156.44154834747314,0.6376146788990825,1.0,"(218, 64, 1000)","(545, 64, 1000)",12345,67,0.6284403669724771
6,Feet,Rest,155.87058782577515,0.7155963302752294,1.0,"(218, 64, 1000)","(545, 64, 1000)",12345,67,0.7155963302752293
6,Tongue,Rest,156.53501772880554,0.7522935779816514,1.0,"(218, 64, 1000)","(545, 64, 1000)",12345,67,0.7477064220183487
6,Mis,Rest,166.00635480880737,0.7155963302752294,1.0,"(218, 64, 1000)","(545, 64, 1000)",12345,67,0.7110091743119267
