participant,class1,class2,running_time,test_acc,train_acc,test_size,train_size,train_block,test_block,test_acc_vote
7,Hand,Rest,155.49272561073303,0.8119266055045872,1.0,"(218, 64, 1000)","(545, 64, 1000)",12345,67,0.8165137614678899
7,Feet,Rest,150.16544938087463,0.8165137614678899,1.0,"(218, 64, 1000)","(545, 64, 1000)",12345,67,0.8394495412844036
7,Tongue,Rest,143.7012414932251,0.6651376146788991,1.0,"(218, 64, 1000)","(545, 64, 1000)",12345,67,0.6743119266055047
7,Mis,Rest,142.80940175056458,0.7110091743119266,1.0,"(218, 64, 1000)","(545, 64, 1000)",12345,67,0.7155963302752293
