participant,class1,class2,running_time,test_acc,train_acc,test_size,train_size,train_block,test_block,test_acc_vote
13,Hand,Rest,87.87315773963928,0.7178899082568807,1.0,"(436, 64, 1000)","(327, 64, 1000)",123,4567,0.7270642201834863
13,Feet,Rest,87.49572372436523,0.786697247706422,1.0,"(436, 64, 1000)","(327, 64, 1000)",123,4567,0.7844036697247706
13,Tongue,Rest,88.80968618392944,0.7981651376146789,1.0,"(436, 64, 1000)","(327, 64, 1000)",123,4567,0.8302752293577982
13,Mis,Rest,89.19749021530151,0.7637614678899083,1.0,"(436, 64, 1000)","(327, 64, 1000)",123,4567,0.7798165137614679
