participant,class1,class2,running_time,test_acc,train_acc,test_size,train_size,train_block,test_block,test_acc_vote
9,Hand,Rest,87.21904158592224,0.786697247706422,1.0,"(436, 64, 1000)","(327, 64, 1000)",123,4567,0.7981651376146789
9,Feet,Rest,87.9982373714447,0.8646788990825688,1.0,"(436, 64, 1000)","(327, 64, 1000)",123,4567,0.8853211009174312
9,Tongue,Rest,89.61200308799744,0.6995412844036697,1.0,"(436, 64, 1000)","(327, 64, 1000)",123,4567,0.6995412844036697
9,Mis,Rest,89.407151222229,0.7454128440366973,1.0,"(436, 64, 1000)","(327, 64, 1000)",123,4567,0.768348623853211
