participant,class1,class2,running_time,test_acc,train_acc,test_size,train_size,train_block,test_block,test_acc_vote
10,Hand,Rest,53.17774677276611,0.6306306306306306,1.0,"(222, 64, 500)","(222, 64, 500)",12,67,0.6306306306306306
10,Feet,Rest,53.785457611083984,0.5540540540540541,1.0,"(222, 64, 500)","(222, 64, 500)",12,67,0.5675675675675675
10,Tongue,Rest,52.85376024246216,0.5225225225225225,1.0,"(222, 64, 500)","(222, 64, 500)",12,67,0.5225225225225225
10,Mis,Rest,52.456502199172974,0.5765765765765766,1.0,"(222, 64, 500)","(222, 64, 500)",12,67,0.5810810810810811
