participant,class1,class2,running_time,test_acc,train_acc,test_size,train_size,train_block,test_block,test_acc_vote
5,Hand,Rest,52.39484405517578,0.536036036036036,1.0,"(222, 64, 500)","(222, 64, 500)",12,67,0.5360360360360361
5,Feet,Rest,53.14262294769287,0.6081081081081081,1.0,"(222, 64, 500)","(222, 64, 500)",12,67,0.6081081081081081
5,Tongue,Rest,52.64136695861816,0.5630630630630631,1.0,"(222, 64, 500)","(222, 64, 500)",12,67,0.5540540540540541
5,Mis,Rest,53.528560638427734,0.5495495495495496,1.0,"(222, 64, 500)","(222, 64, 500)",12,67,0.5540540540540541
