participant,class1,class2,running_time,test_acc,train_acc,test_size,train_size,train_block,test_block,test_acc_vote
9,Hand,Rest,60.36088562011719,0.875,1.0,"(112, 64, 1000)","(84, 64, 1000)",123,4567,0.8571428571428572
9,Feet,Rest,62.14406847953797,0.9107142857142856,1.0,"(112, 64, 1000)","(84, 64, 1000)",123,4567,0.9017857142857144
9,Tongue,Rest,60.962562084198,0.7767857142857143,1.0,"(112, 64, 1000)","(84, 64, 1000)",123,4567,0.7767857142857143
9,Mis,Rest,62.98768186569214,0.7232142857142857,1.0,"(112, 64, 1000)","(84, 64, 1000)",123,4567,0.7321428571428572
