participant,class1,class2,running_time,test_acc,train_acc,test_size,train_size,train_block,test_block,test_acc_vote
4,Hand,Rest,54.28404760360718,0.8571428571428571,1.0,"(140, 64, 1000)","(56, 64, 1000)",12,34567,0.8357142857142857
4,Feet,Rest,53.53540563583374,0.7928571428571428,1.0,"(140, 64, 1000)","(56, 64, 1000)",12,34567,0.75
4,Tongue,Rest,56.16326928138733,0.8428571428571429,1.0,"(140, 64, 1000)","(56, 64, 1000)",12,34567,0.7928571428571428
4,Mis,Rest,53.947611570358276,0.65,1.0,"(140, 64, 1000)","(56, 64, 1000)",12,34567,0.6
