participant,class1,class2,running_time,test_acc,train_acc,test_size,train_size,train_block,test_block,test_acc_vote
10,Hand,Rest,36.31704878807068,0.6666666666666666,0.9910714285714286,"(84, 64, 1000)","(112, 64, 1000)",1234,567,0.6190476190476191
10,Feet,Rest,35.84142518043518,0.6190476190476191,1.0,"(84, 64, 1000)","(112, 64, 1000)",1234,567,0.6071428571428572
10,Tongue,Rest,36.677669286727905,0.6666666666666666,1.0,"(84, 64, 1000)","(112, 64, 1000)",1234,567,0.6309523809523809
10,Mis,Rest,36.88577723503113,0.9047619047619048,1.0,"(84, 64, 1000)","(112, 64, 1000)",1234,567,0.8928571428571429
