participant,class1,class2,running_time,test_acc,train_acc,test_size,train_size,train_block,test_block,test_acc_vote
11,Hand,Rest,36.097190618515015,0.9166666666666666,1.0,"(84, 64, 1000)","(112, 64, 1000)",1234,567,0.9166666666666666
11,Feet,Rest,35.916038274765015,0.9761904761904762,1.0,"(84, 64, 1000)","(112, 64, 1000)",1234,567,0.9761904761904762
11,Tongue,Rest,36.83082985877991,0.7023809523809523,1.0,"(84, 64, 1000)","(112, 64, 1000)",1234,567,0.7142857142857143
11,Mis,Rest,36.96402168273926,0.6666666666666666,1.0,"(84, 64, 1000)","(112, 64, 1000)",1234,567,0.6547619047619048
