participant,class1,class2,running_time,test_acc,train_acc,test_size,train_size,train_block,test_block,test_acc_vote
14,Hand,Rest,36.357577085494995,0.9404761904761904,1.0,"(84, 64, 1000)","(112, 64, 1000)",1234,567,0.9285714285714286
14,Feet,Rest,36.15077209472656,0.8214285714285714,0.9910714285714286,"(84, 64, 1000)","(112, 64, 1000)",1234,567,0.75
14,Tongue,Rest,37.01655101776123,0.6071428571428571,1.0,"(84, 64, 1000)","(112, 64, 1000)",1234,567,0.5476190476190477
14,Mis,Rest,37.19600534439087,0.6190476190476191,1.0,"(84, 64, 1000)","(112, 64, 1000)",1234,567,0.6190476190476191
