participant,class1,class2,running_time,test_acc,train_acc,test_size,train_size,train_block,test_block,test_acc_vote
6,Hand,Rest,35.981948375701904,0.6071428571428571,1.0,"(84, 64, 1000)","(112, 64, 1000)",1234,567,0.5238095238095238
6,Feet,Rest,36.24541926383972,0.7976190476190477,1.0,"(84, 64, 1000)","(112, 64, 1000)",1234,567,0.7976190476190477
6,Tongue,Rest,36.99606370925903,0.7738095238095238,1.0,"(84, 64, 1000)","(112, 64, 1000)",1234,567,0.7738095238095238
6,Mis,Rest,36.82577562332153,0.7142857142857143,0.9821428571428571,"(84, 64, 1000)","(112, 64, 1000)",1234,567,0.75
