class,test_acc,vote_acc
Hand,0.6640672782874618,0.667125382262997
Feet,0.602446483180428,0.6030581039755352
Tongue,0.568960244648318,0.5659021406727829
Mis,0.5533639143730886,0.5559633027522936
