participant,class1,class2,running_time,test_acc,train_acc,test_size,train_size,train_block,test_block,test_acc_vote
11,Hand,Rest,83.19685482978821,0.5886850152905199,0.9541284403669724,"(654, 64, 1000)","(109, 64, 1000)",1,234567,0.591743119266055
11,Feet,Rest,83.67538785934448,0.790519877675841,0.963302752293578,"(654, 64, 1000)","(109, 64, 1000)",1,234567,0.790519877675841
11,Tongue,Rest,84.91294598579407,0.5091743119266054,0.981651376146789,"(654, 64, 1000)","(109, 64, 1000)",1,234567,0.5122324159021407
11,Mis,Rest,83.43518042564392,0.4954128440366973,0.963302752293578,"(654, 64, 1000)","(109, 64, 1000)",1,234567,0.4969418960244648
