class,test_acc,vote_acc
Hand,0.7964285714285715,0.7821428571428571
Feet,0.7857142857142858,0.7666666666666667
Tongue,0.7440476190476191,0.719047619047619
Mis,0.75,0.7345238095238096
