class,test_acc,vote_acc
Hand,0.7126126126126128,0.725225225225225
Feet,0.6813813813813814,0.7030030030030031
Tongue,0.711111111111111,0.7276276276276277
Mis,0.7225225225225225,0.744144144144144
