participant,class1,class2,running_time,test_acc,train_acc,test_size,train_size,train_block,test_block,test_acc_vote
10,Hand,Rest,97.92863750457764,0.5945945945945946,0.9783783783783784,"(222, 64, 500)","(555, 64, 500)",12345,67,0.572072072072072
10,Feet,Rest,98.22220373153688,0.6216216216216216,0.9891891891891892,"(222, 64, 500)","(555, 64, 500)",12345,67,0.6216216216216216
10,Tongue,Rest,98.21961545944214,0.6171171171171171,0.9765765765765766,"(222, 64, 500)","(555, 64, 500)",12345,67,0.6261261261261262
10,Mis,Rest,97.4878613948822,0.8333333333333334,0.9495495495495495,"(222, 64, 500)","(555, 64, 500)",12345,67,0.8603603603603603
