participant,class1,class2,running_time,test_acc,train_acc,test_size,train_size,train_block,test_block,test_acc_vote
13,Hand,Rest,99.5102517604828,0.6216216216216216,0.8936936936936937,"(222, 64, 500)","(555, 64, 500)",12345,67,0.6306306306306306
13,Feet,Rest,98.45064282417296,0.7297297297297297,0.9567567567567568,"(222, 64, 500)","(555, 64, 500)",12345,67,0.7837837837837838
13,Tongue,Rest,97.42356514930724,0.7747747747747747,0.9369369369369368,"(222, 64, 500)","(555, 64, 500)",12345,67,0.7882882882882882
13,Mis,Rest,98.9359986782074,0.7567567567567568,0.9225225225225225,"(222, 64, 500)","(555, 64, 500)",12345,67,0.7882882882882882
