participant,class1,class2,running_time,test_acc,train_acc,test_size,train_size,train_block,test_block,test_acc_vote
16,Hand,Rest,98.81654167175292,0.6306306306306306,0.9675675675675676,"(222, 64, 500)","(555, 64, 500)",12345,67,0.6171171171171171
16,Feet,Rest,99.86166739463806,0.6261261261261262,0.9585585585585584,"(222, 64, 500)","(555, 64, 500)",12345,67,0.6531531531531531
16,Tongue,Rest,99.3252305984497,0.7252252252252253,0.9405405405405406,"(222, 64, 500)","(555, 64, 500)",12345,67,0.7612612612612613
16,Mis,Rest,98.9480459690094,0.7162162162162162,0.9243243243243243,"(222, 64, 500)","(555, 64, 500)",12345,67,0.7297297297297297
