participant,class1,class2,running_time,test_acc,train_acc,test_size,train_size,train_block,test_block,test_acc_vote
17,Hand,Rest,99.0983910560608,0.7702702702702703,0.9333333333333332,"(222, 64, 500)","(555, 64, 500)",12345,67,0.7972972972972973
17,Feet,Rest,98.84502267837524,0.7072072072072072,0.9081081081081082,"(222, 64, 500)","(555, 64, 500)",12345,67,0.7477477477477478
17,Tongue,Rest,99.38282680511476,0.8108108108108109,0.9531531531531532,"(222, 64, 500)","(555, 64, 500)",12345,67,0.8243243243243243
17,Mis,Rest,97.98375368118286,0.7792792792792793,0.9261261261261261,"(222, 64, 500)","(555, 64, 500)",12345,67,0.7972972972972973
