participant,class1,class2,running_time,test_acc,train_acc,test_size,train_size,train_block,test_block,test_acc_vote
9,Hand,Rest,98.20312571525574,0.8603603603603603,0.9441441441441442,"(222, 64, 500)","(555, 64, 500)",12345,67,0.8918918918918919
9,Feet,Rest,98.78391551971436,0.8198198198198198,0.9675675675675676,"(222, 64, 500)","(555, 64, 500)",12345,67,0.8333333333333334
9,Tongue,Rest,98.09523248672484,0.6756756756756757,0.9333333333333332,"(222, 64, 500)","(555, 64, 500)",12345,67,0.6981981981981982
9,Mis,Rest,99.23430228233337,0.6666666666666666,0.9315315315315316,"(222, 64, 500)","(555, 64, 500)",12345,67,0.7027027027027026
