participant,class1,class2,running_time,test_acc,train_acc,test_size,train_size,train_block,test_block,test_acc_vote
9,Hand,Rest,104.3976137638092,0.7691131498470948,1.0,"(654, 64, 1000)","(109, 64, 1000)",1,234567,0.7813455657492354
9,Feet,Rest,104.79823160171507,0.6330275229357798,1.0,"(654, 64, 1000)","(109, 64, 1000)",1,234567,0.6391437308868502
9,Tongue,Rest,105.30545544624329,0.5152905198776758,1.0,"(654, 64, 1000)","(109, 64, 1000)",1,234567,0.5061162079510704
9,Mis,Rest,106.78379368782043,0.4984709480122324,1.0,"(654, 64, 1000)","(109, 64, 1000)",1,234567,0.49847094801223246
