participant,class1,class2,running_time,test_acc,train_acc,test_size,train_size,train_block,test_block,test_acc_vote
3,Hand,Rest,131.9318904876709,0.7178899082568807,0.963302752293578,"(436, 64, 1000)","(327, 64, 1000)",123,4567,0.7339449541284404
3,Feet,Rest,132.31455993652344,0.676605504587156,0.9541284403669724,"(436, 64, 1000)","(327, 64, 1000)",123,4567,0.6788990825688073
3,Tongue,Rest,133.57580399513245,0.5756880733944955,0.9663608562691132,"(436, 64, 1000)","(327, 64, 1000)",123,4567,0.5642201834862386
3,Mis,Rest,137.44396662712097,0.7087155963302753,0.9847094801223242,"(436, 64, 1000)","(327, 64, 1000)",123,4567,0.7064220183486238
