participant,class1,class2,running_time,test_acc,train_acc,test_size,train_size,train_block,test_block,test_acc_vote
5,Hand,Rest,130.2835991382599,0.5940366972477065,0.981651376146789,"(436, 64, 1000)","(327, 64, 1000)",123,4567,0.5940366972477065
5,Feet,Rest,132.89085221290588,0.6330275229357798,0.981651376146789,"(436, 64, 1000)","(327, 64, 1000)",123,4567,0.6467889908256881
5,Tongue,Rest,134.08093810081482,0.7844036697247706,0.9847094801223242,"(436, 64, 1000)","(327, 64, 1000)",123,4567,0.7958715596330275
5,Mis,Rest,135.9577443599701,0.7454128440366973,0.9877675840978594,"(436, 64, 1000)","(327, 64, 1000)",123,4567,0.7568807339449541
