participant,class1,class2,running_time,test_acc,train_acc,test_size,train_size,train_block,test_block,test_acc_vote
9,Hand,Rest,133.84671449661255,0.8715596330275229,0.9510703363914372,"(436, 64, 1000)","(327, 64, 1000)",123,4567,0.8784403669724771
9,Feet,Rest,134.73882627487183,0.8325688073394495,0.9785932721712538,"(436, 64, 1000)","(327, 64, 1000)",123,4567,0.8440366972477065
9,Tongue,Rest,136.37483501434326,0.6284403669724771,0.9694189602446484,"(436, 64, 1000)","(327, 64, 1000)",123,4567,0.6238532110091743
9,Mis,Rest,133.1953525543213,0.7637614678899083,0.963302752293578,"(436, 64, 1000)","(327, 64, 1000)",123,4567,0.7729357798165137
