participant,class1,class2,running_time,test_acc,train_acc,test_size,train_size,train_block,test_block,test_acc_vote
13,Hand,Rest,125.1314594745636,0.6284403669724771,1.0,"(218, 64, 1000)","(545, 64, 1000)",12345,67,0.6009174311926606
13,Feet,Rest,123.61678552627563,0.7568807339449541,1.0,"(218, 64, 1000)","(545, 64, 1000)",12345,67,0.7568807339449541
13,Tongue,Rest,126.5356035232544,0.7477064220183486,1.0,"(218, 64, 1000)","(545, 64, 1000)",12345,67,0.7614678899082569
13,Mis,Rest,125.24454760551453,0.6972477064220184,1.0,"(218, 64, 1000)","(545, 64, 1000)",12345,67,0.6880733944954128
