participant,class1,class2,running_time,test_acc,train_acc,test_size,train_size,train_block,test_block,test_acc_vote
4,Hand,Rest,125.17178678512572,0.8807339449541285,1.0,"(218, 64, 1000)","(545, 64, 1000)",12345,67,0.8807339449541285
4,Feet,Rest,123.6682710647583,0.8577981651376146,1.0,"(218, 64, 1000)","(545, 64, 1000)",12345,67,0.8623853211009174
4,Tongue,Rest,123.79526019096376,0.7431192660550459,1.0,"(218, 64, 1000)","(545, 64, 1000)",12345,67,0.7431192660550459
4,Mis,Rest,125.29230833053589,0.6467889908256881,1.0,"(218, 64, 1000)","(545, 64, 1000)",12345,67,0.6422018348623852
