participant,class1,class2,running_time,test_acc,train_acc,test_size,train_size,train_block,test_block,test_acc_vote
14,Hand,Rest,56.995004653930664,0.9404761904761904,1.0,"(84, 64, 1000)","(112, 64, 1000)",1234,567,0.9285714285714286
14,Feet,Rest,57.54375386238098,0.8214285714285714,1.0,"(84, 64, 1000)","(112, 64, 1000)",1234,567,0.7619047619047619
14,Tongue,Rest,59.36577033996582,0.5833333333333334,1.0,"(84, 64, 1000)","(112, 64, 1000)",1234,567,0.5833333333333333
14,Mis,Rest,58.23724937438965,0.7023809523809523,1.0,"(84, 64, 1000)","(112, 64, 1000)",1234,567,0.7261904761904762
