participant,class1,class2,running_time,test_acc,train_acc,test_size,train_size,train_block,test_block,test_acc_vote
14,Hand,Rest,98.68906903266908,0.8967889908256881,0.9388379204892966,"(436, 64, 1000)","(327, 64, 1000)",123,4567,0.9105504587155964
14,Feet,Rest,98.3222143650055,0.6444954128440367,0.8807339449541285,"(436, 64, 1000)","(327, 64, 1000)",123,4567,0.6422018348623852
14,Tongue,Rest,100.67764902114868,0.6513761467889908,0.8868501529051988,"(436, 64, 1000)","(327, 64, 1000)",123,4567,0.6834862385321101
14,Mis,Rest,100.88048076629639,0.6330275229357798,0.8837920489296636,"(436, 64, 1000)","(327, 64, 1000)",123,4567,0.6376146788990826
