participant,class1,class2,running_time,test_acc,train_acc,test_size,train_size,train_block,test_block,test_acc_vote
3,Hand,Rest,99.24582147598268,0.8532110091743119,0.91131498470948,"(436, 64, 1000)","(327, 64, 1000)",123,4567,0.8555045871559633
3,Feet,Rest,98.15223622322084,0.5802752293577982,0.8715596330275229,"(436, 64, 1000)","(327, 64, 1000)",123,4567,0.5825688073394495
3,Tongue,Rest,100.87616539001463,0.6559633027522935,0.8715596330275229,"(436, 64, 1000)","(327, 64, 1000)",123,4567,0.658256880733945
3,Mis,Rest,101.06631851196289,0.7545871559633027,0.9143730886850153,"(436, 64, 1000)","(327, 64, 1000)",123,4567,0.75
