participant,class1,class2,running_time,test_acc,train_acc,test_size,train_size,train_block,test_block,test_acc_vote
5,Hand,Rest,99.08083701133728,0.5298165137614679,0.8837920489296636,"(436, 64, 1000)","(327, 64, 1000)",123,4567,0.5298165137614679
5,Feet,Rest,100.47902369499208,0.7064220183486238,0.8868501529051988,"(436, 64, 1000)","(327, 64, 1000)",123,4567,0.7064220183486238
5,Tongue,Rest,100.7222981452942,0.8279816513761468,0.8960244648318043,"(436, 64, 1000)","(327, 64, 1000)",123,4567,0.8279816513761468
5,Mis,Rest,101.88691425323486,0.5114678899082569,0.8654434250764526,"(436, 64, 1000)","(327, 64, 1000)",123,4567,0.5206422018348624
