participant,class1,class2,running_time,test_acc,train_acc,test_size,train_size,train_block,test_block,test_acc_vote
9,Hand,Rest,99.59785985946657,0.8646788990825688,0.8746177370030581,"(436, 64, 1000)","(327, 64, 1000)",123,4567,0.8692660550458715
9,Feet,Rest,100.16835021972656,0.8669724770642202,0.9174311926605504,"(436, 64, 1000)","(327, 64, 1000)",123,4567,0.8715596330275229
9,Tongue,Rest,99.76497316360474,0.7201834862385321,0.8379204892966361,"(436, 64, 1000)","(327, 64, 1000)",123,4567,0.7339449541284404
9,Mis,Rest,100.24827289581299,0.6720183486238532,0.8440366972477065,"(436, 64, 1000)","(327, 64, 1000)",123,4567,0.6903669724770642
