participant,class1,class2,running_time,test_acc,train_acc,test_size,train_size,train_block,test_block,test_acc_vote
11,Hand,Rest,36.66580772399902,0.7232142857142857,1.0,"(112, 64, 500)","(112, 64, 500)",12,67,0.75
11,Feet,Rest,36.48046851158142,0.8839285714285714,1.0,"(112, 64, 500)","(112, 64, 500)",12,67,0.8839285714285714
11,Tongue,Rest,35.99287414550781,0.5089285714285714,1.0,"(112, 64, 500)","(112, 64, 500)",12,67,0.5267857142857143
11,Mis,Rest,35.950745820999146,0.5,1.0,"(112, 64, 500)","(112, 64, 500)",12,67,0.5
