participant,class1,class2,running_time,test_acc,train_acc,test_size,train_size,train_block,test_block,test_acc_vote
15,Hand,Rest,35.93392896652222,0.875,1.0,"(112, 64, 500)","(112, 64, 500)",12,67,0.9196428571428572
15,Feet,Rest,36.48543405532837,0.6428571428571429,1.0,"(112, 64, 500)","(112, 64, 500)",12,67,0.6875
15,Tongue,Rest,36.38738942146301,0.6607142857142857,1.0,"(112, 64, 500)","(112, 64, 500)",12,67,0.6339285714285714
15,Mis,Rest,36.39735293388367,0.6339285714285714,1.0,"(112, 64, 500)","(112, 64, 500)",12,67,0.5982142857142857
