participant,class1,class2,running_time,test_acc,train_acc,test_size,train_size,train_block,test_block,test_acc_vote
5,Hand,Rest,38.002243995666504,0.7142857142857143,0.9714285714285714,"(56, 64, 1000)","(140, 64, 1000)",12345,67,0.7142857142857143
5,Feet,Rest,38.50082468986511,0.7857142857142857,1.0,"(56, 64, 1000)","(140, 64, 1000)",12345,67,0.7678571428571428
5,Tongue,Rest,39.56270956993103,0.7857142857142857,0.9571428571428572,"(56, 64, 1000)","(140, 64, 1000)",12345,67,0.8035714285714286
5,Mis,Rest,39.911482095718384,0.9107142857142857,0.9928571428571429,"(56, 64, 1000)","(140, 64, 1000)",12345,67,0.9107142857142857
