participant,class1,class2,running_time,test_acc,train_acc,test_size,train_size,train_block,test_block,test_acc_vote
11,Hand,Rest,37.250715017318726,0.9166666666666666,1.0,"(84, 64, 1000)","(112, 64, 1000)",1234,567,0.9166666666666666
11,Feet,Rest,43.15069818496704,0.9285714285714286,1.0,"(84, 64, 1000)","(112, 64, 1000)",1234,567,0.9166666666666666
11,Tongue,Rest,40.07109475135803,0.6190476190476191,1.0,"(84, 64, 1000)","(112, 64, 1000)",1234,567,0.5595238095238095
11,Mis,Rest,40.710224628448486,0.5595238095238095,1.0,"(84, 64, 1000)","(112, 64, 1000)",1234,567,0.5476190476190477
