participant,class1,class2,running_time,test_acc,train_acc,test_size,train_size,train_block,test_block,test_acc_vote
14,Hand,Rest,39.66429090499878,0.8452380952380952,1.0,"(84, 64, 1000)","(112, 64, 1000)",1234,567,0.7619047619047619
14,Feet,Rest,39.43976879119873,0.8214285714285714,1.0,"(84, 64, 1000)","(112, 64, 1000)",1234,567,0.7976190476190477
14,Tongue,Rest,40.79723381996155,0.7142857142857143,1.0,"(84, 64, 1000)","(112, 64, 1000)",1234,567,0.7023809523809523
14,Mis,Rest,40.9341778755188,0.75,1.0,"(84, 64, 1000)","(112, 64, 1000)",1234,567,0.7261904761904762
