participant,class1,class2,running_time,test_acc,train_acc,test_size,train_size,train_block,test_block,test_acc_vote
4,Hand,Rest,36.86212491989136,0.8928571428571429,1.0,"(84, 64, 1000)","(112, 64, 1000)",1234,567,0.8928571428571429
4,Feet,Rest,36.69114971160889,0.7976190476190477,1.0,"(84, 64, 1000)","(112, 64, 1000)",1234,567,0.7619047619047619
4,Tongue,Rest,38.85489368438721,0.7023809523809523,1.0,"(84, 64, 1000)","(112, 64, 1000)",1234,567,0.6547619047619048
4,Mis,Rest,39.62441658973694,0.75,1.0,"(84, 64, 1000)","(112, 64, 1000)",1234,567,0.7142857142857143
