participant,class1,class2,running_time,test_acc,train_acc,test_size,train_size,train_block,test_block,test_acc_vote
5,Hand,Rest,36.827576875686646,0.7857142857142857,1.0,"(84, 64, 1000)","(112, 64, 1000)",1234,567,0.8095238095238095
5,Feet,Rest,36.69969892501831,0.6428571428571429,1.0,"(84, 64, 1000)","(112, 64, 1000)",1234,567,0.5952380952380952
5,Tongue,Rest,37.63456130027771,0.7023809523809523,1.0,"(84, 64, 1000)","(112, 64, 1000)",1234,567,0.6904761904761905
5,Mis,Rest,37.54834723472595,0.75,1.0,"(84, 64, 1000)","(112, 64, 1000)",1234,567,0.7142857142857143
