participant,class1,class2,running_time,test_acc,train_acc,test_size,train_size,train_block,test_block,test_acc_vote
11,Hand,Rest,55.510902881622314,0.9017857142857144,0.988095238095238,"(112, 64, 1000)","(84, 64, 1000)",123,4567,0.8928571428571429
11,Feet,Rest,54.01854395866394,0.9642857142857144,1.0,"(112, 64, 1000)","(84, 64, 1000)",123,4567,0.9553571428571428
11,Tongue,Rest,56.61899709701538,0.6785714285714286,1.0,"(112, 64, 1000)","(84, 64, 1000)",123,4567,0.6428571428571428
11,Mis,Rest,56.14174461364746,0.7321428571428571,1.0,"(112, 64, 1000)","(84, 64, 1000)",123,4567,0.7053571428571428
