participant,class1,class2,running_time,test_acc,train_acc,test_size,train_size,train_block,test_block,test_acc_vote
3,Hand,Rest,55.671669006347656,0.6785714285714286,0.9523809523809524,"(112, 64, 1000)","(84, 64, 1000)",123,4567,0.6339285714285714
3,Feet,Rest,55.89810252189636,0.5892857142857143,0.9523809523809524,"(112, 64, 1000)","(84, 64, 1000)",123,4567,0.5446428571428572
3,Tongue,Rest,55.73774313926697,0.6875,0.9642857142857144,"(112, 64, 1000)","(84, 64, 1000)",123,4567,0.625
3,Mis,Rest,57.491228103637695,0.7678571428571429,1.0,"(112, 64, 1000)","(84, 64, 1000)",123,4567,0.7410714285714286
