participant,class1,class2,running_time,test_acc,train_acc,test_size,train_size,train_block,test_block,test_acc_vote
11,Hand,Rest,65.1913321018219,0.8928571428571429,1.0,"(112, 64, 1000)","(84, 64, 1000)",123,4567,0.875
11,Feet,Rest,57.88592886924744,0.9196428571428572,1.0,"(112, 64, 1000)","(84, 64, 1000)",123,4567,0.9196428571428572
11,Tongue,Rest,58.000702142715454,0.6160714285714286,1.0,"(112, 64, 1000)","(84, 64, 1000)",123,4567,0.5714285714285714
11,Mis,Rest,57.7094669342041,0.7053571428571429,1.0,"(112, 64, 1000)","(84, 64, 1000)",123,4567,0.6607142857142857
