participant,class1,class2,running_time,test_acc,train_acc,test_size,train_size,train_block,test_block,test_acc_vote
13,Hand,Rest,56.44865679740906,0.75,0.9285714285714286,"(112, 64, 1000)","(84, 64, 1000)",123,4567,0.7053571428571428
13,Feet,Rest,58.23518443107605,0.75,1.0,"(112, 64, 1000)","(84, 64, 1000)",123,4567,0.7053571428571428
13,Tongue,Rest,58.498496294021606,0.8392857142857143,1.0,"(112, 64, 1000)","(84, 64, 1000)",123,4567,0.8035714285714286
13,Mis,Rest,58.62214922904968,0.7678571428571429,1.0,"(112, 64, 1000)","(84, 64, 1000)",123,4567,0.7678571428571428
