participant,class1,class2,running_time,test_acc,train_acc,test_size,train_size,train_block,test_block,test_acc_vote
7,Hand,Rest,56.921544313430786,0.75,1.0,"(112, 64, 1000)","(84, 64, 1000)",123,4567,0.7410714285714286
7,Feet,Rest,69.35962200164795,0.7767857142857143,1.0,"(112, 64, 1000)","(84, 64, 1000)",123,4567,0.7321428571428572
7,Tongue,Rest,69.28066062927246,0.7321428571428571,1.0,"(112, 64, 1000)","(84, 64, 1000)",123,4567,0.7321428571428572
7,Mis,Rest,73.58395838737488,0.6875,1.0,"(112, 64, 1000)","(84, 64, 1000)",123,4567,0.6696428571428572
