participant,class1,class2,running_time,test_acc,train_acc,test_size,train_size,train_block,test_block,test_acc_vote
15,Hand,Rest,44.99898290634155,0.7142857142857143,0.9375,"(28, 64, 1000)","(112, 64, 1000)",1234,28 randomly chosen!,0.8214285714285714
15,Feet,Rest,44.85950565338135,0.8214285714285714,0.9732142857142856,"(28, 64, 1000)","(112, 64, 1000)",1234,28 randomly chosen!,0.9285714285714286
15,Tongue,Rest,45.19136714935303,0.7857142857142857,0.9553571428571428,"(28, 64, 1000)","(112, 64, 1000)",1234,28 randomly chosen!,0.9285714285714286
15,Mis,Rest,45.265464782714844,0.7142857142857143,0.9642857142857143,"(28, 64, 1000)","(112, 64, 1000)",1234,28 randomly chosen!,0.7142857142857143
