participant,class1,class2,running_time,test_acc,train_acc,test_size,train_size,train_block,test_block,test_acc_vote
8,Hand,Rest,42.97239804267883,0.8214285714285714,0.9375,"(28, 64, 1000)","(112, 64, 1000)",1234,28 randomly chosen!,0.8928571428571429
8,Feet,Rest,43.93911004066467,0.7142857142857143,0.9285714285714286,"(28, 64, 1000)","(112, 64, 1000)",1234,28 randomly chosen!,0.7142857142857143
8,Tongue,Rest,43.73398160934448,0.7857142857142857,0.9553571428571428,"(28, 64, 1000)","(112, 64, 1000)",1234,28 randomly chosen!,0.8214285714285714
8,Mis,Rest,43.51352405548096,0.8571428571428571,0.9821428571428571,"(28, 64, 1000)","(112, 64, 1000)",1234,28 randomly chosen!,0.8928571428571429
