class,test_acc,vote_acc
Hand,0.85,0.8357142857142856
Feet,0.8267857142857142,0.8017857142857142
Tongue,0.7678571428571428,0.7339285714285715
Mis,0.7517857142857143,0.7285714285714286
