participant,class1,class2,running_time,test_acc,train_acc,test_size,train_size,train_block,test_block,test_acc_vote
10,Hand,Rest,98.76428747177124,0.694954128440367,0.8868501529051988,"(436, 64, 1000)","(327, 64, 1000)",123,4567,0.7064220183486238
10,Feet,Rest,99.65026617050172,0.7224770642201835,0.8746177370030581,"(436, 64, 1000)","(327, 64, 1000)",123,4567,0.7293577981651376
10,Tongue,Rest,100.46471667289734,0.694954128440367,0.8899082568807339,"(436, 64, 1000)","(327, 64, 1000)",123,4567,0.6972477064220184
10,Mis,Rest,100.39401507377625,0.7408256880733946,0.8899082568807339,"(436, 64, 1000)","(327, 64, 1000)",123,4567,0.7454128440366973
