participant,class1,class2,running_time,test_acc,train_acc,test_size,train_size,train_block,test_block,test_acc_vote
4,Hand,Rest,7.946240663528442,0.5357142857142857,1.0,"(28, 64, 1000)","(28, 64, 1000)",1,28 randomly chosen!,0.5357142857142857
4,Feet,Rest,8.01539134979248,0.5714285714285714,1.0,"(28, 64, 1000)","(28, 64, 1000)",1,28 randomly chosen!,0.6071428571428572
4,Tongue,Rest,7.815097093582153,0.5357142857142857,1.0,"(28, 64, 1000)","(28, 64, 1000)",1,28 randomly chosen!,0.5357142857142857
4,Mis,Rest,8.082415580749512,0.6071428571428571,1.0,"(28, 64, 1000)","(28, 64, 1000)",1,28 randomly chosen!,0.6428571428571428
