class,b1234
Hand,0.8517857142857143
Feet,0.8178571428571428
Tongue,0.7678571428571429
Mis,0.7464285714285714
