class,b1234
Hand,0.87012987012987
Feet,0.8051948051948052
Tongue,0.7792207792207791
Mis,0.7386363636363636
