class,b1234
Hand,0.8571428571428571
Feet,0.8065476190476191
Tongue,0.7767857142857143
Mis,0.75
