class,b1234
Hand,0.8847402597402596
Feet,0.8165584415584416
Tongue,0.728896103896104
Mis,0.7305194805194805
