class,test_acc,vote_acc
Hand,0.9107142857142856,0.875
Feet,0.8035714285714286,0.7678571428571428
Tongue,0.7142857142857143,0.7321428571428572
Mis,0.7678571428571429,0.7321428571428572
