participant,class1,class2,running_time,test_acc,train_acc,test_size,train_size,train_block,test_block
10,Hand,Rest,35.53194332122803,0.7321428571428571,1.0,"(56, 64, 1000)","(140, 64, 1000)",1234,56
10,Feet,Rest,70.82910513877869,0.625,1.0,"(56, 64, 1000)","(140, 64, 1000)",1234,56
10,Tongue,Rest,105.97023677825928,0.75,1.0,"(56, 64, 1000)","(140, 64, 1000)",1234,56
10,Mis,Rest,141.2427532672882,0.8571428571428571,1.0,"(56, 64, 1000)","(140, 64, 1000)",01234,56
