participant,class1,class2,running_time,test_acc,train_acc,test_size,train_size,train_block,test_block
10,Hand,Rest,55.296831369400024,0.7678571428571429,1.0,"(56, 64, 1000)","(140, 64, 1000)",1234,56
10,Feet,Rest,109.38062357902528,0.6785714285714286,1.0,"(56, 64, 1000)","(140, 64, 1000)",1234,56
10,Tongue,Rest,164.6665334701538,0.6785714285714286,1.0,"(56, 64, 1000)","(140, 64, 1000)",1234,56
10,Mis,Rest,219.98414874076843,0.8214285714285714,1.0,"(56, 64, 1000)","(140, 64, 1000)",01234,56
