participant,class1,class2,running_time,test_acc,train_acc,test_size,train_size,train_block,test_block
11,Hand,Rest,57.107675075531006,0.9285714285714286,1.0,"(56, 64, 1000)","(140, 64, 1000)",1234,56
11,Feet,Rest,114.45274353027344,0.9642857142857144,1.0,"(56, 64, 1000)","(140, 64, 1000)",1234,56
11,Tongue,Rest,172.48389506340027,0.6428571428571429,1.0,"(56, 64, 1000)","(140, 64, 1000)",1234,56
11,Mis,Rest,230.71070790290833,0.7142857142857143,1.0,"(56, 64, 1000)","(140, 64, 1000)",01234,56
