participant,class1,class2,running_time,test_acc,train_acc,test_size,train_size,train_block,test_block
11,Hand,Rest,55.31538152694702,0.8571428571428571,1.0,"(56, 64, 1000)","(140, 64, 1000)",1234,56
11,Feet,Rest,109.26587700843812,0.9464285714285714,1.0,"(56, 64, 1000)","(140, 64, 1000)",1234,56
11,Tongue,Rest,165.55319952964783,0.6785714285714286,1.0,"(56, 64, 1000)","(140, 64, 1000)",1234,56
11,Mis,Rest,220.96936917304993,0.75,1.0,"(56, 64, 1000)","(140, 64, 1000)",01234,56
