participant,class1,class2,running_time,test_acc,train_acc,test_size,train_size,train_block,test_block
12,Hand,Rest,54.088743686676025,0.625,1.0,"(56, 64, 1000)","(140, 64, 1000)",1234,56
12,Feet,Rest,109.0437035560608,0.6785714285714286,1.0,"(56, 64, 1000)","(140, 64, 1000)",1234,56
12,Mis,Rest,55.247941970825195,0.7142857142857143,1.0,"(56, 64, 1000)","(140, 64, 1000)",1234,56
12,Tongue,Rest,42.65768814086914,0.75,1.0,"(56, 64, 1000)","(112, 64, 1000)",01234,56
