participant,class1,class2,running_time,test_acc,train_acc,test_size,train_size,train_block,test_block
13,Hand,Rest,50.082775592803955,0.7857142857142857,1.0,"(56, 64, 1000)","(140, 64, 1000)",1234,56
13,Feet,Rest,98.20822882652284,0.8928571428571429,1.0,"(56, 64, 1000)","(140, 64, 1000)",1234,56
13,Tongue,Rest,146.1096909046173,0.8392857142857143,1.0,"(56, 64, 1000)","(140, 64, 1000)",1234,56
13,Mis,Rest,192.96637058258057,0.75,1.0,"(56, 64, 1000)","(140, 64, 1000)",01234,56
