participant,class1,class2,running_time,test_acc,train_acc,test_size,train_size,train_block,test_block
13,Hand,Rest,53.808677434921265,0.9285714285714286,1.0,"(56, 64, 1000)","(140, 64, 1000)",1234,56
13,Feet,Rest,107.89119005203248,0.7142857142857143,1.0,"(56, 64, 1000)","(140, 64, 1000)",1234,56
13,Tongue,Rest,162.4709928035736,0.6785714285714286,1.0,"(56, 64, 1000)","(140, 64, 1000)",1234,56
13,Mis,Rest,216.87437868118286,0.8392857142857143,1.0,"(56, 64, 1000)","(140, 64, 1000)",01234,56
