participant,class1,class2,running_time,test_acc,train_acc,test_size,train_size,train_block,test_block
14,Hand,Rest,56.8347909450531,0.9107142857142856,1.0,"(56, 64, 1000)","(140, 64, 1000)",1234,56
14,Feet,Rest,113.20113682746889,0.8928571428571429,1.0,"(56, 64, 1000)","(140, 64, 1000)",1234,56
14,Tongue,Rest,171.08966517448425,0.7142857142857143,1.0,"(56, 64, 1000)","(140, 64, 1000)",1234,56
14,Mis,Rest,228.84273147583008,0.6071428571428571,1.0,"(56, 64, 1000)","(140, 64, 1000)",01234,56
