participant,class1,class2,running_time,test_acc,train_acc,test_size,train_size,train_block,test_block
3,Hand,Rest,65.369633436203,0.9464285714285714,1.0,"(56, 64, 1000)","(140, 64, 1000)",1234,56
3,Feet,Rest,123.0851423740387,0.6428571428571429,1.0,"(56, 64, 1000)","(140, 64, 1000)",1234,56
3,Tongue,Rest,181.63662576675415,0.8214285714285714,1.0,"(56, 64, 1000)","(140, 64, 1000)",1234,56
3,Mis,Rest,239.81304550170898,0.9107142857142857,1.0,"(56, 64, 1000)","(140, 64, 1000)",01234,56
