participant,class1,class2,running_time,test_acc,train_acc,test_size,train_size,train_block,test_block
3,Hand,Rest,29.407838344573975,0.9464285714285714,1.0,"(56, 64, 1000)","(140, 64, 1000)",1234,56
3,Feet,Rest,57.29607152938843,0.6428571428571429,1.0,"(56, 64, 1000)","(140, 64, 1000)",1234,56
3,Tongue,Rest,84.82149028778076,0.8214285714285714,1.0,"(56, 64, 1000)","(140, 64, 1000)",1234,56
3,Mis,Rest,112.55098009109497,0.9107142857142857,1.0,"(56, 64, 1000)","(140, 64, 1000)",01234,56
