participant,class1,class2,running_time,test_acc,train_acc,test_size,train_size,train_block,test_block
3,Hand,Rest,56.003703355789185,0.9285714285714286,1.0,"(56, 64, 1000)","(140, 64, 1000)",1234,56
3,Feet,Rest,110.88143134117126,0.7142857142857143,1.0,"(56, 64, 1000)","(140, 64, 1000)",1234,56
3,Tongue,Rest,167.2103750705719,0.6785714285714286,1.0,"(56, 64, 1000)","(140, 64, 1000)",1234,56
3,Mis,Rest,222.8413712978363,0.8392857142857143,1.0,"(56, 64, 1000)","(140, 64, 1000)",01234,56
