participant,class1,class2,running_time,test_acc,train_acc,test_size,train_size,train_block,test_block
4,Hand,Rest,56.38428330421448,0.9107142857142856,1.0,"(56, 64, 1000)","(140, 64, 1000)",1234,56
4,Feet,Rest,112.61425018310548,0.8928571428571429,1.0,"(56, 64, 1000)","(140, 64, 1000)",1234,56
4,Tongue,Rest,169.82662081718445,0.7142857142857143,1.0,"(56, 64, 1000)","(140, 64, 1000)",1234,56
4,Mis,Rest,227.12589168548584,0.6071428571428571,1.0,"(56, 64, 1000)","(140, 64, 1000)",01234,56
