participant,class1,class2,running_time,test_acc,train_acc,test_size,train_size,train_block,test_block
4,Hand,Rest,54.678617000579834,0.9464285714285714,0.9928571428571428,"(56, 64, 1000)","(140, 64, 1000)",1234,56
4,Feet,Rest,108.82568359375,0.8571428571428571,1.0,"(56, 64, 1000)","(140, 64, 1000)",1234,56
4,Tongue,Rest,164.17291021347046,0.6785714285714286,1.0,"(56, 64, 1000)","(140, 64, 1000)",1234,56
4,Mis,Rest,220.66323161125183,0.625,1.0,"(56, 64, 1000)","(140, 64, 1000)",01234,56
