participant,class1,class2,running_time,test_acc,train_acc,test_size,train_size,train_block,test_block
5,Hand,Rest,28.60213351249695,0.7678571428571429,1.0,"(56, 64, 1000)","(140, 64, 1000)",1234,56
5,Feet,Rest,55.933188915252686,0.6964285714285714,1.0,"(56, 64, 1000)","(140, 64, 1000)",1234,56
5,Tongue,Rest,84.4811954498291,0.7678571428571429,1.0,"(56, 64, 1000)","(140, 64, 1000)",1234,56
5,Mis,Rest,111.92424035072327,0.7857142857142857,1.0,"(56, 64, 1000)","(140, 64, 1000)",01234,56
