participant,class1,class2,running_time,test_acc,train_acc,test_size,train_size,train_block,test_block
5,Hand,Rest,55.310264348983765,0.8392857142857143,1.0,"(56, 64, 1000)","(140, 64, 1000)",1234,56
5,Feet,Rest,109.37176990509032,0.6785714285714286,1.0,"(56, 64, 1000)","(140, 64, 1000)",1234,56
5,Tongue,Rest,164.5513617992401,0.7321428571428571,1.0,"(56, 64, 1000)","(140, 64, 1000)",1234,56
5,Mis,Rest,220.15397953987122,0.8214285714285714,1.0,"(56, 64, 1000)","(140, 64, 1000)",01234,56
