participant,class1,class2,running_time,test_acc,train_acc,test_size,train_size,train_block,test_block
7,Hand,Rest,57.253281593322754,0.7857142857142857,1.0,"(56, 64, 1000)","(140, 64, 1000)",1234,56
7,Feet,Rest,113.82245111465454,0.9107142857142856,1.0,"(56, 64, 1000)","(140, 64, 1000)",1234,56
7,Tongue,Rest,171.9126751422882,0.6785714285714286,1.0,"(56, 64, 1000)","(140, 64, 1000)",1234,56
7,Mis,Rest,229.13962030410767,0.6428571428571429,1.0,"(56, 64, 1000)","(140, 64, 1000)",01234,56
