participant,class1,class2,running_time,test_acc,train_acc,test_size,train_size,train_block,test_block
8,Hand,Rest,56.45438194274902,0.9107142857142856,1.0,"(56, 64, 1000)","(140, 64, 1000)",1234,56
8,Feet,Rest,110.50444102287292,0.8928571428571429,1.0,"(56, 64, 1000)","(140, 64, 1000)",1234,56
8,Tongue,Rest,165.10490894317627,0.9821428571428572,1.0,"(56, 64, 1000)","(140, 64, 1000)",1234,56
8,Mis,Rest,221.28242921829224,0.5357142857142857,1.0,"(56, 64, 1000)","(140, 64, 1000)",01234,56
