participant,class1,class2,running_time,test_acc,train_acc,test_size,train_size,train_block,test_block
9,Hand,Rest,56.48162913322449,0.9464285714285714,1.0,"(56, 64, 1000)","(140, 64, 1000)",1234,56
9,Feet,Rest,114.0093104839325,0.9285714285714286,1.0,"(56, 64, 1000)","(140, 64, 1000)",1234,56
9,Tongue,Rest,171.2981493473053,0.8035714285714286,1.0,"(56, 64, 1000)","(140, 64, 1000)",1234,56
9,Mis,Rest,229.47638463974,0.7678571428571429,1.0,"(56, 64, 1000)","(140, 64, 1000)",01234,56
