participant,class1,class2,running_time,test_acc,train_acc,test_size,train_size,train_block,test_block
9,Hand,Rest,33.27758479118347,0.9464285714285714,1.0,"(56, 64, 1000)","(140, 64, 1000)",1234,56
9,Feet,Rest,64.1763129234314,0.9285714285714286,1.0,"(56, 64, 1000)","(140, 64, 1000)",1234,56
9,Tongue,Rest,93.93810057640076,0.8035714285714286,1.0,"(56, 64, 1000)","(140, 64, 1000)",1234,56
9,Mis,Rest,123.89854216575623,0.7678571428571429,1.0,"(56, 64, 1000)","(140, 64, 1000)",01234,56
