class,test_acc,vote_acc
Hand,0.8517857142857143,0.8410714285714285
Feet,0.8517857142857144,0.8392857142857144
Tongue,0.7821428571428571,0.75
Mis,0.7678571428571429,0.7553571428571428
