participant,class1,class2,running_time,test_acc,train_acc,test_size,train_size,train_block,test_block,test_acc_vote
11,Hand,Rest,38.69036412239075,0.6160714285714286,1.0,"(112, 64, 1000)","(28, 64, 1000)",1,112 randomly chosen!,0.6517857142857143
11,Feet,Rest,39.710543155670166,0.5982142857142857,1.0,"(112, 64, 1000)","(28, 64, 1000)",1,112 randomly chosen!,0.6517857142857143
11,Tongue,Rest,39.071531772613525,0.6696428571428571,1.0,"(112, 64, 1000)","(28, 64, 1000)",1,112 randomly chosen!,0.7053571428571428
11,Mis,Rest,39.57954120635986,0.5267857142857143,1.0,"(112, 64, 1000)","(28, 64, 1000)",1,112 randomly chosen!,0.5267857142857143
