participant,class1,class2,running_time,test_acc,train_acc,test_size,train_size,train_block,test_block,test_acc_vote
2,Hand,Rest,39.91654658317566,0.9375,1.0,"(112, 64, 1000)","(28, 64, 1000)",1,112 randomly chosen!,0.9821428571428572
2,Feet,Rest,39.25007772445679,0.8660714285714286,1.0,"(112, 64, 1000)","(28, 64, 1000)",1,112 randomly chosen!,0.9464285714285714
2,Tongue,Rest,39.66937971115112,0.8571428571428571,1.0,"(112, 64, 1000)","(28, 64, 1000)",1,112 randomly chosen!,0.9107142857142856
2,Mis,Rest,39.45719766616821,0.5892857142857143,1.0,"(112, 64, 1000)","(28, 64, 1000)",1,112 randomly chosen!,0.5982142857142857
