participant,class1,class2,running_time,test_acc,train_acc,test_size,train_size,train_block,test_block,test_acc_vote
5,Hand,Rest,39.8330557346344,0.5982142857142857,1.0,"(112, 64, 1000)","(28, 64, 1000)",1,112 randomly chosen!,0.6071428571428572
5,Feet,Rest,39.082942485809326,0.5625,1.0,"(112, 64, 1000)","(28, 64, 1000)",1,112 randomly chosen!,0.5446428571428572
5,Tongue,Rest,40.18781113624573,0.6160714285714286,1.0,"(112, 64, 1000)","(28, 64, 1000)",1,112 randomly chosen!,0.6160714285714286
5,Mis,Rest,40.507948875427246,0.7767857142857143,1.0,"(112, 64, 1000)","(28, 64, 1000)",1,112 randomly chosen!,0.9017857142857143
