participant,class1,class2,running_time,test_acc,train_acc,test_size,train_size,train_block,test_block,test_acc_vote
6,Hand,Rest,39.25307941436768,0.6875,1.0,"(112, 64, 1000)","(28, 64, 1000)",1,112 randomly chosen!,0.7142857142857143
6,Feet,Rest,39.588844299316406,0.6964285714285714,1.0,"(112, 64, 1000)","(28, 64, 1000)",1,112 randomly chosen!,0.7410714285714286
6,Tongue,Rest,39.94353675842285,0.5357142857142857,1.0,"(112, 64, 1000)","(28, 64, 1000)",1,112 randomly chosen!,0.5625
6,Mis,Rest,39.44015598297119,0.6875,1.0,"(112, 64, 1000)","(28, 64, 1000)",1,112 randomly chosen!,0.7321428571428572
