participant,class1,class2,running_time,test_acc,train_acc,test_size,train_size,train_block,test_block,test_acc_vote
8,Hand,Rest,40.26097917556763,0.5892857142857143,1.0,"(112, 64, 1000)","(28, 64, 1000)",1,112 randomly chosen!,0.5982142857142857
8,Feet,Rest,39.52067160606384,0.7678571428571429,1.0,"(112, 64, 1000)","(28, 64, 1000)",1,112 randomly chosen!,0.8571428571428572
8,Tongue,Rest,39.767183780670166,0.6071428571428571,1.0,"(112, 64, 1000)","(28, 64, 1000)",1,112 randomly chosen!,0.6339285714285714
8,Mis,Rest,39.52507829666138,0.875,1.0,"(112, 64, 1000)","(28, 64, 1000)",1,112 randomly chosen!,0.9196428571428571
