participant,class1,class2,running_time,test_acc,train_acc,test_size,train_size,train_block,test_block,test_acc_vote
11,Hand,Rest,53.066303730010986,0.6678571428571428,1.0,"(560, 64, 250)","(224, 64, 250)",12,34567,0.6946428571428571
11,Feet,Rest,53.13388752937317,0.6875,1.0,"(560, 64, 250)","(224, 64, 250)",12,34567,0.7
11,Tongue,Rest,54.624446630477905,0.5285714285714286,1.0,"(560, 64, 250)","(224, 64, 250)",12,34567,0.5071428571428571
11,Mis,Rest,54.53747320175171,0.5839285714285715,1.0,"(560, 64, 250)","(224, 64, 250)",12,34567,0.6089285714285715
