participant,class1,class2,running_time,test_acc,train_acc,test_size,train_size,train_block,test_block,test_acc_vote
13,Hand,Rest,53.92950463294983,0.575,1.0,"(560, 64, 250)","(224, 64, 250)",12,34567,0.5767857142857142
13,Feet,Rest,53.31184482574463,0.5714285714285714,1.0,"(560, 64, 250)","(224, 64, 250)",12,34567,0.5553571428571429
13,Tongue,Rest,54.72005248069763,0.6625,1.0,"(560, 64, 250)","(224, 64, 250)",12,34567,0.6928571428571428
13,Mis,Rest,54.57574009895325,0.5035714285714286,1.0,"(560, 64, 250)","(224, 64, 250)",12,34567,0.4982142857142857
