participant,class1,class2,running_time,test_acc,train_acc,test_size,train_size,train_block,test_block,test_acc_vote
4,Hand,Rest,53.48949718475342,0.6089285714285714,1.0,"(560, 64, 250)","(224, 64, 250)",12,34567,0.6125
4,Feet,Rest,52.951730251312256,0.7017857142857142,1.0,"(560, 64, 250)","(224, 64, 250)",12,34567,0.7428571428571429
4,Tongue,Rest,54.86781144142151,0.6625,1.0,"(560, 64, 250)","(224, 64, 250)",12,34567,0.7035714285714285
4,Mis,Rest,54.24552655220032,0.6892857142857143,1.0,"(560, 64, 250)","(224, 64, 250)",12,34567,0.7160714285714286
