participant,class1,class2,running_time,test_acc,train_acc,test_size,train_size,train_block,test_block,test_acc_vote
7,Hand,Rest,52.96521759033203,0.6035714285714285,1.0,"(560, 64, 250)","(224, 64, 250)",12,34567,0.6214285714285714
7,Feet,Rest,53.25494360923767,0.6303571428571428,1.0,"(560, 64, 250)","(224, 64, 250)",12,34567,0.6642857142857144
7,Tongue,Rest,54.240105867385864,0.5821428571428572,1.0,"(560, 64, 250)","(224, 64, 250)",12,34567,0.5732142857142857
7,Mis,Rest,54.71761870384216,0.5785714285714286,1.0,"(560, 64, 250)","(224, 64, 250)",12,34567,0.5892857142857143
