participant,class1,class2,running_time,test_acc,train_acc,test_size,train_size,train_block,test_block,test_acc_vote
11,Hand,Rest,53.39334225654602,0.6,1.0,"(140, 64, 1000)","(56, 64, 1000)",12,34567,0.5571428571428572
11,Feet,Rest,52.27823638916016,0.9214285714285714,1.0,"(140, 64, 1000)","(56, 64, 1000)",12,34567,0.9071428571428573
11,Tongue,Rest,54.27335524559021,0.55,1.0,"(140, 64, 1000)","(56, 64, 1000)",12,34567,0.5285714285714286
11,Mis,Rest,54.84304070472717,0.6357142857142857,1.0,"(140, 64, 1000)","(56, 64, 1000)",12,34567,0.6142857142857143
