participant,class1,class2,running_time,test_acc,train_acc,test_size,train_size,train_block,test_block,test_acc_vote
4,Hand,Rest,53.684983015060425,0.9142857142857144,1.0,"(140, 64, 1000)","(56, 64, 1000)",12,34567,0.9
4,Feet,Rest,52.019800424575806,0.75,1.0,"(140, 64, 1000)","(56, 64, 1000)",12,34567,0.75
4,Tongue,Rest,54.40985441207886,0.8,1.0,"(140, 64, 1000)","(56, 64, 1000)",12,34567,0.7714285714285715
4,Mis,Rest,54.50043225288391,0.5285714285714286,1.0,"(140, 64, 1000)","(56, 64, 1000)",12,34567,0.5357142857142857
