participant,class1,class2,running_time,test_acc,train_acc,test_size,train_size,train_block,test_block,test_acc_vote
11,Hand,Rest,50.67910814285278,0.6071428571428571,0.9642857142857144,"(168, 64, 1000)","(28, 64, 1000)",1,234567,0.5952380952380952
11,Feet,Rest,50.63224387168884,0.8511904761904762,1.0,"(168, 64, 1000)","(28, 64, 1000)",1,234567,0.8154761904761905
11,Tongue,Rest,54.38121223449707,0.5178571428571429,0.9642857142857144,"(168, 64, 1000)","(28, 64, 1000)",1,234567,0.5059523809523809
11,Mis,Rest,52.678287982940674,0.5892857142857143,1.0,"(168, 64, 1000)","(28, 64, 1000)",1,234567,0.5535714285714286
