participant,class1,class2,running_time,test_acc,train_acc,test_size,train_size,train_block,test_block,test_acc_vote
13,Hand,Rest,50.8466854095459,0.7083333333333334,0.9285714285714286,"(168, 64, 1000)","(28, 64, 1000)",1,234567,0.6607142857142857
13,Feet,Rest,51.01430797576904,0.6488095238095238,1.0,"(168, 64, 1000)","(28, 64, 1000)",1,234567,0.6309523809523809
13,Tongue,Rest,53.3922803401947,0.6964285714285714,1.0,"(168, 64, 1000)","(28, 64, 1000)",1,234567,0.7023809523809523
13,Mis,Rest,53.719435930252075,0.7440476190476191,0.9642857142857143,"(168, 64, 1000)","(28, 64, 1000)",1,234567,0.6904761904761905
