participant,class1,class2,running_time,test_acc,train_acc,test_size,train_size,train_block,test_block,test_acc_vote
4,Hand,Rest,53.464470863342285,0.7916666666666666,1.0,"(168, 64, 1000)","(28, 64, 1000)",1,234567,0.7797619047619048
4,Feet,Rest,52.73185324668884,0.7083333333333334,1.0,"(168, 64, 1000)","(28, 64, 1000)",1,234567,0.6785714285714286
4,Tongue,Rest,53.00591731071472,0.6607142857142857,1.0,"(168, 64, 1000)","(28, 64, 1000)",1,234567,0.6309523809523809
4,Mis,Rest,52.768953800201416,0.5654761904761905,1.0,"(168, 64, 1000)","(28, 64, 1000)",1,234567,0.5535714285714286
