participant,class1,class2,running_time,test_acc,train_acc,test_size,train_size,train_block,test_block,test_acc_vote
5,Hand,Rest,52.113932847976685,0.5119047619047619,1.0,"(168, 64, 1000)","(28, 64, 1000)",1,234567,0.4880952380952381
5,Feet,Rest,51.09587049484253,0.5,1.0,"(168, 64, 1000)","(28, 64, 1000)",1,234567,0.5059523809523809
5,Tongue,Rest,52.91571235656738,0.5416666666666666,0.9642857142857144,"(168, 64, 1000)","(28, 64, 1000)",1,234567,0.5238095238095238
5,Mis,Rest,53.440807819366455,0.5178571428571429,1.0,"(168, 64, 1000)","(28, 64, 1000)",1,234567,0.5297619047619048
