participant,class1,class2,running_time,test_acc,train_acc,test_size,train_size,train_block,test_block,test_acc_vote
6,Hand,Rest,51.73119258880615,0.5,1.0,"(168, 64, 1000)","(28, 64, 1000)",1,234567,0.4702380952380952
6,Feet,Rest,52.14320945739746,0.5178571428571429,1.0,"(168, 64, 1000)","(28, 64, 1000)",1,234567,0.5178571428571428
6,Tongue,Rest,52.64402604103088,0.5714285714285714,1.0,"(168, 64, 1000)","(28, 64, 1000)",1,234567,0.5595238095238095
6,Mis,Rest,54.264591693878174,0.5476190476190477,1.0,"(168, 64, 1000)","(28, 64, 1000)",1,234567,0.5595238095238095
