participant,class1,class2,running_time,test_acc,train_acc,test_size,train_size,train_block,test_block,test_acc_vote
14,Hand,Rest,46.2090802192688,0.5779816513761468,1.0,"(218, 64, 1000)","(109, 64, 1000)",1,67,0.5825688073394495
14,Feet,Rest,45.90599513053894,0.6284403669724771,1.0,"(218, 64, 1000)","(109, 64, 1000)",1,67,0.6376146788990826
14,Tongue,Rest,46.377299308776855,0.4449541284403669,1.0,"(218, 64, 1000)","(109, 64, 1000)",1,67,0.4449541284403669
14,Mis,Rest,46.07287311553955,0.5,1.0,"(218, 64, 1000)","(109, 64, 1000)",1,67,0.4954128440366973
