participant,class1,class2,running_time,test_acc,train_acc,test_size,train_size,train_block,test_block,test_acc_vote
15,Hand,Rest,46.42741179466248,0.536697247706422,1.0,"(218, 64, 1000)","(109, 64, 1000)",1,67,0.5137614678899083
15,Feet,Rest,46.16375112533569,0.5275229357798165,1.0,"(218, 64, 1000)","(109, 64, 1000)",1,67,0.518348623853211
15,Tongue,Rest,46.74665331840515,0.573394495412844,1.0,"(218, 64, 1000)","(109, 64, 1000)",1,67,0.5779816513761468
15,Mis,Rest,46.0750036239624,0.5412844036697247,1.0,"(218, 64, 1000)","(109, 64, 1000)",1,67,0.5321100917431192
