participant,class1,class2,running_time,test_acc,train_acc,test_size,train_size,train_block,test_block,test_acc_vote
4,Hand,Rest,47.463770389556885,0.6743119266055045,1.0,"(218, 64, 1000)","(109, 64, 1000)",1,67,0.6834862385321101
4,Feet,Rest,46.83561825752258,0.536697247706422,1.0,"(218, 64, 1000)","(109, 64, 1000)",1,67,0.518348623853211
4,Tongue,Rest,46.475635290145874,0.7293577981651376,1.0,"(218, 64, 1000)","(109, 64, 1000)",1,67,0.7293577981651376
4,Mis,Rest,46.97455644607544,0.5963302752293578,1.0,"(218, 64, 1000)","(109, 64, 1000)",1,67,0.5825688073394495
