participant,class1,class2,running_time,test_acc,train_acc,test_size,train_size,train_block,test_block,test_acc_vote
9,Hand,Rest,47.54161238670349,0.7522935779816514,1.0,"(218, 64, 1000)","(109, 64, 1000)",1,67,0.7568807339449541
9,Feet,Rest,46.365182876586914,0.5779816513761468,1.0,"(218, 64, 1000)","(109, 64, 1000)",1,67,0.5688073394495412
9,Tongue,Rest,46.483596086502075,0.4495412844036697,1.0,"(218, 64, 1000)","(109, 64, 1000)",1,67,0.4311926605504587
9,Mis,Rest,46.367817878723145,0.5045871559633027,1.0,"(218, 64, 1000)","(109, 64, 1000)",1,67,0.4678899082568807
