participant,class1,class2,running_time,test_acc,train_acc,test_size,train_size,train_block,test_block,test_acc_vote
13,Hand,Rest,40.642799615859985,0.75,1.0,"(56, 64, 1000)","(140, 64, 1000)",12345,67,0.7142857142857143
13,Feet,Rest,40.7987961769104,0.8214285714285714,1.0,"(56, 64, 1000)","(140, 64, 1000)",12345,67,0.8035714285714286
13,Tongue,Rest,42.132779121398926,0.7857142857142857,1.0,"(56, 64, 1000)","(140, 64, 1000)",12345,67,0.6964285714285714
13,Mis,Rest,41.87648844718933,0.7678571428571429,1.0,"(56, 64, 1000)","(140, 64, 1000)",12345,67,0.6785714285714286
