participant,class1,class2,running_time,test_acc,train_acc,test_size,train_size,train_block,test_block,test_acc_vote
5,Hand,Rest,40.312657594680786,0.8214285714285714,1.0,"(56, 64, 1000)","(140, 64, 1000)",12345,67,0.8035714285714286
5,Feet,Rest,40.58156204223633,0.6607142857142857,1.0,"(56, 64, 1000)","(140, 64, 1000)",12345,67,0.7321428571428572
5,Tongue,Rest,41.90859580039978,0.7678571428571429,1.0,"(56, 64, 1000)","(140, 64, 1000)",12345,67,0.75
5,Mis,Rest,41.977121353149414,0.875,1.0,"(56, 64, 1000)","(140, 64, 1000)",12345,67,0.8571428571428572
