participant,class1,class2,running_time,test_acc,train_acc,test_size,train_size,train_block,test_block,test_acc_vote
3,Hand,Rest,56.249489307403564,0.7098214285714286,1.0,"(224, 64, 250)","(560, 64, 250)",12345,67,0.7723214285714286
3,Feet,Rest,56.025389194488525,0.6071428571428571,1.0,"(224, 64, 250)","(560, 64, 250)",12345,67,0.6383928571428572
3,Tongue,Rest,57.77212142944336,0.6383928571428571,1.0,"(224, 64, 250)","(560, 64, 250)",12345,67,0.6205357142857143
3,Mis,Rest,57.399224519729614,0.78125,1.0,"(224, 64, 250)","(560, 64, 250)",12345,67,0.8258928571428572
