participant,class1,class2,running_time,test_acc,train_acc,test_size,train_size,train_block,test_block,test_acc_vote
6,Hand,Rest,56.40139126777649,0.7008928571428571,1.0,"(224, 64, 250)","(560, 64, 250)",12345,67,0.7544642857142857
6,Feet,Rest,56.11806535720825,0.6875,1.0,"(224, 64, 250)","(560, 64, 250)",12345,67,0.7410714285714286
6,Tongue,Rest,57.545918226242065,0.6741071428571429,1.0,"(224, 64, 250)","(560, 64, 250)",12345,67,0.71875
6,Mis,Rest,56.88634896278381,0.6383928571428571,1.0,"(224, 64, 250)","(560, 64, 250)",12345,67,0.6696428571428572
