participant,class1,class2,running_time,test_acc,train_acc,test_size,train_size,train_block,test_block,test_acc_vote
7,Hand,Rest,56.089022397994995,0.7455357142857143,1.0,"(224, 64, 250)","(560, 64, 250)",12345,67,0.8125
7,Feet,Rest,55.95724105834961,0.7589285714285714,1.0,"(224, 64, 250)","(560, 64, 250)",12345,67,0.8258928571428572
7,Tongue,Rest,57.44315457344055,0.6919642857142857,1.0,"(224, 64, 250)","(560, 64, 250)",12345,67,0.7678571428571428
7,Mis,Rest,57.25107789039612,0.6205357142857143,1.0,"(224, 64, 250)","(560, 64, 250)",12345,67,0.6339285714285714
