participant,class1,class2,running_time,test_acc,train_acc,test_size,train_size,train_block,test_block,test_acc_vote
19,Hand,Rest,57.39321565628052,0.8660714285714286,0.9241071428571428,"(112, 64, 500)","(224, 64, 500)",1234,67,0.8571428571428572
19,Feet,Rest,57.17791271209717,0.6160714285714286,0.9419642857142856,"(112, 64, 500)","(224, 64, 500)",1234,67,0.5625
19,Tongue,Rest,56.72804570198059,0.8571428571428571,0.9196428571428572,"(112, 64, 500)","(224, 64, 500)",1234,67,0.875
19,Mis,Rest,56.62316036224365,0.7321428571428571,0.9553571428571429,"(112, 64, 500)","(224, 64, 500)",1234,67,0.7589285714285714
