participant,class1,class2,running_time,test_acc,train_acc,test_size,train_size,train_block,test_block,test_acc_vote
5,Hand,Rest,56.50600290298462,0.6875,0.9910714285714286,"(112, 64, 500)","(224, 64, 500)",1234,67,0.7142857142857143
5,Feet,Rest,56.64983344078064,0.6964285714285714,0.96875,"(112, 64, 500)","(224, 64, 500)",1234,67,0.7232142857142857
5,Tongue,Rest,56.53356385231018,0.7946428571428571,0.9419642857142856,"(112, 64, 500)","(224, 64, 500)",1234,67,0.8035714285714286
5,Mis,Rest,56.41087055206299,0.7142857142857143,0.9821428571428571,"(112, 64, 500)","(224, 64, 500)",1234,67,0.6964285714285714
