participant,class1,class2,running_time,test_acc,train_acc,test_size,train_size,train_block,test_block,test_acc_vote
7,Hand,Rest,57.884308099746704,0.7767857142857143,0.9508928571428572,"(112, 64, 500)","(224, 64, 500)",1234,67,0.8125
7,Feet,Rest,56.90432786941528,0.8482142857142857,0.9330357142857144,"(112, 64, 500)","(224, 64, 500)",1234,67,0.8839285714285714
7,Tongue,Rest,57.13492941856384,0.6875,0.9375,"(112, 64, 500)","(224, 64, 500)",1234,67,0.7142857142857143
7,Mis,Rest,57.100772857666016,0.7410714285714286,0.9464285714285714,"(112, 64, 500)","(224, 64, 500)",1234,67,0.7589285714285714
