participant,class1,class2,running_time,test_acc,train_acc,test_size,train_size,train_block,test_block,test_acc_vote
10,Hand,Rest,32.117674827575684,0.6785714285714286,1.0,"(56, 64, 1000)","(56, 64, 1000)",12,67,0.6071428571428572
10,Feet,Rest,32.025384187698364,0.4642857142857143,1.0,"(56, 64, 1000)","(56, 64, 1000)",12,67,0.4821428571428571
10,Tongue,Rest,32.05942177772522,0.5178571428571429,1.0,"(56, 64, 1000)","(56, 64, 1000)",12,67,0.5178571428571428
10,Mis,Rest,35.05576801300049,0.6428571428571429,1.0,"(56, 64, 1000)","(56, 64, 1000)",12,67,0.5714285714285714
