participant,class1,class2,running_time,test_acc,train_acc,test_size,train_size,train_block,test_block,test_acc_vote
11,Hand,Rest,31.78902578353882,0.6428571428571429,1.0,"(56, 64, 1000)","(56, 64, 1000)",12,67,0.6428571428571428
11,Feet,Rest,31.40446662902832,0.9107142857142856,1.0,"(56, 64, 1000)","(56, 64, 1000)",12,67,0.9107142857142856
11,Tongue,Rest,31.5852689743042,0.5178571428571429,1.0,"(56, 64, 1000)","(56, 64, 1000)",12,67,0.5178571428571428
11,Mis,Rest,32.21990346908569,0.6607142857142857,1.0,"(56, 64, 1000)","(56, 64, 1000)",12,67,0.6071428571428572
