participant,class1,class2,running_time,test_acc,train_acc,test_size,train_size,train_block,test_block,test_acc_vote
13,Hand,Rest,31.992274045944217,0.6071428571428571,1.0,"(56, 64, 1000)","(56, 64, 1000)",12,67,0.5535714285714286
13,Feet,Rest,31.334676027297977,0.6607142857142857,1.0,"(56, 64, 1000)","(56, 64, 1000)",12,67,0.5892857142857143
13,Tongue,Rest,31.214259386062626,0.6428571428571429,1.0,"(56, 64, 1000)","(56, 64, 1000)",12,67,0.5714285714285714
13,Mis,Rest,31.54926109313965,0.75,1.0,"(56, 64, 1000)","(56, 64, 1000)",12,67,0.6607142857142857
