participant,class1,class2,running_time,test_acc,train_acc,test_size,train_size,train_block,test_block,test_acc_vote
16,Hand,Rest,31.437201976776123,0.5535714285714286,1.0,"(56, 64, 1000)","(56, 64, 1000)",12,67,0.5178571428571428
16,Feet,Rest,31.119640350341797,0.5535714285714286,1.0,"(56, 64, 1000)","(56, 64, 1000)",12,67,0.5
16,Tongue,Rest,31.257842779159542,0.625,1.0,"(56, 64, 1000)","(56, 64, 1000)",12,67,0.5535714285714286
16,Mis,Rest,32.24563407897949,0.6785714285714286,1.0,"(56, 64, 1000)","(56, 64, 1000)",12,67,0.6428571428571428
