participant,class1,class2,running_time,test_acc,train_acc,test_size,train_size,train_block,test_block,test_acc_vote
18,Hand,Rest,31.77268624305725,0.5178571428571429,1.0,"(56, 64, 1000)","(56, 64, 1000)",12,67,0.5
18,Feet,Rest,31.498322248458862,0.625,1.0,"(56, 64, 1000)","(56, 64, 1000)",12,67,0.5178571428571428
18,Tongue,Rest,31.53282594680786,0.75,1.0,"(56, 64, 1000)","(56, 64, 1000)",12,67,0.7142857142857143
18,Mis,Rest,31.69088125228882,0.6964285714285714,1.0,"(56, 64, 1000)","(56, 64, 1000)",12,67,0.7321428571428572
