participant,class1,class2,running_time,test_acc,train_acc,test_size,train_size,train_block,test_block,test_acc_vote
19,Hand,Rest,31.352957487106323,0.6785714285714286,1.0,"(56, 64, 1000)","(56, 64, 1000)",12,67,0.6428571428571428
19,Feet,Rest,31.4056396484375,0.6071428571428571,1.0,"(56, 64, 1000)","(56, 64, 1000)",12,67,0.4821428571428571
19,Tongue,Rest,31.235960483551025,0.6785714285714286,1.0,"(56, 64, 1000)","(56, 64, 1000)",12,67,0.625
19,Mis,Rest,32.390498876571655,0.6964285714285714,1.0,"(56, 64, 1000)","(56, 64, 1000)",12,67,0.625
