participant,class1,class2,running_time,test_acc,train_acc,test_size,train_size,train_block,test_block,test_acc_vote
4,Hand,Rest,32.652652978897095,0.9285714285714286,1.0,"(56, 64, 1000)","(56, 64, 1000)",12,67,0.9107142857142856
4,Feet,Rest,32.33929705619812,0.7678571428571429,1.0,"(56, 64, 1000)","(56, 64, 1000)",12,67,0.7321428571428572
4,Tongue,Rest,32.098349809646606,0.8035714285714286,1.0,"(56, 64, 1000)","(56, 64, 1000)",12,67,0.8214285714285714
4,Mis,Rest,31.649332523345947,0.5892857142857143,1.0,"(56, 64, 1000)","(56, 64, 1000)",12,67,0.6428571428571428
