participant,class1,class2,running_time,test_acc,train_acc,test_size,train_size,train_block,test_block,test_acc_vote
5,Hand,Rest,31.34990501403809,0.5,1.0,"(56, 64, 1000)","(56, 64, 1000)",12,67,0.4821428571428571
5,Feet,Rest,31.268842458724976,0.5714285714285714,1.0,"(56, 64, 1000)","(56, 64, 1000)",12,67,0.5178571428571428
5,Tongue,Rest,32.26980018615723,0.5357142857142857,1.0,"(56, 64, 1000)","(56, 64, 1000)",12,67,0.5535714285714286
5,Mis,Rest,32.65685176849365,0.5178571428571429,1.0,"(56, 64, 1000)","(56, 64, 1000)",12,67,0.5535714285714286
