participant,class1,class2,running_time,test_acc,train_acc,test_size,train_size,train_block,test_block,test_acc_vote
7,Hand,Rest,31.508898496627808,0.6785714285714286,1.0,"(56, 64, 1000)","(56, 64, 1000)",12,67,0.6964285714285714
7,Feet,Rest,31.85239624977112,0.625,1.0,"(56, 64, 1000)","(56, 64, 1000)",12,67,0.625
7,Tongue,Rest,31.692430019378666,0.625,1.0,"(56, 64, 1000)","(56, 64, 1000)",12,67,0.5892857142857143
7,Mis,Rest,31.90652632713318,0.5357142857142857,1.0,"(56, 64, 1000)","(56, 64, 1000)",12,67,0.5178571428571428
