participant,class1,class2,running_time,test_acc,train_acc,test_size,train_size,train_block,test_block,test_acc_vote
5,Hand,Rest,36.04941248893738,0.6,1.0,"(140, 64, 1000)","(56, 64, 1000)",12,34567,0.6071428571428572
5,Feet,Rest,36.021910667419434,0.6928571428571428,1.0,"(140, 64, 1000)","(56, 64, 1000)",12,34567,0.6714285714285715
5,Tongue,Rest,36.517128229141235,0.7857142857142857,1.0,"(140, 64, 1000)","(56, 64, 1000)",12,34567,0.7642857142857142
5,Mis,Rest,36.61748218536377,0.6071428571428571,1.0,"(140, 64, 1000)","(56, 64, 1000)",12,34567,0.6
