participant,class1,class2,running_time,test_acc,train_acc,test_size,train_size,train_block,test_block,test_acc_vote
3,Hand,Rest,39.424156665802,0.9047619047619048,1.0,"(84, 64, 1000)","(112, 64, 1000)",1234,567,0.8928571428571429
3,Feet,Rest,39.56400632858277,0.5833333333333334,1.0,"(84, 64, 1000)","(112, 64, 1000)",1234,567,0.5119047619047619
3,Tongue,Rest,40.67407178878784,0.7976190476190477,1.0,"(84, 64, 1000)","(112, 64, 1000)",1234,567,0.7619047619047619
3,Mis,Rest,40.77359414100647,0.8214285714285714,1.0,"(84, 64, 1000)","(112, 64, 1000)",1234,567,0.7857142857142857
