participant,class1,class2,running_time,test_acc,train_acc,test_size,train_size,train_block,test_block,test_acc_vote
4,Hand,Rest,39.67043924331665,0.8809523809523809,1.0,"(84, 64, 1000)","(112, 64, 1000)",1234,567,0.8809523809523809
4,Feet,Rest,39.019291639328,0.8214285714285714,1.0,"(84, 64, 1000)","(112, 64, 1000)",1234,567,0.7738095238095238
4,Tongue,Rest,41.1750271320343,0.7261904761904762,1.0,"(84, 64, 1000)","(112, 64, 1000)",1234,567,0.6666666666666667
4,Mis,Rest,41.16385197639465,0.75,1.0,"(84, 64, 1000)","(112, 64, 1000)",1234,567,0.7142857142857143
