class,test_acc,vote_acc
Hand,0.7375,0.7434523809523809
Feet,0.7095238095238093,0.7250000000000001
Tongue,0.718452380952381,0.7523809523809525
Mis,0.736904761904762,0.7541666666666667
