participant,class1,class2,running_time,test_acc,train_acc,test_size,train_size,train_block,test_block,test_acc_vote
11,Hand,Rest,69.7064323425293,0.8214285714285714,1.0,"(112, 64, 500)","(280, 64, 500)",12345,67,0.8214285714285714
11,Feet,Rest,68.79800987243652,0.8571428571428571,1.0,"(112, 64, 500)","(280, 64, 500)",12345,67,0.8571428571428572
11,Tongue,Rest,69.55115675926208,0.6964285714285714,1.0,"(112, 64, 500)","(280, 64, 500)",12345,67,0.6875
11,Mis,Rest,69.56643295288086,0.6785714285714286,1.0,"(112, 64, 500)","(280, 64, 500)",12345,67,0.6696428571428572
