participant,class1,class2,running_time,test_acc,train_acc,test_size,train_size,train_block,test_block,test_acc_vote
13,Hand,Rest,69.53092432022095,0.6607142857142857,0.9321428571428572,"(112, 64, 500)","(280, 64, 500)",12345,67,0.625
13,Feet,Rest,67.63442277908325,0.7410714285714286,0.9785714285714284,"(112, 64, 500)","(280, 64, 500)",12345,67,0.7767857142857143
13,Tongue,Rest,67.79822707176208,0.7767857142857143,0.9857142857142858,"(112, 64, 500)","(280, 64, 500)",12345,67,0.8125
13,Mis,Rest,69.44740033149719,0.7767857142857143,0.9607142857142857,"(112, 64, 500)","(280, 64, 500)",12345,67,0.7857142857142857
