participant,class1,class2,running_time,test_acc,train_acc,test_size,train_size,train_block,test_block,test_acc_vote
17,Hand,Rest,69.21120715141296,0.7946428571428571,0.9821428571428572,"(112, 64, 500)","(280, 64, 500)",12345,67,0.8392857142857143
17,Feet,Rest,68.54757714271545,0.6964285714285714,0.9428571428571428,"(112, 64, 500)","(280, 64, 500)",12345,67,0.7321428571428572
17,Tongue,Rest,69.18026804924011,0.7857142857142857,0.9928571428571428,"(112, 64, 500)","(280, 64, 500)",12345,67,0.8125
17,Mis,Rest,68.02885103225708,0.8571428571428571,0.975,"(112, 64, 500)","(280, 64, 500)",12345,67,0.8571428571428572
