participant,class1,class2,running_time,test_acc,train_acc,test_size,train_size,train_block,test_block,test_acc_vote
19,Hand,Rest,68.96572732925415,0.7589285714285714,0.975,"(112, 64, 500)","(280, 64, 500)",12345,67,0.7767857142857143
19,Feet,Rest,68.73633217811584,0.6517857142857143,1.0,"(112, 64, 500)","(280, 64, 500)",12345,67,0.7053571428571428
19,Tongue,Rest,69.12092924118042,0.8035714285714286,0.9821428571428572,"(112, 64, 500)","(280, 64, 500)",12345,67,0.8303571428571428
19,Mis,Rest,68.56828618049622,0.7321428571428571,1.0,"(112, 64, 500)","(280, 64, 500)",12345,67,0.75
