participant,class1,class2,running_time,test_acc,train_acc,test_size,train_size,train_block,test_block,test_acc_vote
5,Hand,Rest,67.42303824424744,0.7053571428571429,1.0,"(112, 64, 500)","(280, 64, 500)",12345,67,0.7053571428571428
5,Feet,Rest,67.62026929855347,0.7678571428571429,1.0,"(112, 64, 500)","(280, 64, 500)",12345,67,0.7946428571428572
5,Tongue,Rest,69.44308829307556,0.6696428571428571,1.0,"(112, 64, 500)","(280, 64, 500)",12345,67,0.75
5,Mis,Rest,69.56840252876282,0.75,1.0,"(112, 64, 500)","(280, 64, 500)",12345,67,0.8125
