participant,class1,class2,running_time,test_acc,train_acc,test_size,train_size,train_block,test_block,test_acc_vote
6,Hand,Rest,67.89445662498474,0.5714285714285714,0.9964285714285714,"(112, 64, 500)","(280, 64, 500)",12345,67,0.5446428571428572
6,Feet,Rest,67.30310082435608,0.6428571428571429,0.9964285714285714,"(112, 64, 500)","(280, 64, 500)",12345,67,0.6160714285714286
6,Tongue,Rest,69.29481267929077,0.6875,0.9857142857142858,"(112, 64, 500)","(280, 64, 500)",12345,67,0.7053571428571428
6,Mis,Rest,67.88523030281067,0.6785714285714286,0.9892857142857143,"(112, 64, 500)","(280, 64, 500)",12345,67,0.6607142857142857
