participant,class1,class2,running_time,test_acc,train_acc,test_size,train_size,train_block,test_block,test_acc_vote
7,Hand,Rest,69.46819496154785,0.7410714285714286,0.9964285714285714,"(112, 64, 500)","(280, 64, 500)",12345,67,0.7678571428571428
7,Feet,Rest,69.07832837104797,0.7321428571428571,0.9964285714285714,"(112, 64, 500)","(280, 64, 500)",12345,67,0.8035714285714286
7,Tongue,Rest,69.06969165802002,0.6071428571428571,0.9892857142857144,"(112, 64, 500)","(280, 64, 500)",12345,67,0.6339285714285714
7,Mis,Rest,68.65410137176514,0.7142857142857143,0.9785714285714285,"(112, 64, 500)","(280, 64, 500)",12345,67,0.6875
