participant,class1,class2,running_time,test_acc,train_acc,test_size,train_size,train_block,test_block,test_acc_vote
13,Hand,Rest,95.99632263183594,0.6100917431192661,0.8807339449541285,"(218, 64, 1000)","(545, 64, 1000)",12345,67,0.6055045871559632
13,Feet,Rest,97.1832151412964,0.8119266055045872,0.9211009174311928,"(218, 64, 1000)","(545, 64, 1000)",12345,67,0.8165137614678899
13,Tongue,Rest,96.79650020599364,0.7844036697247706,0.9302752293577982,"(218, 64, 1000)","(545, 64, 1000)",12345,67,0.7935779816513762
13,Mis,Rest,97.66937327384949,0.7568807339449541,0.8880733944954129,"(218, 64, 1000)","(545, 64, 1000)",12345,67,0.7522935779816513
