participant,class1,class2,running_time,test_acc,train_acc,test_size,train_size,train_block,test_block,test_acc_vote
14,Hand,Rest,96.72971987724304,0.8715596330275229,0.9614678899082568,"(218, 64, 1000)","(545, 64, 1000)",12345,67,0.8715596330275229
14,Feet,Rest,96.51850748062134,0.7981651376146789,0.9541284403669724,"(218, 64, 1000)","(545, 64, 1000)",12345,67,0.8027522935779816
14,Tongue,Rest,96.65224051475523,0.7431192660550459,0.9559633027522936,"(218, 64, 1000)","(545, 64, 1000)",12345,67,0.7522935779816513
14,Mis,Rest,97.6010069847107,0.7155963302752294,0.9504587155963303,"(218, 64, 1000)","(545, 64, 1000)",12345,67,0.7431192660550459
