participant,class1,class2,running_time,test_acc,train_acc,test_size,train_size,train_block,test_block,test_acc_vote
5,Hand,Rest,95.63059949874878,0.7018348623853211,0.9522935779816514,"(218, 64, 1000)","(545, 64, 1000)",12345,67,0.7155963302752293
5,Feet,Rest,96.37334942817688,0.7706422018348624,0.9504587155963304,"(218, 64, 1000)","(545, 64, 1000)",12345,67,0.7752293577981652
5,Tongue,Rest,97.2906482219696,0.7844036697247706,0.946788990825688,"(218, 64, 1000)","(545, 64, 1000)",12345,67,0.7935779816513762
5,Mis,Rest,97.3669958114624,0.7981651376146789,0.9669724770642202,"(218, 64, 1000)","(545, 64, 1000)",12345,67,0.8027522935779816
