class,test_acc,vote_acc
Hand,0.7464285714285714,0.6845238095238095
Feet,0.7,0.6630952380952382
Tongue,0.6773809523809524,0.6154761904761905
Mis,0.636904761904762,0.6023809523809524
