participant,class1,class2,running_time,test_acc,train_acc,test_size,train_size,train_block,test_block,test_acc_vote
11,Hand,Rest,53.80564522743225,0.8095238095238095,1.0,"(84, 64, 1000)","(112, 64, 1000)",1234,567,0.8214285714285714
11,Feet,Rest,55.50331115722656,0.8928571428571429,1.0,"(84, 64, 1000)","(112, 64, 1000)",1234,567,0.8690476190476191
11,Tongue,Rest,55.33694005012512,0.7142857142857143,1.0,"(84, 64, 1000)","(112, 64, 1000)",1234,567,0.6190476190476191
11,Mis,Rest,55.83093190193176,0.5595238095238095,1.0,"(84, 64, 1000)","(112, 64, 1000)",1234,567,0.5119047619047619
