participant,class1,class2,running_time,test_acc,train_acc,test_size,train_size,train_block,test_block,test_acc_vote
13,Hand,Rest,54.255881786346436,0.6190476190476191,0.9910714285714286,"(84, 64, 1000)","(112, 64, 1000)",1234,567,0.5714285714285714
13,Feet,Rest,53.16993165016174,0.7023809523809523,1.0,"(84, 64, 1000)","(112, 64, 1000)",1234,567,0.7023809523809523
13,Tongue,Rest,54.90703320503235,0.6190476190476191,1.0,"(84, 64, 1000)","(112, 64, 1000)",1234,567,0.5357142857142857
13,Mis,Rest,54.57453179359436,0.7261904761904762,1.0,"(84, 64, 1000)","(112, 64, 1000)",1234,567,0.7023809523809523
