participant,class1,class2,running_time,test_acc,train_acc,test_size,train_size,train_block,test_block,test_acc_vote
3,Hand,Rest,52.72680377960205,0.8214285714285714,1.0,"(84, 64, 1000)","(112, 64, 1000)",1234,567,0.7738095238095238
3,Feet,Rest,52.60337829589844,0.6428571428571429,1.0,"(84, 64, 1000)","(112, 64, 1000)",1234,567,0.5476190476190477
3,Tongue,Rest,54.68747329711914,0.7380952380952381,1.0,"(84, 64, 1000)","(112, 64, 1000)",1234,567,0.6190476190476191
3,Mis,Rest,54.39886474609375,0.6428571428571429,1.0,"(84, 64, 1000)","(112, 64, 1000)",1234,567,0.5476190476190477
