participant,class1,class2,running_time,test_acc,train_acc,test_size,train_size,train_block,test_block,test_acc_vote
7,Hand,Rest,53.715599060058594,0.7380952380952381,1.0,"(84, 64, 1000)","(112, 64, 1000)",1234,567,0.7023809523809523
7,Feet,Rest,53.87912964820862,0.7261904761904762,1.0,"(84, 64, 1000)","(112, 64, 1000)",1234,567,0.7142857142857143
7,Tongue,Rest,54.47477722167969,0.5357142857142857,1.0,"(84, 64, 1000)","(112, 64, 1000)",1234,567,0.5357142857142857
7,Mis,Rest,54.68296718597412,0.5833333333333334,1.0,"(84, 64, 1000)","(112, 64, 1000)",1234,567,0.6309523809523809
