participant,class1,class2,running_time,test_acc,train_acc,test_size,train_size,train_block,test_block,test_acc_vote
9,Hand,Rest,53.823105812072754,0.6785714285714286,1.0,"(84, 64, 1000)","(112, 64, 1000)",1234,567,0.5476190476190477
9,Feet,Rest,53.83617091178894,0.9047619047619048,1.0,"(84, 64, 1000)","(112, 64, 1000)",1234,567,0.8571428571428572
9,Tongue,Rest,55.28194189071655,0.6309523809523809,1.0,"(84, 64, 1000)","(112, 64, 1000)",1234,567,0.5833333333333333
9,Mis,Rest,55.215226888656616,0.6190476190476191,1.0,"(84, 64, 1000)","(112, 64, 1000)",1234,567,0.5476190476190477
