participant,class1,class2,running_time,test_acc,train_acc,test_size,train_size,train_block,test_block,test_acc_vote
13,Hand,Rest,60.380207538604736,0.6666666666666666,0.9285714285714286,"(84, 64, 1000)","(112, 64, 1000)",1234,567,0.5952380952380952
13,Feet,Rest,58.940996170043945,0.8690476190476191,1.0,"(84, 64, 1000)","(112, 64, 1000)",1234,567,0.8571428571428572
13,Tongue,Rest,59.567572593688965,0.8452380952380952,1.0,"(84, 64, 1000)","(112, 64, 1000)",1234,567,0.8214285714285714
13,Mis,Rest,59.22472596168518,0.7380952380952381,0.9821428571428571,"(84, 64, 1000)","(112, 64, 1000)",1234,567,0.7380952380952381
