participant,class1,class2,running_time,test_acc,train_acc,test_size,train_size,train_block,test_block,test_acc_vote
11,Hand,Rest,38.591676473617554,0.6261261261261262,1.0,"(222, 64, 500)","(111, 64, 500)",1,67,0.6216216216216216
11,Feet,Rest,38.18458342552185,0.7702702702702703,1.0,"(222, 64, 500)","(111, 64, 500)",1,67,0.7972972972972973
11,Tongue,Rest,37.16932559013367,0.581081081081081,1.0,"(222, 64, 500)","(111, 64, 500)",1,67,0.5990990990990991
11,Mis,Rest,37.91743278503418,0.5720720720720721,1.0,"(222, 64, 500)","(111, 64, 500)",1,67,0.5630630630630631
