participant,class1,class2,running_time,test_acc,train_acc,test_size,train_size,train_block,test_block,test_acc_vote
17,Hand,Rest,38.04189682006836,0.6396396396396397,0.954954954954955,"(222, 64, 500)","(111, 64, 500)",1,67,0.6486486486486487
17,Feet,Rest,37.74216413497925,0.5990990990990991,0.990990990990991,"(222, 64, 500)","(111, 64, 500)",1,67,0.5855855855855856
17,Tongue,Rest,37.7924542427063,0.7342342342342343,1.0,"(222, 64, 500)","(111, 64, 500)",1,67,0.7432432432432432
17,Mis,Rest,37.36077880859375,0.5315315315315315,0.9819819819819819,"(222, 64, 500)","(111, 64, 500)",1,67,0.5225225225225225
