participant,class1,class2,running_time,test_acc,train_acc,test_size,train_size,train_block,test_block,test_acc_vote
18,Hand,Rest,38.25976514816284,0.5585585585585585,1.0,"(222, 64, 500)","(111, 64, 500)",1,67,0.5405405405405406
18,Feet,Rest,38.07467222213745,0.5495495495495496,0.990990990990991,"(222, 64, 500)","(111, 64, 500)",1,67,0.5405405405405406
18,Tongue,Rest,37.85369324684143,0.7117117117117117,1.0,"(222, 64, 500)","(111, 64, 500)",1,67,0.7297297297297297
18,Mis,Rest,38.55625247955322,0.7027027027027027,0.990990990990991,"(222, 64, 500)","(111, 64, 500)",1,67,0.7162162162162162
