participant,class1,class2,running_time,test_acc,train_acc,test_size,train_size,train_block,test_block,test_acc_vote
14,Hand,Rest,55.31383156776428,0.9404761904761904,0.9910714285714286,"(84, 64, 1000)","(112, 64, 1000)",1234,567,0.9285714285714286
14,Feet,Rest,55.56784534454346,0.8333333333333334,1.0,"(84, 64, 1000)","(112, 64, 1000)",1234,567,0.7976190476190477
14,Tongue,Rest,56.67392039299011,0.6428571428571429,0.9910714285714286,"(84, 64, 1000)","(112, 64, 1000)",1234,567,0.6071428571428572
14,Mis,Rest,58.651135206222534,0.7976190476190477,0.9821428571428571,"(84, 64, 1000)","(112, 64, 1000)",1234,567,0.8095238095238095
