participant,class1,class2,running_time,test_acc,train_acc,test_size,train_size,train_block,test_block,test_acc_vote
3,Hand,Rest,55.7637300491333,0.8333333333333334,0.9732142857142856,"(84, 64, 1000)","(112, 64, 1000)",1234,567,0.7976190476190477
3,Feet,Rest,56.381367683410645,0.6428571428571429,0.9375,"(84, 64, 1000)","(112, 64, 1000)",1234,567,0.5595238095238095
3,Tongue,Rest,57.103111028671265,0.7023809523809523,0.9375,"(84, 64, 1000)","(112, 64, 1000)",1234,567,0.7023809523809523
3,Mis,Rest,58.005707025527954,0.8333333333333334,0.9732142857142857,"(84, 64, 1000)","(112, 64, 1000)",1234,567,0.8333333333333334
