participant,class1,class2,running_time,test_acc,train_acc,test_size,train_size,train_block,test_block,test_acc_vote
5,Hand,Rest,55.541565895080566,0.8095238095238095,0.9821428571428572,"(84, 64, 1000)","(112, 64, 1000)",1234,567,0.75
5,Feet,Rest,55.72779178619385,0.8809523809523809,0.9910714285714286,"(84, 64, 1000)","(112, 64, 1000)",1234,567,0.8690476190476191
5,Tongue,Rest,57.58530592918396,0.7619047619047619,1.0,"(84, 64, 1000)","(112, 64, 1000)",1234,567,0.7261904761904762
5,Mis,Rest,58.38294315338135,0.6785714285714286,1.0,"(84, 64, 1000)","(112, 64, 1000)",1234,567,0.6428571428571428
