participant,class1,class2,running_time,test_acc,train_acc,test_size,train_size,train_block,test_block,test_acc_vote
10,Hand,Rest,52.47059345245361,0.6571428571428571,1.0,"(140, 64, 1000)","(56, 64, 1000)",12,34567,0.6571428571428571
10,Feet,Rest,52.4940721988678,0.5428571428571428,1.0,"(140, 64, 1000)","(56, 64, 1000)",12,34567,0.5571428571428572
10,Tongue,Rest,53.94510245323181,0.5357142857142857,1.0,"(140, 64, 1000)","(56, 64, 1000)",12,34567,0.5071428571428571
10,Mis,Rest,53.98963212966919,0.6285714285714286,1.0,"(140, 64, 1000)","(56, 64, 1000)",12,34567,0.6285714285714286
