participant,class1,class2,running_time,test_acc,train_acc,test_size,train_size,train_block,test_block,test_acc_vote
11,Hand,Rest,52.26344466209411,0.6785714285714286,1.0,"(140, 64, 1000)","(56, 64, 1000)",12,34567,0.65
11,Feet,Rest,52.19777297973633,0.9428571428571428,1.0,"(140, 64, 1000)","(56, 64, 1000)",12,34567,0.9285714285714286
11,Tongue,Rest,54.25799632072449,0.5285714285714286,1.0,"(140, 64, 1000)","(56, 64, 1000)",12,34567,0.5142857142857142
11,Mis,Rest,54.143423080444336,0.6071428571428571,1.0,"(140, 64, 1000)","(56, 64, 1000)",12,34567,0.5714285714285714
