participant,class1,class2,running_time,test_acc,train_acc,test_size,train_size,train_block,test_block,test_acc_vote
5,Hand,Rest,53.178566455841064,0.5214285714285715,1.0,"(140, 64, 1000)","(56, 64, 1000)",12,34567,0.4928571428571429
5,Feet,Rest,53.292821168899536,0.7571428571428571,1.0,"(140, 64, 1000)","(56, 64, 1000)",12,34567,0.7214285714285714
5,Tongue,Rest,53.88878798484802,0.7428571428571429,1.0,"(140, 64, 1000)","(56, 64, 1000)",12,34567,0.7142857142857143
5,Mis,Rest,54.06991791725159,0.4785714285714286,1.0,"(140, 64, 1000)","(56, 64, 1000)",12,34567,0.48571428571428577
