participant,class1,class2,running_time,test_acc,train_acc,test_size,train_size,train_block,test_block,test_acc_vote
9,Hand,Rest,52.458598613739014,0.8785714285714286,1.0,"(140, 64, 1000)","(56, 64, 1000)",12,34567,0.8571428571428572
9,Feet,Rest,52.247557163238525,0.75,1.0,"(140, 64, 1000)","(56, 64, 1000)",12,34567,0.7285714285714286
9,Tongue,Rest,53.8318772315979,0.5642857142857143,1.0,"(140, 64, 1000)","(56, 64, 1000)",12,34567,0.5357142857142857
9,Mis,Rest,53.81535005569458,0.55,1.0,"(140, 64, 1000)","(56, 64, 1000)",12,34567,0.5357142857142857
