participant,class1,class2,running_time,test_acc,train_acc,test_size,train_size,train_block,test_block,test_acc_vote
6,Hand,Rest,35.16262412071228,0.6857142857142857,1.0,"(140, 64, 1000)","(56, 64, 1000)",12,34567,0.6428571428571428
6,Feet,Rest,35.4896764755249,0.5857142857142857,1.0,"(140, 64, 1000)","(56, 64, 1000)",12,34567,0.6142857142857143
6,Tongue,Rest,36.64274573326111,0.65,0.9821428571428572,"(140, 64, 1000)","(56, 64, 1000)",12,34567,0.6142857142857143
6,Mis,Rest,36.41151452064514,0.5,1.0,"(140, 64, 1000)","(56, 64, 1000)",12,34567,0.5357142857142857
