participant,class1,class2,running_time,test_acc,train_acc,test_size,train_size,train_block,test_block,test_acc_vote
11,Hand,Rest,57.98948502540589,0.9285714285714286,0.9571428571428572,"(56, 64, 1000)","(140, 64, 1000)",12345,67,0.9285714285714286
11,Feet,Rest,58.27170395851135,0.8928571428571429,0.9785714285714284,"(56, 64, 1000)","(140, 64, 1000)",12345,67,0.875
11,Tongue,Rest,59.865283489227295,0.7857142857142857,0.8642857142857143,"(56, 64, 1000)","(140, 64, 1000)",12345,67,0.75
11,Mis,Rest,59.89183163642883,0.7142857142857143,0.8928571428571429,"(56, 64, 1000)","(140, 64, 1000)",12345,67,0.6785714285714286
