participant,class1,class2,running_time,test_acc,train_acc,test_size,train_size,train_block,test_block,test_acc_vote
5,Hand,Rest,58.22644257545471,0.7678571428571429,0.8928571428571429,"(56, 64, 1000)","(140, 64, 1000)",12345,67,0.7678571428571428
5,Feet,Rest,59.25490045547485,0.5892857142857143,0.8785714285714286,"(56, 64, 1000)","(140, 64, 1000)",12345,67,0.5535714285714286
5,Tongue,Rest,59.79016852378845,0.8035714285714286,0.9214285714285714,"(56, 64, 1000)","(140, 64, 1000)",12345,67,0.7678571428571428
5,Mis,Rest,59.85197854042053,0.6964285714285714,0.9428571428571428,"(56, 64, 1000)","(140, 64, 1000)",12345,67,0.75
