participant,class1,class2,running_time,test_acc,train_acc,test_size,train_size,train_block,test_block,test_acc_vote
11,Hand,Rest,36.69162654876709,0.8392857142857143,1.0,"(56, 64, 1000)","(140, 64, 1000)",12345,67,0.8571428571428572
11,Feet,Rest,36.416831254959106,0.9464285714285714,0.9928571428571428,"(56, 64, 1000)","(140, 64, 1000)",12345,67,0.9464285714285714
11,Tongue,Rest,41.45145201683045,0.7678571428571429,1.0,"(56, 64, 1000)","(140, 64, 1000)",12345,67,0.8214285714285714
11,Mis,Rest,37.854536056518555,0.625,1.0,"(56, 64, 1000)","(140, 64, 1000)",12345,67,0.5357142857142857
