participant,class1,class2,running_time,test_acc,train_acc,test_size,train_size,train_block,test_block,test_acc_vote
3,Hand,Rest,64.11416864395142,0.9464285714285714,1.0,"(56, 64, 1000)","(140, 64, 1000)",12345,67,0.9464285714285714
3,Feet,Rest,62.433741092681885,0.7142857142857143,1.0,"(56, 64, 1000)","(140, 64, 1000)",12345,67,0.6785714285714286
3,Tongue,Rest,62.930216550827026,0.8214285714285714,1.0,"(56, 64, 1000)","(140, 64, 1000)",12345,67,0.75
3,Mis,Rest,64.86809921264648,0.875,1.0,"(56, 64, 1000)","(140, 64, 1000)",12345,67,0.875
