participant,class1,class2,running_time,test_acc,train_acc,test_size,train_size,train_block,test_block,test_acc_vote
4,Hand,Rest,62.034605503082275,0.9107142857142856,0.9928571428571428,"(56, 64, 1000)","(140, 64, 1000)",12345,67,0.9107142857142856
4,Feet,Rest,63.50856375694275,0.9107142857142856,1.0,"(56, 64, 1000)","(140, 64, 1000)",12345,67,0.8571428571428572
4,Tongue,Rest,64.20722508430481,0.8214285714285714,1.0,"(56, 64, 1000)","(140, 64, 1000)",12345,67,0.8392857142857143
4,Mis,Rest,63.43895149230957,0.5892857142857143,1.0,"(56, 64, 1000)","(140, 64, 1000)",12345,67,0.4821428571428571
