participant,class1,class2,running_time,test_acc,train_acc,test_size,train_size,train_block,test_block,test_acc_vote
5,Hand,Rest,62.88135290145874,0.7857142857142857,1.0,"(56, 64, 1000)","(140, 64, 1000)",12345,67,0.75
5,Feet,Rest,64.21436071395874,0.625,1.0,"(56, 64, 1000)","(140, 64, 1000)",12345,67,0.5892857142857143
5,Tongue,Rest,64.0558066368103,0.8035714285714286,1.0,"(56, 64, 1000)","(140, 64, 1000)",12345,67,0.6964285714285714
5,Mis,Rest,67.72992253303528,0.8035714285714286,1.0,"(56, 64, 1000)","(140, 64, 1000)",12345,67,0.7857142857142857
