participant,class1,class2,running_time,test_acc,train_acc,test_size,train_size,train_block,test_block,test_acc_vote
10,Hand,Rest,61.22361183166504,0.6607142857142857,1.0,"(112, 64, 1000)","(84, 64, 1000)",123,4567,0.6517857142857143
10,Feet,Rest,60.96169090270996,0.7142857142857143,1.0,"(112, 64, 1000)","(84, 64, 1000)",123,4567,0.7232142857142857
10,Tongue,Rest,64.5934100151062,0.75,1.0,"(112, 64, 1000)","(84, 64, 1000)",123,4567,0.7142857142857143
10,Mis,Rest,63.95492100715637,0.6607142857142857,1.0,"(112, 64, 1000)","(84, 64, 1000)",123,4567,0.6160714285714286
