participant,class1,class2,running_time,test_acc,train_acc,test_size,train_size,train_block,test_block,test_acc_vote
13,Hand,Rest,62.518930196762085,0.7142857142857143,1.0,"(112, 64, 1000)","(84, 64, 1000)",123,4567,0.6785714285714286
13,Feet,Rest,60.17125868797302,0.8303571428571429,1.0,"(112, 64, 1000)","(84, 64, 1000)",123,4567,0.8035714285714286
13,Tongue,Rest,63.35633945465088,0.8035714285714286,1.0,"(112, 64, 1000)","(84, 64, 1000)",123,4567,0.7767857142857143
13,Mis,Rest,60.88941311836243,0.7410714285714286,1.0,"(112, 64, 1000)","(84, 64, 1000)",123,4567,0.6964285714285714
