participant,class1,class2,running_time,test_acc,train_acc,test_size,train_size,train_block,test_block,test_acc_vote
14,Hand,Rest,61.90480089187622,0.875,1.0,"(112, 64, 1000)","(84, 64, 1000)",123,4567,0.8303571428571428
14,Feet,Rest,61.8329861164093,0.6160714285714286,1.0,"(112, 64, 1000)","(84, 64, 1000)",123,4567,0.5803571428571428
14,Tongue,Rest,64.66730523109436,0.6160714285714286,1.0,"(112, 64, 1000)","(84, 64, 1000)",123,4567,0.5982142857142857
14,Mis,Rest,63.81136417388916,0.5892857142857143,1.0,"(112, 64, 1000)","(84, 64, 1000)",123,4567,0.5267857142857143
