participant,class1,class2,running_time,test_acc,train_acc,test_size,train_size,train_block,test_block,test_acc_vote
9,Hand,Rest,69.7469847202301,0.9285714285714286,1.0,"(56, 64, 1000)","(140, 64, 1000)",12345,67,0.875
9,Feet,Rest,68.12024545669556,0.9642857142857144,1.0,"(56, 64, 1000)","(140, 64, 1000)",12345,67,0.9821428571428572
9,Tongue,Rest,69.90253329277039,0.7678571428571429,1.0,"(56, 64, 1000)","(140, 64, 1000)",12345,67,0.7142857142857143
9,Mis,Rest,70.35224962234497,0.7678571428571429,1.0,"(56, 64, 1000)","(140, 64, 1000)",12345,67,0.7678571428571428
