participant,class1,class2,running_time,test_acc,train_acc,test_size,train_size,train_block,test_block,test_acc_vote
15,Hand,Rest,69.8093478679657,0.7702702702702703,0.993993993993994,"(222, 64, 500)","(333, 64, 500)",123,67,0.7882882882882882
15,Feet,Rest,70.35909938812256,0.6981981981981982,0.993993993993994,"(222, 64, 500)","(333, 64, 500)",123,67,0.7072072072072072
15,Tongue,Rest,70.45193886756897,0.7027027027027027,0.987987987987988,"(222, 64, 500)","(333, 64, 500)",123,67,0.7252252252252251
15,Mis,Rest,70.62800431251526,0.6441441441441441,0.990990990990991,"(222, 64, 500)","(333, 64, 500)",123,67,0.6441441441441442
