participant,class1,class2,running_time,test_acc,train_acc,test_size,train_size,train_block,test_block,test_acc_vote
17,Hand,Rest,70.82329869270325,0.7702702702702703,0.918918918918919,"(222, 64, 500)","(333, 64, 500)",123,67,0.7702702702702703
17,Feet,Rest,70.37400031089783,0.6666666666666666,0.8828828828828829,"(222, 64, 500)","(333, 64, 500)",123,67,0.6801801801801801
17,Tongue,Rest,70.8933117389679,0.6936936936936937,0.963963963963964,"(222, 64, 500)","(333, 64, 500)",123,67,0.7162162162162162
17,Mis,Rest,71.14456367492676,0.7297297297297297,0.9429429429429429,"(222, 64, 500)","(333, 64, 500)",123,67,0.7297297297297297
