participant,class1,class2,running_time,test_acc,train_acc,test_size,train_size,train_block,test_block,test_acc_vote
6,Hand,Rest,71.1400694847107,0.6846846846846847,0.993993993993994,"(222, 64, 500)","(333, 64, 500)",123,67,0.6891891891891893
6,Feet,Rest,70.47187924385071,0.5720720720720721,0.981981981981982,"(222, 64, 500)","(333, 64, 500)",123,67,0.5810810810810811
6,Tongue,Rest,71.74164080619812,0.6576576576576577,0.984984984984985,"(222, 64, 500)","(333, 64, 500)",123,67,0.6666666666666667
6,Mis,Rest,70.98660206794739,0.6171171171171171,0.984984984984985,"(222, 64, 500)","(333, 64, 500)",123,67,0.6216216216216216
