participant,class1,class2,running_time,test_acc,train_acc,test_size,train_size,train_block,test_block,test_acc_vote
11,Hand,Rest,55.67011880874634,0.8392857142857143,1.0,"(112, 64, 1000)","(84, 64, 1000)",123,4567,0.8214285714285714
11,Feet,Rest,56.22547626495361,0.8928571428571429,1.0,"(112, 64, 1000)","(84, 64, 1000)",123,4567,0.8928571428571429
11,Tongue,Rest,59.72153615951538,0.625,1.0,"(112, 64, 1000)","(84, 64, 1000)",123,4567,0.5982142857142857
11,Mis,Rest,57.60312247276306,0.6964285714285714,1.0,"(112, 64, 1000)","(84, 64, 1000)",123,4567,0.6875
