class,test_acc,vote_acc
Hand,0.8083333333333333,0.7857142857142857
Feet,0.794047619047619,0.7773809523809524
Tongue,0.7261904761904762,0.6976190476190476
Mis,0.738095238095238,0.7
