participant,class1,class2,running_time,test_acc,train_acc,test_size,train_size,train_block,test_block,test_acc_vote
10,Hand,Rest,37.16976189613342,0.7023809523809523,1.0,"(84, 64, 1000)","(112, 64, 1000)",1234,567,0.6547619047619048
10,Feet,Rest,35.47709107398987,0.7023809523809523,1.0,"(84, 64, 1000)","(112, 64, 1000)",1234,567,0.6547619047619048
10,Tongue,Rest,36.50549364089966,0.5714285714285714,1.0,"(84, 64, 1000)","(112, 64, 1000)",1234,567,0.5595238095238095
10,Mis,Rest,36.5493848323822,0.7380952380952381,1.0,"(84, 64, 1000)","(112, 64, 1000)",1234,567,0.6904761904761905
