participant,class1,class2,running_time,test_acc,train_acc,test_size,train_size,train_block,test_block,test_acc_vote
5,Hand,Rest,37.698322772979736,0.8690476190476191,1.0,"(84, 64, 1000)","(112, 64, 1000)",1234,567,0.8809523809523809
5,Feet,Rest,38.33470678329468,0.6666666666666666,1.0,"(84, 64, 1000)","(112, 64, 1000)",1234,567,0.6309523809523809
5,Tongue,Rest,37.794777154922485,0.7738095238095238,1.0,"(84, 64, 1000)","(112, 64, 1000)",1234,567,0.7380952380952381
5,Mis,Rest,36.76675844192505,0.75,1.0,"(84, 64, 1000)","(112, 64, 1000)",1234,567,0.6785714285714286
