participant,class1,class2,running_time,test_acc,train_acc,test_size,train_size,train_block,test_block,test_acc_vote
9,Hand,Rest,32.77042841911316,0.8333333333333334,1.0,"(84, 64, 1000)","(112, 64, 1000)",1234,567,0.8214285714285714
9,Feet,Rest,32.748191356658936,0.9285714285714286,1.0,"(84, 64, 1000)","(112, 64, 1000)",1234,567,0.9404761904761904
9,Tongue,Rest,36.63189148902893,0.8095238095238095,1.0,"(84, 64, 1000)","(112, 64, 1000)",1234,567,0.7619047619047619
9,Mis,Rest,35.07096719741821,0.7857142857142857,1.0,"(84, 64, 1000)","(112, 64, 1000)",1234,567,0.7619047619047619
