participant,class1,class2,running_time,test_acc,train_acc,test_size,train_size,train_block,test_block,test_acc_vote
11,Hand,Rest,53.52375245094299,0.6547619047619048,1.0,"(168, 64, 1000)","(28, 64, 1000)",1,234567,0.6071428571428572
11,Feet,Rest,53.58817219734192,0.6964285714285714,1.0,"(168, 64, 1000)","(28, 64, 1000)",1,234567,0.6488095238095238
11,Tongue,Rest,54.80512881278992,0.6547619047619048,1.0,"(168, 64, 1000)","(28, 64, 1000)",1,234567,0.6071428571428572
11,Mis,Rest,53.9955575466156,0.6071428571428571,1.0,"(168, 64, 1000)","(28, 64, 1000)",1,234567,0.5952380952380952
