participant,class1,class2,running_time,test_acc,train_acc,test_size,train_size,train_block,test_block,test_acc_vote
3,Hand,Rest,54.23329281806946,0.5297619047619048,1.0,"(168, 64, 1000)","(28, 64, 1000)",1,234567,0.5119047619047619
3,Feet,Rest,54.36626172065735,0.6309523809523809,1.0,"(168, 64, 1000)","(28, 64, 1000)",1,234567,0.5714285714285714
3,Tongue,Rest,54.4780158996582,0.6666666666666666,1.0,"(168, 64, 1000)","(28, 64, 1000)",1,234567,0.7083333333333333
3,Mis,Rest,54.66370630264282,0.4583333333333333,1.0,"(168, 64, 1000)","(28, 64, 1000)",1,234567,0.4285714285714286
