participant,class1,class2,running_time,test_acc,train_acc,test_size,train_size,train_block,test_block,test_acc_vote
13,Hand,Rest,85.86391401290894,0.6531531531531531,1.0,"(222, 64, 500)","(444, 64, 500)",1234,67,0.6351351351351351
13,Feet,Rest,86.27300477027893,0.7702702702702703,1.0,"(222, 64, 500)","(444, 64, 500)",1234,67,0.7792792792792793
13,Tongue,Rest,86.54165697097778,0.6936936936936937,1.0,"(222, 64, 500)","(444, 64, 500)",1234,67,0.6936936936936937
13,Mis,Rest,86.24083876609802,0.7162162162162162,1.0,"(222, 64, 500)","(444, 64, 500)",1234,67,0.7072072072072072
