participant,class1,class2,running_time,test_acc,train_acc,test_size,train_size,train_block,test_block,test_acc_vote
7,Hand,Rest,84.91326904296875,0.7252252252252253,1.0,"(222, 64, 500)","(444, 64, 500)",1234,67,0.7657657657657657
7,Feet,Rest,85.12905359268188,0.8108108108108109,1.0,"(222, 64, 500)","(444, 64, 500)",1234,67,0.8288288288288288
7,Tongue,Rest,85.87654328346252,0.6216216216216216,1.0,"(222, 64, 500)","(444, 64, 500)",1234,67,0.6261261261261262
7,Mis,Rest,84.73562121391296,0.7072072072072072,1.0,"(222, 64, 500)","(444, 64, 500)",1234,67,0.7612612612612613
