participant,class1,class2,running_time,test_acc,train_acc,test_size,train_size,train_block,test_block,test_acc_vote
19,Hand,Rest,146.24359703063965,0.7889908256880734,1.0,"(218, 64, 1000)","(545, 64, 1000)",12345,67,0.7752293577981652
19,Feet,Rest,146.46541500091553,0.6238532110091743,1.0,"(218, 64, 1000)","(545, 64, 1000)",12345,67,0.6467889908256881
19,Tongue,Rest,146.21472549438477,0.8532110091743119,1.0,"(218, 64, 1000)","(545, 64, 1000)",12345,67,0.8715596330275229
19,Mis,Rest,146.13833713531494,0.7431192660550459,1.0,"(218, 64, 1000)","(545, 64, 1000)",12345,67,0.7431192660550459
