participant,class1,class2,running_time,test_acc,train_acc,test_size,train_size,train_block,test_block,test_acc_vote
4,Hand,Rest,144.6813886165619,0.8761467889908257,1.0,"(218, 64, 1000)","(545, 64, 1000)",12345,67,0.8807339449541285
4,Feet,Rest,146.30118227005005,0.8486238532110092,1.0,"(218, 64, 1000)","(545, 64, 1000)",12345,67,0.8577981651376146
4,Tongue,Rest,145.0264880657196,0.7568807339449541,1.0,"(218, 64, 1000)","(545, 64, 1000)",12345,67,0.7477064220183487
4,Mis,Rest,145.9272322654724,0.6376146788990825,1.0,"(218, 64, 1000)","(545, 64, 1000)",12345,67,0.6376146788990826
