participant,class1,class2,running_time,test_acc,train_acc,test_size,train_size,train_block,test_block,test_acc_vote
7,Hand,Rest,145.08442378044128,0.8256880733944955,1.0,"(218, 64, 1000)","(545, 64, 1000)",12345,67,0.8394495412844036
7,Feet,Rest,144.31645345687866,0.8073394495412844,1.0,"(218, 64, 1000)","(545, 64, 1000)",12345,67,0.8165137614678899
7,Tongue,Rest,145.1021089553833,0.7018348623853211,1.0,"(218, 64, 1000)","(545, 64, 1000)",12345,67,0.7155963302752293
7,Mis,Rest,144.80237555503845,0.7201834862385321,1.0,"(218, 64, 1000)","(545, 64, 1000)",12345,67,0.7385321100917431
