participant,class1,class2,running_time,test_acc,train_acc,test_size,train_size,train_block,test_block,test_acc_vote
9,Hand,Rest,144.8571457862854,0.8715596330275229,1.0,"(218, 64, 1000)","(545, 64, 1000)",12345,67,0.8669724770642202
9,Feet,Rest,145.67964720726013,0.8440366972477065,1.0,"(218, 64, 1000)","(545, 64, 1000)",12345,67,0.8669724770642202
9,Tongue,Rest,146.13389945030212,0.7660550458715596,1.0,"(218, 64, 1000)","(545, 64, 1000)",12345,67,0.7522935779816513
9,Mis,Rest,146.6188564300537,0.7477064220183486,1.0,"(218, 64, 1000)","(545, 64, 1000)",12345,67,0.7568807339449541
