participant,class1,class2,running_time,test_acc,train_acc,test_size,train_size,train_block,test_block,test_acc_vote
9,Hand,Rest,53.7882227897644,0.7714285714285715,1.0,"(140, 64, 1000)","(56, 64, 1000)",12,34567,0.7642857142857142
9,Feet,Rest,53.782103300094604,0.6285714285714286,1.0,"(140, 64, 1000)","(56, 64, 1000)",12,34567,0.6
9,Tongue,Rest,55.1668643951416,0.5642857142857143,1.0,"(140, 64, 1000)","(56, 64, 1000)",12,34567,0.5214285714285714
9,Mis,Rest,53.15401768684387,0.5642857142857143,1.0,"(140, 64, 1000)","(56, 64, 1000)",12,34567,0.5857142857142856
