participant,class1,class2,running_time,test_acc,train_acc,test_size,train_size,train_block,test_block,test_acc_vote
10,Hand,Rest,103.36222290992735,0.6146788990825688,1.0,"(545, 64, 1000)","(218, 64, 1000)",12,34567,0.6256880733944954
10,Feet,Rest,102.14121270179749,0.6091743119266055,1.0,"(545, 64, 1000)","(218, 64, 1000)",12,34567,0.6073394495412844
10,Tongue,Rest,103.5206537246704,0.5504587155963303,1.0,"(545, 64, 1000)","(218, 64, 1000)",12,34567,0.5541284403669724
10,Mis,Rest,103.86179423332214,0.655045871559633,1.0,"(545, 64, 1000)","(218, 64, 1000)",12,34567,0.653211009174312
