participant,class1,class2,running_time,test_acc,train_acc,test_size,train_size,train_block,test_block,test_acc_vote
13,Hand,Rest,103.20610308647156,0.689908256880734,1.0,"(545, 64, 1000)","(218, 64, 1000)",12,34567,0.6715596330275229
13,Feet,Rest,103.06843328475952,0.7412844036697248,1.0,"(545, 64, 1000)","(218, 64, 1000)",12,34567,0.7688073394495413
13,Tongue,Rest,102.99888253211977,0.7614678899082569,1.0,"(545, 64, 1000)","(218, 64, 1000)",12,34567,0.7743119266055045
13,Mis,Rest,103.57249617576599,0.6770642201834862,1.0,"(545, 64, 1000)","(218, 64, 1000)",12,34567,0.6752293577981652
