participant,class1,class2,running_time,test_acc,train_acc,test_size,train_size,train_block,test_block,test_acc_vote
5,Hand,Rest,102.494802236557,0.5431192660550459,1.0,"(545, 64, 1000)","(218, 64, 1000)",12,34567,0.5376146788990825
5,Feet,Rest,102.34182333946228,0.6623853211009174,1.0,"(545, 64, 1000)","(218, 64, 1000)",12,34567,0.6642201834862385
5,Tongue,Rest,104.28436017036438,0.6770642201834862,1.0,"(545, 64, 1000)","(218, 64, 1000)",12,34567,0.673394495412844
5,Mis,Rest,102.73222208023071,0.5431192660550459,1.0,"(545, 64, 1000)","(218, 64, 1000)",12,34567,0.5541284403669724
