participant,class1,class2,running_time,test_acc,train_acc,test_size,train_size,train_block,test_block,test_acc_vote
16,Hand,Rest,48.29599213600159,0.5504587155963303,1.0,"(218, 64, 1000)","(109, 64, 1000)",1,67,0.5642201834862386
16,Feet,Rest,48.74049353599548,0.6009174311926605,1.0,"(218, 64, 1000)","(109, 64, 1000)",1,67,0.6100917431192661
16,Tongue,Rest,48.88319897651672,0.6284403669724771,1.0,"(218, 64, 1000)","(109, 64, 1000)",1,67,0.6513761467889908
16,Mis,Rest,49.09917163848877,0.6376146788990825,1.0,"(218, 64, 1000)","(109, 64, 1000)",1,67,0.6651376146788991
