participant,class1,class2,running_time,test_acc,train_acc,test_size,train_size,train_block,test_block,test_acc_vote
18,Hand,Rest,48.28139328956604,0.5504587155963303,1.0,"(218, 64, 1000)","(109, 64, 1000)",1,67,0.536697247706422
18,Feet,Rest,48.23480725288391,0.6330275229357798,1.0,"(218, 64, 1000)","(109, 64, 1000)",1,67,0.6376146788990826
18,Tongue,Rest,48.62528705596924,0.7568807339449541,1.0,"(218, 64, 1000)","(109, 64, 1000)",1,67,0.7798165137614679
18,Mis,Rest,48.10813760757446,0.6972477064220184,1.0,"(218, 64, 1000)","(109, 64, 1000)",1,67,0.7201834862385321
