participant,class1,class2,running_time,test_acc,train_acc,test_size,train_size,train_block,test_block,test_acc_vote
4,Hand,Rest,48.02298164367676,0.6788990825688074,1.0,"(218, 64, 1000)","(109, 64, 1000)",1,67,0.6743119266055047
4,Feet,Rest,48.02398753166199,0.518348623853211,1.0,"(218, 64, 1000)","(109, 64, 1000)",1,67,0.536697247706422
4,Tongue,Rest,48.13051700592041,0.7293577981651376,1.0,"(218, 64, 1000)","(109, 64, 1000)",1,67,0.7293577981651376
4,Mis,Rest,48.71188259124756,0.6100917431192661,1.0,"(218, 64, 1000)","(109, 64, 1000)",1,67,0.6100917431192661
