participant,class1,class2,running_time,test_acc,train_acc,test_size,train_size,train_block,test_block,test_acc_vote
11,Hand,Rest,73.21420407295227,0.6299694189602446,1.0,"(654, 64, 1000)","(109, 64, 1000)",1,234567,0.6391437308868502
11,Feet,Rest,74.48974752426147,0.7889908256880734,1.0,"(654, 64, 1000)","(109, 64, 1000)",1,234567,0.8027522935779816
11,Tongue,Rest,74.72543931007385,0.5504587155963303,1.0,"(654, 64, 1000)","(109, 64, 1000)",1,234567,0.5504587155963303
11,Mis,Rest,74.43684411048889,0.518348623853211,0.9908256880733946,"(654, 64, 1000)","(109, 64, 1000)",1,234567,0.5076452599388379
