participant,class1,class2,running_time,test_acc,train_acc,test_size,train_size,train_block,test_block,test_acc_vote
4,Hand,Rest,72.26415801048279,0.6758409785932722,1.0,"(654, 64, 1000)","(109, 64, 1000)",1,234567,0.6712538226299694
4,Feet,Rest,73.38973879814148,0.6422018348623854,0.9908256880733946,"(654, 64, 1000)","(109, 64, 1000)",1,234567,0.6422018348623852
4,Tongue,Rest,72.87496829032898,0.654434250764526,0.9908256880733946,"(654, 64, 1000)","(109, 64, 1000)",1,234567,0.6636085626911314
4,Mis,Rest,74.84885954856873,0.6620795107033639,0.9908256880733946,"(654, 64, 1000)","(109, 64, 1000)",1,234567,0.6712538226299694
