participant,class1,class2,running_time,test_acc,train_acc,test_size,train_size,train_block,test_block,test_acc_vote
6,Hand,Rest,76.03419303894043,0.6406727828746177,0.9908256880733946,"(654, 64, 1000)","(109, 64, 1000)",1,234567,0.6605504587155964
6,Feet,Rest,74.01844263076782,0.5886850152905199,1.0,"(654, 64, 1000)","(109, 64, 1000)",1,234567,0.5902140672782874
6,Tongue,Rest,75.91286373138428,0.5840978593272171,0.9908256880733946,"(654, 64, 1000)","(109, 64, 1000)",1,234567,0.5978593272171253
6,Mis,Rest,75.62580871582031,0.591743119266055,0.9908256880733946,"(654, 64, 1000)","(109, 64, 1000)",1,234567,0.5948012232415902
