participant,class1,class2,running_time,test_acc,train_acc,test_size,train_size,train_block,test_block,test_acc_vote
7,Hand,Rest,74.93811345100403,0.6758409785932722,1.0,"(654, 64, 1000)","(109, 64, 1000)",1,234567,0.6926605504587156
7,Feet,Rest,73.5497317314148,0.555045871559633,0.9908256880733946,"(654, 64, 1000)","(109, 64, 1000)",1,234567,0.5504587155963303
7,Tongue,Rest,74.84674215316772,0.591743119266055,1.0,"(654, 64, 1000)","(109, 64, 1000)",1,234567,0.591743119266055
7,Mis,Rest,73.8543393611908,0.5290519877675841,1.0,"(654, 64, 1000)","(109, 64, 1000)",1,234567,0.5321100917431192
