participant,class1,class2,running_time,test_acc,train_acc,test_size,train_size,train_block,test_block,test_acc_vote
13,Hand,Rest,117.39936590194702,0.7229357798165138,0.9724770642201837,"(545, 64, 1000)","(218, 64, 1000)",12,34567,0.7357798165137615
13,Feet,Rest,117.62401914596558,0.7431192660550459,0.9678899082568808,"(545, 64, 1000)","(218, 64, 1000)",12,34567,0.7431192660550459
13,Tongue,Rest,119.55541658401488,0.7247706422018348,0.9908256880733946,"(545, 64, 1000)","(218, 64, 1000)",12,34567,0.7357798165137615
13,Mis,Rest,119.92695593833923,0.673394495412844,0.9678899082568807,"(545, 64, 1000)","(218, 64, 1000)",12,34567,0.6807339449541284
