participant,class1,class2,running_time,test_acc,train_acc,test_size,train_size,train_block,test_block,test_acc_vote
14,Hand,Rest,118.4540159702301,0.8128440366972477,0.9908256880733946,"(545, 64, 1000)","(218, 64, 1000)",12,34567,0.7981651376146789
14,Feet,Rest,115.15579509735107,0.5889908256880734,1.0,"(545, 64, 1000)","(218, 64, 1000)",12,34567,0.5926605504587156
14,Tongue,Rest,116.0909185409546,0.6220183486238532,0.9954128440366972,"(545, 64, 1000)","(218, 64, 1000)",12,34567,0.6128440366972476
14,Mis,Rest,116.76706790924072,0.5614678899082569,1.0,"(545, 64, 1000)","(218, 64, 1000)",12,34567,0.5706422018348624
