participant,class1,class2,running_time,test_acc,train_acc,test_size,train_size,train_block,test_block,test_acc_vote
4,Hand,Rest,114.32692408561708,0.8,0.9862385321100916,"(545, 64, 1000)","(218, 64, 1000)",12,34567,0.7981651376146789
4,Feet,Rest,116.19969749450684,0.7522935779816514,0.9678899082568808,"(545, 64, 1000)","(218, 64, 1000)",12,34567,0.7577981651376147
4,Tongue,Rest,116.30306243896484,0.7706422018348624,0.9862385321100916,"(545, 64, 1000)","(218, 64, 1000)",12,34567,0.7779816513761468
4,Mis,Rest,115.28719544410706,0.618348623853211,0.981651376146789,"(545, 64, 1000)","(218, 64, 1000)",12,34567,0.6165137614678899
