participant,class1,class2,running_time,test_acc,train_acc,test_size,train_size,train_block,test_block,test_acc_vote
5,Hand,Rest,113.86343145370483,0.6770642201834862,0.9908256880733946,"(545, 64, 1000)","(218, 64, 1000)",12,34567,0.6825688073394496
5,Feet,Rest,115.78347492218018,0.6807339449541284,0.9908256880733946,"(545, 64, 1000)","(218, 64, 1000)",12,34567,0.7027522935779816
5,Tongue,Rest,119.55849933624268,0.7247706422018348,0.9862385321100916,"(545, 64, 1000)","(218, 64, 1000)",12,34567,0.7376146788990825
5,Mis,Rest,118.20295310020447,0.7357798165137615,1.0,"(545, 64, 1000)","(218, 64, 1000)",12,34567,0.7504587155963303
