participant,class1,class2,running_time,test_acc,train_acc,test_size,train_size,train_block,test_block,test_acc_vote
9,Hand,Rest,114.2429223060608,0.8440366972477065,0.9724770642201837,"(545, 64, 1000)","(218, 64, 1000)",12,34567,0.8587155963302753
9,Feet,Rest,116.7648150920868,0.7706422018348624,0.9862385321100916,"(545, 64, 1000)","(218, 64, 1000)",12,34567,0.7779816513761468
9,Tongue,Rest,116.83612060546876,0.4678899082568807,0.9908256880733946,"(545, 64, 1000)","(218, 64, 1000)",12,34567,0.4715596330275229
9,Mis,Rest,115.97438979148865,0.6220183486238532,0.9908256880733946,"(545, 64, 1000)","(218, 64, 1000)",12,34567,0.636697247706422
