participant,class1,class2,running_time,test_acc,train_acc,test_size,train_size,train_block,test_block,test_acc_vote
10,Hand,Rest,38.22440218925476,0.5119047619047619,1.0,"(168, 64, 1000)","(28, 64, 1000)",1,234567,0.5059523809523809
10,Feet,Rest,38.641308069229126,0.5833333333333334,1.0,"(168, 64, 1000)","(28, 64, 1000)",1,234567,0.5476190476190477
10,Tongue,Rest,39.77145767211914,0.6607142857142857,1.0,"(168, 64, 1000)","(28, 64, 1000)",1,234567,0.625
10,Mis,Rest,40.29668426513672,0.5178571428571429,1.0,"(168, 64, 1000)","(28, 64, 1000)",1,234567,0.5059523809523809
