participant,class1,class2,running_time,test_acc,train_acc,test_size,train_size,train_block,test_block,test_acc_vote
13,Hand,Rest,38.46147918701172,0.5476190476190477,1.0,"(168, 64, 1000)","(28, 64, 1000)",1,234567,0.5238095238095238
13,Feet,Rest,38.611422300338745,0.6607142857142857,1.0,"(168, 64, 1000)","(28, 64, 1000)",1,234567,0.6190476190476191
13,Tongue,Rest,39.308459520339966,0.5595238095238095,1.0,"(168, 64, 1000)","(28, 64, 1000)",1,234567,0.5297619047619048
13,Mis,Rest,40.08866763114929,0.625,1.0,"(168, 64, 1000)","(28, 64, 1000)",1,234567,0.6130952380952381
