participant,class1,class2,running_time,test_acc,train_acc,test_size,train_size,train_block,test_block,test_acc_vote
4,Hand,Rest,38.7759964466095,0.8452380952380952,1.0,"(168, 64, 1000)","(28, 64, 1000)",1,234567,0.8154761904761905
4,Feet,Rest,38.223833322525024,0.7559523809523809,1.0,"(168, 64, 1000)","(28, 64, 1000)",1,234567,0.7142857142857143
4,Tongue,Rest,39.702892780303955,0.6369047619047619,1.0,"(168, 64, 1000)","(28, 64, 1000)",1,234567,0.5952380952380952
4,Mis,Rest,39.73548245429993,0.6011904761904762,1.0,"(168, 64, 1000)","(28, 64, 1000)",1,234567,0.5714285714285714
