participant,class1,class2,running_time,test_acc,train_acc,test_size,train_size,train_block,test_block,test_acc_vote
14,Hand,Rest,86.03356719017029,0.7927927927927928,1.0,"(222, 64, 500)","(444, 64, 500)",1234,67,0.8108108108108107
14,Feet,Rest,86.0157105922699,0.6891891891891891,1.0,"(222, 64, 500)","(444, 64, 500)",1234,67,0.6621621621621622
14,Tongue,Rest,86.37757611274719,0.7117117117117117,1.0,"(222, 64, 500)","(444, 64, 500)",1234,67,0.7207207207207207
14,Mis,Rest,86.56121349334717,0.5990990990990991,1.0,"(222, 64, 500)","(444, 64, 500)",1234,67,0.6126126126126126
