participant,class1,class2,running_time,test_acc,train_acc,test_size,train_size,train_block,test_block,test_acc_vote
16,Hand,Rest,84.69371843338013,0.6486486486486487,1.0,"(222, 64, 500)","(444, 64, 500)",1234,67,0.6756756756756757
16,Feet,Rest,84.83128690719604,0.6396396396396397,1.0,"(222, 64, 500)","(444, 64, 500)",1234,67,0.6576576576576576
16,Tongue,Rest,85.99062871932983,0.7252252252252253,1.0,"(222, 64, 500)","(444, 64, 500)",1234,67,0.7657657657657657
16,Mis,Rest,85.37471604347229,0.8018018018018018,1.0,"(222, 64, 500)","(444, 64, 500)",1234,67,0.8198198198198199
