participant,class1,class2,running_time,test_acc,train_acc,test_size,train_size,train_block,test_block,test_acc_vote
17,Hand,Rest,84.37945985794067,0.7657657657657657,1.0,"(222, 64, 500)","(444, 64, 500)",1234,67,0.8063063063063063
17,Feet,Rest,84.69116568565369,0.7162162162162162,1.0,"(222, 64, 500)","(444, 64, 500)",1234,67,0.7477477477477478
17,Tongue,Rest,85.30391025543213,0.6846846846846847,1.0,"(222, 64, 500)","(444, 64, 500)",1234,67,0.7117117117117118
17,Mis,Rest,86.18334293365479,0.7882882882882883,1.0,"(222, 64, 500)","(444, 64, 500)",1234,67,0.7927927927927928
