participant,class1,class2,running_time,test_acc,train_acc,test_size,train_size,train_block,test_block,test_acc_vote
19,Hand,Rest,85.08658361434937,0.8378378378378378,1.0,"(222, 64, 500)","(444, 64, 500)",1234,67,0.8783783783783784
19,Feet,Rest,86.23729062080383,0.6036036036036037,1.0,"(222, 64, 500)","(444, 64, 500)",1234,67,0.5765765765765766
19,Tongue,Rest,85.82677006721497,0.7837837837837838,1.0,"(222, 64, 500)","(444, 64, 500)",1234,67,0.8063063063063063
19,Mis,Rest,85.86528396606445,0.7432432432432432,1.0,"(222, 64, 500)","(444, 64, 500)",1234,67,0.7837837837837838
