participant,class1,class2,running_time,test_acc,train_acc,test_size,train_size,train_block,test_block,test_acc_vote
3,Hand,Rest,85.21868419647217,0.8288288288288288,1.0,"(222, 64, 500)","(444, 64, 500)",1234,67,0.8738738738738738
3,Feet,Rest,84.58251523971558,0.5945945945945946,1.0,"(222, 64, 500)","(444, 64, 500)",1234,67,0.5990990990990991
3,Tongue,Rest,84.7103042602539,0.7072072072072072,1.0,"(222, 64, 500)","(444, 64, 500)",1234,67,0.7342342342342343
3,Mis,Rest,85.1637601852417,0.7702702702702703,1.0,"(222, 64, 500)","(444, 64, 500)",1234,67,0.8108108108108107
