participant,class1,class2,running_time,test_acc,train_acc,test_size,train_size,train_block,test_block,test_acc_vote
5,Hand,Rest,86.06494641304016,0.6486486486486487,1.0,"(222, 64, 500)","(444, 64, 500)",1234,67,0.6486486486486487
5,Feet,Rest,86.0207006931305,0.6396396396396397,1.0,"(222, 64, 500)","(444, 64, 500)",1234,67,0.6711711711711712
5,Tongue,Rest,85.54566645622253,0.7612612612612613,1.0,"(222, 64, 500)","(444, 64, 500)",1234,67,0.7882882882882882
5,Mis,Rest,84.57245469093323,0.7027027027027027,1.0,"(222, 64, 500)","(444, 64, 500)",1234,67,0.7612612612612613
