participant,class1,class2,running_time,test_acc,train_acc,test_size,train_size,train_block,test_block,test_acc_vote
6,Hand,Rest,84.84348106384277,0.6576576576576577,1.0,"(222, 64, 500)","(444, 64, 500)",1234,67,0.6891891891891893
6,Feet,Rest,84.59212160110474,0.6081081081081081,1.0,"(222, 64, 500)","(444, 64, 500)",1234,67,0.5990990990990991
6,Tongue,Rest,86.61211633682251,0.6981981981981982,1.0,"(222, 64, 500)","(444, 64, 500)",1234,67,0.7612612612612613
6,Mis,Rest,84.52585649490356,0.6936936936936937,1.0,"(222, 64, 500)","(444, 64, 500)",1234,67,0.7162162162162162
