participant,class1,class2,running_time,test_acc,train_acc,test_size,train_size,train_block,test_block,test_acc_vote
10,Hand,Rest,53.01147747039795,0.6711711711711712,0.990990990990991,"(222, 64, 500)","(222, 64, 500)",12,67,0.6666666666666667
10,Feet,Rest,52.840981006622314,0.6261261261261262,0.990990990990991,"(222, 64, 500)","(222, 64, 500)",12,67,0.6306306306306306
10,Tongue,Rest,53.19104290008545,0.536036036036036,0.981981981981982,"(222, 64, 500)","(222, 64, 500)",12,67,0.5360360360360361
10,Mis,Rest,53.469477891922,0.6171171171171171,0.9819819819819819,"(222, 64, 500)","(222, 64, 500)",12,67,0.6036036036036037
