participant,class1,class2,running_time,test_acc,train_acc,test_size,train_size,train_block,test_block,test_acc_vote
14,Hand,Rest,52.73155093193054,0.7972972972972973,0.963963963963964,"(222, 64, 500)","(222, 64, 500)",12,67,0.8108108108108107
14,Feet,Rest,53.45026111602783,0.6576576576576577,0.9774774774774776,"(222, 64, 500)","(222, 64, 500)",12,67,0.6531531531531531
14,Tongue,Rest,53.67435359954834,0.6306306306306306,0.9864864864864864,"(222, 64, 500)","(222, 64, 500)",12,67,0.6171171171171171
14,Mis,Rest,52.918044567108154,0.5540540540540541,0.9954954954954955,"(222, 64, 500)","(222, 64, 500)",12,67,0.5540540540540541
