participant,class1,class2,running_time,test_acc,train_acc,test_size,train_size,train_block,test_block,test_acc_vote
5,Hand,Rest,53.02588200569153,0.5630630630630631,0.9954954954954957,"(222, 64, 500)","(222, 64, 500)",12,67,0.5540540540540541
5,Feet,Rest,53.289408922195435,0.6531531531531531,0.9954954954954957,"(222, 64, 500)","(222, 64, 500)",12,67,0.6486486486486487
5,Tongue,Rest,53.99374532699585,0.6171171171171171,0.990990990990991,"(222, 64, 500)","(222, 64, 500)",12,67,0.6171171171171171
5,Mis,Rest,53.50885534286499,0.5630630630630631,0.9954954954954955,"(222, 64, 500)","(222, 64, 500)",12,67,0.5540540540540541
