participant,class1,class2,running_time,test_acc,train_acc,test_size,train_size,train_block,test_block,test_acc_vote
11,Hand,Rest,25.066015243530273,0.5238095238095238,1.0,"(84, 64, 1000)","(56, 64, 1000)",12,84,0.5238095238095238
11,Feet,Rest,27.250098705291748,0.6071428571428571,1.0,"(84, 64, 1000)","(56, 64, 1000)",12,84,0.6190476190476191
11,Tongue,Rest,25.534291982650757,0.6904761904761905,1.0,"(84, 64, 1000)","(56, 64, 1000)",12,84,0.7380952380952381
11,Mis,Rest,27.48900270462036,0.5595238095238095,1.0,"(84, 64, 1000)","(56, 64, 1000)",12,84,0.6071428571428572
