participant,class1,class2,running_time,test_acc,train_acc,test_size,train_size,train_block,test_block,test_acc_vote
13,Hand,Rest,24.121360540390015,0.9761904761904762,1.0,"(84, 64, 1000)","(56, 64, 1000)",12,84,1.0
13,Feet,Rest,27.030595302581787,0.9047619047619048,1.0,"(84, 64, 1000)","(56, 64, 1000)",12,84,1.0
13,Tongue,Rest,21.853399991989136,0.9036144578313252,1.0,"(83, 64, 1000)","(56, 64, 1000)",12,83,0.9397590361445785
13,Mis,Rest,25.63101816177368,0.8795180722891566,1.0,"(83, 64, 1000)","(56, 64, 1000)",12,83,0.8795180722891567
