participant,class1,class2,running_time,test_acc,train_acc,test_size,train_size,train_block,test_block,test_acc_vote
14,Hand,Rest,24.355950832366943,1.0,1.0,"(84, 64, 1000)","(56, 64, 1000)",12,84,1.0
14,Feet,Rest,21.980633020401,0.8809523809523809,1.0,"(84, 64, 1000)","(56, 64, 1000)",12,84,0.9285714285714286
14,Tongue,Rest,24.902095079421997,0.9047619047619048,1.0,"(84, 64, 1000)","(56, 64, 1000)",12,84,0.9523809523809524
14,Mis,Rest,23.209496021270752,0.9285714285714286,1.0,"(84, 64, 1000)","(56, 64, 1000)",12,84,0.9761904761904762
