participant,class1,class2,running_time,test_acc,train_acc,test_size,train_size,train_block,test_block,test_acc_vote
3,Hand,Rest,24.869561910629272,0.8809523809523809,1.0,"(84, 64, 1000)","(56, 64, 1000)",12,84,0.9761904761904762
3,Feet,Rest,27.67341113090515,0.7831325301204819,1.0,"(83, 64, 1000)","(56, 64, 1000)",12,83,0.7831325301204819
3,Tongue,Rest,28.000449419021606,0.6904761904761905,1.0,"(84, 64, 1000)","(56, 64, 1000)",12,84,0.7619047619047619
3,Mis,Rest,25.884983777999878,0.9047619047619048,1.0,"(84, 64, 1000)","(56, 64, 1000)",12,84,0.9761904761904762
