participant,class1,class2,running_time,test_acc,train_acc,test_size,train_size,train_block,test_block,test_acc_vote
4,Hand,Rest,28.40597152709961,0.6428571428571429,1.0,"(84, 64, 1000)","(56, 64, 1000)",12,84,0.7142857142857143
4,Feet,Rest,28.137430906295776,0.5833333333333334,1.0,"(84, 64, 1000)","(56, 64, 1000)",12,84,0.6071428571428572
4,Tongue,Rest,25.331432342529297,0.6309523809523809,1.0,"(84, 64, 1000)","(56, 64, 1000)",12,84,0.6428571428571428
4,Mis,Rest,27.949165105819702,0.6428571428571429,1.0,"(84, 64, 1000)","(56, 64, 1000)",12,84,0.6428571428571428
