participant,class1,class2,running_time,test_acc,train_acc,test_size,train_size,train_block,test_block,test_acc_vote
7,Hand,Rest,26.165756940841675,0.9285714285714286,1.0,"(84, 64, 1000)","(56, 64, 1000)",12,84,1.0
7,Feet,Rest,26.98118758201599,0.9404761904761904,1.0,"(84, 64, 1000)","(56, 64, 1000)",12,84,0.9642857142857144
7,Tongue,Rest,28.648834466934204,0.8928571428571429,1.0,"(84, 64, 1000)","(56, 64, 1000)",12,84,0.9047619047619048
7,Mis,Rest,27.299795389175415,0.8452380952380952,1.0,"(84, 64, 1000)","(56, 64, 1000)",12,84,0.8809523809523809
