participant,class1,class2,running_time,test_acc,train_acc,test_size,train_size,train_block,test_block,test_acc_vote
8,Hand,Rest,27.98491883277893,0.6785714285714286,1.0,"(84, 64, 1000)","(56, 64, 1000)",12,84,0.7261904761904762
8,Feet,Rest,28.16539216041565,0.6785714285714286,1.0,"(84, 64, 1000)","(56, 64, 1000)",12,84,0.7261904761904762
8,Tongue,Rest,26.19980263710022,0.7380952380952381,1.0,"(84, 64, 1000)","(56, 64, 1000)",12,84,0.8214285714285714
8,Mis,Rest,27.747007369995117,0.7738095238095238,1.0,"(84, 64, 1000)","(56, 64, 1000)",12,84,0.7738095238095238
