participant,class1,class2,running_time,test_acc,train_acc,test_size,train_size,train_block,test_block,test_acc_vote
7,Hand,Rest,58.47953653335571,0.8214285714285714,0.9642857142857144,"(56, 64, 1000)","(140, 64, 1000)",12345,67,0.8571428571428572
7,Feet,Rest,58.75369930267334,0.7678571428571429,0.9,"(56, 64, 1000)","(140, 64, 1000)",12345,67,0.7678571428571428
7,Tongue,Rest,62.12359547615051,0.7321428571428571,0.8714285714285714,"(56, 64, 1000)","(140, 64, 1000)",12345,67,0.7142857142857143
7,Mis,Rest,60.34134817123413,0.7678571428571429,0.8142857142857143,"(56, 64, 1000)","(140, 64, 1000)",12345,67,0.75
