participant,class1,class2,running_time,test_acc,train_acc,test_size,train_size,train_block,test_block,test_acc_vote
14,Hand,Rest,77.70425462722778,0.8214285714285714,0.9375,"(224, 64, 250)","(448, 64, 250)",1234,67,0.8303571428571428
14,Feet,Rest,76.42691898345947,0.6919642857142857,0.9352678571428572,"(224, 64, 250)","(448, 64, 250)",1234,67,0.7232142857142857
14,Tongue,Rest,77.39598321914673,0.6205357142857143,0.9330357142857144,"(224, 64, 250)","(448, 64, 250)",1234,67,0.6339285714285714
14,Mis,Rest,77.69354724884033,0.5803571428571429,0.953125,"(224, 64, 250)","(448, 64, 250)",1234,67,0.5892857142857143
