participant,class1,class2,running_time,test_acc,train_acc,test_size,train_size,train_block,test_block,test_acc_vote
15,Hand,Rest,72.67492818832397,0.75,0.9223300970873788,"(224, 64, 250)","(412, 64, 250)",1234,67,0.7991071428571428
15,Feet,Rest,77.1775016784668,0.7142857142857143,0.9486607142857144,"(224, 64, 250)","(448, 64, 250)",1234,67,0.7276785714285714
15,Tongue,Rest,77.34363150596619,0.6607142857142857,0.9151785714285714,"(224, 64, 250)","(448, 64, 250)",1234,67,0.7098214285714286
15,Mis,Rest,77.35253977775574,0.6741071428571429,0.9352678571428571,"(224, 64, 250)","(448, 64, 250)",1234,67,0.6830357142857143
