participant,class1,class2,running_time,test_acc,train_acc,test_size,train_size,train_block,test_block,test_acc_vote
19,Hand,Rest,77.31314969062805,0.7991071428571429,0.8861607142857143,"(224, 64, 250)","(448, 64, 250)",1234,67,0.8214285714285714
19,Feet,Rest,77.16635799407959,0.6205357142857143,0.9107142857142856,"(224, 64, 250)","(448, 64, 250)",1234,67,0.6294642857142857
19,Tongue,Rest,76.69234442710876,0.7544642857142857,0.8794642857142857,"(224, 64, 250)","(448, 64, 250)",1234,67,0.7857142857142857
19,Mis,Rest,77.51943016052246,0.7232142857142857,0.9196428571428571,"(224, 64, 250)","(448, 64, 250)",1234,67,0.7321428571428572
