participant,class1,class2,running_time,test_acc,train_acc,test_size,train_size,train_block,test_block,test_acc_vote
4,Hand,Rest,77.4187970161438,0.8035714285714286,0.9419642857142856,"(224, 64, 250)","(448, 64, 250)",1234,67,0.8169642857142857
4,Feet,Rest,77.60099077224731,0.7232142857142857,0.8928571428571429,"(224, 64, 250)","(448, 64, 250)",1234,67,0.7455357142857143
4,Tongue,Rest,76.59987902641296,0.7366071428571429,0.9151785714285714,"(224, 64, 250)","(448, 64, 250)",1234,67,0.7544642857142857
4,Mis,Rest,76.75462675094604,0.7276785714285714,0.90625,"(224, 64, 250)","(448, 64, 250)",1234,67,0.7232142857142857
