participant,class1,class2,running_time,test_acc,train_acc,test_size,train_size,train_block,test_block,test_acc_vote
9,Hand,Rest,76.95854902267456,0.8258928571428571,0.8950892857142857,"(224, 64, 250)","(448, 64, 250)",1234,67,0.8705357142857143
9,Feet,Rest,76.5990629196167,0.8705357142857143,0.9285714285714286,"(224, 64, 250)","(448, 64, 250)",1234,67,0.9196428571428572
9,Tongue,Rest,76.88666439056396,0.7232142857142857,0.875,"(224, 64, 250)","(448, 64, 250)",1234,67,0.7723214285714286
9,Mis,Rest,77.23713564872742,0.6875,0.9017857142857143,"(224, 64, 250)","(448, 64, 250)",1234,67,0.7455357142857143
