participant,class1,class2,running_time,test_acc,train_acc,test_size,train_size,train_block,test_block,test_acc_vote
10,Hand,Rest,39.15671896934509,0.75,1.0,"(56, 64, 1000)","(140, 64, 1000)",12345,67,0.75
10,Feet,Rest,38.59530544281006,0.6071428571428571,1.0,"(56, 64, 1000)","(140, 64, 1000)",12345,67,0.5892857142857143
10,Tongue,Rest,38.98883533477783,0.75,1.0,"(56, 64, 1000)","(140, 64, 1000)",12345,67,0.6964285714285714
10,Mis,Rest,39.48256492614746,0.6428571428571429,1.0,"(56, 64, 1000)","(140, 64, 1000)",12345,67,0.5357142857142857
