participant,class1,class2,running_time,test_acc,train_acc,test_size,train_size,train_block,test_block,test_acc_vote
14,Hand,Rest,38.05486011505127,0.9107142857142856,1.0,"(56, 64, 1000)","(140, 64, 1000)",12345,67,0.875
14,Feet,Rest,37.70622277259827,0.8214285714285714,1.0,"(56, 64, 1000)","(140, 64, 1000)",12345,67,0.7678571428571428
14,Tongue,Rest,38.62437653541565,0.7857142857142857,1.0,"(56, 64, 1000)","(140, 64, 1000)",12345,67,0.7857142857142857
14,Mis,Rest,39.43993043899536,0.6428571428571429,1.0,"(56, 64, 1000)","(140, 64, 1000)",12345,67,0.6607142857142857
