participant,class1,class2,running_time,test_acc,train_acc,test_size,train_size,train_block,test_block,test_acc_vote
5,Hand,Rest,51.4496488571167,0.8392857142857143,1.0,"(56, 64, 1000)","(140, 64, 1000)",12345,67,0.8214285714285714
5,Feet,Rest,40.0804648399353,0.7678571428571429,1.0,"(56, 64, 1000)","(140, 64, 1000)",12345,67,0.6785714285714286
5,Tongue,Rest,42.50757884979248,0.8214285714285714,1.0,"(56, 64, 1000)","(140, 64, 1000)",12345,67,0.7857142857142857
5,Mis,Rest,39.45627021789551,0.8035714285714286,1.0,"(56, 64, 1000)","(140, 64, 1000)",12345,67,0.8035714285714286
