participant,class1,class2,running_time,test_acc,train_acc,test_size,train_size,train_block,test_block,test_acc_vote
6,Hand,Rest,38.20730447769165,0.7678571428571429,1.0,"(56, 64, 1000)","(140, 64, 1000)",12345,67,0.6964285714285714
6,Feet,Rest,38.05602431297302,0.7678571428571429,1.0,"(56, 64, 1000)","(140, 64, 1000)",12345,67,0.75
6,Tongue,Rest,39.515467405319214,0.8571428571428571,1.0,"(56, 64, 1000)","(140, 64, 1000)",12345,67,0.875
6,Mis,Rest,39.522480726242065,0.75,1.0,"(56, 64, 1000)","(140, 64, 1000)",12345,67,0.7321428571428572
