participant,class1,class2,running_time,test_acc,train_acc,test_size,train_size,train_block,test_block,test_acc_vote
7,Hand,Rest,38.40544295310974,0.875,1.0,"(56, 64, 1000)","(140, 64, 1000)",12345,67,0.8928571428571429
7,Feet,Rest,38.07820892333984,0.8571428571428571,1.0,"(56, 64, 1000)","(140, 64, 1000)",12345,67,0.8571428571428572
7,Tongue,Rest,39.03133010864258,0.6428571428571429,1.0,"(56, 64, 1000)","(140, 64, 1000)",12345,67,0.6071428571428572
7,Mis,Rest,39.131863594055176,0.5535714285714286,1.0,"(56, 64, 1000)","(140, 64, 1000)",12345,67,0.5535714285714286
