participant,class1,class2,running_time,test_acc,train_acc,test_size,train_size,train_block,test_block,test_acc_vote
14,Hand,Rest,51.819005727767944,0.6011904761904762,1.0,"(168, 64, 1000)","(28, 64, 1000)",1,234567,0.5714285714285714
14,Feet,Rest,51.96870470046997,0.5,1.0,"(168, 64, 1000)","(28, 64, 1000)",1,234567,0.4702380952380952
14,Tongue,Rest,52.66446876525879,0.5059523809523809,1.0,"(168, 64, 1000)","(28, 64, 1000)",1,234567,0.5297619047619048
14,Mis,Rest,52.63367795944214,0.5833333333333334,1.0,"(168, 64, 1000)","(28, 64, 1000)",1,234567,0.5892857142857143
