participant,class1,class2,running_time,test_acc,train_acc,test_size,train_size,train_block,test_block,test_acc_vote
3,Hand,Rest,51.43372440338135,0.5714285714285714,1.0,"(168, 64, 1000)","(28, 64, 1000)",1,234567,0.5357142857142857
3,Feet,Rest,54.60226559638977,0.4880952380952381,1.0,"(168, 64, 1000)","(28, 64, 1000)",1,234567,0.4583333333333333
3,Tongue,Rest,55.70799207687378,0.4583333333333333,1.0,"(168, 64, 1000)","(28, 64, 1000)",1,234567,0.4583333333333333
3,Mis,Rest,57.09257507324219,0.4880952380952381,1.0,"(168, 64, 1000)","(28, 64, 1000)",1,234567,0.5
