participant,class1,class2,running_time,test_acc,train_acc,test_size,train_size,train_block,test_block,test_acc_vote
3,Hand,Rest,58.36124014854431,0.9107142857142856,1.0,"(56, 64, 1000)","(140, 64, 1000)",12345,67,0.9107142857142856
3,Feet,Rest,52.19477653503418,0.6964285714285714,1.0,"(56, 64, 1000)","(140, 64, 1000)",12345,67,0.6071428571428572
3,Tongue,Rest,52.339372873306274,0.8035714285714286,1.0,"(56, 64, 1000)","(140, 64, 1000)",12345,67,0.6964285714285714
3,Mis,Rest,58.37102913856506,0.8928571428571429,1.0,"(56, 64, 1000)","(140, 64, 1000)",12345,67,0.8928571428571429
