participant,class1,class2,running_time,test_acc,train_acc,test_size,train_size,train_block,test_block,test_acc_vote
7,Hand,Rest,56.11466598510742,0.8214285714285714,0.9910714285714286,"(84, 64, 1000)","(112, 64, 1000)",1234,567,0.8333333333333334
7,Feet,Rest,55.987921714782715,0.9285714285714286,0.9821428571428572,"(84, 64, 1000)","(112, 64, 1000)",1234,567,0.9404761904761904
7,Tongue,Rest,57.81149435043335,0.7142857142857143,1.0,"(84, 64, 1000)","(112, 64, 1000)",1234,567,0.6785714285714286
7,Mis,Rest,57.26784348487854,0.7738095238095238,0.9464285714285714,"(84, 64, 1000)","(112, 64, 1000)",1234,567,0.7857142857142857
