participant,class1,class2,running_time,test_acc,train_acc,test_size,train_size,train_block,test_block,test_acc_vote
9,Hand,Rest,56.842392683029175,0.9285714285714286,0.9821428571428572,"(84, 64, 1000)","(112, 64, 1000)",1234,567,0.8928571428571429
9,Feet,Rest,56.03608989715576,0.9642857142857144,0.9910714285714286,"(84, 64, 1000)","(112, 64, 1000)",1234,567,0.9523809523809524
9,Tongue,Rest,57.319100856781006,0.7738095238095238,0.9642857142857144,"(84, 64, 1000)","(112, 64, 1000)",1234,567,0.75
9,Mis,Rest,59.39502787590027,0.7261904761904762,0.9464285714285714,"(84, 64, 1000)","(112, 64, 1000)",1234,567,0.6785714285714286
