participant,class1,class2,running_time,test_acc,train_acc,test_size,train_size,train_block,test_block,test_acc_vote
15,Hand,Rest,48.27927899360657,0.6788990825688074,1.0,"(218, 64, 1000)","(109, 64, 1000)",1,67,0.6788990825688073
15,Feet,Rest,48.23322772979736,0.5825688073394495,1.0,"(218, 64, 1000)","(109, 64, 1000)",1,67,0.5688073394495412
15,Tongue,Rest,48.348352909088135,0.6651376146788991,0.9908256880733946,"(218, 64, 1000)","(109, 64, 1000)",1,67,0.6788990825688073
15,Mis,Rest,48.00661301612854,0.5504587155963303,1.0,"(218, 64, 1000)","(109, 64, 1000)",1,67,0.5458715596330275
