participant,class1,class2,running_time,test_acc,train_acc,test_size,train_size,train_block,test_block,test_acc_vote
16,Hand,Rest,48.845330476760864,0.6422018348623854,1.0,"(218, 64, 1000)","(109, 64, 1000)",1,67,0.6422018348623852
16,Feet,Rest,48.93403315544128,0.6009174311926605,1.0,"(218, 64, 1000)","(109, 64, 1000)",1,67,0.5871559633027523
16,Tongue,Rest,48.99724888801575,0.7935779816513762,0.9908256880733946,"(218, 64, 1000)","(109, 64, 1000)",1,67,0.7981651376146789
16,Mis,Rest,49.31175398826599,0.6972477064220184,0.9908256880733946,"(218, 64, 1000)","(109, 64, 1000)",1,67,0.7018348623853211
