participant,class1,class2,running_time,test_acc,train_acc,test_size,train_size,train_block,test_block,test_acc_vote
9,Hand,Rest,49.0708692073822,0.7110091743119266,0.9541284403669724,"(218, 64, 1000)","(109, 64, 1000)",1,67,0.7110091743119267
9,Feet,Rest,48.096378803253174,0.5779816513761468,1.0,"(218, 64, 1000)","(109, 64, 1000)",1,67,0.5779816513761468
9,Tongue,Rest,49.26771426200867,0.573394495412844,1.0,"(218, 64, 1000)","(109, 64, 1000)",1,67,0.5642201834862386
9,Mis,Rest,48.32811641693115,0.39908256880733944,0.981651376146789,"(218, 64, 1000)","(109, 64, 1000)",1,67,0.3853211009174312
