participant,class1,class2,running_time,test_acc,train_acc,test_size,train_size,train_block,test_block,test_acc_vote
10,Hand,Rest,76.65204787254333,0.5259938837920489,1.0,"(654, 64, 1000)","(109, 64, 1000)",1,234567,0.5214067278287462
10,Feet,Rest,76.95145869255066,0.5122324159021406,1.0,"(654, 64, 1000)","(109, 64, 1000)",1,234567,0.5137614678899083
10,Tongue,Rest,78.26690554618835,0.5321100917431193,1.0,"(654, 64, 1000)","(109, 64, 1000)",1,234567,0.5275229357798166
10,Mis,Rest,77.81784844398499,0.636085626911315,1.0,"(654, 64, 1000)","(109, 64, 1000)",1,234567,0.6391437308868502
