participant,class1,class2,running_time,test_acc,train_acc,test_size,train_size,train_block,test_block,test_acc_vote
3,Hand,Rest,75.4745659828186,0.5198776758409785,1.0,"(654, 64, 1000)","(109, 64, 1000)",1,234567,0.5107033639143731
3,Feet,Rest,76.58417415618896,0.5535168195718655,1.0,"(654, 64, 1000)","(109, 64, 1000)",1,234567,0.555045871559633
3,Tongue,Rest,77.64007043838501,0.5321100917431193,1.0,"(654, 64, 1000)","(109, 64, 1000)",1,234567,0.5336391437308868
3,Mis,Rest,76.9619870185852,0.636085626911315,1.0,"(654, 64, 1000)","(109, 64, 1000)",1,234567,0.636085626911315
