participant,class1,class2,running_time,test_acc,train_acc,test_size,train_size,train_block,test_block,test_acc_vote
9,Hand,Rest,75.5153443813324,0.7477064220183486,1.0,"(654, 64, 1000)","(109, 64, 1000)",1,234567,0.7599388379204893
9,Feet,Rest,77.30938458442688,0.5718654434250765,1.0,"(654, 64, 1000)","(109, 64, 1000)",1,234567,0.5688073394495412
9,Tongue,Rest,77.4909553527832,0.3899082568807339,1.0,"(654, 64, 1000)","(109, 64, 1000)",1,234567,0.3853211009174312
9,Mis,Rest,76.73228073120117,0.4724770642201835,1.0,"(654, 64, 1000)","(109, 64, 1000)",1,234567,0.4678899082568807
