class,test_acc,vote_acc
Hand,0.8446428571428571,0.8267857142857145
Feet,0.8160714285714287,0.7964285714285714
Tongue,0.775,0.7446428571428572
Mis,0.7785714285714286,0.7517857142857143
