participant,class1,class2,running_time,test_acc,train_acc,test_size,train_size,train_block,test_block,test_acc_vote
5,Hand,Rest,60.89643168449402,0.8392857142857143,1.0,"(56, 64, 1000)","(140, 64, 1000)",12345,67,0.8214285714285714
5,Feet,Rest,62.71553564071655,0.7142857142857143,1.0,"(56, 64, 1000)","(140, 64, 1000)",12345,67,0.7142857142857143
5,Tongue,Rest,64.30502414703369,0.8035714285714286,1.0,"(56, 64, 1000)","(140, 64, 1000)",12345,67,0.8035714285714286
5,Mis,Rest,63.553221464157104,0.8392857142857143,1.0,"(56, 64, 1000)","(140, 64, 1000)",12345,67,0.8214285714285714
