participant,class1,class2,running_time,test_acc,train_acc,test_size,train_size,train_block,test_block,test_acc_vote
6,Hand,Rest,58.53158664703369,0.6428571428571429,1.0,"(56, 64, 1000)","(140, 64, 1000)",12345,67,0.625
6,Feet,Rest,72.6631076335907,0.8214285714285714,1.0,"(56, 64, 1000)","(140, 64, 1000)",12345,67,0.8392857142857143
6,Tongue,Rest,52.290531873703,0.875,1.0,"(56, 64, 1000)","(140, 64, 1000)",12345,67,0.8571428571428572
6,Mis,Rest,44.348485469818115,0.7142857142857143,1.0,"(56, 64, 1000)","(140, 64, 1000)",12345,67,0.7142857142857143
