participant,class1,class2,running_time,test_acc,train_acc,test_size,train_size,train_block,test_block,test_acc_vote
5,Hand,Rest,77.6519844532013,0.6642201834862386,0.9862385321100916,"(545, 64, 1000)","(218, 64, 1000)",12,34567,0.6587155963302752
5,Feet,Rest,76.95336151123047,0.7045871559633028,0.9954128440366972,"(545, 64, 1000)","(218, 64, 1000)",12,34567,0.7211009174311926
5,Tongue,Rest,80.29596710205078,0.6587155963302752,0.9862385321100916,"(545, 64, 1000)","(218, 64, 1000)",12,34567,0.6660550458715596
5,Mis,Rest,81.54185771942139,0.7431192660550459,0.9954128440366973,"(545, 64, 1000)","(218, 64, 1000)",12,34567,0.7486238532110092
