participant,class1,class2,running_time,test_acc,train_acc,test_size,train_size,train_block,test_block,test_acc_vote
6,Hand,Rest,54.03187298774719,0.6428571428571429,1.0,"(56, 64, 1000)","(140, 64, 1000)",12345,67,0.5892857142857143
6,Feet,Rest,60.263670682907104,0.7857142857142857,1.0,"(56, 64, 1000)","(140, 64, 1000)",12345,67,0.8214285714285714
6,Tongue,Rest,48.30789875984192,0.875,1.0,"(56, 64, 1000)","(140, 64, 1000)",12345,67,0.8928571428571429
6,Mis,Rest,59.24942374229431,0.7321428571428571,1.0,"(56, 64, 1000)","(140, 64, 1000)",12345,67,0.7321428571428572
