participant,class1,class2,running_time,test_acc,train_acc,test_size,train_size,train_block,test_block,test_acc_vote
5,Hand,Rest,52.246501445770264,0.4345238095238095,1.0,"(168, 64, 1000)","(28, 64, 1000)",1,234567,0.4583333333333333
5,Feet,Rest,53.01180720329285,0.4880952380952381,1.0,"(168, 64, 1000)","(28, 64, 1000)",1,234567,0.5119047619047619
5,Tongue,Rest,54.77567195892334,0.4821428571428571,1.0,"(168, 64, 1000)","(28, 64, 1000)",1,234567,0.4642857142857143
5,Mis,Rest,54.987624406814575,0.5535714285714286,1.0,"(168, 64, 1000)","(28, 64, 1000)",1,234567,0.5476190476190477
