participant,class1,class2,running_time,test_acc,train_acc,test_size,train_size,train_block,test_block,test_acc_vote
7,Hand,Rest,52.37853574752808,0.5535714285714286,1.0,"(168, 64, 1000)","(28, 64, 1000)",1,234567,0.5416666666666667
7,Feet,Rest,51.925013303756714,0.5178571428571429,1.0,"(168, 64, 1000)","(28, 64, 1000)",1,234567,0.5238095238095238
7,Tongue,Rest,55.17060327529907,0.5119047619047619,1.0,"(168, 64, 1000)","(28, 64, 1000)",1,234567,0.5059523809523809
7,Mis,Rest,53.606773376464844,0.5416666666666666,1.0,"(168, 64, 1000)","(28, 64, 1000)",1,234567,0.5238095238095238
