class,test_acc,vote_acc
Hand,0.6642857142857143,0.6830357142857142
Feet,0.6410714285714285,0.6589285714285713
Tongue,0.6202380952380954,0.6345238095238096
Mis,0.60625,0.6154761904761905
