participant,class1,class2,running_time,test_acc,train_acc,test_size,train_size,train_block,test_block,test_acc_vote
3,Hand,Rest,49.748045444488525,0.6607142857142857,0.9419642857142856,"(224, 64, 250)","(224, 64, 250)",12,67,0.6696428571428572
3,Feet,Rest,49.534332036972046,0.5982142857142857,0.9642857142857144,"(224, 64, 250)","(224, 64, 250)",12,67,0.6517857142857143
3,Tongue,Rest,49.84113645553589,0.5848214285714286,0.9776785714285714,"(224, 64, 250)","(224, 64, 250)",12,67,0.6116071428571428
3,Mis,Rest,50.15528106689453,0.65625,0.96875,"(224, 64, 250)","(224, 64, 250)",12,67,0.6964285714285714
