participant,class1,class2,running_time,test_acc,train_acc,test_size,train_size,train_block,test_block,test_acc_vote
4,Hand,Rest,49.87960863113403,0.7678571428571429,0.9598214285714286,"(224, 64, 250)","(224, 64, 250)",12,67,0.7678571428571428
4,Feet,Rest,50.23985648155213,0.7366071428571429,0.9464285714285714,"(224, 64, 250)","(224, 64, 250)",12,67,0.7589285714285714
4,Tongue,Rest,50.37427759170532,0.7008928571428571,0.9776785714285714,"(224, 64, 250)","(224, 64, 250)",12,67,0.7276785714285714
4,Mis,Rest,49.96505117416382,0.6383928571428571,0.9732142857142857,"(224, 64, 250)","(224, 64, 250)",12,67,0.6160714285714286
