participant,class1,class2,running_time,test_acc,train_acc,test_size,train_size,train_block,test_block,test_acc_vote
5,Hand,Rest,49.16303253173828,0.4955357142857143,0.9955357142857144,"(224, 64, 250)","(224, 64, 250)",12,67,0.5044642857142857
5,Feet,Rest,49.50394797325134,0.5446428571428571,1.0,"(224, 64, 250)","(224, 64, 250)",12,67,0.5044642857142857
5,Tongue,Rest,49.89091777801514,0.53125,1.0,"(224, 64, 250)","(224, 64, 250)",12,67,0.5714285714285714
5,Mis,Rest,50.38298058509827,0.5669642857142857,0.9955357142857143,"(224, 64, 250)","(224, 64, 250)",12,67,0.5625
