participant,class1,class2,running_time,test_acc,train_acc,test_size,train_size,train_block,test_block,test_acc_vote
9,Hand,Rest,49.232950925827026,0.7678571428571429,0.9508928571428572,"(224, 64, 250)","(224, 64, 250)",12,67,0.8258928571428572
9,Feet,Rest,49.64846086502075,0.7544642857142857,0.9776785714285714,"(224, 64, 250)","(224, 64, 250)",12,67,0.7544642857142857
9,Tongue,Rest,50.652061462402344,0.5446428571428571,1.0,"(224, 64, 250)","(224, 64, 250)",12,67,0.53125
9,Mis,Rest,50.25341558456421,0.5133928571428571,0.9776785714285714,"(224, 64, 250)","(224, 64, 250)",12,67,0.4955357142857143
