participant,class1,class2,running_time,test_acc,train_acc,test_size,train_size,train_block,test_block,test_acc_vote
11,Hand,Rest,35.83670401573181,0.9404761904761904,1.0,"(84, 64, 1000)","(112, 64, 1000)",1234,567,0.9404761904761904
11,Feet,Rest,35.99125385284424,0.9285714285714286,1.0,"(84, 64, 1000)","(112, 64, 1000)",1234,567,0.9166666666666666
11,Tongue,Rest,36.92021441459656,0.6071428571428571,1.0,"(84, 64, 1000)","(112, 64, 1000)",1234,567,0.5833333333333333
11,Mis,Rest,36.638673067092896,0.6428571428571429,1.0,"(84, 64, 1000)","(112, 64, 1000)",1234,567,0.6190476190476191
