participant,class1,class2,running_time,test_acc,train_acc,test_size,train_size,train_block,test_block,test_acc_vote
13,Hand,Rest,35.53923416137695,0.6071428571428571,1.0,"(84, 64, 1000)","(112, 64, 1000)",1234,567,0.5833333333333333
13,Feet,Rest,35.64524030685425,0.8333333333333334,1.0,"(84, 64, 1000)","(112, 64, 1000)",1234,567,0.7738095238095238
13,Tongue,Rest,36.48745918273926,0.8571428571428571,1.0,"(84, 64, 1000)","(112, 64, 1000)",1234,567,0.8214285714285714
13,Mis,Rest,36.56972670555115,0.8095238095238095,1.0,"(84, 64, 1000)","(112, 64, 1000)",1234,567,0.7738095238095238
