participant,class1,class2,running_time,test_acc,train_acc,test_size,train_size,train_block,test_block,test_acc_vote
4,Hand,Rest,36.36451053619385,0.8809523809523809,1.0,"(84, 64, 1000)","(112, 64, 1000)",1234,567,0.8809523809523809
4,Feet,Rest,36.206148862838745,0.8452380952380952,1.0,"(84, 64, 1000)","(112, 64, 1000)",1234,567,0.7738095238095238
4,Tongue,Rest,37.31825280189514,0.7738095238095238,1.0,"(84, 64, 1000)","(112, 64, 1000)",1234,567,0.7142857142857143
4,Mis,Rest,37.35419034957886,0.7142857142857143,1.0,"(84, 64, 1000)","(112, 64, 1000)",1234,567,0.6904761904761905
