participant,class1,class2,running_time,test_acc,train_acc,test_size,train_size,train_block,test_block,test_acc_vote
5,Hand,Rest,36.98221492767334,0.8571428571428571,1.0,"(84, 64, 1000)","(112, 64, 1000)",1234,567,0.8571428571428572
5,Feet,Rest,36.31402063369751,0.6666666666666666,1.0,"(84, 64, 1000)","(112, 64, 1000)",1234,567,0.6071428571428572
5,Tongue,Rest,37.53747034072876,0.75,1.0,"(84, 64, 1000)","(112, 64, 1000)",1234,567,0.75
5,Mis,Rest,37.27021908760071,0.7619047619047619,1.0,"(84, 64, 1000)","(112, 64, 1000)",1234,567,0.6904761904761905
