participant,class1,class2,running_time,test_acc,train_acc,test_size,train_size,train_block,test_block,test_acc_vote
14,Hand,Rest,46.87090229988098,0.8035714285714286,0.9940476190476192,"(112, 64, 500)","(168, 64, 500)",123,67,0.7678571428571428
14,Feet,Rest,46.44600534439087,0.6607142857142857,1.0,"(112, 64, 500)","(168, 64, 500)",123,67,0.6607142857142857
14,Tongue,Rest,47.480931997299194,0.6339285714285714,0.988095238095238,"(112, 64, 500)","(168, 64, 500)",123,67,0.6607142857142857
14,Mis,Rest,47.18262434005737,0.6696428571428571,0.9821428571428571,"(112, 64, 500)","(168, 64, 500)",123,67,0.7678571428571428
