participant,class1,class2,running_time,test_acc,train_acc,test_size,train_size,train_block,test_block,test_acc_vote
16,Hand,Rest,46.450111627578735,0.5982142857142857,1.0,"(112, 64, 500)","(168, 64, 500)",123,67,0.5982142857142857
16,Feet,Rest,47.10304641723633,0.7053571428571429,0.9940476190476192,"(112, 64, 500)","(168, 64, 500)",123,67,0.7232142857142857
16,Tongue,Rest,47.27927899360657,0.7321428571428571,0.9702380952380952,"(112, 64, 500)","(168, 64, 500)",123,67,0.8125
16,Mis,Rest,46.496862173080444,0.75,0.9523809523809523,"(112, 64, 500)","(168, 64, 500)",123,67,0.7767857142857143
