participant,class1,class2,running_time,test_acc,train_acc,test_size,train_size,train_block,test_block,test_acc_vote
18,Hand,Rest,46.698519706726074,0.6696428571428571,0.9583333333333334,"(112, 64, 500)","(168, 64, 500)",123,67,0.6785714285714286
18,Feet,Rest,46.297505378723145,0.6607142857142857,0.9642857142857144,"(112, 64, 500)","(168, 64, 500)",123,67,0.6339285714285714
18,Tongue,Rest,46.637293100357056,0.8125,0.9404761904761904,"(112, 64, 500)","(168, 64, 500)",123,67,0.8125
18,Mis,Rest,46.832475662231445,0.6785714285714286,0.9702380952380952,"(112, 64, 500)","(168, 64, 500)",123,67,0.7678571428571428
