participant,class1,class2,running_time,test_acc,train_acc,test_size,train_size,train_block,test_block,test_acc_vote
3,Hand,Rest,38.001933574676514,0.9107142857142856,0.9714285714285714,"(56, 64, 1000)","(140, 64, 1000)",12345,67,0.8928571428571429
3,Feet,Rest,37.916247606277466,0.6785714285714286,0.9642857142857144,"(56, 64, 1000)","(140, 64, 1000)",12345,67,0.625
3,Tongue,Rest,39.1653048992157,0.8035714285714286,0.9071428571428573,"(56, 64, 1000)","(140, 64, 1000)",12345,67,0.6964285714285714
3,Mis,Rest,38.91002583503723,0.875,0.9785714285714285,"(56, 64, 1000)","(140, 64, 1000)",12345,67,0.875
