participant,class1,class2,running_time,test_acc,train_acc,test_size,train_size,train_block,test_block,test_acc_vote
5,Hand,Rest,37.99318981170654,0.7678571428571429,0.9928571428571428,"(56, 64, 1000)","(140, 64, 1000)",12345,67,0.7142857142857143
5,Feet,Rest,37.843199253082275,0.9285714285714286,0.9928571428571428,"(56, 64, 1000)","(140, 64, 1000)",12345,67,0.9285714285714286
5,Tongue,Rest,38.645174741744995,0.7857142857142857,0.9785714285714284,"(56, 64, 1000)","(140, 64, 1000)",12345,67,0.75
5,Mis,Rest,39.060911417007446,0.875,1.0,"(56, 64, 1000)","(140, 64, 1000)",12345,67,0.875
