participant,class1,class2,running_time,test_acc,train_acc,test_size,train_size,train_block,test_block,test_acc_vote
7,Hand,Rest,38.015119552612305,0.8035714285714286,1.0,"(56, 64, 1000)","(140, 64, 1000)",12345,67,0.8035714285714286
7,Feet,Rest,38.18470239639282,0.8392857142857143,0.9928571428571428,"(56, 64, 1000)","(140, 64, 1000)",12345,67,0.8571428571428572
7,Tongue,Rest,39.14380884170532,0.8035714285714286,0.9857142857142858,"(56, 64, 1000)","(140, 64, 1000)",12345,67,0.8035714285714286
7,Mis,Rest,39.11765432357788,0.7142857142857143,0.9642857142857143,"(56, 64, 1000)","(140, 64, 1000)",12345,67,0.6964285714285714
