participant,class1,class2,running_time,test_acc,train_acc,test_size,train_size,train_block,test_block,test_acc_vote
13,Hand,Rest,92.21430277824402,0.6696428571428571,1.0,"(224, 64, 250)","(560, 64, 250)",12345,67,0.6785714285714286
13,Feet,Rest,91.16639757156372,0.78125,1.0,"(224, 64, 250)","(560, 64, 250)",12345,67,0.8169642857142857
13,Tongue,Rest,91.50274181365968,0.7544642857142857,1.0,"(224, 64, 250)","(560, 64, 250)",12345,67,0.7544642857142857
13,Mis,Rest,91.3279676437378,0.7098214285714286,1.0,"(224, 64, 250)","(560, 64, 250)",12345,67,0.7098214285714286
