participant,class1,class2,running_time,test_acc,train_acc,test_size,train_size,train_block,test_block,test_acc_vote
15,Hand,Rest,88.7421383857727,0.7857142857142857,1.0,"(224, 64, 250)","(524, 64, 250)",12345,67,0.8392857142857143
15,Feet,Rest,92.76658415794373,0.6830357142857143,1.0,"(224, 64, 250)","(560, 64, 250)",12345,67,0.6875
15,Tongue,Rest,92.8550112247467,0.7321428571428571,1.0,"(224, 64, 250)","(560, 64, 250)",12345,67,0.7544642857142857
15,Mis,Rest,92.05414628982544,0.6517857142857143,1.0,"(224, 64, 250)","(560, 64, 250)",12345,67,0.6651785714285714
