participant,class1,class2,running_time,test_acc,train_acc,test_size,train_size,train_block,test_block,test_acc_vote
16,Hand,Rest,91.86257004737854,0.6517857142857143,1.0,"(224, 64, 250)","(560, 64, 250)",12345,67,0.6919642857142857
16,Feet,Rest,91.31462025642396,0.6339285714285714,1.0,"(224, 64, 250)","(560, 64, 250)",12345,67,0.6294642857142857
16,Tongue,Rest,93.20351338386536,0.7723214285714286,1.0,"(224, 64, 250)","(560, 64, 250)",12345,67,0.8080357142857143
16,Mis,Rest,92.74238920211792,0.75,1.0,"(224, 64, 250)","(560, 64, 250)",12345,67,0.8035714285714286
