participant,class1,class2,running_time,test_acc,train_acc,test_size,train_size,train_block,test_block,test_acc_vote
3,Hand,Rest,92.19698810577393,0.7589285714285714,1.0,"(224, 64, 250)","(560, 64, 250)",12345,67,0.8258928571428572
3,Feet,Rest,91.62004446983336,0.6294642857142857,1.0,"(224, 64, 250)","(560, 64, 250)",12345,67,0.6696428571428572
3,Tongue,Rest,92.54868054389954,0.6964285714285714,1.0,"(224, 64, 250)","(560, 64, 250)",12345,67,0.7633928571428572
3,Mis,Rest,92.5399820804596,0.7678571428571429,1.0,"(224, 64, 250)","(560, 64, 250)",12345,67,0.7991071428571428
