participant,class1,class2,running_time,test_acc,train_acc,test_size,train_size,train_block,test_block,test_acc_vote
7,Hand,Rest,92.55389928817748,0.7366071428571429,1.0,"(224, 64, 250)","(560, 64, 250)",12345,67,0.7678571428571428
7,Feet,Rest,91.06603360176086,0.7321428571428571,1.0,"(224, 64, 250)","(560, 64, 250)",12345,67,0.7767857142857143
7,Tongue,Rest,91.59400868415833,0.6428571428571429,1.0,"(224, 64, 250)","(560, 64, 250)",12345,67,0.6830357142857143
7,Mis,Rest,92.68538093566895,0.6026785714285714,1.0,"(224, 64, 250)","(560, 64, 250)",12345,67,0.6116071428571428
