participant,class1,class2,running_time,test_acc,train_acc,test_size,train_size,train_block,test_block,test_acc_vote
13,Hand,Rest,123.07133173942566,0.6995412844036697,1.0,"(436, 64, 1000)","(327, 64, 1000)",123,4567,0.6903669724770642
13,Feet,Rest,124.99084734916688,0.7018348623853211,1.0,"(436, 64, 1000)","(327, 64, 1000)",123,4567,0.713302752293578
13,Tongue,Rest,125.295912027359,0.7591743119266054,1.0,"(436, 64, 1000)","(327, 64, 1000)",123,4567,0.7775229357798166
13,Mis,Rest,127.22684812545776,0.731651376146789,1.0,"(436, 64, 1000)","(327, 64, 1000)",123,4567,0.7477064220183487
