participant,class1,class2,running_time,test_acc,train_acc,test_size,train_size,train_block,test_block,test_acc_vote
5,Hand,Rest,125.12613821029665,0.5619266055045872,0.9969418960244648,"(436, 64, 1000)","(327, 64, 1000)",123,4567,0.5389908256880733
5,Feet,Rest,123.89797592163086,0.7178899082568807,1.0,"(436, 64, 1000)","(327, 64, 1000)",123,4567,0.7477064220183487
5,Tongue,Rest,123.90156507492064,0.7912844036697247,0.9969418960244648,"(436, 64, 1000)","(327, 64, 1000)",123,4567,0.8142201834862386
5,Mis,Rest,125.52805948257446,0.5160550458715596,1.0,"(436, 64, 1000)","(327, 64, 1000)",123,4567,0.5022935779816513
