participant,class1,class2,running_time,test_acc,train_acc,test_size,train_size,train_block,test_block,test_acc_vote
11,Hand,Rest,69.85330128669739,0.6190476190476191,1.0,"(336, 64, 500)","(56, 64, 500)",1,234567,0.6160714285714286
11,Feet,Rest,67.08094215393066,0.8065476190476191,1.0,"(336, 64, 500)","(56, 64, 500)",1,234567,0.8184523809523809
11,Tongue,Rest,71.14518785476685,0.5238095238095238,1.0,"(336, 64, 500)","(56, 64, 500)",1,234567,0.5208333333333333
11,Mis,Rest,73.74178504943848,0.6011904761904762,1.0,"(336, 64, 500)","(56, 64, 500)",1,234567,0.5982142857142857
