participant,class1,class2,running_time,test_acc,train_acc,test_size,train_size,train_block,test_block,test_acc_vote
13,Hand,Rest,89.11628770828247,0.6041666666666666,1.0,"(336, 64, 500)","(56, 64, 500)",1,234567,0.5833333333333333
13,Feet,Rest,87.94825077056885,0.625,1.0,"(336, 64, 500)","(56, 64, 500)",1,234567,0.5952380952380952
13,Tongue,Rest,76.8751049041748,0.6607142857142857,1.0,"(336, 64, 500)","(56, 64, 500)",1,234567,0.6696428571428572
13,Mis,Rest,73.85275149345398,0.5863095238095238,1.0,"(336, 64, 500)","(56, 64, 500)",1,234567,0.5744047619047619
