participant,class1,class2,running_time,test_acc,train_acc,test_size,train_size,train_block,test_block,test_acc_vote
3,Hand,Rest,73.39785814285278,0.5357142857142857,1.0,"(336, 64, 500)","(56, 64, 500)",1,234567,0.5029761904761905
3,Feet,Rest,89.68694877624512,0.5565476190476191,1.0,"(336, 64, 500)","(56, 64, 500)",1,234567,0.5357142857142857
3,Tongue,Rest,81.71489214897156,0.5476190476190477,1.0,"(336, 64, 500)","(56, 64, 500)",1,234567,0.5119047619047619
3,Mis,Rest,75.1520185470581,0.6160714285714286,1.0,"(336, 64, 500)","(56, 64, 500)",1,234567,0.6130952380952381
