participant,class1,class2,running_time,test_acc,train_acc,test_size,train_size,train_block,test_block,test_acc_vote
4,Hand,Rest,70.46423959732056,0.8154761904761905,1.0,"(336, 64, 500)","(56, 64, 500)",1,234567,0.8184523809523809
4,Feet,Rest,80.95958971977234,0.7202380952380952,1.0,"(336, 64, 500)","(56, 64, 500)",1,234567,0.7529761904761905
4,Tongue,Rest,90.16076803207396,0.6577380952380952,1.0,"(336, 64, 500)","(56, 64, 500)",1,234567,0.6458333333333333
4,Mis,Rest,89.07076382637024,0.6011904761904762,1.0,"(336, 64, 500)","(56, 64, 500)",1,234567,0.5833333333333333
