participant,class1,class2,running_time,test_acc,train_acc,test_size,train_size,train_block,test_block,test_acc_vote
6,Hand,Rest,84.2448341846466,0.5505952380952381,1.0,"(336, 64, 500)","(56, 64, 500)",1,234567,0.5744047619047619
6,Feet,Rest,69.5378406047821,0.5654761904761905,1.0,"(336, 64, 500)","(56, 64, 500)",1,234567,0.5535714285714286
6,Tongue,Rest,66.58373212814331,0.6101190476190477,1.0,"(336, 64, 500)","(56, 64, 500)",1,234567,0.6190476190476191
6,Mis,Rest,69.19126892089844,0.5833333333333334,1.0,"(336, 64, 500)","(56, 64, 500)",1,234567,0.5684523809523809
