participant,class1,class2,running_time,test_acc,train_acc,test_size,train_size,train_block,test_block,test_acc_vote
4,Hand,Rest,40.236724615097046,0.9107142857142856,1.0,"(56, 64, 1000)","(140, 64, 1000)",12345,67,0.8928571428571429
4,Feet,Rest,39.71238470077515,0.9285714285714286,1.0,"(56, 64, 1000)","(140, 64, 1000)",12345,67,0.9285714285714286
4,Tongue,Rest,41.17494869232178,0.7321428571428571,1.0,"(56, 64, 1000)","(140, 64, 1000)",12345,67,0.6428571428571428
4,Mis,Rest,41.08560061454773,0.625,1.0,"(56, 64, 1000)","(140, 64, 1000)",12345,67,0.5714285714285714
