participant,class1,class2,running_time,test_acc,train_acc,test_size,train_size,train_block,test_block,test_acc_vote
4,Hand,Rest,37.191768646240234,0.9107142857142856,0.9785714285714284,"(56, 64, 1000)","(140, 64, 1000)",12345,67,0.8928571428571429
4,Feet,Rest,37.307371616363525,0.8571428571428571,0.9785714285714284,"(56, 64, 1000)","(140, 64, 1000)",12345,67,0.8035714285714286
4,Tongue,Rest,37.97389030456543,0.8214285714285714,0.9928571428571428,"(56, 64, 1000)","(140, 64, 1000)",12345,67,0.7857142857142857
4,Mis,Rest,38.09297776222229,0.6428571428571429,0.9857142857142858,"(56, 64, 1000)","(140, 64, 1000)",12345,67,0.6071428571428572
