participant,class1,class2,running_time,test_acc,train_acc,test_size,train_size,train_block,test_block,test_acc_vote
10,Hand,Rest,34.93031549453735,0.5,1.0,"(112, 64, 500)","(112, 64, 500)",12,67,0.5178571428571428
10,Feet,Rest,35.27097535133362,0.5714285714285714,1.0,"(112, 64, 500)","(112, 64, 500)",12,67,0.5446428571428572
10,Tongue,Rest,35.0412323474884,0.6071428571428571,1.0,"(112, 64, 500)","(112, 64, 500)",12,67,0.6160714285714286
10,Mis,Rest,34.74387764930725,0.6071428571428571,1.0,"(112, 64, 500)","(112, 64, 500)",12,67,0.6428571428571428
