participant,class1,class2,running_time,test_acc,train_acc,test_size,train_size,train_block,test_block,test_acc_vote
11,Hand,Rest,34.88319253921509,0.5625,1.0,"(112, 64, 500)","(112, 64, 500)",12,67,0.5535714285714286
11,Feet,Rest,35.7632896900177,0.6339285714285714,1.0,"(112, 64, 500)","(112, 64, 500)",12,67,0.5714285714285714
11,Tongue,Rest,35.051976919174194,0.5178571428571429,1.0,"(112, 64, 500)","(112, 64, 500)",12,67,0.5446428571428572
11,Mis,Rest,34.73219180107117,0.5089285714285714,1.0,"(112, 64, 500)","(112, 64, 500)",12,67,0.4910714285714286
