participant,class1,class2,running_time,test_acc,train_acc,test_size,train_size,train_block,test_block,test_acc_vote
17,Hand,Rest,35.65189862251282,0.5803571428571429,1.0,"(112, 64, 500)","(112, 64, 500)",12,67,0.5714285714285714
17,Feet,Rest,35.65630006790161,0.625,1.0,"(112, 64, 500)","(112, 64, 500)",12,67,0.625
17,Tongue,Rest,36.01759195327759,0.6517857142857143,1.0,"(112, 64, 500)","(112, 64, 500)",12,67,0.6339285714285714
17,Mis,Rest,35.81407833099365,0.6964285714285714,1.0,"(112, 64, 500)","(112, 64, 500)",12,67,0.7589285714285714
