participant,class1,class2,running_time,test_acc,train_acc,test_size,train_size,train_block,test_block,test_acc_vote
5,Hand,Rest,34.858150005340576,0.5446428571428571,1.0,"(112, 64, 500)","(112, 64, 500)",12,67,0.5803571428571428
5,Feet,Rest,35.641982078552246,0.5178571428571429,1.0,"(112, 64, 500)","(112, 64, 500)",12,67,0.5089285714285714
5,Tongue,Rest,35.76278805732727,0.4910714285714285,1.0,"(112, 64, 500)","(112, 64, 500)",12,67,0.5
5,Mis,Rest,35.33524966239929,0.5982142857142857,1.0,"(112, 64, 500)","(112, 64, 500)",12,67,0.5982142857142857
