participant,class1,class2,running_time,test_acc,train_acc,test_size,train_size,train_block,test_block,test_acc_vote
6,Hand,Rest,34.650455474853516,0.5535714285714286,1.0,"(112, 64, 500)","(112, 64, 500)",12,67,0.5535714285714286
6,Feet,Rest,34.8257269859314,0.5089285714285714,1.0,"(112, 64, 500)","(112, 64, 500)",12,67,0.5357142857142857
6,Tongue,Rest,35.91708827018738,0.5446428571428571,1.0,"(112, 64, 500)","(112, 64, 500)",12,67,0.5446428571428572
6,Mis,Rest,35.49776816368103,0.6071428571428571,1.0,"(112, 64, 500)","(112, 64, 500)",12,67,0.5803571428571428
