participant,class1,class2,running_time,test_acc,train_acc,test_size,train_size,train_block,test_block,test_acc_vote
9,Hand,Rest,34.83645796775818,0.6964285714285714,1.0,"(112, 64, 500)","(112, 64, 500)",12,67,0.75
9,Feet,Rest,34.94345426559448,0.5625,1.0,"(112, 64, 500)","(112, 64, 500)",12,67,0.5803571428571428
9,Tongue,Rest,35.29234313964844,0.4821428571428571,1.0,"(112, 64, 500)","(112, 64, 500)",12,67,0.4732142857142857
9,Mis,Rest,35.172274112701416,0.5625,1.0,"(112, 64, 500)","(112, 64, 500)",12,67,0.5714285714285714
