participant,class1,class2,running_time,test_acc,train_acc,test_size,train_size,train_block,test_block,test_acc_vote
11,Hand,Rest,61.673221826553345,0.9642857142857144,1.0,"(56, 64, 1000)","(140, 64, 1000)",12345,67,1.0
11,Feet,Rest,60.30267143249512,0.9464285714285714,1.0,"(56, 64, 1000)","(140, 64, 1000)",12345,67,0.9464285714285714
11,Tongue,Rest,62.58951926231384,0.7678571428571429,1.0,"(56, 64, 1000)","(140, 64, 1000)",12345,67,0.75
11,Mis,Rest,65.47348284721375,0.7678571428571429,1.0,"(56, 64, 1000)","(140, 64, 1000)",12345,67,0.6964285714285714
