participant,class1,class2,running_time,test_acc,train_acc,test_size,train_size,train_block,test_block,test_acc_vote
6,Hand,Rest,61.38777208328247,0.7321428571428571,1.0,"(56, 64, 1000)","(140, 64, 1000)",12345,67,0.6964285714285714
6,Feet,Rest,61.0671751499176,0.8392857142857143,1.0,"(56, 64, 1000)","(140, 64, 1000)",12345,67,0.8392857142857143
6,Tongue,Rest,64.5987195968628,0.7857142857142857,1.0,"(56, 64, 1000)","(140, 64, 1000)",12345,67,0.8035714285714286
6,Mis,Rest,63.058793783187866,0.6785714285714286,1.0,"(56, 64, 1000)","(140, 64, 1000)",12345,67,0.6071428571428572
