participant,class1,class2,running_time,test_acc,train_acc,test_size,train_size,train_block,test_block,test_acc_vote
10,Hand,Rest,39.849098443984985,0.5785714285714286,1.0,"(140, 64, 1000)","(56, 64, 1000)",12,34567,0.5428571428571429
10,Feet,Rest,40.1485493183136,0.6428571428571429,1.0,"(140, 64, 1000)","(56, 64, 1000)",12,34567,0.6142857142857143
10,Tongue,Rest,40.862215518951416,0.5714285714285714,1.0,"(140, 64, 1000)","(56, 64, 1000)",12,34567,0.5642857142857143
10,Mis,Rest,41.09617638587952,0.6357142857142857,1.0,"(140, 64, 1000)","(56, 64, 1000)",12,34567,0.6214285714285714
