participant,class1,class2,running_time,test_acc,train_acc,test_size,train_size,train_block,test_block,test_acc_vote
11,Hand,Rest,39.75264573097229,0.8357142857142857,1.0,"(140, 64, 1000)","(56, 64, 1000)",12,34567,0.8214285714285714
11,Feet,Rest,39.97129011154175,0.9285714285714286,1.0,"(140, 64, 1000)","(56, 64, 1000)",12,34567,0.9071428571428573
11,Tongue,Rest,41.095942974090576,0.6857142857142857,1.0,"(140, 64, 1000)","(56, 64, 1000)",12,34567,0.6571428571428571
11,Mis,Rest,41.29498481750488,0.6142857142857143,1.0,"(140, 64, 1000)","(56, 64, 1000)",12,34567,0.5857142857142856
