participant,class1,class2,running_time,test_acc,train_acc,test_size,train_size,train_block,test_block,test_acc_vote
14,Hand,Rest,39.66374969482422,0.8285714285714286,1.0,"(140, 64, 1000)","(56, 64, 1000)",12,34567,0.7785714285714286
14,Feet,Rest,40.14386343955994,0.6,1.0,"(140, 64, 1000)","(56, 64, 1000)",12,34567,0.5857142857142856
14,Tongue,Rest,40.89885640144348,0.6357142857142857,1.0,"(140, 64, 1000)","(56, 64, 1000)",12,34567,0.6142857142857143
14,Mis,Rest,40.852351665496826,0.6214285714285714,1.0,"(140, 64, 1000)","(56, 64, 1000)",12,34567,0.5857142857142856
