participant,class1,class2,running_time,test_acc,train_acc,test_size,train_size,train_block,test_block,test_acc_vote
4,Hand,Rest,39.75383520126343,0.8428571428571429,1.0,"(140, 64, 1000)","(56, 64, 1000)",12,34567,0.8214285714285714
4,Feet,Rest,40.25618600845337,0.7714285714285715,1.0,"(140, 64, 1000)","(56, 64, 1000)",12,34567,0.7357142857142858
4,Tongue,Rest,41.376020669937134,0.8071428571428572,1.0,"(140, 64, 1000)","(56, 64, 1000)",12,34567,0.7785714285714286
4,Mis,Rest,41.21494150161743,0.7714285714285715,1.0,"(140, 64, 1000)","(56, 64, 1000)",12,34567,0.7571428571428571
