participant,class1,class2,running_time,test_acc,train_acc,test_size,train_size,train_block,test_block,test_acc_vote
5,Hand,Rest,40.035577058792114,0.5357142857142857,1.0,"(140, 64, 1000)","(56, 64, 1000)",12,34567,0.5142857142857142
5,Feet,Rest,39.735893964767456,0.7,1.0,"(140, 64, 1000)","(56, 64, 1000)",12,34567,0.6071428571428572
5,Tongue,Rest,41.32756495475769,0.8071428571428572,1.0,"(140, 64, 1000)","(56, 64, 1000)",12,34567,0.7642857142857142
5,Mis,Rest,41.21275043487549,0.7642857142857142,1.0,"(140, 64, 1000)","(56, 64, 1000)",12,34567,0.7357142857142858
