participant,class1,class2,running_time,test_acc,train_acc,test_size,train_size,train_block,test_block,test_acc_vote
7,Hand,Rest,40.00413537025452,0.8714285714285714,1.0,"(140, 64, 1000)","(56, 64, 1000)",12,34567,0.8642857142857143
7,Feet,Rest,39.8211362361908,0.7928571428571428,1.0,"(140, 64, 1000)","(56, 64, 1000)",12,34567,0.75
7,Tongue,Rest,41.06402230262756,0.7142857142857143,1.0,"(140, 64, 1000)","(56, 64, 1000)",12,34567,0.7
7,Mis,Rest,40.88047528266907,0.6428571428571429,1.0,"(140, 64, 1000)","(56, 64, 1000)",12,34567,0.6142857142857143
