class,test_acc,vote_acc
Hand,0.7483483483483483,0.76006006006006
Feet,0.6897897897897899,0.6993993993993993
Tongue,0.7225225225225226,0.7351351351351351
Mis,0.6963963963963965,0.7
