participant,class1,class2,running_time,test_acc,train_acc,test_size,train_size,train_block,test_block,test_acc_vote
10,Hand,Rest,84.83703303337097,0.7072072072072072,0.9954954954954957,"(222, 64, 500)","(444, 64, 500)",1234,67,0.7072072072072072
10,Feet,Rest,86.50023579597473,0.6621621621621622,0.9932432432432432,"(222, 64, 500)","(444, 64, 500)",1234,67,0.6576576576576576
10,Tongue,Rest,85.38206458091736,0.6126126126126126,0.972972972972973,"(222, 64, 500)","(444, 64, 500)",1234,67,0.6171171171171171
10,Mis,Rest,85.62630200386047,0.6306306306306306,0.9887387387387387,"(222, 64, 500)","(444, 64, 500)",1234,67,0.6216216216216216
