participant,class1,class2,running_time,test_acc,train_acc,test_size,train_size,train_block,test_block,test_acc_vote
11,Hand,Rest,84.58359146118164,0.8423423423423423,0.990990990990991,"(222, 64, 500)","(444, 64, 500)",1234,67,0.8468468468468469
11,Feet,Rest,85.31467819213867,0.8918918918918919,0.9932432432432432,"(222, 64, 500)","(444, 64, 500)",1234,67,0.90990990990991
11,Tongue,Rest,85.21518802642822,0.6936936936936937,1.0,"(222, 64, 500)","(444, 64, 500)",1234,67,0.7027027027027026
11,Mis,Rest,85.70681715011597,0.7342342342342343,1.0,"(222, 64, 500)","(444, 64, 500)",1234,67,0.7567567567567568
