participant,class1,class2,running_time,test_acc,train_acc,test_size,train_size,train_block,test_block,test_acc_vote
14,Hand,Rest,85.48840260505676,0.8018018018018018,0.9774774774774776,"(222, 64, 500)","(444, 64, 500)",1234,67,0.8153153153153153
14,Feet,Rest,85.76313018798828,0.5900900900900901,0.990990990990991,"(222, 64, 500)","(444, 64, 500)",1234,67,0.5990990990990991
14,Tongue,Rest,85.99121809005737,0.6801801801801802,1.0,"(222, 64, 500)","(444, 64, 500)",1234,67,0.6576576576576576
14,Mis,Rest,85.63994598388672,0.6306306306306306,0.9932432432432432,"(222, 64, 500)","(444, 64, 500)",1234,67,0.6441441441441442
