participant,class1,class2,running_time,test_acc,train_acc,test_size,train_size,train_block,test_block,test_acc_vote
15,Hand,Rest,82.23263931274414,0.7792792792792793,0.9803921568627452,"(222, 64, 500)","(408, 64, 500)",1234,67,0.7882882882882882
15,Feet,Rest,84.59056067466736,0.6981981981981982,0.990990990990991,"(222, 64, 500)","(444, 64, 500)",1234,67,0.7027027027027026
15,Tongue,Rest,85.53498315811157,0.7027027027027027,0.9864864864864864,"(222, 64, 500)","(444, 64, 500)",1234,67,0.7162162162162162
15,Mis,Rest,85.61573958396912,0.6801801801801802,0.990990990990991,"(222, 64, 500)","(444, 64, 500)",1234,67,0.6756756756756757
