participant,class1,class2,running_time,test_acc,train_acc,test_size,train_size,train_block,test_block,test_acc_vote
16,Hand,Rest,85.02837681770325,0.6756756756756757,0.9797297297297296,"(222, 64, 500)","(444, 64, 500)",1234,67,0.7027027027027026
16,Feet,Rest,86.25994443893433,0.6711711711711712,0.9842342342342344,"(222, 64, 500)","(444, 64, 500)",1234,67,0.6846846846846847
16,Tongue,Rest,86.07520389556885,0.7792792792792793,0.9617117117117115,"(222, 64, 500)","(444, 64, 500)",1234,67,0.8108108108108107
16,Mis,Rest,86.89568972587585,0.7927927927927928,0.9391891891891891,"(222, 64, 500)","(444, 64, 500)",1234,67,0.7972972972972973
