participant,class1,class2,running_time,test_acc,train_acc,test_size,train_size,train_block,test_block,test_acc_vote
5,Hand,Rest,85.57109951972961,0.6666666666666666,0.9977477477477478,"(222, 64, 500)","(444, 64, 500)",1234,67,0.6711711711711712
5,Feet,Rest,85.20876598358154,0.6666666666666666,0.9864864864864864,"(222, 64, 500)","(444, 64, 500)",1234,67,0.6666666666666667
5,Tongue,Rest,85.6160717010498,0.7027027027027027,0.9774774774774776,"(222, 64, 500)","(444, 64, 500)",1234,67,0.7162162162162162
5,Mis,Rest,85.58951473236084,0.5630630630630631,0.9954954954954955,"(222, 64, 500)","(444, 64, 500)",1234,67,0.5360360360360361
