participant,class1,class2,running_time,test_acc,train_acc,test_size,train_size,train_block,test_block,test_acc_vote
6,Hand,Rest,85.0824830532074,0.7162162162162162,0.990990990990991,"(222, 64, 500)","(444, 64, 500)",1234,67,0.7522522522522522
6,Feet,Rest,85.72023892402649,0.5720720720720721,0.981981981981982,"(222, 64, 500)","(444, 64, 500)",1234,67,0.5675675675675675
6,Tongue,Rest,85.99660468101501,0.6891891891891891,0.9774774774774776,"(222, 64, 500)","(444, 64, 500)",1234,67,0.6981981981981982
6,Mis,Rest,85.67446994781494,0.6891891891891891,0.990990990990991,"(222, 64, 500)","(444, 64, 500)",1234,67,0.7117117117117118
