participant,class1,class2,running_time,test_acc,train_acc,test_size,train_size,train_block,test_block,test_acc_vote
10,Hand,Rest,43.08542013168335,0.6875,1.0,"(112, 64, 500)","(280, 64, 500)",12345,67,0.6607142857142857
10,Feet,Rest,43.45776677131653,0.6607142857142857,1.0,"(112, 64, 500)","(280, 64, 500)",12345,67,0.6696428571428572
10,Tongue,Rest,44.34215474128723,0.6875,1.0,"(112, 64, 500)","(280, 64, 500)",12345,67,0.7142857142857143
10,Mis,Rest,44.51904010772705,0.6160714285714286,1.0,"(112, 64, 500)","(280, 64, 500)",12345,67,0.6071428571428572
