participant,class1,class2,running_time,test_acc,train_acc,test_size,train_size,train_block,test_block,test_acc_vote
13,Hand,Rest,43.16139316558838,0.7589285714285714,1.0,"(112, 64, 500)","(280, 64, 500)",12345,67,0.7142857142857143
13,Feet,Rest,43.018126487731934,0.8035714285714286,1.0,"(112, 64, 500)","(280, 64, 500)",12345,67,0.8571428571428572
13,Tongue,Rest,44.465500831604,0.8125,1.0,"(112, 64, 500)","(280, 64, 500)",12345,67,0.8035714285714286
13,Mis,Rest,44.50300717353821,0.75,1.0,"(112, 64, 500)","(280, 64, 500)",12345,67,0.7589285714285714
