participant,class1,class2,running_time,test_acc,train_acc,test_size,train_size,train_block,test_block,test_acc_vote
3,Hand,Rest,43.227821350097656,0.8214285714285714,1.0,"(112, 64, 500)","(280, 64, 500)",12345,67,0.8571428571428572
3,Feet,Rest,43.26188015937805,0.6160714285714286,1.0,"(112, 64, 500)","(280, 64, 500)",12345,67,0.6696428571428572
3,Tongue,Rest,44.49080777168274,0.7142857142857143,1.0,"(112, 64, 500)","(280, 64, 500)",12345,67,0.7321428571428572
3,Mis,Rest,44.37518048286438,0.7946428571428571,1.0,"(112, 64, 500)","(280, 64, 500)",12345,67,0.7678571428571428
