participant,class1,class2,running_time,test_acc,train_acc,test_size,train_size,train_block,test_block,test_acc_vote
5,Hand,Rest,43.021735191345215,0.75,1.0,"(112, 64, 500)","(280, 64, 500)",12345,67,0.7678571428571428
5,Feet,Rest,43.17383599281311,0.7053571428571429,1.0,"(112, 64, 500)","(280, 64, 500)",12345,67,0.7053571428571428
5,Tongue,Rest,44.28625535964966,0.7321428571428571,1.0,"(112, 64, 500)","(280, 64, 500)",12345,67,0.7767857142857143
5,Mis,Rest,44.6556191444397,0.6875,1.0,"(112, 64, 500)","(280, 64, 500)",12345,67,0.7053571428571428
