participant,class1,class2,running_time,test_acc,train_acc,test_size,train_size,train_block,test_block,test_acc_vote
9,Hand,Rest,43.128700733184814,0.8482142857142857,1.0,"(112, 64, 500)","(280, 64, 500)",12345,67,0.875
9,Feet,Rest,42.92493152618408,0.8928571428571429,1.0,"(112, 64, 500)","(280, 64, 500)",12345,67,0.9196428571428572
9,Tongue,Rest,44.217665910720825,0.7142857142857143,1.0,"(112, 64, 500)","(280, 64, 500)",12345,67,0.8035714285714286
9,Mis,Rest,44.58712935447693,0.75,1.0,"(112, 64, 500)","(280, 64, 500)",12345,67,0.8035714285714286
