participant,class1,class2,running_time,test_acc,train_acc,test_size,train_size,train_block,test_block,test_acc_vote
9,Hand,Rest,141.5797598361969,0.8990825688073395,0.9357798165137616,"(327, 64, 1000)","(436, 64, 1000)",1234,567,0.9051987767584098
9,Feet,Rest,148.288916349411,0.9174311926605504,0.970183486238532,"(327, 64, 1000)","(436, 64, 1000)",1234,567,0.9235474006116208
9,Tongue,Rest,148.16334009170532,0.72782874617737,0.9495412844036696,"(327, 64, 1000)","(436, 64, 1000)",1234,567,0.7308868501529052
9,Mis,Rest,153.14764285087585,0.691131498470948,0.9472477064220184,"(327, 64, 1000)","(436, 64, 1000)",1234,567,0.7003058103975535
