participant,class1,class2,running_time,test_acc,train_acc,test_size,train_size,train_block,test_block,test_acc_vote
7,Hand,Rest,107.63599610328674,0.599388379204893,1.0,"(654, 64, 1000)","(109, 64, 1000)",1,234567,0.6100917431192661
7,Feet,Rest,106.79862928390504,0.6529051987767585,1.0,"(654, 64, 1000)","(109, 64, 1000)",1,234567,0.6651376146788991
7,Tongue,Rest,108.98738837242126,0.6070336391437309,1.0,"(654, 64, 1000)","(109, 64, 1000)",1,234567,0.6039755351681957
7,Mis,Rest,109.0180938243866,0.5642201834862385,1.0,"(654, 64, 1000)","(109, 64, 1000)",1,234567,0.5596330275229358
