participant,class1,class2,running_time,test_acc,train_acc,test_size,train_size,train_block,test_block,test_acc_vote
11,Hand,Rest,53.2493896484375,0.9107142857142856,1.0,"(56, 32, 1000)","(140, 32, 1000)",12345,67,0.9107142857142856
11,Feet,Rest,55.553879737854,0.8928571428571429,1.0,"(56, 32, 1000)","(140, 32, 1000)",12345,67,0.8928571428571429
11,Tongue,Rest,50.91751742362976,0.7321428571428571,1.0,"(56, 32, 1000)","(140, 32, 1000)",12345,67,0.625
11,Mis,Rest,60.93940806388855,0.7142857142857143,1.0,"(56, 32, 1000)","(140, 32, 1000)",12345,67,0.7857142857142857
