participant,class1,class2,running_time,test_acc,train_acc,test_size,train_size,train_block,test_block,test_acc_vote
3,Hand,Rest,57.25773859024048,0.9107142857142856,1.0,"(56, 32, 1000)","(140, 32, 1000)",12345,67,0.8928571428571429
3,Feet,Rest,65.59701490402222,0.6428571428571429,1.0,"(56, 32, 1000)","(140, 32, 1000)",12345,67,0.625
3,Tongue,Rest,62.05676031112671,0.7321428571428571,1.0,"(56, 32, 1000)","(140, 32, 1000)",12345,67,0.7321428571428572
3,Mis,Rest,61.87728500366211,0.9107142857142857,1.0,"(56, 32, 1000)","(140, 32, 1000)",12345,67,0.9107142857142857
