participant,class1,class2,running_time,test_acc,train_acc,test_size,train_size,train_block,test_block,test_acc_vote
7,Hand,Rest,60.44852089881897,0.7678571428571429,1.0,"(56, 32, 1000)","(140, 32, 1000)",12345,67,0.7321428571428572
7,Feet,Rest,61.104424715042114,0.8392857142857143,1.0,"(56, 32, 1000)","(140, 32, 1000)",12345,67,0.8035714285714286
7,Tongue,Rest,62.54360818862915,0.7678571428571429,1.0,"(56, 32, 1000)","(140, 32, 1000)",12345,67,0.7142857142857143
7,Mis,Rest,62.46668314933777,0.7142857142857143,1.0,"(56, 32, 1000)","(140, 32, 1000)",12345,67,0.7142857142857143
