participant,class1,class2,running_time,test_acc,train_acc,test_size,train_size,train_block,test_block,test_acc_vote
9,Hand,Rest,53.21712923049927,0.8839285714285714,0.9642857142857144,"(112, 64, 1000)","(84, 64, 1000)",123,4567,0.8571428571428572
9,Feet,Rest,53.0058114528656,0.9553571428571428,1.0,"(112, 64, 1000)","(84, 64, 1000)",123,4567,0.9375
9,Tongue,Rest,56.39184308052063,0.7678571428571429,0.9761904761904762,"(112, 64, 1000)","(84, 64, 1000)",123,4567,0.75
9,Mis,Rest,56.319302797317505,0.75,0.9880952380952381,"(112, 64, 1000)","(84, 64, 1000)",123,4567,0.7678571428571428
