participant,class1,class2,running_time,test_acc,train_acc,test_size,train_size,train_block,test_block,test_acc_vote
13,Hand,Rest,128.70953392982483,0.7178899082568807,1.0,"(436, 64, 1000)","(327, 64, 1000)",123,4567,0.7293577981651376
13,Feet,Rest,129.9826214313507,0.8004587155963303,1.0,"(436, 64, 1000)","(327, 64, 1000)",123,4567,0.7981651376146789
13,Tongue,Rest,133.60711908340454,0.7958715596330275,1.0,"(436, 64, 1000)","(327, 64, 1000)",123,4567,0.8302752293577982
13,Mis,Rest,130.48424291610718,0.75,1.0,"(436, 64, 1000)","(327, 64, 1000)",123,4567,0.7637614678899083
