participant,class1,class2,running_time,test_acc,train_acc,test_size,train_size,train_block,test_block,test_acc_vote
4,Hand,Rest,116.89205694198608,0.8715596330275229,1.0,"(436, 64, 1000)","(327, 64, 1000)",123,4567,0.8715596330275229
4,Feet,Rest,122.53682971000671,0.7637614678899083,1.0,"(436, 64, 1000)","(327, 64, 1000)",123,4567,0.7775229357798166
4,Tongue,Rest,129.9552025794983,0.7706422018348624,1.0,"(436, 64, 1000)","(327, 64, 1000)",123,4567,0.7889908256880733
4,Mis,Rest,119.73576760292053,0.6697247706422018,1.0,"(436, 64, 1000)","(327, 64, 1000)",123,4567,0.6743119266055047
