participant,class1,class2,running_time,test_acc,train_acc,test_size,train_size,train_block,test_block,test_acc_vote
5,Hand,Rest,116.87056088447572,0.5825688073394495,1.0,"(436, 64, 1000)","(327, 64, 1000)",123,4567,0.5802752293577982
5,Feet,Rest,121.3739025592804,0.6605504587155964,1.0,"(436, 64, 1000)","(327, 64, 1000)",123,4567,0.658256880733945
5,Tongue,Rest,132.32310557365415,0.7339449541284404,1.0,"(436, 64, 1000)","(327, 64, 1000)",123,4567,0.7408256880733946
5,Mis,Rest,121.0993447303772,0.5802752293577982,1.0,"(436, 64, 1000)","(327, 64, 1000)",123,4567,0.5894495412844036
