participant,class1,class2,running_time,test_acc,train_acc,test_size,train_size,train_block,test_block,test_acc_vote
9,Hand,Rest,119.03610491752625,0.7775229357798165,1.0,"(436, 64, 1000)","(327, 64, 1000)",123,4567,0.7935779816513762
9,Feet,Rest,117.69609785079956,0.8669724770642202,1.0,"(436, 64, 1000)","(327, 64, 1000)",123,4567,0.8761467889908257
9,Tongue,Rest,133.48944115638733,0.6972477064220184,1.0,"(436, 64, 1000)","(327, 64, 1000)",123,4567,0.694954128440367
9,Mis,Rest,120.99853157997131,0.7408256880733946,1.0,"(436, 64, 1000)","(327, 64, 1000)",123,4567,0.7660550458715596
