participant,class1,class2,running_time,test_acc,train_acc,test_size,train_size,train_block,test_block,test_acc_vote
5,Hand,Rest,52.95953059196472,0.55,0.9464285714285714,"(140, 64, 1000)","(56, 64, 1000)",12,34567,0.5571428571428572
5,Feet,Rest,81.64675331115723,0.5857142857142857,0.9642857142857144,"(140, 64, 1000)","(56, 64, 1000)",12,34567,0.55
5,Tongue,Rest,55.21493864059448,0.6857142857142857,0.9464285714285714,"(140, 64, 1000)","(56, 64, 1000)",12,34567,0.6857142857142857
5,Mis,Rest,54.7716543674469,0.4928571428571429,1.0,"(140, 64, 1000)","(56, 64, 1000)",12,34567,0.5214285714285714
