participant,class1,class2,running_time,test_acc,train_acc,test_size,train_size,train_block,test_block,test_acc_vote
7,Hand,Rest,52.129809856414795,0.85,1.0,"(140, 64, 1000)","(56, 64, 1000)",12,34567,0.8357142857142857
7,Feet,Rest,51.99481725692749,0.7642857142857142,0.9464285714285714,"(140, 64, 1000)","(56, 64, 1000)",12,34567,0.7285714285714286
7,Tongue,Rest,53.9522693157196,0.7071428571428572,0.9464285714285714,"(140, 64, 1000)","(56, 64, 1000)",12,34567,0.7
7,Mis,Rest,54.13318181037903,0.7071428571428572,0.9464285714285714,"(140, 64, 1000)","(56, 64, 1000)",12,34567,0.6857142857142857
