participant,class1,class2,running_time,test_acc,train_acc,test_size,train_size,train_block,test_block,test_acc_vote
11,Hand,Rest,66.05633592605591,0.5238095238095238,1.0,"(168, 64, 1000)","(28, 64, 1000)",1,234567,0.5
11,Feet,Rest,53.00158214569092,0.5059523809523809,1.0,"(168, 64, 1000)","(28, 64, 1000)",1,234567,0.5178571428571428
11,Tongue,Rest,52.34373354911804,0.5119047619047619,1.0,"(168, 64, 1000)","(28, 64, 1000)",1,234567,0.5059523809523809
11,Mis,Rest,53.49444794654846,0.47619047619047616,1.0,"(168, 64, 1000)","(28, 64, 1000)",1,234567,0.5
