participant,class1,class2,running_time,test_acc,train_acc,test_size,train_size,train_block,test_block,test_acc_vote
13,Hand,Rest,51.3628785610199,0.5416666666666666,1.0,"(168, 64, 1000)","(28, 64, 1000)",1,234567,0.5119047619047619
13,Feet,Rest,51.09090232849121,0.5833333333333334,1.0,"(168, 64, 1000)","(28, 64, 1000)",1,234567,0.5595238095238095
13,Tongue,Rest,55.19689631462097,0.5714285714285714,1.0,"(168, 64, 1000)","(28, 64, 1000)",1,234567,0.5178571428571428
13,Mis,Rest,54.47437620162964,0.5952380952380952,1.0,"(168, 64, 1000)","(28, 64, 1000)",1,234567,0.5654761904761905
