participant,class1,class2,running_time,test_acc,train_acc,test_size,train_size,train_block,test_block,test_acc_vote
14,Hand,Rest,56.854674339294434,0.6488095238095238,1.0,"(168, 64, 1000)","(28, 64, 1000)",1,234567,0.6011904761904762
14,Feet,Rest,52.86259984970093,0.4702380952380952,1.0,"(168, 64, 1000)","(28, 64, 1000)",1,234567,0.4642857142857143
14,Tongue,Rest,53.59894561767578,0.5833333333333334,1.0,"(168, 64, 1000)","(28, 64, 1000)",1,234567,0.5833333333333333
14,Mis,Rest,52.38521194458008,0.47619047619047616,1.0,"(168, 64, 1000)","(28, 64, 1000)",1,234567,0.5
