participant,class1,class2,running_time,test_acc,train_acc,test_size,train_size,train_block,test_block,test_acc_vote
4,Hand,Rest,51.3277325630188,0.8928571428571429,1.0,"(168, 64, 1000)","(28, 64, 1000)",1,234567,0.8690476190476191
4,Feet,Rest,62.801596879959106,0.6666666666666666,1.0,"(168, 64, 1000)","(28, 64, 1000)",1,234567,0.6369047619047619
4,Tongue,Rest,65.37810850143433,0.5535714285714286,1.0,"(168, 64, 1000)","(28, 64, 1000)",1,234567,0.5238095238095238
4,Mis,Rest,59.580753803253174,0.4880952380952381,1.0,"(168, 64, 1000)","(28, 64, 1000)",1,234567,0.49404761904761907
