participant,class1,class2,running_time,test_acc,train_acc,test_size,train_size,train_block,test_block,test_acc_vote
5,Hand,Rest,52.919419050216675,0.5059523809523809,1.0,"(168, 64, 1000)","(28, 64, 1000)",1,234567,0.494047619047619
5,Feet,Rest,63.62708783149719,0.5059523809523809,1.0,"(168, 64, 1000)","(28, 64, 1000)",1,234567,0.494047619047619
5,Tongue,Rest,65.3919517993927,0.5059523809523809,1.0,"(168, 64, 1000)","(28, 64, 1000)",1,234567,0.5059523809523809
5,Mis,Rest,67.70398092269897,0.5,1.0,"(168, 64, 1000)","(28, 64, 1000)",1,234567,0.5059523809523809
