participant,class1,class2,running_time,test_acc,train_acc,test_size,train_size,train_block,test_block,test_acc_vote
9,Hand,Rest,54.14082217216492,0.5238095238095238,1.0,"(168, 64, 1000)","(28, 64, 1000)",1,234567,0.5
9,Feet,Rest,50.89380478858948,0.5416666666666666,1.0,"(168, 64, 1000)","(28, 64, 1000)",1,234567,0.5595238095238095
9,Tongue,Rest,57.897050619125366,0.4404761904761904,1.0,"(168, 64, 1000)","(28, 64, 1000)",1,234567,0.4761904761904761
9,Mis,Rest,56.941726207733154,0.39285714285714285,1.0,"(168, 64, 1000)","(28, 64, 1000)",1,234567,0.3928571428571429
