class,test_acc,vote_acc
Hand,0.8660714285714286,0.8446428571428571
Feet,0.832142857142857,0.8178571428571427
Tongue,0.7428571428571429,0.7107142857142856
Mis,0.7535714285714286,0.7375
