participant,class1,class2,running_time,test_acc,train_acc,test_size,train_size,train_block,test_block,test_acc_vote
11,Hand,Rest,58.67186784744263,0.9642857142857144,1.0,"(56, 32, 1000)","(140, 32, 1000)",12345,67,0.9464285714285714
11,Feet,Rest,60.698469161987305,0.9464285714285714,1.0,"(56, 32, 1000)","(140, 32, 1000)",12345,67,0.9464285714285714
11,Tongue,Rest,55.69418525695801,0.6964285714285714,1.0,"(56, 32, 1000)","(140, 32, 1000)",12345,67,0.6964285714285714
11,Mis,Rest,60.01087784767151,0.6607142857142857,1.0,"(56, 32, 1000)","(140, 32, 1000)",12345,67,0.625
