participant,class1,class2,running_time,test_acc,train_acc,test_size,train_size,train_block,test_block,test_acc_vote
13,Hand,Rest,61.5752170085907,0.8214285714285714,1.0,"(56, 32, 1000)","(140, 32, 1000)",12345,67,0.75
13,Feet,Rest,62.657703161239624,0.8035714285714286,1.0,"(56, 32, 1000)","(140, 32, 1000)",12345,67,0.7857142857142857
13,Tongue,Rest,63.80535078048706,0.8214285714285714,1.0,"(56, 32, 1000)","(140, 32, 1000)",12345,67,0.8214285714285714
13,Mis,Rest,66.82844352722168,0.7857142857142857,1.0,"(56, 32, 1000)","(140, 32, 1000)",12345,67,0.7321428571428572
