participant,class1,class2,running_time,test_acc,train_acc,test_size,train_size,train_block,test_block,test_acc_vote
14,Hand,Rest,56.19905185699463,0.9464285714285714,1.0,"(56, 32, 1000)","(140, 32, 1000)",12345,67,0.9285714285714286
14,Feet,Rest,54.63191294670105,0.9107142857142856,1.0,"(56, 32, 1000)","(140, 32, 1000)",12345,67,0.9107142857142856
14,Tongue,Rest,51.51340222358704,0.7142857142857143,1.0,"(56, 32, 1000)","(140, 32, 1000)",12345,67,0.625
14,Mis,Rest,54.11691164970398,0.6964285714285714,1.0,"(56, 32, 1000)","(140, 32, 1000)",12345,67,0.7678571428571428
