participant,class1,class2,running_time,test_acc,train_acc,test_size,train_size,train_block,test_block,test_acc_vote
3,Hand,Rest,62.20374417304993,0.9107142857142856,1.0,"(56, 32, 1000)","(140, 32, 1000)",12345,67,0.8928571428571429
3,Feet,Rest,64.56139492988586,0.6607142857142857,1.0,"(56, 32, 1000)","(140, 32, 1000)",12345,67,0.6428571428571428
3,Tongue,Rest,57.25879526138306,0.7142857142857143,1.0,"(56, 32, 1000)","(140, 32, 1000)",12345,67,0.6785714285714286
3,Mis,Rest,56.77515268325806,0.8035714285714286,1.0,"(56, 32, 1000)","(140, 32, 1000)",12345,67,0.7857142857142857
