participant,class1,class2,running_time,test_acc,train_acc,test_size,train_size,train_block,test_block,test_acc_vote
4,Hand,Rest,63.78487515449524,0.8392857142857143,1.0,"(56, 32, 1000)","(140, 32, 1000)",12345,67,0.7857142857142857
4,Feet,Rest,57.03404140472412,0.9107142857142856,1.0,"(56, 32, 1000)","(140, 32, 1000)",12345,67,0.8571428571428572
4,Tongue,Rest,55.411595821380615,0.7321428571428571,1.0,"(56, 32, 1000)","(140, 32, 1000)",12345,67,0.6785714285714286
4,Mis,Rest,57.448965549468994,0.6071428571428571,1.0,"(56, 32, 1000)","(140, 32, 1000)",12345,67,0.5357142857142857
