participant,class1,class2,running_time,test_acc,train_acc,test_size,train_size,train_block,test_block,test_acc_vote
5,Hand,Rest,55.120001554489136,0.8392857142857143,1.0,"(56, 32, 1000)","(140, 32, 1000)",12345,67,0.8035714285714286
5,Feet,Rest,59.424134969711304,0.8214285714285714,1.0,"(56, 32, 1000)","(140, 32, 1000)",12345,67,0.8035714285714286
5,Tongue,Rest,60.54751539230347,0.875,1.0,"(56, 32, 1000)","(140, 32, 1000)",12345,67,0.8392857142857143
5,Mis,Rest,62.14581298828125,0.875,1.0,"(56, 32, 1000)","(140, 32, 1000)",12345,67,0.8214285714285714
