participant,class1,class2,running_time,test_acc,train_acc,test_size,train_size,train_block,test_block,test_acc_vote
6,Hand,Rest,55.89469027519226,0.7142857142857143,1.0,"(56, 32, 1000)","(140, 32, 1000)",12345,67,0.6964285714285714
6,Feet,Rest,60.50724673271179,0.75,1.0,"(56, 32, 1000)","(140, 32, 1000)",12345,67,0.7678571428571428
6,Tongue,Rest,62.5511748790741,0.7321428571428571,1.0,"(56, 32, 1000)","(140, 32, 1000)",12345,67,0.7678571428571428
6,Mis,Rest,55.19410490989685,0.8035714285714286,1.0,"(56, 32, 1000)","(140, 32, 1000)",12345,67,0.8214285714285714
