participant,class1,class2,running_time,test_acc,train_acc,test_size,train_size,train_block,test_block,test_acc_vote
9,Hand,Rest,61.96112966537475,0.9642857142857144,1.0,"(56, 32, 1000)","(140, 32, 1000)",12345,67,0.9642857142857144
9,Feet,Rest,59.82994198799133,0.9107142857142856,1.0,"(56, 32, 1000)","(140, 32, 1000)",12345,67,0.8928571428571429
9,Tongue,Rest,61.44853758811951,0.7321428571428571,1.0,"(56, 32, 1000)","(140, 32, 1000)",12345,67,0.6785714285714286
9,Mis,Rest,62.522451877593994,0.6785714285714286,1.0,"(56, 32, 1000)","(140, 32, 1000)",12345,67,0.6607142857142857
