participant,class1,class2,running_time,test_acc,train_acc,test_size,train_size,train_block,test_block,test_acc_vote
11,Hand,Rest,36.013283252716064,0.9196428571428572,1.0,"(112, 64, 1000)","(84, 64, 1000)",123,4567,0.9017857142857144
11,Feet,Rest,36.60820531845093,0.9464285714285714,1.0,"(112, 64, 1000)","(84, 64, 1000)",123,4567,0.9464285714285714
11,Tongue,Rest,37.75262951850891,0.6696428571428571,1.0,"(112, 64, 1000)","(84, 64, 1000)",123,4567,0.6428571428571428
11,Mis,Rest,37.41462016105652,0.7321428571428571,1.0,"(112, 64, 1000)","(84, 64, 1000)",123,4567,0.7053571428571428
