participant,class1,class2,running_time,test_acc,train_acc,test_size,train_size,train_block,test_block,test_acc_vote
9,Hand,Rest,36.29208064079285,0.9642857142857144,1.0,"(112, 64, 1000)","(84, 64, 1000)",123,4567,0.9375
9,Feet,Rest,36.21394491195679,0.9107142857142856,1.0,"(112, 64, 1000)","(84, 64, 1000)",123,4567,0.9107142857142856
9,Tongue,Rest,37.40270709991455,0.7321428571428571,1.0,"(112, 64, 1000)","(84, 64, 1000)",123,4567,0.6964285714285714
9,Mis,Rest,36.96570682525635,0.75,1.0,"(112, 64, 1000)","(84, 64, 1000)",123,4567,0.7678571428571428
