participant,class1,class2,running_time,test_acc,train_acc,test_size,train_size,train_block,test_block,test_acc_vote
10,Hand,Rest,36.61675262451172,0.6785714285714286,1.0,"(56, 64, 1000)","(140, 64, 1000)",12345,67,0.6785714285714286
10,Feet,Rest,36.304853439331055,0.6607142857142857,1.0,"(56, 64, 1000)","(140, 64, 1000)",12345,67,0.625
10,Tongue,Rest,37.38711476325989,0.7142857142857143,1.0,"(56, 64, 1000)","(140, 64, 1000)",12345,67,0.6607142857142857
10,Mis,Rest,37.51520085334778,0.5535714285714286,1.0,"(56, 64, 1000)","(140, 64, 1000)",12345,67,0.5178571428571428
