participant,class1,class2,running_time,test_acc,train_acc,test_size,train_size,train_block,test_block,test_acc_vote
9,Hand,Rest,36.8132119178772,0.75,0.9928571428571428,"(56, 64, 1000)","(140, 64, 1000)",12345,67,0.6607142857142857
9,Feet,Rest,36.191617250442505,0.9107142857142856,1.0,"(56, 64, 1000)","(140, 64, 1000)",12345,67,0.875
9,Tongue,Rest,37.852638721466064,0.625,1.0,"(56, 64, 1000)","(140, 64, 1000)",12345,67,0.6071428571428572
9,Mis,Rest,37.51246619224548,0.5535714285714286,1.0,"(56, 64, 1000)","(140, 64, 1000)",12345,67,0.5535714285714286
