participant,class1,class2,running_time,test_acc,train_acc,test_size,train_size,train_block,test_block,test_acc_vote
10,Hand,Rest,104.37634134292604,0.6201834862385321,1.0,"(545, 64, 1000)","(218, 64, 1000)",12,34567,0.6403669724770642
10,Feet,Rest,104.90541362762453,0.6,1.0,"(545, 64, 1000)","(218, 64, 1000)",12,34567,0.5944954128440367
10,Tongue,Rest,105.88960886001588,0.5596330275229358,1.0,"(545, 64, 1000)","(218, 64, 1000)",12,34567,0.5559633027522936
10,Mis,Rest,104.91282200813293,0.673394495412844,1.0,"(545, 64, 1000)","(218, 64, 1000)",12,34567,0.6642201834862385
