participant,class1,class2,running_time,test_acc,train_acc,test_size,train_size,train_block,test_block,test_acc_vote
3,Hand,Rest,40.67105150222778,0.9107142857142856,1.0,"(56, 64, 1000)","(140, 64, 1000)",12345,67,0.9107142857142856
3,Feet,Rest,40.165679693222046,0.7321428571428571,1.0,"(56, 64, 1000)","(140, 64, 1000)",12345,67,0.625
3,Tongue,Rest,41.70371675491333,0.8214285714285714,1.0,"(56, 64, 1000)","(140, 64, 1000)",12345,67,0.7678571428571428
3,Mis,Rest,41.5946249961853,0.9107142857142857,1.0,"(56, 64, 1000)","(140, 64, 1000)",12345,67,0.9107142857142857
