participant,class1,class2,running_time,test_acc,train_acc,test_size,train_size,train_block,test_block,test_acc_vote
7,Hand,Rest,122.40150380134584,0.7935779816513762,0.9793577981651376,"(218, 64, 1000)","(436, 64, 1000)",1234,67,0.8119266055045872
7,Feet,Rest,121.52844619750977,0.7614678899082569,0.9862385321100916,"(218, 64, 1000)","(436, 64, 1000)",1234,67,0.7660550458715596
7,Tongue,Rest,122.02628326416016,0.6972477064220184,0.9793577981651376,"(218, 64, 1000)","(436, 64, 1000)",1234,67,0.6926605504587156
7,Mis,Rest,122.59000039100647,0.6697247706422018,0.9610091743119266,"(218, 64, 1000)","(436, 64, 1000)",1234,67,0.6605504587155964
