participant,class1,class2,running_time,test_acc,train_acc,test_size,train_size,train_block,test_block,test_acc_vote
10,Hand,Rest,40.96544981002808,0.5714285714285714,1.0,"(56, 64, 1000)","(84, 64, 1000)",123,67,0.5892857142857143
10,Feet,Rest,41.189576864242554,0.6428571428571429,1.0,"(56, 64, 1000)","(84, 64, 1000)",123,67,0.7142857142857143
10,Tongue,Rest,40.88385629653931,0.5714285714285714,1.0,"(56, 64, 1000)","(84, 64, 1000)",123,67,0.5714285714285714
10,Mis,Rest,40.75879502296448,0.5,1.0,"(56, 64, 1000)","(84, 64, 1000)",123,67,0.4464285714285714
