participant,class1,class2,running_time,test_acc,train_acc,test_size,train_size,train_block,test_block,test_acc_vote
11,Hand,Rest,40.610228300094604,0.5357142857142857,1.0,"(56, 64, 1000)","(84, 64, 1000)",123,67,0.5535714285714286
11,Feet,Rest,40.62501764297485,0.6428571428571429,1.0,"(56, 64, 1000)","(84, 64, 1000)",123,67,0.5892857142857143
11,Tongue,Rest,40.42452931404114,0.4821428571428571,1.0,"(56, 64, 1000)","(84, 64, 1000)",123,67,0.5535714285714286
11,Mis,Rest,40.94524145126343,0.6071428571428571,1.0,"(56, 64, 1000)","(84, 64, 1000)",123,67,0.5714285714285714
