participant,class1,class2,running_time,test_acc,train_acc,test_size,train_size,train_block,test_block,test_acc_vote
16,Hand,Rest,40.18830990791321,0.5357142857142857,1.0,"(56, 64, 1000)","(84, 64, 1000)",123,67,0.5178571428571428
16,Feet,Rest,40.1079740524292,0.5178571428571429,1.0,"(56, 64, 1000)","(84, 64, 1000)",123,67,0.5535714285714286
16,Tongue,Rest,40.2776734828949,0.4821428571428571,1.0,"(56, 64, 1000)","(84, 64, 1000)",123,67,0.4642857142857143
16,Mis,Rest,39.89919686317444,0.6785714285714286,1.0,"(56, 64, 1000)","(84, 64, 1000)",123,67,0.7142857142857143
