participant,class1,class2,running_time,test_acc,train_acc,test_size,train_size,train_block,test_block,test_acc_vote
19,Hand,Rest,40.29360055923462,0.5714285714285714,1.0,"(56, 64, 1000)","(84, 64, 1000)",123,67,0.5714285714285714
19,Feet,Rest,39.81345176696777,0.4821428571428571,1.0,"(56, 64, 1000)","(84, 64, 1000)",123,67,0.5
19,Tongue,Rest,40.12456941604614,0.6607142857142857,1.0,"(56, 64, 1000)","(84, 64, 1000)",123,67,0.6607142857142857
19,Mis,Rest,39.91948175430298,0.5357142857142857,1.0,"(56, 64, 1000)","(84, 64, 1000)",123,67,0.5178571428571428
