participant,class1,class2,running_time,test_acc,train_acc,test_size,train_size,train_block,test_block,test_acc_vote
6,Hand,Rest,40.51861262321472,0.625,1.0,"(56, 64, 1000)","(84, 64, 1000)",123,67,0.5178571428571428
6,Feet,Rest,40.595691204071045,0.5357142857142857,1.0,"(56, 64, 1000)","(84, 64, 1000)",123,67,0.5714285714285714
6,Tongue,Rest,40.18158793449402,0.625,1.0,"(56, 64, 1000)","(84, 64, 1000)",123,67,0.6785714285714286
6,Mis,Rest,41.428537130355835,0.6071428571428571,1.0,"(56, 64, 1000)","(84, 64, 1000)",123,67,0.5892857142857143
