participant,class1,class2,running_time,test_acc,train_acc,test_size,train_size,train_block,test_block,test_acc_vote
7,Hand,Rest,41.230530738830566,0.6071428571428571,1.0,"(56, 64, 1000)","(84, 64, 1000)",123,67,0.625
7,Feet,Rest,40.28014779090881,0.75,1.0,"(56, 64, 1000)","(84, 64, 1000)",123,67,0.75
7,Tongue,Rest,40.38752293586731,0.5535714285714286,1.0,"(56, 64, 1000)","(84, 64, 1000)",123,67,0.5892857142857143
7,Mis,Rest,40.173688650131226,0.5892857142857143,1.0,"(56, 64, 1000)","(84, 64, 1000)",123,67,0.6428571428571428
