participant,class1,class2,running_time,test_acc,train_acc,test_size,train_size,train_block,test_block,test_acc_vote
9,Hand,Rest,41.290608406066895,0.8035714285714286,1.0,"(56, 64, 1000)","(84, 64, 1000)",123,67,0.75
9,Feet,Rest,39.86673712730408,0.6428571428571429,1.0,"(56, 64, 1000)","(84, 64, 1000)",123,67,0.6071428571428572
9,Tongue,Rest,40.77710485458374,0.5357142857142857,1.0,"(56, 64, 1000)","(84, 64, 1000)",123,67,0.5535714285714286
9,Mis,Rest,41.01760959625244,0.42857142857142855,1.0,"(56, 64, 1000)","(84, 64, 1000)",123,67,0.4107142857142857
