participant,class1,class2,running_time,test_acc,train_acc,test_size,train_size,train_block,test_block,test_acc_vote
11,Hand,Rest,18.574714422225952,0.5714285714285714,1.0,"(56, 64, 1000)","(28, 64, 1000)",1,67,0.5714285714285714
11,Feet,Rest,18.404934644699097,0.9285714285714286,1.0,"(56, 64, 1000)","(28, 64, 1000)",1,67,0.9107142857142856
11,Tongue,Rest,18.429028511047363,0.5714285714285714,1.0,"(56, 64, 1000)","(28, 64, 1000)",1,67,0.5357142857142857
11,Mis,Rest,18.128859758377075,0.5,1.0,"(56, 64, 1000)","(28, 64, 1000)",1,67,0.4821428571428571
