participant,class1,class2,running_time,test_acc,train_acc,test_size,train_size,train_block,test_block,test_acc_vote
4,Hand,Rest,18.232337474823,0.8035714285714286,1.0,"(56, 64, 1000)","(28, 64, 1000)",1,67,0.7857142857142857
4,Feet,Rest,18.32929420471191,0.6964285714285714,1.0,"(56, 64, 1000)","(28, 64, 1000)",1,67,0.6785714285714286
4,Tongue,Rest,18.397804498672485,0.6964285714285714,1.0,"(56, 64, 1000)","(28, 64, 1000)",1,67,0.5714285714285714
4,Mis,Rest,18.2109055519104,0.625,1.0,"(56, 64, 1000)","(28, 64, 1000)",1,67,0.5357142857142857
