class,test_acc,vote_acc
Hand,0.7928571428571428,0.76875
Feet,0.7616071428571428,0.7348214285714285
Tongue,0.7276785714285714,0.7053571428571429
Mis,0.7205357142857143,0.6982142857142858
