participant,class1,class2,running_time,test_acc,train_acc,test_size,train_size,train_block,test_block,test_acc_vote
11,Hand,Rest,40.45750141143799,0.8571428571428571,1.0,"(112, 64, 1000)","(84, 64, 1000)",123,4567,0.8571428571428572
11,Feet,Rest,40.1276798248291,0.9464285714285714,1.0,"(112, 64, 1000)","(84, 64, 1000)",123,4567,0.9285714285714286
11,Tongue,Rest,41.548986196517944,0.6785714285714286,1.0,"(112, 64, 1000)","(84, 64, 1000)",123,4567,0.6607142857142857
11,Mis,Rest,41.54378652572632,0.7678571428571429,1.0,"(112, 64, 1000)","(84, 64, 1000)",123,4567,0.7232142857142857
