participant,class1,class2,running_time,test_acc,train_acc,test_size,train_size,train_block,test_block,test_acc_vote
13,Hand,Rest,40.73477005958557,0.6875,1.0,"(112, 64, 1000)","(84, 64, 1000)",123,4567,0.6607142857142857
13,Feet,Rest,40.65746808052063,0.7321428571428571,1.0,"(112, 64, 1000)","(84, 64, 1000)",123,4567,0.7232142857142857
13,Tongue,Rest,42.18428039550781,0.7321428571428571,1.0,"(112, 64, 1000)","(84, 64, 1000)",123,4567,0.6785714285714286
13,Mis,Rest,41.28272271156311,0.7857142857142857,1.0,"(112, 64, 1000)","(84, 64, 1000)",123,4567,0.7410714285714286
