participant,class1,class2,running_time,test_acc,train_acc,test_size,train_size,train_block,test_block,test_acc_vote
14,Hand,Rest,40.89855933189392,0.7589285714285714,1.0,"(112, 64, 1000)","(84, 64, 1000)",123,4567,0.7142857142857143
14,Feet,Rest,40.06673336029053,0.6071428571428571,1.0,"(112, 64, 1000)","(84, 64, 1000)",123,4567,0.5982142857142857
14,Tongue,Rest,42.1482834815979,0.6428571428571429,1.0,"(112, 64, 1000)","(84, 64, 1000)",123,4567,0.6339285714285714
14,Mis,Rest,41.02266883850098,0.8125,1.0,"(112, 64, 1000)","(84, 64, 1000)",123,4567,0.8035714285714286
