participant,class1,class2,running_time,test_acc,train_acc,test_size,train_size,train_block,test_block,test_acc_vote
3,Hand,Rest,40.41367697715759,0.7767857142857143,1.0,"(112, 64, 1000)","(84, 64, 1000)",123,4567,0.7142857142857143
3,Feet,Rest,39.86418437957764,0.6517857142857143,1.0,"(112, 64, 1000)","(84, 64, 1000)",123,4567,0.6071428571428572
3,Tongue,Rest,41.69006824493408,0.6875,1.0,"(112, 64, 1000)","(84, 64, 1000)",123,4567,0.6339285714285714
3,Mis,Rest,41.201679706573486,0.8303571428571429,1.0,"(112, 64, 1000)","(84, 64, 1000)",123,4567,0.8125
