participant,class1,class2,running_time,test_acc,train_acc,test_size,train_size,train_block,test_block,test_acc_vote
5,Hand,Rest,40.500359773635864,0.8125,1.0,"(112, 64, 1000)","(84, 64, 1000)",123,4567,0.8392857142857143
5,Feet,Rest,40.003177881240845,0.5625,1.0,"(112, 64, 1000)","(84, 64, 1000)",123,4567,0.5357142857142857
5,Tongue,Rest,41.44155168533325,0.8125,1.0,"(112, 64, 1000)","(84, 64, 1000)",123,4567,0.8125
5,Mis,Rest,41.14004158973694,0.5625,1.0,"(112, 64, 1000)","(84, 64, 1000)",123,4567,0.5535714285714286
