participant,class1,class2,running_time,test_acc,train_acc,test_size,train_size,train_block,test_block,test_acc_vote
6,Hand,Rest,40.76493048667908,0.7767857142857143,1.0,"(112, 64, 1000)","(84, 64, 1000)",123,4567,0.75
6,Feet,Rest,39.86018919944763,0.7946428571428571,1.0,"(112, 64, 1000)","(84, 64, 1000)",123,4567,0.7321428571428572
6,Tongue,Rest,41.769627809524536,0.6517857142857143,1.0,"(112, 64, 1000)","(84, 64, 1000)",123,4567,0.6339285714285714
6,Mis,Rest,40.96992611885071,0.6071428571428571,1.0,"(112, 64, 1000)","(84, 64, 1000)",123,4567,0.5535714285714286
