participant,class1,class2,running_time,test_acc,train_acc,test_size,train_size,train_block,test_block,test_acc_vote
9,Hand,Rest,40.52446627616882,0.8660714285714286,1.0,"(112, 64, 1000)","(84, 64, 1000)",123,4567,0.8482142857142857
9,Feet,Rest,40.314844846725464,0.9642857142857144,1.0,"(112, 64, 1000)","(84, 64, 1000)",123,4567,0.9375
9,Tongue,Rest,41.625550746917725,0.75,1.0,"(112, 64, 1000)","(84, 64, 1000)",123,4567,0.7410714285714286
9,Mis,Rest,41.10862135887146,0.7767857142857143,1.0,"(112, 64, 1000)","(84, 64, 1000)",123,4567,0.7767857142857143
