participant,class1,class2,running_time,test_acc,train_acc,test_size,train_size,train_block,test_block,test_acc_vote
18,Hand,Rest,100.44611501693726,0.6981981981981982,1.0,"(222, 64, 500)","(555, 64, 500)",12345,67,0.6981981981981982
18,Feet,Rest,101.810617685318,0.6531531531531531,1.0,"(222, 64, 500)","(555, 64, 500)",12345,67,0.6666666666666667
18,Tongue,Rest,99.9631974697113,0.8108108108108109,1.0,"(222, 64, 500)","(555, 64, 500)",12345,67,0.8333333333333334
18,Mis,Rest,101.8893895149231,0.7567567567567568,1.0,"(222, 64, 500)","(555, 64, 500)",12345,67,0.7882882882882882
