participant,class1,class2,running_time,test_acc,train_acc,test_size,train_size,train_block,test_block,test_acc_vote
4,Hand,Rest,100.60519456863403,0.8063063063063063,1.0,"(222, 64, 500)","(555, 64, 500)",12345,67,0.8333333333333334
4,Feet,Rest,100.08122611045836,0.7342342342342343,1.0,"(222, 64, 500)","(555, 64, 500)",12345,67,0.7702702702702703
4,Tongue,Rest,99.90054965019226,0.6846846846846847,1.0,"(222, 64, 500)","(555, 64, 500)",12345,67,0.6801801801801801
4,Mis,Rest,100.39585304260254,0.6396396396396397,1.0,"(222, 64, 500)","(555, 64, 500)",12345,67,0.6396396396396397
