participant,class1,class2,running_time,test_acc,train_acc,test_size,train_size,train_block,test_block,test_acc_vote
14,Hand,Rest,42.36032676696777,0.9166666666666666,1.0,"(84, 64, 1000)","(112, 64, 1000)",1234,567,0.8690476190476191
14,Feet,Rest,42.56661367416382,0.8690476190476191,1.0,"(84, 64, 1000)","(112, 64, 1000)",1234,567,0.8452380952380952
14,Tongue,Rest,43.452473640441895,0.6071428571428571,1.0,"(84, 64, 1000)","(112, 64, 1000)",1234,567,0.6309523809523809
14,Mis,Rest,43.311010122299194,0.7857142857142857,1.0,"(84, 64, 1000)","(112, 64, 1000)",1234,567,0.8095238095238095
