participant,class1,class2,running_time,test_acc,train_acc,test_size,train_size,train_block,test_block,test_acc_vote
3,Hand,Rest,42.386902809143066,0.8571428571428571,1.0,"(84, 64, 1000)","(112, 64, 1000)",1234,567,0.8333333333333334
3,Feet,Rest,41.88028073310852,0.5952380952380952,1.0,"(84, 64, 1000)","(112, 64, 1000)",1234,567,0.6071428571428572
3,Tongue,Rest,43.893744707107544,0.7619047619047619,1.0,"(84, 64, 1000)","(112, 64, 1000)",1234,567,0.7142857142857143
3,Mis,Rest,43.25765895843506,0.8452380952380952,1.0,"(84, 64, 1000)","(112, 64, 1000)",1234,567,0.8214285714285714
