participant,class1,class2,running_time,test_acc,train_acc,test_size,train_size,train_block,test_block,test_acc_vote
4,Hand,Rest,42.71626877784729,0.9047619047619048,1.0,"(84, 64, 1000)","(112, 64, 1000)",1234,567,0.8809523809523809
4,Feet,Rest,41.84374237060547,0.8452380952380952,1.0,"(84, 64, 1000)","(112, 64, 1000)",1234,567,0.7857142857142857
4,Tongue,Rest,43.8482460975647,0.7619047619047619,1.0,"(84, 64, 1000)","(112, 64, 1000)",1234,567,0.7142857142857143
4,Mis,Rest,42.96943640708923,0.75,1.0,"(84, 64, 1000)","(112, 64, 1000)",1234,567,0.7023809523809523
