participant,class1,class2,running_time,test_acc,train_acc,test_size,train_size,train_block,test_block,test_acc_vote
5,Hand,Rest,42.481794595718384,0.8214285714285714,1.0,"(84, 64, 1000)","(112, 64, 1000)",1234,567,0.8333333333333334
5,Feet,Rest,42.02272605895996,0.7738095238095238,1.0,"(84, 64, 1000)","(112, 64, 1000)",1234,567,0.75
5,Tongue,Rest,43.56397008895874,0.8333333333333334,1.0,"(84, 64, 1000)","(112, 64, 1000)",1234,567,0.8452380952380952
5,Mis,Rest,43.0965793132782,0.7261904761904762,1.0,"(84, 64, 1000)","(112, 64, 1000)",1234,567,0.6785714285714286
