participant,class1,class2,running_time,test_acc,train_acc,test_size,train_size,train_block,test_block,test_acc_vote
10,Hand,Rest,90.72853755950928,0.6785714285714286,1.0,"(224, 64, 250)","(560, 64, 250)",12345,67,0.6919642857142857
10,Feet,Rest,91.52033567428587,0.6875,1.0,"(224, 64, 250)","(560, 64, 250)",12345,67,0.71875
10,Tongue,Rest,93.3547945022583,0.6741071428571429,1.0,"(224, 64, 250)","(560, 64, 250)",12345,67,0.7008928571428572
10,Mis,Rest,93.08539724349976,0.7455357142857143,1.0,"(224, 64, 250)","(560, 64, 250)",12345,67,0.75
