participant,class1,class2,running_time,test_acc,train_acc,test_size,train_size,train_block,test_block,test_acc_vote
11,Hand,Rest,92.07867455482484,0.7901785714285714,1.0,"(224, 64, 250)","(560, 64, 250)",12345,67,0.8303571428571428
11,Feet,Rest,93.0506603717804,0.8883928571428571,1.0,"(224, 64, 250)","(560, 64, 250)",12345,67,0.9285714285714286
11,Tongue,Rest,91.43631434440611,0.6696428571428571,1.0,"(224, 64, 250)","(560, 64, 250)",12345,67,0.7008928571428572
11,Mis,Rest,91.634920835495,0.6607142857142857,1.0,"(224, 64, 250)","(560, 64, 250)",12345,67,0.7008928571428572
