participant,class1,class2,running_time,test_acc,train_acc,test_size,train_size,train_block,test_block,test_acc_vote
13,Hand,Rest,91.44157481193542,0.65625,1.0,"(224, 64, 250)","(560, 64, 250)",12345,67,0.6517857142857143
13,Feet,Rest,93.53301286697388,0.7544642857142857,1.0,"(224, 64, 250)","(560, 64, 250)",12345,67,0.7678571428571428
13,Tongue,Rest,92.61263465881348,0.7678571428571429,1.0,"(224, 64, 250)","(560, 64, 250)",12345,67,0.7767857142857143
13,Mis,Rest,91.58300113677979,0.7098214285714286,1.0,"(224, 64, 250)","(560, 64, 250)",12345,67,0.7544642857142857
