participant,class1,class2,running_time,test_acc,train_acc,test_size,train_size,train_block,test_block,test_acc_vote
14,Hand,Rest,91.38837218284608,0.8303571428571429,1.0,"(224, 64, 250)","(560, 64, 250)",12345,67,0.8526785714285714
14,Feet,Rest,92.2641110420227,0.71875,1.0,"(224, 64, 250)","(560, 64, 250)",12345,67,0.7901785714285714
14,Tongue,Rest,91.74276351928712,0.6607142857142857,1.0,"(224, 64, 250)","(560, 64, 250)",12345,67,0.6964285714285714
14,Mis,Rest,90.96046781539917,0.6428571428571429,1.0,"(224, 64, 250)","(560, 64, 250)",12345,67,0.6651785714285714
