participant,class1,class2,running_time,test_acc,train_acc,test_size,train_size,train_block,test_block,test_acc_vote
15,Hand,Rest,89.08542394638062,0.7767857142857143,1.0,"(224, 64, 250)","(524, 64, 250)",12345,67,0.8258928571428572
15,Feet,Rest,93.19482016563416,0.71875,1.0,"(224, 64, 250)","(560, 64, 250)",12345,67,0.7633928571428572
15,Tongue,Rest,91.58419060707092,0.6830357142857143,1.0,"(224, 64, 250)","(560, 64, 250)",12345,67,0.7098214285714286
15,Mis,Rest,91.00999569892883,0.6473214285714286,1.0,"(224, 64, 250)","(560, 64, 250)",12345,67,0.65625
