participant,class1,class2,running_time,test_acc,train_acc,test_size,train_size,train_block,test_block,test_acc_vote
5,Hand,Rest,91.09149980545044,0.6964285714285714,1.0,"(224, 64, 250)","(560, 64, 250)",12345,67,0.7142857142857143
5,Feet,Rest,92.89332914352416,0.625,1.0,"(224, 64, 250)","(560, 64, 250)",12345,67,0.6428571428571428
5,Tongue,Rest,93.17688941955566,0.6651785714285714,1.0,"(224, 64, 250)","(560, 64, 250)",12345,67,0.7053571428571428
5,Mis,Rest,91.58632254600525,0.7366071428571429,1.0,"(224, 64, 250)","(560, 64, 250)",12345,67,0.7901785714285714
