participant,class1,class2,running_time,test_acc,train_acc,test_size,train_size,train_block,test_block,test_acc_vote
6,Hand,Rest,92.44374585151672,0.7008928571428571,1.0,"(224, 64, 250)","(560, 64, 250)",12345,67,0.7544642857142857
6,Feet,Rest,91.64842700958252,0.6875,1.0,"(224, 64, 250)","(560, 64, 250)",12345,67,0.7410714285714286
6,Tongue,Rest,91.4903724193573,0.6741071428571429,1.0,"(224, 64, 250)","(560, 64, 250)",12345,67,0.71875
6,Mis,Rest,90.68058323860168,0.6383928571428571,1.0,"(224, 64, 250)","(560, 64, 250)",12345,67,0.6696428571428572
