participant,class1,class2,running_time,test_acc,train_acc,test_size,train_size,train_block,test_block,test_acc_vote
7,Hand,Rest,90.97328567504884,0.7455357142857143,1.0,"(224, 64, 250)","(560, 64, 250)",12345,67,0.8125
7,Feet,Rest,93.47438716888428,0.7589285714285714,1.0,"(224, 64, 250)","(560, 64, 250)",12345,67,0.8258928571428572
7,Tongue,Rest,91.48155188560486,0.6919642857142857,1.0,"(224, 64, 250)","(560, 64, 250)",12345,67,0.7678571428571428
7,Mis,Rest,90.61390900611877,0.6205357142857143,1.0,"(224, 64, 250)","(560, 64, 250)",12345,67,0.6339285714285714
