participant,class1,class2,running_time,test_acc,train_acc,test_size,train_size,train_block,test_block,test_acc_vote
9,Hand,Rest,91.89870953559875,0.7901785714285714,1.0,"(224, 64, 250)","(560, 64, 250)",12345,67,0.84375
9,Feet,Rest,91.58209681510924,0.8348214285714286,1.0,"(224, 64, 250)","(560, 64, 250)",12345,67,0.8660714285714286
9,Tongue,Rest,93.3360562324524,0.71875,1.0,"(224, 64, 250)","(560, 64, 250)",12345,67,0.7723214285714286
9,Mis,Rest,90.4931652545929,0.7321428571428571,1.0,"(224, 64, 250)","(560, 64, 250)",12345,67,0.75
