class,test_acc,vote_acc
Hand,0.7562499999999999,0.7142857142857143
Feet,0.7642857142857143,0.7294642857142858
Tongue,0.6714285714285714,0.6330357142857144
Mis,0.70625,0.6875
