participant,class1,class2,running_time,test_acc,train_acc,test_size,train_size,train_block,test_block,test_acc_vote
13,Hand,Rest,40.67825937271118,0.7142857142857143,0.9761904761904762,"(112, 64, 1000)","(84, 64, 1000)",123,4567,0.6607142857142857
13,Feet,Rest,39.97642207145691,0.7410714285714286,1.0,"(112, 64, 1000)","(84, 64, 1000)",123,4567,0.7410714285714286
13,Tongue,Rest,41.79996657371521,0.6339285714285714,0.988095238095238,"(112, 64, 1000)","(84, 64, 1000)",123,4567,0.5982142857142857
13,Mis,Rest,41.10081076622009,0.8214285714285714,1.0,"(112, 64, 1000)","(84, 64, 1000)",123,4567,0.8035714285714286
