participant,class1,class2,running_time,test_acc,train_acc,test_size,train_size,train_block,test_block,test_acc_vote
3,Hand,Rest,40.70605206489563,0.6875,1.0,"(112, 64, 1000)","(84, 64, 1000)",123,4567,0.6160714285714286
3,Feet,Rest,40.40596342086792,0.6160714285714286,1.0,"(112, 64, 1000)","(84, 64, 1000)",123,4567,0.5714285714285714
3,Tongue,Rest,42.008610248565674,0.6071428571428571,1.0,"(112, 64, 1000)","(84, 64, 1000)",123,4567,0.5625
3,Mis,Rest,40.99687361717224,0.8214285714285714,1.0,"(112, 64, 1000)","(84, 64, 1000)",123,4567,0.7678571428571428
