participant,class1,class2,running_time,test_acc,train_acc,test_size,train_size,train_block,test_block,test_acc_vote
6,Hand,Rest,39.23399066925049,0.6964285714285714,1.0,"(112, 64, 1000)","(84, 64, 1000)",123,4567,0.625
6,Feet,Rest,38.57576274871826,0.7946428571428571,1.0,"(112, 64, 1000)","(84, 64, 1000)",123,4567,0.7321428571428572
6,Tongue,Rest,40.127652168273926,0.6696428571428571,1.0,"(112, 64, 1000)","(84, 64, 1000)",123,4567,0.6607142857142857
6,Mis,Rest,39.73056769371033,0.5982142857142857,0.9880952380952381,"(112, 64, 1000)","(84, 64, 1000)",123,4567,0.5892857142857143
