participant,class1,class2,running_time,test_acc,train_acc,test_size,train_size,train_block,test_block,test_acc_vote
9,Hand,Rest,39.190460443496704,0.8482142857142857,1.0,"(112, 64, 1000)","(84, 64, 1000)",123,4567,0.7946428571428572
9,Feet,Rest,38.2945876121521,0.9464285714285714,1.0,"(112, 64, 1000)","(84, 64, 1000)",123,4567,0.9196428571428572
9,Tongue,Rest,40.29318141937256,0.6071428571428571,1.0,"(112, 64, 1000)","(84, 64, 1000)",123,4567,0.5803571428571428
9,Mis,Rest,40.47281265258789,0.7053571428571429,1.0,"(112, 64, 1000)","(84, 64, 1000)",123,4567,0.6875
