participant,class1,class2,running_time,test_acc,train_acc,test_size,train_size,train_block,test_block,test_acc_vote
13,Hand,Rest,34.98646402359009,0.75,0.9285714285714286,"(112, 64, 1000)","(84, 64, 1000)",123,4567,0.7142857142857143
13,Feet,Rest,34.956299781799316,0.7857142857142857,1.0,"(112, 64, 1000)","(84, 64, 1000)",123,4567,0.7321428571428572
13,Tongue,Rest,36.10764193534851,0.8392857142857143,1.0,"(112, 64, 1000)","(84, 64, 1000)",123,4567,0.8035714285714286
13,Mis,Rest,35.78909492492676,0.8214285714285714,1.0,"(112, 64, 1000)","(84, 64, 1000)",123,4567,0.8214285714285714
