participant,class1,class2,running_time,test_acc,train_acc,test_size,train_size,train_block,test_block,test_acc_vote
3,Hand,Rest,96.79506587982178,0.5168195718654435,1.0,"(654, 64, 1000)","(109, 64, 1000)",1,234567,0.5152905198776758
3,Feet,Rest,97.317444562912,0.5489296636085627,1.0,"(654, 64, 1000)","(109, 64, 1000)",1,234567,0.5412844036697247
3,Tongue,Rest,97.99784111976624,0.4617737003058104,1.0,"(654, 64, 1000)","(109, 64, 1000)",1,234567,0.45565749235474
3,Mis,Rest,98.79654502868652,0.6559633027522935,1.0,"(654, 64, 1000)","(109, 64, 1000)",1,234567,0.6590214067278288
