participant,class1,class2,running_time,test_acc,train_acc,test_size,train_size,train_block,test_block,test_acc_vote
12,Hand,Rest,16.2520534992218,0.7857142857142857,1.0,"(28, 64, 1000)","(84, 64, 1000)",123,28 randomly chosen!,0.8214285714285714
12,Feet,Rest,16.24396061897278,0.7142857142857143,0.988095238095238,"(28, 64, 1000)","(84, 64, 1000)",123,28 randomly chosen!,0.75
12,Tongue,Rest,16.20413637161255,0.6071428571428571,0.9761904761904762,"(28, 64, 1000)","(84, 64, 1000)",123,28 randomly chosen!,0.6428571428571428
12,Mis,Rest,16.200785160064697,0.6071428571428571,1.0,"(28, 64, 1000)","(84, 64, 1000)",123,28 randomly chosen!,0.6071428571428572
