participant,class1,class2,running_time,test_acc,train_acc,test_size,train_size,train_block,test_block,test_acc_vote
10,Hand,Rest,51.55200839042664,0.6142857142857143,1.0,"(140, 64, 1000)","(56, 64, 1000)",12,34567,0.5714285714285714
10,Feet,Rest,52.703593492507935,0.5357142857142857,1.0,"(140, 64, 1000)","(56, 64, 1000)",12,34567,0.5642857142857143
10,Tongue,Rest,54.4251766204834,0.5571428571428572,1.0,"(140, 64, 1000)","(56, 64, 1000)",12,34567,0.5428571428571429
10,Mis,Rest,53.303690671920776,0.6428571428571429,1.0,"(140, 64, 1000)","(56, 64, 1000)",12,34567,0.6142857142857143
