participant,class1,class2,running_time,test_acc,train_acc,test_size,train_size,train_block,test_block,test_acc_vote
13,Hand,Rest,71.5744092464447,0.6284403669724771,1.0,"(218, 64, 1000)","(218, 64, 1000)",12,67,0.6009174311926606
13,Feet,Rest,71.03696346282959,0.7935779816513762,1.0,"(218, 64, 1000)","(218, 64, 1000)",12,67,0.8302752293577982
13,Tongue,Rest,71.26475286483765,0.7568807339449541,1.0,"(218, 64, 1000)","(218, 64, 1000)",12,67,0.7752293577981652
13,Mis,Rest,71.17090630531311,0.6559633027522935,1.0,"(218, 64, 1000)","(218, 64, 1000)",12,67,0.6788990825688073
