participant,class1,class2,running_time,test_acc,train_acc,test_size,train_size,train_block,test_block,test_acc_vote
14,Hand,Rest,71.52909684181213,0.8119266055045872,1.0,"(218, 64, 1000)","(218, 64, 1000)",12,67,0.8165137614678899
14,Feet,Rest,71.49114274978638,0.7201834862385321,1.0,"(218, 64, 1000)","(218, 64, 1000)",12,67,0.7431192660550459
14,Tongue,Rest,71.88906526565552,0.6192660550458715,1.0,"(218, 64, 1000)","(218, 64, 1000)",12,67,0.6146788990825688
14,Mis,Rest,71.78393483161926,0.4954128440366973,1.0,"(218, 64, 1000)","(218, 64, 1000)",12,67,0.49082568807339455
