participant,class1,class2,running_time,test_acc,train_acc,test_size,train_size,train_block,test_block,test_acc_vote
16,Hand,Rest,71.45810008049011,0.5779816513761468,1.0,"(218, 64, 1000)","(218, 64, 1000)",12,67,0.555045871559633
16,Feet,Rest,70.42504119873047,0.6100917431192661,1.0,"(218, 64, 1000)","(218, 64, 1000)",12,67,0.6376146788990826
16,Tongue,Rest,71.87942624092102,0.7018348623853211,1.0,"(218, 64, 1000)","(218, 64, 1000)",12,67,0.7110091743119267
16,Mis,Rest,72.12096738815308,0.6192660550458715,1.0,"(218, 64, 1000)","(218, 64, 1000)",12,67,0.6146788990825688
