participant,class1,class2,running_time,test_acc,train_acc,test_size,train_size,train_block,test_block,test_acc_vote
17,Hand,Rest,70.37747359275818,0.6972477064220184,1.0,"(218, 64, 1000)","(218, 64, 1000)",12,67,0.7018348623853211
17,Feet,Rest,70.88972020149231,0.6926605504587156,1.0,"(218, 64, 1000)","(218, 64, 1000)",12,67,0.7018348623853211
17,Tongue,Rest,70.27890133857727,0.6376146788990825,1.0,"(218, 64, 1000)","(218, 64, 1000)",12,67,0.6422018348623852
17,Mis,Rest,69.72559237480164,0.5779816513761468,1.0,"(218, 64, 1000)","(218, 64, 1000)",12,67,0.5596330275229358
