participant,class1,class2,running_time,test_acc,train_acc,test_size,train_size,train_block,test_block,test_acc_vote
3,Hand,Rest,70.4399003982544,0.6880733944954128,1.0,"(218, 64, 1000)","(218, 64, 1000)",12,67,0.6788990825688073
3,Feet,Rest,70.962726354599,0.6330275229357798,1.0,"(218, 64, 1000)","(218, 64, 1000)",12,67,0.6559633027522935
3,Tongue,Rest,71.55751204490662,0.5825688073394495,1.0,"(218, 64, 1000)","(218, 64, 1000)",12,67,0.5779816513761468
3,Mis,Rest,70.70433640480042,0.6284403669724771,1.0,"(218, 64, 1000)","(218, 64, 1000)",12,67,0.6284403669724771
