participant,class1,class2,running_time,test_acc,train_acc,test_size,train_size,train_block,test_block,test_acc_vote
9,Hand,Rest,71.9553234577179,0.7706422018348624,1.0,"(218, 64, 1000)","(218, 64, 1000)",12,67,0.7752293577981652
9,Feet,Rest,70.72761607170105,0.6788990825688074,1.0,"(218, 64, 1000)","(218, 64, 1000)",12,67,0.6605504587155964
9,Tongue,Rest,71.79449605941772,0.463302752293578,1.0,"(218, 64, 1000)","(218, 64, 1000)",12,67,0.4541284403669725
9,Mis,Rest,71.26462745666504,0.5963302752293578,1.0,"(218, 64, 1000)","(218, 64, 1000)",12,67,0.5963302752293578
