participant,class1,class2,running_time,test_acc,train_acc,test_size,train_size,train_block,test_block,test_acc_vote
14,Hand,Rest,70.47069096565247,0.7935779816513762,1.0,"(218, 64, 1000)","(218, 64, 1000)",12,67,0.7844036697247706
14,Feet,Rest,71.92161679267883,0.6376146788990825,1.0,"(218, 64, 1000)","(218, 64, 1000)",12,67,0.6422018348623852
14,Tongue,Rest,71.33834385871887,0.6513761467889908,1.0,"(218, 64, 1000)","(218, 64, 1000)",12,67,0.7155963302752293
14,Mis,Rest,70.53900861740112,0.5137614678899083,1.0,"(218, 64, 1000)","(218, 64, 1000)",12,67,0.5091743119266054
