participant,class1,class2,running_time,test_acc,train_acc,test_size,train_size,train_block,test_block,test_acc_vote
19,Hand,Rest,71.61358833312988,0.5688073394495413,1.0,"(218, 64, 1000)","(218, 64, 1000)",12,67,0.5779816513761468
19,Feet,Rest,70.93355941772461,0.5504587155963303,1.0,"(218, 64, 1000)","(218, 64, 1000)",12,67,0.5688073394495412
19,Tongue,Rest,71.94199085235596,0.7201834862385321,1.0,"(218, 64, 1000)","(218, 64, 1000)",12,67,0.7339449541284404
19,Mis,Rest,71.86811828613281,0.7110091743119266,1.0,"(218, 64, 1000)","(218, 64, 1000)",12,67,0.7110091743119267
