participant,class1,class2,running_time,test_acc,train_acc,test_size,train_size,train_block,test_block,test_acc_vote
9,Hand,Rest,71.95290446281433,0.8211009174311926,1.0,"(218, 64, 1000)","(218, 64, 1000)",12,67,0.8302752293577982
9,Feet,Rest,71.49021911621094,0.7844036697247706,1.0,"(218, 64, 1000)","(218, 64, 1000)",12,67,0.8027522935779816
9,Tongue,Rest,72.0730311870575,0.5045871559633027,1.0,"(218, 64, 1000)","(218, 64, 1000)",12,67,0.5137614678899083
9,Mis,Rest,71.89217019081116,0.5275229357798165,1.0,"(218, 64, 1000)","(218, 64, 1000)",12,67,0.5275229357798166
