participant,class1,class2,running_time,test_acc,train_acc,test_size,train_size,train_block,test_block,test_acc_vote
13,Hand,Rest,39.9230375289917,0.6607142857142857,1.0,"(56, 64, 1000)","(140, 64, 1000)",12345,67,0.6428571428571428
13,Feet,Rest,41.85234045982361,0.8214285714285714,1.0,"(56, 64, 1000)","(140, 64, 1000)",12345,67,0.7857142857142857
13,Tongue,Rest,49.983689308166504,0.8392857142857143,1.0,"(56, 64, 1000)","(140, 64, 1000)",12345,67,0.7857142857142857
13,Mis,Rest,43.09251523017883,0.8035714285714286,1.0,"(56, 64, 1000)","(140, 64, 1000)",12345,67,0.7321428571428572
