participant,class1,class2,running_time,test_acc,train_acc,test_size,train_size,train_block,test_block,test_acc_vote
14,Hand,Rest,37.91447854042053,0.9107142857142856,1.0,"(56, 64, 1000)","(140, 64, 1000)",12345,67,0.875
14,Feet,Rest,38.1725161075592,0.8214285714285714,1.0,"(56, 64, 1000)","(140, 64, 1000)",12345,67,0.7678571428571428
14,Tongue,Rest,39.44379711151123,0.7857142857142857,1.0,"(56, 64, 1000)","(140, 64, 1000)",12345,67,0.7857142857142857
14,Mis,Rest,39.681174755096436,0.6428571428571429,1.0,"(56, 64, 1000)","(140, 64, 1000)",12345,67,0.6607142857142857
