participant,class1,class2,running_time,test_acc,train_acc,test_size,train_size,train_block,test_block,test_acc_vote
3,Hand,Rest,38.4269015789032,0.8214285714285714,1.0,"(56, 64, 1000)","(140, 64, 1000)",12345,67,0.7857142857142857
3,Feet,Rest,37.67556953430176,0.5535714285714286,1.0,"(56, 64, 1000)","(140, 64, 1000)",12345,67,0.4821428571428571
3,Tongue,Rest,38.893203020095825,0.7678571428571429,1.0,"(56, 64, 1000)","(140, 64, 1000)",12345,67,0.6785714285714286
3,Mis,Rest,38.9638831615448,0.875,1.0,"(56, 64, 1000)","(140, 64, 1000)",12345,67,0.8571428571428572
