participant,class1,class2,running_time,test_acc,train_acc,test_size,train_size,train_block,test_block,test_acc_vote
10,Hand,Rest,77.4933385848999,0.6919642857142857,1.0,"(224, 64, 250)","(448, 64, 250)",1234,67,0.7008928571428572
10,Feet,Rest,77.9521689414978,0.6383928571428571,1.0,"(224, 64, 250)","(448, 64, 250)",1234,67,0.6428571428571428
10,Tongue,Rest,77.63536524772644,0.6071428571428571,1.0,"(224, 64, 250)","(448, 64, 250)",1234,67,0.6294642857142857
10,Mis,Rest,77.20851516723633,0.6830357142857143,1.0,"(224, 64, 250)","(448, 64, 250)",1234,67,0.6607142857142857
