participant,class1,class2,running_time,test_acc,train_acc,test_size,train_size,train_block,test_block,test_acc_vote
18,Hand,Rest,75.82008981704712,0.6160714285714286,1.0,"(224, 64, 250)","(448, 64, 250)",1234,67,0.6517857142857143
18,Feet,Rest,75.30319333076477,0.6473214285714286,1.0,"(224, 64, 250)","(448, 64, 250)",1234,67,0.6964285714285714
18,Tongue,Rest,77.52613115310669,0.75,1.0,"(224, 64, 250)","(448, 64, 250)",1234,67,0.7857142857142857
18,Mis,Rest,77.34469413757324,0.6919642857142857,1.0,"(224, 64, 250)","(448, 64, 250)",1234,67,0.7232142857142857
