participant,class1,class2,running_time,test_acc,train_acc,test_size,train_size,train_block,test_block,test_acc_vote
4,Hand,Rest,76.64414167404175,0.7991071428571429,1.0,"(224, 64, 250)","(448, 64, 250)",1234,67,0.8125
4,Feet,Rest,76.48587322235107,0.75,1.0,"(224, 64, 250)","(448, 64, 250)",1234,67,0.7946428571428572
4,Tongue,Rest,77.00060939788818,0.7321428571428571,1.0,"(224, 64, 250)","(448, 64, 250)",1234,67,0.7410714285714286
4,Mis,Rest,77.9915623664856,0.7410714285714286,1.0,"(224, 64, 250)","(448, 64, 250)",1234,67,0.7366071428571428
