participant,class1,class2,running_time,test_acc,train_acc,test_size,train_size,train_block,test_block,test_acc_vote
9,Hand,Rest,76.91423559188843,0.8258928571428571,1.0,"(224, 64, 250)","(448, 64, 250)",1234,67,0.8973214285714286
9,Feet,Rest,78.25342750549316,0.8214285714285714,1.0,"(224, 64, 250)","(448, 64, 250)",1234,67,0.8616071428571428
9,Tongue,Rest,76.81631827354431,0.7321428571428571,1.0,"(224, 64, 250)","(448, 64, 250)",1234,67,0.7767857142857143
9,Mis,Rest,77.7869062423706,0.6473214285714286,1.0,"(224, 64, 250)","(448, 64, 250)",1234,67,0.6875
