participant,class1,class2,running_time,test_acc,train_acc,test_size,train_size,train_block,test_block,test_acc_vote
11,Hand,Rest,45.31005120277405,0.7142857142857143,1.0,"(112, 64, 500)","(168, 64, 500)",123,67,0.7410714285714286
11,Feet,Rest,46.23388028144837,0.7053571428571429,1.0,"(112, 64, 500)","(168, 64, 500)",123,67,0.7678571428571428
11,Tongue,Rest,46.06286931037903,0.5714285714285714,1.0,"(112, 64, 500)","(168, 64, 500)",123,67,0.5625
11,Mis,Rest,44.97179341316223,0.5803571428571429,1.0,"(112, 64, 500)","(168, 64, 500)",123,67,0.5803571428571428
