participant,class1,class2,running_time,test_acc,train_acc,test_size,train_size,train_block,test_block,test_acc_vote
14,Hand,Rest,45.75276184082031,0.7678571428571429,1.0,"(112, 64, 500)","(168, 64, 500)",123,67,0.7678571428571428
14,Feet,Rest,45.187260389328,0.6339285714285714,1.0,"(112, 64, 500)","(168, 64, 500)",123,67,0.625
14,Tongue,Rest,45.78631067276001,0.5267857142857143,1.0,"(112, 64, 500)","(168, 64, 500)",123,67,0.5357142857142857
14,Mis,Rest,44.69833183288574,0.5,1.0,"(112, 64, 500)","(168, 64, 500)",123,67,0.5178571428571428
