participant,class1,class2,running_time,test_acc,train_acc,test_size,train_size,train_block,test_block,test_acc_vote
15,Hand,Rest,45.492868185043335,0.6875,1.0,"(112, 64, 500)","(168, 64, 500)",123,67,0.7321428571428572
15,Feet,Rest,46.20722937583923,0.6071428571428571,1.0,"(112, 64, 500)","(168, 64, 500)",123,67,0.5714285714285714
15,Tongue,Rest,46.37246084213257,0.6607142857142857,0.9940476190476192,"(112, 64, 500)","(168, 64, 500)",123,67,0.6339285714285714
15,Mis,Rest,45.13989281654358,0.6071428571428571,1.0,"(112, 64, 500)","(168, 64, 500)",123,67,0.6339285714285714
