participant,class1,class2,running_time,test_acc,train_acc,test_size,train_size,train_block,test_block,test_acc_vote
16,Hand,Rest,44.5837037563324,0.5892857142857143,1.0,"(112, 64, 500)","(168, 64, 500)",123,67,0.6071428571428572
16,Feet,Rest,45.187424182891846,0.4821428571428571,1.0,"(112, 64, 500)","(168, 64, 500)",123,67,0.4821428571428571
16,Tongue,Rest,45.798288345336914,0.5714285714285714,0.9940476190476192,"(112, 64, 500)","(168, 64, 500)",123,67,0.5803571428571428
16,Mis,Rest,45.871559858322144,0.6428571428571429,1.0,"(112, 64, 500)","(168, 64, 500)",123,67,0.6875
