participant,class1,class2,running_time,test_acc,train_acc,test_size,train_size,train_block,test_block,test_acc_vote
3,Hand,Rest,44.751519203186035,0.7321428571428571,1.0,"(112, 64, 500)","(168, 64, 500)",123,67,0.7410714285714286
3,Feet,Rest,44.63323497772217,0.5535714285714286,1.0,"(112, 64, 500)","(168, 64, 500)",123,67,0.4821428571428571
3,Tongue,Rest,44.91446876525879,0.6428571428571429,1.0,"(112, 64, 500)","(168, 64, 500)",123,67,0.6517857142857143
3,Mis,Rest,46.41804909706116,0.6160714285714286,1.0,"(112, 64, 500)","(168, 64, 500)",123,67,0.5625
