participant,class1,class2,running_time,test_acc,train_acc,test_size,train_size,train_block,test_block,test_acc_vote
10,Hand,Rest,55.3079617023468,0.6696428571428571,1.0,"(112, 64, 1000)","(84, 64, 1000)",123,4567,0.6517857142857143
10,Feet,Rest,54.95588517189026,0.6785714285714286,1.0,"(112, 64, 1000)","(84, 64, 1000)",123,4567,0.6696428571428572
10,Tongue,Rest,56.92413139343262,0.7410714285714286,1.0,"(112, 64, 1000)","(84, 64, 1000)",123,4567,0.7142857142857143
10,Mis,Rest,57.3897602558136,0.6607142857142857,1.0,"(112, 64, 1000)","(84, 64, 1000)",123,4567,0.6160714285714286
