participant,class1,class2,running_time,test_acc,train_acc,test_size,train_size,train_block,test_block,test_acc_vote
9,Hand,Rest,55.39577317237854,0.8571428571428571,1.0,"(112, 64, 1000)","(84, 64, 1000)",123,4567,0.8392857142857143
9,Feet,Rest,55.45669865608215,0.8660714285714286,1.0,"(112, 64, 1000)","(84, 64, 1000)",123,4567,0.8839285714285714
9,Tongue,Rest,57.42072224617005,0.6875,1.0,"(112, 64, 1000)","(84, 64, 1000)",123,4567,0.7232142857142857
9,Mis,Rest,56.431976556777954,0.6964285714285714,1.0,"(112, 64, 1000)","(84, 64, 1000)",123,4567,0.6607142857142857
