participant,class1,class2,running_time,test_acc,train_acc,test_size,train_size,train_block,test_block,test_acc_vote
4,Hand,Rest,63.65235900878906,0.9017857142857144,1.0,"(112, 64, 1000)","(84, 64, 1000)",123,4567,0.9107142857142856
4,Feet,Rest,59.05801582336426,0.7767857142857143,1.0,"(112, 64, 1000)","(84, 64, 1000)",123,4567,0.7410714285714286
4,Tongue,Rest,62.37525820732117,0.875,1.0,"(112, 64, 1000)","(84, 64, 1000)",123,4567,0.8392857142857143
4,Mis,Rest,61.80524969100952,0.75,1.0,"(112, 64, 1000)","(84, 64, 1000)",123,4567,0.7321428571428572
