participant,class1,class2,running_time,test_acc,train_acc,test_size,train_size,train_block,test_block,test_acc_vote
5,Hand,Rest,57.239298820495605,0.5892857142857143,1.0,"(112, 64, 1000)","(84, 64, 1000)",123,4567,0.5892857142857143
5,Feet,Rest,60.956897258758545,0.6339285714285714,1.0,"(112, 64, 1000)","(84, 64, 1000)",123,4567,0.5892857142857143
5,Tongue,Rest,61.111796379089355,0.7142857142857143,1.0,"(112, 64, 1000)","(84, 64, 1000)",123,4567,0.6785714285714286
5,Mis,Rest,61.075685024261475,0.5357142857142857,1.0,"(112, 64, 1000)","(84, 64, 1000)",123,4567,0.5267857142857143
