participant,class1,class2,running_time,test_acc,train_acc,test_size,train_size,train_block,test_block,test_acc_vote
6,Hand,Rest,61.04288101196289,0.6785714285714286,1.0,"(112, 64, 1000)","(84, 64, 1000)",123,4567,0.6339285714285714
6,Feet,Rest,60.03255009651184,0.7589285714285714,1.0,"(112, 64, 1000)","(84, 64, 1000)",123,4567,0.7678571428571428
6,Tongue,Rest,59.85204291343689,0.6875,1.0,"(112, 64, 1000)","(84, 64, 1000)",123,4567,0.6696428571428572
6,Mis,Rest,59.73979377746582,0.6517857142857143,1.0,"(112, 64, 1000)","(84, 64, 1000)",123,4567,0.5982142857142857
