participant,class1,class2,running_time,test_acc,train_acc,test_size,train_size,train_block,test_block,test_acc_vote
10,Hand,Rest,35.278775215148926,0.6428571428571429,1.0,"(112, 64, 1000)","(84, 64, 1000)",123,4567,0.6339285714285714
10,Feet,Rest,34.87804841995239,0.7321428571428571,1.0,"(112, 64, 1000)","(84, 64, 1000)",123,4567,0.7053571428571428
10,Tongue,Rest,36.243431091308594,0.6428571428571429,0.988095238095238,"(112, 64, 1000)","(84, 64, 1000)",123,4567,0.5982142857142857
10,Mis,Rest,35.98436164855957,0.6875,1.0,"(112, 64, 1000)","(84, 64, 1000)",123,4567,0.6517857142857143
