participant,class1,class2,running_time,test_acc,train_acc,test_size,train_size,train_block,test_block,test_acc_vote
7,Hand,Rest,34.7402126789093,0.7410714285714286,1.0,"(112, 64, 1000)","(84, 64, 1000)",123,4567,0.7589285714285714
7,Feet,Rest,35.39623808860779,0.7946428571428571,1.0,"(112, 64, 1000)","(84, 64, 1000)",123,4567,0.75
7,Tongue,Rest,35.697428703308105,0.7232142857142857,1.0,"(112, 64, 1000)","(84, 64, 1000)",123,4567,0.7410714285714286
7,Mis,Rest,35.98835325241089,0.7232142857142857,1.0,"(112, 64, 1000)","(84, 64, 1000)",123,4567,0.6696428571428572
