participant,class1,class2,running_time,test_acc,train_acc,test_size,train_size,train_block,test_block,test_acc_vote
10,Hand,Rest,48.80150389671326,0.5892857142857143,1.0,"(224, 64, 250)","(224, 64, 250)",12,67,0.5714285714285714
10,Feet,Rest,49.46931576728821,0.5580357142857143,1.0,"(224, 64, 250)","(224, 64, 250)",12,67,0.5267857142857143
10,Tongue,Rest,48.804380893707275,0.59375,1.0,"(224, 64, 250)","(224, 64, 250)",12,67,0.5892857142857143
10,Mis,Rest,48.71061325073242,0.6875,1.0,"(224, 64, 250)","(224, 64, 250)",12,67,0.6919642857142857
