participant,class1,class2,running_time,test_acc,train_acc,test_size,train_size,train_block,test_block,test_acc_vote
17,Hand,Rest,49.55541253089905,0.7321428571428571,0.9821428571428572,"(224, 64, 250)","(224, 64, 250)",12,67,0.7589285714285714
17,Feet,Rest,49.72752356529236,0.6741071428571429,0.9553571428571428,"(224, 64, 250)","(224, 64, 250)",12,67,0.7008928571428572
17,Tongue,Rest,49.55702161788941,0.6830357142857143,1.0,"(224, 64, 250)","(224, 64, 250)",12,67,0.6875
17,Mis,Rest,48.94742131233215,0.5848214285714286,0.9955357142857143,"(224, 64, 250)","(224, 64, 250)",12,67,0.6339285714285714
