participant,class1,class2,running_time,test_acc,train_acc,test_size,train_size,train_block,test_block,test_acc_vote
19,Hand,Rest,48.89124345779419,0.6383928571428571,1.0,"(224, 64, 250)","(224, 64, 250)",12,67,0.6785714285714286
19,Feet,Rest,49.095688819885254,0.5535714285714286,1.0,"(224, 64, 250)","(224, 64, 250)",12,67,0.5535714285714286
19,Tongue,Rest,49.79777121543884,0.6383928571428571,1.0,"(224, 64, 250)","(224, 64, 250)",12,67,0.6517857142857143
19,Mis,Rest,50.01586151123047,0.7232142857142857,1.0,"(224, 64, 250)","(224, 64, 250)",12,67,0.7723214285714286
