participant,class1,class2,running_time,test_acc,train_acc,test_size,train_size,train_block,test_block,test_acc_vote
6,Hand,Rest,49.33387994766235,0.5446428571428571,1.0,"(224, 64, 250)","(224, 64, 250)",12,67,0.5267857142857143
6,Feet,Rest,48.768845319747925,0.5669642857142857,0.9955357142857144,"(224, 64, 250)","(224, 64, 250)",12,67,0.5669642857142857
6,Tongue,Rest,48.94339060783386,0.5267857142857143,0.9821428571428572,"(224, 64, 250)","(224, 64, 250)",12,67,0.5401785714285714
6,Mis,Rest,49.922374963760376,0.5892857142857143,0.9955357142857143,"(224, 64, 250)","(224, 64, 250)",12,67,0.625
