participant,class1,class2,running_time,test_acc,train_acc,test_size,train_size,train_block,test_block,test_acc_vote
13,Hand,Rest,35.61174726486206,0.5119047619047619,1.0,"(168, 64, 1000)","(28, 64, 1000)",1,234567,0.5119047619047619
13,Feet,Rest,35.25915551185608,0.6011904761904762,1.0,"(168, 64, 1000)","(28, 64, 1000)",1,234567,0.5654761904761905
13,Tongue,Rest,36.566323041915894,0.6011904761904762,1.0,"(168, 64, 1000)","(28, 64, 1000)",1,234567,0.5535714285714286
13,Mis,Rest,36.04049324989319,0.7023809523809523,1.0,"(168, 64, 1000)","(28, 64, 1000)",1,234567,0.6964285714285714
