participant,class1,class2,running_time,test_acc,train_acc,test_size,train_size,train_block,test_block,test_acc_vote
4,Hand,Rest,34.6777458190918,0.8214285714285714,1.0,"(168, 64, 1000)","(28, 64, 1000)",1,234567,0.7976190476190477
4,Feet,Rest,34.13359355926514,0.4821428571428571,1.0,"(168, 64, 1000)","(28, 64, 1000)",1,234567,0.4880952380952381
4,Tongue,Rest,34.762104988098145,0.6309523809523809,1.0,"(168, 64, 1000)","(28, 64, 1000)",1,234567,0.625
4,Mis,Rest,35.19044733047485,0.7202380952380952,1.0,"(168, 64, 1000)","(28, 64, 1000)",1,234567,0.6845238095238095
