participant,class1,class2,running_time,test_acc,train_acc,test_size,train_size,train_block,test_block,test_acc_vote
5,Hand,Rest,35.065048933029175,0.5476190476190477,1.0,"(168, 64, 1000)","(28, 64, 1000)",1,234567,0.5178571428571428
5,Feet,Rest,35.48414373397827,0.5178571428571429,1.0,"(168, 64, 1000)","(28, 64, 1000)",1,234567,0.5059523809523809
5,Tongue,Rest,36.554832220077515,0.494047619047619,1.0,"(168, 64, 1000)","(28, 64, 1000)",1,234567,0.5059523809523809
5,Mis,Rest,36.35913276672363,0.5952380952380952,1.0,"(168, 64, 1000)","(28, 64, 1000)",1,234567,0.5773809523809523
