participant,class1,class2,running_time,test_acc,train_acc,test_size,train_size,train_block,test_block,test_acc_vote
11,Hand,Rest,123.86638736724854,0.7981651376146789,1.0,"(436, 64, 1000)","(327, 64, 1000)",123,4567,0.8165137614678899
11,Feet,Rest,123.25185227394104,0.8738532110091743,0.9969418960244648,"(436, 64, 1000)","(327, 64, 1000)",123,4567,0.8784403669724771
11,Tongue,Rest,127.00329685211182,0.6399082568807339,0.9969418960244648,"(436, 64, 1000)","(327, 64, 1000)",123,4567,0.6628440366972477
11,Mis,Rest,125.80344414710999,0.6651376146788991,1.0,"(436, 64, 1000)","(327, 64, 1000)",123,4567,0.6697247706422018
