participant,class1,class2,running_time,test_acc,train_acc,test_size,train_size,train_block,test_block,test_acc_vote
10,Hand,Rest,186.3046751022339,0.6536697247706422,1.0,"(436, 64, 1000)","(327, 64, 1000)",123,4567,0.6697247706422018
10,Feet,Rest,201.1004786491394,0.6100917431192661,1.0,"(436, 64, 1000)","(327, 64, 1000)",123,4567,0.6123853211009174
10,Tongue,Rest,148.77645540237427,0.6674311926605505,1.0,"(436, 64, 1000)","(327, 64, 1000)",123,4567,0.6674311926605505
10,Mis,Rest,179.73891711235046,0.6834862385321101,1.0,"(436, 64, 1000)","(327, 64, 1000)",123,4567,0.6834862385321101
