participant,class1,class2,running_time,test_acc,train_acc,test_size,train_size,train_block,test_block,test_acc_vote
13,Hand,Rest,110.30609035491943,0.676605504587156,1.0,"(436, 64, 1000)","(327, 64, 1000)",123,4567,0.6720183486238532
13,Feet,Rest,139.1144618988037,0.7935779816513762,1.0,"(436, 64, 1000)","(327, 64, 1000)",123,4567,0.7958715596330275
13,Tongue,Rest,213.2149143218994,0.8096330275229358,1.0,"(436, 64, 1000)","(327, 64, 1000)",123,4567,0.8325688073394495
13,Mis,Rest,208.79197645187378,0.7637614678899083,1.0,"(436, 64, 1000)","(327, 64, 1000)",123,4567,0.7844036697247706
