participant,class1,class2,running_time,test_acc,train_acc,test_size,train_size,train_block,test_block,test_acc_vote
14,Hand,Rest,158.58211374282837,0.7614678899082569,1.0,"(436, 64, 1000)","(327, 64, 1000)",123,4567,0.7568807339449541
14,Feet,Rest,158.88705468177795,0.6077981651376146,1.0,"(436, 64, 1000)","(327, 64, 1000)",123,4567,0.6077981651376148
14,Tongue,Rest,136.2817792892456,0.6032110091743119,1.0,"(436, 64, 1000)","(327, 64, 1000)",123,4567,0.6055045871559632
14,Mis,Rest,213.73505449295044,0.6422018348623854,1.0,"(436, 64, 1000)","(327, 64, 1000)",123,4567,0.6605504587155964
