participant,class1,class2,running_time,test_acc,train_acc,test_size,train_size,train_block,test_block,test_acc_vote
4,Hand,Rest,102.27903151512146,0.9059633027522936,1.0,"(436, 64, 1000)","(327, 64, 1000)",123,4567,0.9059633027522936
4,Feet,Rest,140.02507734298706,0.7614678899082569,1.0,"(436, 64, 1000)","(327, 64, 1000)",123,4567,0.7660550458715596
4,Tongue,Rest,203.6079857349396,0.7889908256880734,1.0,"(436, 64, 1000)","(327, 64, 1000)",123,4567,0.7958715596330275
4,Mis,Rest,214.267005443573,0.6628440366972477,1.0,"(436, 64, 1000)","(327, 64, 1000)",123,4567,0.6628440366972477
