participant,class1,class2,running_time,test_acc,train_acc,test_size,train_size,train_block,test_block,test_acc_vote
6,Hand,Rest,201.46197295188904,0.6009174311926605,1.0,"(436, 64, 1000)","(327, 64, 1000)",123,4567,0.6009174311926606
6,Feet,Rest,176.3996548652649,0.6697247706422018,1.0,"(436, 64, 1000)","(327, 64, 1000)",123,4567,0.6811926605504588
6,Tongue,Rest,225.48195552825928,0.731651376146789,1.0,"(436, 64, 1000)","(327, 64, 1000)",123,4567,0.75
6,Mis,Rest,209.88346028327942,0.6399082568807339,1.0,"(436, 64, 1000)","(327, 64, 1000)",123,4567,0.6536697247706422
