participant,class1,class2,running_time,test_acc,train_acc,test_size,train_size,train_block,test_block,test_acc_vote
7,Hand,Rest,202.2250778675079,0.6674311926605505,1.0,"(436, 64, 1000)","(327, 64, 1000)",123,4567,0.6811926605504588
7,Feet,Rest,196.2172493934631,0.8211009174311926,1.0,"(436, 64, 1000)","(327, 64, 1000)",123,4567,0.8279816513761468
7,Tongue,Rest,157.08828711509705,0.6720183486238532,1.0,"(436, 64, 1000)","(327, 64, 1000)",123,4567,0.676605504587156
7,Mis,Rest,191.59813261032104,0.694954128440367,1.0,"(436, 64, 1000)","(327, 64, 1000)",123,4567,0.7178899082568808
