participant,class1,class2,running_time,test_acc,train_acc,test_size,train_size,train_block,test_block,test_acc_vote
15,Hand,Rest,52.58521580696106,0.7432432432432432,0.981981981981982,"(222, 64, 500)","(222, 64, 500)",12,67,0.7612612612612613
15,Feet,Rest,52.663501024246216,0.5945945945945946,0.9954954954954957,"(222, 64, 500)","(222, 64, 500)",12,67,0.6081081081081081
15,Tongue,Rest,54.036394357681274,0.6351351351351351,0.972972972972973,"(222, 64, 500)","(222, 64, 500)",12,67,0.6306306306306306
15,Mis,Rest,53.936004877090454,0.7252252252252253,0.9774774774774775,"(222, 64, 500)","(222, 64, 500)",12,67,0.7477477477477478
