participant,class1,class2,running_time,test_acc,train_acc,test_size,train_size,train_block,test_block,test_acc_vote
16,Hand,Rest,53.615082025527954,0.5585585585585585,0.9954954954954957,"(222, 64, 500)","(222, 64, 500)",12,67,0.5765765765765766
16,Feet,Rest,53.08733773231506,0.6261261261261262,0.990990990990991,"(222, 64, 500)","(222, 64, 500)",12,67,0.6486486486486487
16,Tongue,Rest,52.928768157958984,0.6981981981981982,0.9774774774774776,"(222, 64, 500)","(222, 64, 500)",12,67,0.7207207207207207
16,Mis,Rest,53.02337312698364,0.6891891891891891,0.9864864864864865,"(222, 64, 500)","(222, 64, 500)",12,67,0.7297297297297297
