participant,class1,class2,running_time,test_acc,train_acc,test_size,train_size,train_block,test_block,test_acc_vote
17,Hand,Rest,52.92941403388977,0.6981981981981982,0.918918918918919,"(222, 64, 500)","(222, 64, 500)",12,67,0.7117117117117118
17,Feet,Rest,53.41990375518799,0.7027027027027027,0.9369369369369368,"(222, 64, 500)","(222, 64, 500)",12,67,0.7117117117117118
17,Tongue,Rest,53.013012409210205,0.7792792792792793,0.9774774774774776,"(222, 64, 500)","(222, 64, 500)",12,67,0.7882882882882882
17,Mis,Rest,54.03010153770447,0.5855855855855856,0.9594594594594594,"(222, 64, 500)","(222, 64, 500)",12,67,0.5945945945945945
