participant,class1,class2,running_time,test_acc,train_acc,test_size,train_size,train_block,test_block,test_acc_vote
19,Hand,Rest,53.27675437927246,0.7117117117117117,0.9864864864864864,"(222, 64, 500)","(222, 64, 500)",12,67,0.7567567567567568
19,Feet,Rest,53.61141204833984,0.5855855855855856,0.981981981981982,"(222, 64, 500)","(222, 64, 500)",12,67,0.5990990990990991
19,Tongue,Rest,52.89568305015564,0.7432432432432432,0.9774774774774776,"(222, 64, 500)","(222, 64, 500)",12,67,0.7747747747747747
19,Mis,Rest,53.22265553474426,0.6891891891891891,0.972972972972973,"(222, 64, 500)","(222, 64, 500)",12,67,0.6981981981981982
