participant,class1,class2,running_time,test_acc,train_acc,test_size,train_size,train_block,test_block,test_acc_vote
4,Hand,Rest,53.63379263877869,0.7297297297297297,0.963963963963964,"(222, 64, 500)","(222, 64, 500)",12,67,0.7297297297297297
4,Feet,Rest,53.187255859375,0.6621621621621622,0.963963963963964,"(222, 64, 500)","(222, 64, 500)",12,67,0.6756756756756757
4,Tongue,Rest,53.128379106521606,0.7432432432432432,0.972972972972973,"(222, 64, 500)","(222, 64, 500)",12,67,0.7477477477477478
4,Mis,Rest,54.45980405807495,0.6261261261261262,0.9774774774774775,"(222, 64, 500)","(222, 64, 500)",12,67,0.6261261261261262
