participant,class1,class2,running_time,test_acc,train_acc,test_size,train_size,train_block,test_block,test_acc_vote
7,Hand,Rest,53.14532685279846,0.7387387387387387,0.981981981981982,"(222, 64, 500)","(222, 64, 500)",12,67,0.7477477477477478
7,Feet,Rest,53.14449954032898,0.6396396396396397,0.990990990990991,"(222, 64, 500)","(222, 64, 500)",12,67,0.6711711711711712
7,Tongue,Rest,53.38586449623108,0.5630630630630631,0.990990990990991,"(222, 64, 500)","(222, 64, 500)",12,67,0.5900900900900901
7,Mis,Rest,53.55169463157654,0.6621621621621622,0.972972972972973,"(222, 64, 500)","(222, 64, 500)",12,67,0.6936936936936937
