participant,class1,class2,running_time,test_acc,train_acc,test_size,train_size,train_block,test_block,test_acc_vote
3,Hand,Rest,49.43242430686951,0.5059523809523809,1.0,"(168, 64, 1000)","(28, 64, 1000)",1,234567,0.494047619047619
3,Feet,Rest,49.42248058319092,0.5714285714285714,1.0,"(168, 64, 1000)","(28, 64, 1000)",1,234567,0.5178571428571428
3,Tongue,Rest,52.266239404678345,0.5119047619047619,1.0,"(168, 64, 1000)","(28, 64, 1000)",1,234567,0.494047619047619
3,Mis,Rest,51.65340781211853,0.5,1.0,"(168, 64, 1000)","(28, 64, 1000)",1,234567,0.5119047619047619
