participant,class1,class2,running_time,test_acc,train_acc,test_size,train_size,train_block,test_block,test_acc_vote
10,Hand,Rest,68.44285988807678,0.5059523809523809,1.0,"(336, 64, 500)","(56, 64, 500)",1,234567,0.494047619047619
10,Feet,Rest,79.84508299827576,0.5208333333333334,1.0,"(336, 64, 500)","(56, 64, 500)",1,234567,0.4970238095238095
10,Tongue,Rest,70.93861770629883,0.5,1.0,"(336, 64, 500)","(56, 64, 500)",1,234567,0.5059523809523809
10,Mis,Rest,91.6928174495697,0.5,1.0,"(336, 64, 500)","(56, 64, 500)",1,234567,0.5059523809523809
