participant,class1,class2,running_time,test_acc,train_acc,test_size,train_size,train_block,test_block,test_acc_vote
13,Hand,Rest,75.8830189704895,0.5059523809523809,1.0,"(336, 64, 500)","(56, 64, 500)",1,234567,0.494047619047619
13,Feet,Rest,88.07682418823242,0.5297619047619048,1.0,"(336, 64, 500)","(56, 64, 500)",1,234567,0.5089285714285714
13,Tongue,Rest,94.35376119613647,0.5535714285714286,1.0,"(336, 64, 500)","(56, 64, 500)",1,234567,0.5535714285714286
13,Mis,Rest,87.32842898368835,0.5,1.0,"(336, 64, 500)","(56, 64, 500)",1,234567,0.49404761904761907
