participant,class1,class2,running_time,test_acc,train_acc,test_size,train_size,train_block,test_block,test_acc_vote
14,Hand,Rest,75.48976349830627,0.5089285714285714,1.0,"(336, 64, 500)","(56, 64, 500)",1,234567,0.4732142857142857
14,Feet,Rest,83.9973669052124,0.5029761904761905,1.0,"(336, 64, 500)","(56, 64, 500)",1,234567,0.4880952380952381
14,Tongue,Rest,72.45340609550476,0.4910714285714285,1.0,"(336, 64, 500)","(56, 64, 500)",1,234567,0.5059523809523809
14,Mis,Rest,72.3526258468628,0.5,1.0,"(336, 64, 500)","(56, 64, 500)",1,234567,0.49702380952380953
