participant,class1,class2,running_time,test_acc,train_acc,test_size,train_size,train_block,test_block,test_acc_vote
6,Hand,Rest,66.83094048500061,0.5267857142857143,1.0,"(336, 64, 500)","(56, 64, 500)",1,234567,0.5148809523809523
6,Feet,Rest,69.96211051940918,0.5,1.0,"(336, 64, 500)","(56, 64, 500)",1,234567,0.5089285714285714
6,Tongue,Rest,72.62968683242798,0.5119047619047619,1.0,"(336, 64, 500)","(56, 64, 500)",1,234567,0.5089285714285714
6,Mis,Rest,67.74486231803894,0.5059523809523809,1.0,"(336, 64, 500)","(56, 64, 500)",1,234567,0.5
