participant,class1,class2,running_time,test_acc,train_acc,test_size,train_size,train_block,test_block,test_acc_vote
9,Hand,Rest,70.99787139892578,0.5119047619047619,1.0,"(336, 64, 500)","(56, 64, 500)",1,234567,0.5059523809523809
9,Feet,Rest,67.04363822937012,0.5,1.0,"(336, 64, 500)","(56, 64, 500)",1,234567,0.494047619047619
9,Tongue,Rest,70.17606687545776,0.4910714285714285,1.0,"(336, 64, 500)","(56, 64, 500)",1,234567,0.5029761904761905
9,Mis,Rest,74.73655486106873,0.5,1.0,"(336, 64, 500)","(56, 64, 500)",1,234567,0.5059523809523809
