participant,class1,class2,running_time,test_acc,train_acc,test_size,train_size,train_block,test_block,test_acc_vote
14,Hand,Rest,143.0142378807068,0.7798165137614679,0.979816513761468,"(218, 64, 1000)","(545, 64, 1000)",12345,67,0.7844036697247706
14,Feet,Rest,143.24644827842712,0.6467889908256881,0.9908256880733946,"(218, 64, 1000)","(545, 64, 1000)",12345,67,0.6330275229357798
14,Tongue,Rest,143.6163935661316,0.6605504587155964,0.9889908256880734,"(218, 64, 1000)","(545, 64, 1000)",12345,67,0.6376146788990826
14,Mis,Rest,144.58259272575378,0.6651376146788991,0.9743119266055046,"(218, 64, 1000)","(545, 64, 1000)",12345,67,0.6651376146788991
