participant,class1,class2,running_time,test_acc,train_acc,test_size,train_size,train_block,test_block,test_acc_vote
4,Hand,Rest,143.69355869293213,0.7798165137614679,0.9743119266055046,"(218, 64, 1000)","(545, 64, 1000)",12345,67,0.7889908256880733
4,Feet,Rest,144.8274052143097,0.8073394495412844,0.9706422018348624,"(218, 64, 1000)","(545, 64, 1000)",12345,67,0.8027522935779816
4,Tongue,Rest,144.609313249588,0.8073394495412844,0.9669724770642202,"(218, 64, 1000)","(545, 64, 1000)",12345,67,0.8302752293577982
4,Mis,Rest,144.4959728717804,0.6743119266055045,0.9779816513761468,"(218, 64, 1000)","(545, 64, 1000)",12345,67,0.6651376146788991
