participant,class1,class2,running_time,test_acc,train_acc,test_size,train_size,train_block,test_block,test_acc_vote
11,Hand,Rest,35.255842447280884,0.625,1.0,"(168, 64, 1000)","(28, 64, 1000)",1,234567,0.6488095238095238
11,Feet,Rest,35.68781232833862,0.8214285714285714,1.0,"(168, 64, 1000)","(28, 64, 1000)",1,234567,0.7857142857142857
11,Tongue,Rest,36.50577926635742,0.5595238095238095,1.0,"(168, 64, 1000)","(28, 64, 1000)",1,234567,0.5238095238095238
11,Mis,Rest,36.40548849105835,0.5297619047619048,1.0,"(168, 64, 1000)","(28, 64, 1000)",1,234567,0.5595238095238095
