participant,class1,class2,running_time,test_acc,train_acc,test_size,train_size,train_block,test_block,test_acc_vote
14,Hand,Rest,35.23007917404175,0.6607142857142857,1.0,"(168, 64, 1000)","(28, 64, 1000)",1,234567,0.6011904761904762
14,Feet,Rest,35.80198383331299,0.5833333333333334,1.0,"(168, 64, 1000)","(28, 64, 1000)",1,234567,0.5416666666666667
14,Tongue,Rest,36.697471141815186,0.4345238095238095,1.0,"(168, 64, 1000)","(28, 64, 1000)",1,234567,0.4642857142857143
14,Mis,Rest,36.816763401031494,0.4583333333333333,1.0,"(168, 64, 1000)","(28, 64, 1000)",1,234567,0.45238095238095233
