participant,class1,class2,running_time,test_acc,train_acc,test_size,train_size,train_block,test_block,test_acc_vote
10,Hand,Rest,50.08034157752991,0.7678571428571429,1.0,"(56, 64, 1000)","(112, 64, 1000)",1234,67,0.7321428571428572
10,Feet,Rest,50.191070556640625,0.6428571428571429,1.0,"(56, 64, 1000)","(112, 64, 1000)",1234,67,0.6785714285714286
10,Tongue,Rest,50.867392778396606,0.625,0.9821428571428572,"(56, 64, 1000)","(112, 64, 1000)",1234,67,0.5892857142857143
10,Mis,Rest,51.188889503479004,0.75,1.0,"(56, 64, 1000)","(112, 64, 1000)",1234,67,0.75
