participant,class1,class2,running_time,test_acc,train_acc,test_size,train_size,train_block,test_block,test_acc_vote
19,Hand,Rest,50.39467096328735,0.8571428571428571,0.9464285714285714,"(56, 64, 1000)","(112, 64, 1000)",1234,67,0.8392857142857143
19,Feet,Rest,50.6564679145813,0.6785714285714286,1.0,"(56, 64, 1000)","(112, 64, 1000)",1234,67,0.6071428571428572
19,Tongue,Rest,51.07059288024902,0.9107142857142856,0.9553571428571428,"(56, 64, 1000)","(112, 64, 1000)",1234,67,0.8928571428571429
19,Mis,Rest,50.67527794837952,0.7857142857142857,0.9910714285714286,"(56, 64, 1000)","(112, 64, 1000)",1234,67,0.7857142857142857
