participant,class1,class2,running_time,test_acc,train_acc,test_size,train_size,train_block,test_block,test_acc_vote
4,Hand,Rest,50.996827602386475,0.8571428571428571,1.0,"(56, 64, 1000)","(112, 64, 1000)",1234,67,0.8571428571428572
4,Feet,Rest,50.2096164226532,0.7678571428571429,0.9642857142857144,"(56, 64, 1000)","(112, 64, 1000)",1234,67,0.6428571428571428
4,Tongue,Rest,50.085397720336914,0.7857142857142857,1.0,"(56, 64, 1000)","(112, 64, 1000)",1234,67,0.7678571428571428
4,Mis,Rest,50.2148494720459,0.75,0.9821428571428571,"(56, 64, 1000)","(112, 64, 1000)",1234,67,0.6964285714285714
