participant,class1,class2,running_time,test_acc,train_acc,test_size,train_size,train_block,test_block,test_acc_vote
6,Hand,Rest,51.09696006774902,0.8214285714285714,1.0,"(56, 64, 1000)","(112, 64, 1000)",1234,67,0.7678571428571428
6,Feet,Rest,50.26507616043091,0.7142857142857143,1.0,"(56, 64, 1000)","(112, 64, 1000)",1234,67,0.6607142857142857
6,Tongue,Rest,50.02941060066223,0.7142857142857143,0.9732142857142856,"(56, 64, 1000)","(112, 64, 1000)",1234,67,0.6964285714285714
6,Mis,Rest,50.26726245880127,0.7142857142857143,0.9910714285714286,"(56, 64, 1000)","(112, 64, 1000)",1234,67,0.6964285714285714
