participant,class1,class2,running_time,test_acc,train_acc,test_size,train_size,train_block,test_block,test_acc_vote
11,Hand,Rest,40.37079906463623,0.9761904761904762,1.0,"(84, 64, 1000)","(112, 64, 1000)",1234,567,0.988095238095238
11,Feet,Rest,39.64689016342163,0.9285714285714286,1.0,"(84, 64, 1000)","(112, 64, 1000)",1234,567,0.9166666666666666
11,Tongue,Rest,39.275920152664185,0.5952380952380952,1.0,"(84, 64, 1000)","(112, 64, 1000)",1234,567,0.5833333333333333
11,Mis,Rest,39.213390588760376,0.7023809523809523,1.0,"(84, 64, 1000)","(112, 64, 1000)",1234,567,0.6190476190476191
