participant,class1,class2,running_time,test_acc,train_acc,test_size,train_size,train_block,test_block,test_acc_vote
14,Hand,Rest,38.55707263946533,0.8571428571428571,1.0,"(84, 64, 1000)","(112, 64, 1000)",1234,567,0.7857142857142857
14,Feet,Rest,38.63837432861328,0.8095238095238095,1.0,"(84, 64, 1000)","(112, 64, 1000)",1234,567,0.8214285714285714
14,Tongue,Rest,39.085707664489746,0.6785714285714286,1.0,"(84, 64, 1000)","(112, 64, 1000)",1234,567,0.5952380952380952
14,Mis,Rest,39.20419907569885,0.6071428571428571,1.0,"(84, 64, 1000)","(112, 64, 1000)",1234,567,0.5476190476190477
