participant,class1,class2,running_time,test_acc,train_acc,test_size,train_size,train_block,test_block,test_acc_vote
3,Hand,Rest,39.10456204414368,0.8452380952380952,1.0,"(84, 64, 1000)","(112, 64, 1000)",1234,567,0.8214285714285714
3,Feet,Rest,38.290401220321655,0.5714285714285714,1.0,"(84, 64, 1000)","(112, 64, 1000)",1234,567,0.5833333333333333
3,Tongue,Rest,39.95056486129761,0.75,1.0,"(84, 64, 1000)","(112, 64, 1000)",1234,567,0.7380952380952381
3,Mis,Rest,39.54370951652527,0.8095238095238095,1.0,"(84, 64, 1000)","(112, 64, 1000)",1234,567,0.7857142857142857
