participant,class1,class2,running_time,test_acc,train_acc,test_size,train_size,train_block,test_block,test_acc_vote
5,Hand,Rest,38.98798680305481,0.8452380952380952,1.0,"(84, 64, 1000)","(112, 64, 1000)",1234,567,0.8571428571428572
5,Feet,Rest,39.00531578063965,0.7261904761904762,1.0,"(84, 64, 1000)","(112, 64, 1000)",1234,567,0.6666666666666667
5,Tongue,Rest,39.518927335739136,0.8095238095238095,1.0,"(84, 64, 1000)","(112, 64, 1000)",1234,567,0.7976190476190477
5,Mis,Rest,39.29761075973511,0.75,1.0,"(84, 64, 1000)","(112, 64, 1000)",1234,567,0.6904761904761905
