participant,class1,class2,running_time,test_acc,train_acc,test_size,train_size,train_block,test_block,test_acc_vote
7,Hand,Rest,38.6995804309845,0.8095238095238095,1.0,"(84, 64, 1000)","(112, 64, 1000)",1234,567,0.8214285714285714
7,Feet,Rest,39.13828086853027,0.8690476190476191,1.0,"(84, 64, 1000)","(112, 64, 1000)",1234,567,0.8928571428571429
7,Tongue,Rest,39.540557622909546,0.6904761904761905,1.0,"(84, 64, 1000)","(112, 64, 1000)",1234,567,0.6785714285714286
7,Mis,Rest,39.01431679725647,0.5238095238095238,1.0,"(84, 64, 1000)","(112, 64, 1000)",1234,567,0.47619047619047616
