participant,class1,class2,running_time,test_acc,train_acc,test_size,train_size,train_block,test_block,test_acc_vote
9,Hand,Rest,38.79836392402649,0.8333333333333334,1.0,"(84, 64, 1000)","(112, 64, 1000)",1234,567,0.8214285714285714
9,Feet,Rest,39.18564248085022,0.8809523809523809,1.0,"(84, 64, 1000)","(112, 64, 1000)",1234,567,0.8571428571428572
9,Tongue,Rest,39.007362842559814,0.7619047619047619,1.0,"(84, 64, 1000)","(112, 64, 1000)",1234,567,0.8095238095238095
9,Mis,Rest,39.178441524505615,0.7738095238095238,1.0,"(84, 64, 1000)","(112, 64, 1000)",1234,567,0.7380952380952381
