participant,class1,class2,running_time,test_acc,train_acc,test_size,train_size,train_block,test_block,test_acc_vote
7,Hand,Rest,105.5869870185852,0.6483180428134556,1.0,"(654, 64, 1000)","(109, 64, 1000)",1,234567,0.6620795107033639
7,Feet,Rest,104.94571232795715,0.599388379204893,1.0,"(654, 64, 1000)","(109, 64, 1000)",1,234567,0.6116207951070336
7,Tongue,Rest,105.84464478492735,0.4938837920489297,1.0,"(654, 64, 1000)","(109, 64, 1000)",1,234567,0.4954128440366973
7,Mis,Rest,107.63703799247742,0.5122324159021406,1.0,"(654, 64, 1000)","(109, 64, 1000)",1,234567,0.5168195718654434
