participant,class1,class2,running_time,test_acc,train_acc,test_size,train_size,train_block,test_block,test_acc_vote
10,Hand,Rest,113.02046775817873,0.6165137614678899,1.0,"(545, 64, 1000)","(218, 64, 1000)",12,34567,0.6220183486238532
10,Feet,Rest,111.98029470443726,0.6091743119266055,1.0,"(545, 64, 1000)","(218, 64, 1000)",12,34567,0.6220183486238532
10,Tongue,Rest,113.71801829338074,0.5688073394495413,1.0,"(545, 64, 1000)","(218, 64, 1000)",12,34567,0.5669724770642202
10,Mis,Rest,114.40354609489441,0.6788990825688074,1.0,"(545, 64, 1000)","(218, 64, 1000)",12,34567,0.6880733944954128
