participant,class1,class2,running_time,test_acc,train_acc,test_size,train_size,train_block,test_block,test_acc_vote
5,Hand,Rest,112.40974020957948,0.5302752293577981,1.0,"(545, 64, 1000)","(218, 64, 1000)",12,34567,0.5247706422018348
5,Feet,Rest,112.126624584198,0.6752293577981652,1.0,"(545, 64, 1000)","(218, 64, 1000)",12,34567,0.6788990825688073
5,Tongue,Rest,113.66204118728638,0.6201834862385321,1.0,"(545, 64, 1000)","(218, 64, 1000)",12,34567,0.618348623853211
5,Mis,Rest,113.45956301689148,0.6146788990825688,1.0,"(545, 64, 1000)","(218, 64, 1000)",12,34567,0.618348623853211
