participant,class1,class2,running_time,test_acc,train_acc,test_size,train_size,train_block,test_block,test_acc_vote
9,Hand,Rest,113.20272731781006,0.7706422018348624,1.0,"(545, 64, 1000)","(218, 64, 1000)",12,34567,0.7853211009174312
9,Feet,Rest,112.49183058738708,0.7963302752293578,1.0,"(545, 64, 1000)","(218, 64, 1000)",12,34567,0.8091743119266055
9,Tongue,Rest,113.38978266716003,0.4935779816513762,1.0,"(545, 64, 1000)","(218, 64, 1000)",12,34567,0.4972477064220183
9,Mis,Rest,113.40071082115173,0.5412844036697247,1.0,"(545, 64, 1000)","(218, 64, 1000)",12,34567,0.5284403669724771
