participant,class1,class2,running_time,test_acc,train_acc,test_size,train_size,train_block,test_block,test_acc_vote
6,Hand,Rest,121.54405903816225,0.6490825688073395,1.0,"(436, 64, 1000)","(327, 64, 1000)",123,4567,0.6467889908256881
6,Feet,Rest,122.4316291809082,0.6811926605504587,1.0,"(436, 64, 1000)","(327, 64, 1000)",123,4567,0.6857798165137614
6,Tongue,Rest,120.87674641609192,0.7201834862385321,1.0,"(436, 64, 1000)","(327, 64, 1000)",123,4567,0.7408256880733946
6,Mis,Rest,123.61789965629578,0.5871559633027523,1.0,"(436, 64, 1000)","(327, 64, 1000)",123,4567,0.6009174311926606
