participant,class1,class2,running_time,test_acc,train_acc,test_size,train_size,train_block,test_block,test_acc_vote
9,Hand,Rest,120.40323972702026,0.7889908256880734,1.0,"(436, 64, 1000)","(327, 64, 1000)",123,4567,0.805045871559633
9,Feet,Rest,121.45734000205994,0.8623853211009175,1.0,"(436, 64, 1000)","(327, 64, 1000)",123,4567,0.8830275229357798
9,Tongue,Rest,122.77733325958252,0.6926605504587156,1.0,"(436, 64, 1000)","(327, 64, 1000)",123,4567,0.6995412844036697
9,Mis,Rest,122.083322763443,0.7339449541284404,1.0,"(436, 64, 1000)","(327, 64, 1000)",123,4567,0.7591743119266054
