participant,class1,class2,running_time,test_acc,train_acc,test_size,train_size,train_block,test_block,test_acc_vote
10,Hand,Rest,52.44229316711426,0.6428571428571429,0.9821428571428572,"(140, 64, 1000)","(56, 64, 1000)",12,34567,0.6357142857142857
10,Feet,Rest,52.64984130859375,0.6142857142857143,1.0,"(140, 64, 1000)","(56, 64, 1000)",12,34567,0.6
10,Tongue,Rest,54.23705101013184,0.65,0.9821428571428572,"(140, 64, 1000)","(56, 64, 1000)",12,34567,0.6
10,Mis,Rest,54.01575803756714,0.5785714285714286,1.0,"(140, 64, 1000)","(56, 64, 1000)",12,34567,0.55
