participant,class1,class2,running_time,test_acc,train_acc,test_size,train_size,train_block,test_block,test_acc_vote
13,Hand,Rest,52.66132569313049,0.8,0.9821428571428572,"(140, 64, 1000)","(56, 64, 1000)",12,34567,0.7642857142857142
13,Feet,Rest,54.11128854751587,0.5928571428571429,1.0,"(140, 64, 1000)","(56, 64, 1000)",12,34567,0.5357142857142857
13,Tongue,Rest,55.09011912345886,0.6928571428571428,1.0,"(140, 64, 1000)","(56, 64, 1000)",12,34567,0.6714285714285715
13,Mis,Rest,54.32434916496277,0.7714285714285715,1.0,"(140, 64, 1000)","(56, 64, 1000)",12,34567,0.7357142857142858
