participant,class1,class2,running_time,test_acc,train_acc,test_size,train_size,train_block,test_block,test_acc_vote
10,Hand,Rest,40.336984157562256,0.7142857142857143,1.0,"(56, 64, 1000)","(140, 64, 1000)",12345,67,0.6428571428571428
10,Feet,Rest,39.8116180896759,0.5357142857142857,1.0,"(56, 64, 1000)","(140, 64, 1000)",12345,67,0.5357142857142857
10,Tongue,Rest,41.11848044395447,0.7142857142857143,1.0,"(56, 64, 1000)","(140, 64, 1000)",12345,67,0.6607142857142857
10,Mis,Rest,41.23790788650513,0.8035714285714286,1.0,"(56, 64, 1000)","(140, 64, 1000)",12345,67,0.8035714285714286
10,Hand,Rest,39.709113359451294,0.7142857142857143,0.9642857142857144,"(56, 64, 1000)","(140, 64, 1000)",12345,67,0.6785714285714286
10,Feet,Rest,39.53015661239624,0.6964285714285714,0.9642857142857144,"(56, 64, 1000)","(140, 64, 1000)",12345,67,0.625
10,Tongue,Rest,40.73140048980713,0.7678571428571429,0.9714285714285714,"(56, 64, 1000)","(140, 64, 1000)",12345,67,0.7142857142857143
10,Mis,Rest,40.7974591255188,0.9285714285714286,0.9928571428571429,"(56, 64, 1000)","(140, 64, 1000)",12345,67,0.9107142857142857
