participant,class1,class2,running_time,test_acc,train_acc,test_size,train_size,train_block,test_block,test_acc_vote
11,Hand,Rest,40.31426215171814,0.9107142857142856,1.0,"(56, 64, 1000)","(140, 64, 1000)",12345,67,0.9285714285714286
11,Feet,Rest,39.96740198135376,0.9464285714285714,1.0,"(56, 64, 1000)","(140, 64, 1000)",12345,67,0.9464285714285714
11,Tongue,Rest,41.099581718444824,0.6785714285714286,1.0,"(56, 64, 1000)","(140, 64, 1000)",12345,67,0.625
11,Mis,Rest,41.25280332565307,0.7857142857142857,1.0,"(56, 64, 1000)","(140, 64, 1000)",12345,67,0.7321428571428572
11,Hand,Rest,40.39449763298035,0.9642857142857144,0.9642857142857144,"(56, 64, 1000)","(140, 64, 1000)",12345,67,0.9642857142857144
11,Feet,Rest,40.13570594787598,0.9464285714285714,0.9857142857142858,"(56, 64, 1000)","(140, 64, 1000)",12345,67,0.9464285714285714
11,Tongue,Rest,41.9509699344635,0.6785714285714286,0.9714285714285714,"(56, 64, 1000)","(140, 64, 1000)",12345,67,0.6071428571428572
11,Mis,Rest,41.35233497619629,0.7321428571428571,0.9714285714285714,"(56, 64, 1000)","(140, 64, 1000)",12345,67,0.6428571428571428
