participant,class1,class2,running_time,test_acc,train_acc,test_size,train_size,train_block,test_block,test_acc_vote
13,Hand,Rest,39.990482330322266,0.7321428571428571,1.0,"(56, 64, 1000)","(140, 64, 1000)",12345,67,0.7142857142857143
13,Feet,Rest,39.92180776596069,0.9285714285714286,1.0,"(56, 64, 1000)","(140, 64, 1000)",12345,67,0.9107142857142856
13,Tongue,Rest,41.17997694015503,0.8035714285714286,1.0,"(56, 64, 1000)","(140, 64, 1000)",12345,67,0.7857142857142857
13,Mis,Rest,41.55186986923218,0.75,0.9928571428571428,"(56, 64, 1000)","(140, 64, 1000)",12345,67,0.6785714285714286
13,Hand,Rest,40.28008723258972,0.6428571428571429,0.9214285714285714,"(56, 64, 1000)","(140, 64, 1000)",12345,67,0.5892857142857143
13,Feet,Rest,39.852041721343994,0.9107142857142856,0.9857142857142858,"(56, 64, 1000)","(140, 64, 1000)",12345,67,0.8928571428571429
13,Tongue,Rest,41.17760992050171,0.8214285714285714,0.9785714285714284,"(56, 64, 1000)","(140, 64, 1000)",12345,67,0.8035714285714286
13,Mis,Rest,41.35657286643982,0.7857142857142857,0.9428571428571428,"(56, 64, 1000)","(140, 64, 1000)",12345,67,0.6964285714285714
