participant,class1,class2,running_time,test_acc,train_acc,test_size,train_size,train_block,test_block,test_acc_vote
4,Hand,Rest,40.236724615097046,0.9107142857142856,1.0,"(56, 64, 1000)","(140, 64, 1000)",12345,67,0.8928571428571429
4,Feet,Rest,39.71238470077515,0.9285714285714286,1.0,"(56, 64, 1000)","(140, 64, 1000)",12345,67,0.9285714285714286
4,Tongue,Rest,41.17494869232178,0.7321428571428571,1.0,"(56, 64, 1000)","(140, 64, 1000)",12345,67,0.6428571428571428
4,Mis,Rest,41.08560061454773,0.625,1.0,"(56, 64, 1000)","(140, 64, 1000)",12345,67,0.5714285714285714
4,Hand,Rest,39.81840920448303,0.8928571428571429,0.9785714285714284,"(56, 64, 1000)","(140, 64, 1000)",12345,67,0.8571428571428572
4,Feet,Rest,39.370962142944336,0.9107142857142856,0.9357142857142856,"(56, 64, 1000)","(140, 64, 1000)",12345,67,0.875
4,Tongue,Rest,41.06618642807007,0.8214285714285714,0.9714285714285714,"(56, 64, 1000)","(140, 64, 1000)",12345,67,0.7857142857142857
4,Mis,Rest,41.083502769470215,0.6607142857142857,0.9928571428571429,"(56, 64, 1000)","(140, 64, 1000)",12345,67,0.6071428571428572
