participant,class1,class2,running_time,test_acc,train_acc,test_size,train_size,train_block,test_block,test_acc_vote
6,Hand,Rest,39.919392347335815,0.7321428571428571,1.0,"(56, 64, 1000)","(140, 64, 1000)",12345,67,0.6785714285714286
6,Feet,Rest,40.24632954597473,0.8035714285714286,1.0,"(56, 64, 1000)","(140, 64, 1000)",12345,67,0.8035714285714286
6,Tongue,Rest,41.08046627044678,0.8392857142857143,1.0,"(56, 64, 1000)","(140, 64, 1000)",12345,67,0.875
6,Mis,Rest,41.0085232257843,0.7678571428571429,1.0,"(56, 64, 1000)","(140, 64, 1000)",12345,67,0.7321428571428572
6,Hand,Rest,39.92309546470642,0.8214285714285714,0.9714285714285714,"(56, 64, 1000)","(140, 64, 1000)",12345,67,0.7678571428571428
6,Feet,Rest,39.28845691680908,0.7857142857142857,0.9928571428571428,"(56, 64, 1000)","(140, 64, 1000)",12345,67,0.8035714285714286
6,Tongue,Rest,40.65929627418518,0.7142857142857143,0.9714285714285714,"(56, 64, 1000)","(140, 64, 1000)",12345,67,0.7142857142857143
6,Mis,Rest,41.403738260269165,0.7321428571428571,0.9928571428571429,"(56, 64, 1000)","(140, 64, 1000)",12345,67,0.7678571428571428
