participant,class1,class2,running_time,test_acc,train_acc,test_size,train_size,train_block,test_block,test_acc_vote
7,Hand,Rest,40.33492612838745,0.7857142857142857,1.0,"(56, 64, 1000)","(140, 64, 1000)",12345,67,0.8035714285714286
7,Feet,Rest,39.78457355499267,0.8928571428571429,1.0,"(56, 64, 1000)","(140, 64, 1000)",12345,67,0.8928571428571429
7,Tongue,Rest,41.275646686553955,0.6785714285714286,1.0,"(56, 64, 1000)","(140, 64, 1000)",12345,67,0.5892857142857143
7,Mis,Rest,41.05092167854309,0.6428571428571429,1.0,"(56, 64, 1000)","(140, 64, 1000)",12345,67,0.6071428571428572
7,Hand,Rest,39.75812292098999,0.8035714285714286,0.9928571428571428,"(56, 64, 1000)","(140, 64, 1000)",12345,67,0.8035714285714286
7,Feet,Rest,39.17879271507263,0.9107142857142856,0.9928571428571428,"(56, 64, 1000)","(140, 64, 1000)",12345,67,0.9285714285714286
7,Tongue,Rest,40.92894172668457,0.7321428571428571,0.9928571428571428,"(56, 64, 1000)","(140, 64, 1000)",12345,67,0.7321428571428572
7,Mis,Rest,40.61071467399597,0.7321428571428571,0.9642857142857143,"(56, 64, 1000)","(140, 64, 1000)",12345,67,0.6785714285714286
