participant,class1,class2,running_time,test_acc,train_acc,test_size,train_size,train_block,test_block,test_acc_vote
9,Hand,Rest,40.068602323532104,0.9642857142857144,1.0,"(56, 64, 1000)","(140, 64, 1000)",12345,67,0.9464285714285714
9,Feet,Rest,40.247462034225464,0.8928571428571429,1.0,"(56, 64, 1000)","(140, 64, 1000)",12345,67,0.875
9,Tongue,Rest,40.92906951904297,0.75,1.0,"(56, 64, 1000)","(140, 64, 1000)",12345,67,0.7321428571428572
9,Mis,Rest,41.28131175041199,0.8214285714285714,1.0,"(56, 64, 1000)","(140, 64, 1000)",12345,67,0.8035714285714286
9,Hand,Rest,39.83368253707886,0.9464285714285714,0.9857142857142858,"(56, 64, 1000)","(140, 64, 1000)",12345,67,0.9285714285714286
9,Feet,Rest,39.14385223388672,0.9285714285714286,0.9928571428571428,"(56, 64, 1000)","(140, 64, 1000)",12345,67,0.9285714285714286
9,Tongue,Rest,41.0604350566864,0.7142857142857143,0.9571428571428572,"(56, 64, 1000)","(140, 64, 1000)",12345,67,0.625
9,Mis,Rest,40.648730993270874,0.75,0.9642857142857143,"(56, 64, 1000)","(140, 64, 1000)",12345,67,0.6785714285714286
