class,test_acc,vote_acc
Hand,0.713392857142857,0.743452380952381
Feet,0.6836309523809524,0.7107142857142857
Tongue,0.6755952380952382,0.7107142857142857
Mis,0.6886904761904763,0.711607142857143
