participant,class1,class2,running_time,test_acc,train_acc,test_size,train_size,train_block,test_block,test_acc_vote
11,Hand,Rest,78.0055320262909,0.8035714285714286,1.0,"(224, 64, 250)","(448, 64, 250)",1234,67,0.8571428571428572
11,Feet,Rest,76.47476935386658,0.8928571428571429,1.0,"(224, 64, 250)","(448, 64, 250)",1234,67,0.9196428571428572
11,Tongue,Rest,76.8355622291565,0.6830357142857143,1.0,"(224, 64, 250)","(448, 64, 250)",1234,67,0.7098214285714286
11,Mis,Rest,77.82579016685486,0.6339285714285714,1.0,"(224, 64, 250)","(448, 64, 250)",1234,67,0.6651785714285714
