participant,class1,class2,running_time,test_acc,train_acc,test_size,train_size,train_block,test_block,test_acc_vote
13,Hand,Rest,76.92147922515869,0.6473214285714286,1.0,"(224, 64, 250)","(448, 64, 250)",1234,67,0.6473214285714286
13,Feet,Rest,76.63509726524353,0.6964285714285714,1.0,"(224, 64, 250)","(448, 64, 250)",1234,67,0.7410714285714286
13,Tongue,Rest,76.48349285125732,0.6830357142857143,1.0,"(224, 64, 250)","(448, 64, 250)",1234,67,0.7232142857142857
13,Mis,Rest,76.09388661384583,0.7008928571428571,1.0,"(224, 64, 250)","(448, 64, 250)",1234,67,0.7321428571428572
