participant,class1,class2,running_time,test_acc,train_acc,test_size,train_size,train_block,test_block,test_acc_vote
14,Hand,Rest,77.2046263217926,0.8214285714285714,1.0,"(224, 64, 250)","(448, 64, 250)",1234,67,0.8392857142857143
14,Feet,Rest,77.0664529800415,0.6473214285714286,1.0,"(224, 64, 250)","(448, 64, 250)",1234,67,0.6517857142857143
14,Tongue,Rest,76.36767673492432,0.5848214285714286,1.0,"(224, 64, 250)","(448, 64, 250)",1234,67,0.625
14,Mis,Rest,76.03495121002197,0.5669642857142857,1.0,"(224, 64, 250)","(448, 64, 250)",1234,67,0.5669642857142857
