participant,class1,class2,running_time,test_acc,train_acc,test_size,train_size,train_block,test_block,test_acc_vote
16,Hand,Rest,77.9058849811554,0.5848214285714286,1.0,"(224, 64, 250)","(448, 64, 250)",1234,67,0.5982142857142857
16,Feet,Rest,77.33883666992188,0.6160714285714286,1.0,"(224, 64, 250)","(448, 64, 250)",1234,67,0.6294642857142857
16,Tongue,Rest,78.56313037872314,0.7410714285714286,1.0,"(224, 64, 250)","(448, 64, 250)",1234,67,0.8169642857142857
16,Mis,Rest,76.29841804504395,0.6919642857142857,1.0,"(224, 64, 250)","(448, 64, 250)",1234,67,0.7276785714285714
