participant,class1,class2,running_time,test_acc,train_acc,test_size,train_size,train_block,test_block,test_acc_vote
18,Hand,Rest,77.78266310691833,0.6339285714285714,1.0,"(224, 64, 250)","(448, 64, 250)",1234,67,0.6651785714285714
18,Feet,Rest,76.36825275421143,0.6428571428571429,1.0,"(224, 64, 250)","(448, 64, 250)",1234,67,0.6919642857142857
18,Tongue,Rest,77.71051692962646,0.8125,1.0,"(224, 64, 250)","(448, 64, 250)",1234,67,0.8482142857142857
18,Mis,Rest,77.54636597633362,0.7410714285714286,1.0,"(224, 64, 250)","(448, 64, 250)",1234,67,0.78125
