participant,class1,class2,running_time,test_acc,train_acc,test_size,train_size,train_block,test_block,test_acc_vote
19,Hand,Rest,77.04954838752747,0.7589285714285714,1.0,"(224, 64, 250)","(448, 64, 250)",1234,67,0.7991071428571428
19,Feet,Rest,76.57616972923279,0.6160714285714286,1.0,"(224, 64, 250)","(448, 64, 250)",1234,67,0.6607142857142857
19,Tongue,Rest,77.80192470550537,0.7008928571428571,1.0,"(224, 64, 250)","(448, 64, 250)",1234,67,0.7008928571428572
19,Mis,Rest,77.4986298084259,0.7008928571428571,1.0,"(224, 64, 250)","(448, 64, 250)",1234,67,0.7232142857142857
