participant,class1,class2,running_time,test_acc,train_acc,test_size,train_size,train_block,test_block,test_acc_vote
3,Hand,Rest,76.19578766822815,0.7321428571428571,1.0,"(224, 64, 250)","(448, 64, 250)",1234,67,0.7767857142857143
3,Feet,Rest,76.59287309646606,0.5401785714285714,1.0,"(224, 64, 250)","(448, 64, 250)",1234,67,0.5625
3,Tongue,Rest,76.00720119476318,0.6607142857142857,1.0,"(224, 64, 250)","(448, 64, 250)",1234,67,0.71875
3,Mis,Rest,76.15349102020264,0.7544642857142857,1.0,"(224, 64, 250)","(448, 64, 250)",1234,67,0.7946428571428572
