participant,class1,class2,running_time,test_acc,train_acc,test_size,train_size,train_block,test_block,test_acc_vote
4,Hand,Rest,77.82241177558899,0.8214285714285714,1.0,"(224, 64, 250)","(448, 64, 250)",1234,67,0.8348214285714286
4,Feet,Rest,76.6010229587555,0.7142857142857143,1.0,"(224, 64, 250)","(448, 64, 250)",1234,67,0.7276785714285714
4,Tongue,Rest,77.22395133972168,0.6696428571428571,1.0,"(224, 64, 250)","(448, 64, 250)",1234,67,0.7053571428571428
4,Mis,Rest,77.50152516365051,0.6964285714285714,1.0,"(224, 64, 250)","(448, 64, 250)",1234,67,0.6964285714285714
