participant,class1,class2,running_time,test_acc,train_acc,test_size,train_size,train_block,test_block,test_acc_vote
6,Hand,Rest,76.51039981842041,0.6651785714285714,1.0,"(224, 64, 250)","(448, 64, 250)",1234,67,0.71875
6,Feet,Rest,76.79306483268738,0.6696428571428571,1.0,"(224, 64, 250)","(448, 64, 250)",1234,67,0.7008928571428572
6,Tongue,Rest,76.68765068054199,0.65625,1.0,"(224, 64, 250)","(448, 64, 250)",1234,67,0.6785714285714286
6,Mis,Rest,78.2600564956665,0.71875,1.0,"(224, 64, 250)","(448, 64, 250)",1234,67,0.7455357142857143
