participant,class1,class2,running_time,test_acc,train_acc,test_size,train_size,train_block,test_block,test_acc_vote
9,Hand,Rest,77.57958436012268,0.7991071428571429,1.0,"(224, 64, 250)","(448, 64, 250)",1234,67,0.8482142857142857
9,Feet,Rest,76.34869194030762,0.8392857142857143,1.0,"(224, 64, 250)","(448, 64, 250)",1234,67,0.8973214285714286
9,Tongue,Rest,76.28752422332764,0.7142857142857143,1.0,"(224, 64, 250)","(448, 64, 250)",1234,67,0.7723214285714286
9,Mis,Rest,76.98536801338196,0.6473214285714286,1.0,"(224, 64, 250)","(448, 64, 250)",1234,67,0.7053571428571428
