participant,class1,class2,running_time,test_acc,train_acc,test_size,train_size,train_block,test_block,test_acc_vote
10,Hand,Rest,55.39071249961853,0.6875,1.0,"(112, 64, 500)","(224, 64, 500)",1234,67,0.6607142857142857
10,Feet,Rest,55.20808243751526,0.625,1.0,"(112, 64, 500)","(224, 64, 500)",1234,67,0.5982142857142857
10,Tongue,Rest,54.28645586967468,0.6517857142857143,1.0,"(112, 64, 500)","(224, 64, 500)",1234,67,0.6785714285714286
10,Mis,Rest,54.0727424621582,0.7767857142857143,1.0,"(112, 64, 500)","(224, 64, 500)",1234,67,0.7857142857142857
