participant,class1,class2,running_time,test_acc,train_acc,test_size,train_size,train_block,test_block,test_acc_vote
15,Hand,Rest,52.18791580200195,0.8571428571428571,1.0,"(112, 64, 500)","(206, 64, 500)",1234,67,0.8839285714285714
15,Feet,Rest,54.71635556221008,0.75,1.0,"(112, 64, 500)","(224, 64, 500)",1234,67,0.7589285714285714
15,Tongue,Rest,54.68856358528137,0.6696428571428571,1.0,"(112, 64, 500)","(224, 64, 500)",1234,67,0.6964285714285714
15,Mis,Rest,54.48976707458496,0.7232142857142857,1.0,"(112, 64, 500)","(224, 64, 500)",1234,67,0.7767857142857143
