participant,class1,class2,running_time,test_acc,train_acc,test_size,train_size,train_block,test_block,test_acc_vote
17,Hand,Rest,54.89929628372192,0.8303571428571429,1.0,"(112, 64, 500)","(224, 64, 500)",1234,67,0.875
17,Feet,Rest,54.97732710838318,0.6964285714285714,1.0,"(112, 64, 500)","(224, 64, 500)",1234,67,0.6875
17,Tongue,Rest,56.056628704071045,0.7678571428571429,1.0,"(112, 64, 500)","(224, 64, 500)",1234,67,0.8392857142857143
17,Mis,Rest,55.72007417678833,0.7946428571428571,1.0,"(112, 64, 500)","(224, 64, 500)",1234,67,0.7946428571428572
