participant,class1,class2,running_time,test_acc,train_acc,test_size,train_size,train_block,test_block,test_acc_vote
18,Hand,Rest,55.644582748413086,0.6785714285714286,1.0,"(112, 64, 500)","(224, 64, 500)",1234,67,0.7142857142857143
18,Feet,Rest,56.709574699401855,0.75,1.0,"(112, 64, 500)","(224, 64, 500)",1234,67,0.8214285714285714
18,Tongue,Rest,56.35177826881409,0.7946428571428571,1.0,"(112, 64, 500)","(224, 64, 500)",1234,67,0.7857142857142857
18,Mis,Rest,55.57972860336304,0.7410714285714286,1.0,"(112, 64, 500)","(224, 64, 500)",1234,67,0.7678571428571428
