participant,class1,class2,running_time,test_acc,train_acc,test_size,train_size,train_block,test_block,test_acc_vote
10,Hand,Rest,76.88314437866211,0.6311926605504588,0.9678899082568808,"(545, 64, 1000)","(218, 64, 1000)",12,34567,0.6256880733944954
10,Feet,Rest,77.36334347724915,0.7027522935779816,0.9908256880733946,"(545, 64, 1000)","(218, 64, 1000)",12,34567,0.7119266055045872
10,Tongue,Rest,77.26664352416992,0.5192660550458715,0.981651376146789,"(545, 64, 1000)","(218, 64, 1000)",12,34567,0.5192660550458715
10,Mis,Rest,79.45156502723694,0.6238532110091743,0.981651376146789,"(545, 64, 1000)","(218, 64, 1000)",12,34567,0.6330275229357798
