participant,class1,class2,running_time,test_acc,train_acc,test_size,train_size,train_block,test_block,test_acc_vote
13,Hand,Rest,77.90767550468445,0.7376146788990826,0.9587155963302753,"(545, 64, 1000)","(218, 64, 1000)",12,34567,0.7504587155963303
13,Feet,Rest,77.0103030204773,0.7559633027522936,0.9678899082568808,"(545, 64, 1000)","(218, 64, 1000)",12,34567,0.7651376146788991
13,Tongue,Rest,78.27103400230408,0.7321100917431193,0.9862385321100916,"(545, 64, 1000)","(218, 64, 1000)",12,34567,0.7486238532110092
13,Mis,Rest,77.81652808189392,0.6788990825688074,0.981651376146789,"(545, 64, 1000)","(218, 64, 1000)",12,34567,0.6990825688073394
