participant,class1,class2,running_time,test_acc,train_acc,test_size,train_size,train_block,test_block,test_acc_vote
6,Hand,Rest,79.63667750358582,0.6073394495412844,0.9770642201834864,"(545, 64, 1000)","(218, 64, 1000)",12,34567,0.6128440366972476
6,Feet,Rest,79.04067063331604,0.6275229357798165,0.9495412844036696,"(545, 64, 1000)","(218, 64, 1000)",12,34567,0.6403669724770642
6,Tongue,Rest,80.53367781639099,0.6385321100917432,0.944954128440367,"(545, 64, 1000)","(218, 64, 1000)",12,34567,0.6495412844036696
6,Mis,Rest,81.38984942436218,0.5651376146788991,0.9724770642201835,"(545, 64, 1000)","(218, 64, 1000)",12,34567,0.563302752293578
