participant,class1,class2,running_time,test_acc,train_acc,test_size,train_size,train_block,test_block,test_acc_vote
10,Hand,Rest,60.752941608428955,0.6357142857142857,1.0,"(140, 64, 1000)","(56, 64, 1000)",12,34567,0.6285714285714286
10,Feet,Rest,59.83417654037475,0.5642857142857143,1.0,"(140, 64, 1000)","(56, 64, 1000)",12,34567,0.5785714285714285
10,Tongue,Rest,59.33037495613098,0.5357142857142857,1.0,"(140, 64, 1000)","(56, 64, 1000)",12,34567,0.5071428571428571
10,Mis,Rest,59.89491415023804,0.6285714285714286,1.0,"(140, 64, 1000)","(56, 64, 1000)",12,34567,0.6285714285714286
