participant,class1,class2,running_time,test_acc,train_acc,test_size,train_size,train_block,test_block,test_acc_vote
3,Hand,Rest,58.6062605381012,0.6071428571428571,1.0,"(140, 64, 1000)","(56, 64, 1000)",12,34567,0.55
3,Feet,Rest,62.02729082107544,0.5642857142857143,1.0,"(140, 64, 1000)","(56, 64, 1000)",12,34567,0.55
3,Tongue,Rest,62.03659439086914,0.5071428571428571,1.0,"(140, 64, 1000)","(56, 64, 1000)",12,34567,0.5214285714285714
3,Mis,Rest,60.946921825408936,0.6571428571428571,1.0,"(140, 64, 1000)","(56, 64, 1000)",12,34567,0.6642857142857144
