participant,class1,class2,running_time,test_acc,train_acc,test_size,train_size,train_block,test_block,test_acc_vote
7,Hand,Rest,59.182443141937256,0.6071428571428571,1.0,"(140, 64, 1000)","(56, 64, 1000)",12,34567,0.5857142857142856
7,Feet,Rest,58.082231283187866,0.6785714285714286,1.0,"(140, 64, 1000)","(56, 64, 1000)",12,34567,0.6428571428571428
7,Tongue,Rest,60.37744116783142,0.7142857142857143,1.0,"(140, 64, 1000)","(56, 64, 1000)",12,34567,0.6714285714285715
7,Mis,Rest,61.12572884559631,0.5642857142857143,1.0,"(140, 64, 1000)","(56, 64, 1000)",12,34567,0.5714285714285714
