participant,class1,class2,running_time,test_acc,train_acc,test_size,train_size,train_block,test_block,test_acc_vote
13,Hand,Rest,102.55584239959715,0.6666666666666666,1.0,"(654, 64, 1000)","(109, 64, 1000)",1,234567,0.6590214067278288
13,Feet,Rest,104.24745297431946,0.6697247706422018,1.0,"(654, 64, 1000)","(109, 64, 1000)",1,234567,0.6605504587155964
13,Tongue,Rest,104.11366438865662,0.5932721712538226,1.0,"(654, 64, 1000)","(109, 64, 1000)",1,234567,0.5963302752293578
13,Mis,Rest,104.60525035858154,0.591743119266055,1.0,"(654, 64, 1000)","(109, 64, 1000)",1,234567,0.5795107033639144
