participant,class1,class2,running_time,test_acc,train_acc,test_size,train_size,train_block,test_block,test_acc_vote
14,Hand,Rest,103.1352322101593,0.5519877675840978,1.0,"(654, 64, 1000)","(109, 64, 1000)",1,234567,0.5504587155963303
14,Feet,Rest,101.63708543777466,0.5779816513761468,1.0,"(654, 64, 1000)","(109, 64, 1000)",1,234567,0.581039755351682
14,Tongue,Rest,104.26282811164856,0.4938837920489297,1.0,"(654, 64, 1000)","(109, 64, 1000)",1,234567,0.4892966360856269
14,Mis,Rest,105.49899673461914,0.5703363914373089,1.0,"(654, 64, 1000)","(109, 64, 1000)",1,234567,0.5871559633027523
