participant,class1,class2,running_time,test_acc,train_acc,test_size,train_size,train_block,test_block,test_acc_vote
5,Hand,Rest,102.00731086730956,0.5259938837920489,1.0,"(654, 64, 1000)","(109, 64, 1000)",1,234567,0.5244648318042813
5,Feet,Rest,103.79769563674928,0.5305810397553516,1.0,"(654, 64, 1000)","(109, 64, 1000)",1,234567,0.5259938837920489
5,Tongue,Rest,106.29943203926086,0.5030581039755352,1.0,"(654, 64, 1000)","(109, 64, 1000)",1,234567,0.4892966360856269
5,Mis,Rest,105.45763039588928,0.5198776758409785,1.0,"(654, 64, 1000)","(109, 64, 1000)",1,234567,0.5122324159021407
