participant,class1,class2,running_time,test_acc,train_acc,test_size,train_size,train_block,test_block,test_acc_vote
9,Hand,Rest,103.4272403717041,0.753822629969419,1.0,"(654, 64, 1000)","(109, 64, 1000)",1,234567,0.7614678899082569
9,Feet,Rest,104.156329870224,0.5856269113149847,1.0,"(654, 64, 1000)","(109, 64, 1000)",1,234567,0.5902140672782874
9,Tongue,Rest,104.11639189720154,0.4724770642201835,1.0,"(654, 64, 1000)","(109, 64, 1000)",1,234567,0.4770642201834862
9,Mis,Rest,105.85442328453064,0.4801223241590214,1.0,"(654, 64, 1000)","(109, 64, 1000)",1,234567,0.4755351681957186
