participant,class1,class2,running_time,test_acc,train_acc,test_size,train_size,train_block,test_block,test_acc_vote
14,Hand,Rest,77.7919237613678,0.7798165137614679,0.9908256880733946,"(545, 64, 1000)","(218, 64, 1000)",12,34567,0.7706422018348624
14,Feet,Rest,75.96413326263428,0.581651376146789,0.9908256880733946,"(545, 64, 1000)","(218, 64, 1000)",12,34567,0.5853211009174312
14,Tongue,Rest,77.62859010696411,0.5926605504587156,0.9908256880733946,"(545, 64, 1000)","(218, 64, 1000)",12,34567,0.5908256880733944
14,Mis,Rest,78.49122166633606,0.5963302752293578,0.9954128440366973,"(545, 64, 1000)","(218, 64, 1000)",12,34567,0.6055045871559632
