participant,class1,class2,running_time,test_acc,train_acc,test_size,train_size,train_block,test_block,test_acc_vote
9,Hand,Rest,79.54609060287476,0.8477064220183487,0.9678899082568808,"(545, 64, 1000)","(218, 64, 1000)",12,34567,0.8513761467889909
9,Feet,Rest,78.98108696937561,0.8055045871559633,0.981651376146789,"(545, 64, 1000)","(218, 64, 1000)",12,34567,0.8238532110091743
9,Tongue,Rest,78.26112675666809,0.4788990825688073,0.9908256880733946,"(545, 64, 1000)","(218, 64, 1000)",12,34567,0.4825688073394495
9,Mis,Rest,77.86557722091675,0.6293577981651376,0.9862385321100917,"(545, 64, 1000)","(218, 64, 1000)",12,34567,0.6403669724770642
