participant,class1,class2,running_time,test_acc,train_acc,test_size,train_size,train_block,test_block,test_acc_vote
10,Hand,Rest,54.134172677993774,0.6130952380952381,1.0,"(168, 64, 1000)","(28, 64, 1000)",1,234567,0.5535714285714286
10,Feet,Rest,52.752370834350586,0.6369047619047619,1.0,"(168, 64, 1000)","(28, 64, 1000)",1,234567,0.5892857142857143
10,Tongue,Rest,54.385339975357056,0.6309523809523809,1.0,"(168, 64, 1000)","(28, 64, 1000)",1,234567,0.6309523809523809
10,Mis,Rest,54.640352964401245,0.5476190476190477,1.0,"(168, 64, 1000)","(28, 64, 1000)",1,234567,0.5238095238095238
