participant,class1,class2,running_time,test_acc,train_acc,test_size,train_size,train_block,test_block,test_acc_vote
6,Hand,Rest,53.60830020904541,0.5833333333333334,1.0,"(168, 64, 1000)","(28, 64, 1000)",1,234567,0.5595238095238095
6,Feet,Rest,52.80647087097168,0.5297619047619048,1.0,"(168, 64, 1000)","(28, 64, 1000)",1,234567,0.5416666666666667
6,Tongue,Rest,54.97768974304199,0.5535714285714286,1.0,"(168, 64, 1000)","(28, 64, 1000)",1,234567,0.5654761904761905
6,Mis,Rest,54.36595678329468,0.6071428571428571,1.0,"(168, 64, 1000)","(28, 64, 1000)",1,234567,0.5773809523809523
