participant,class1,class2,running_time,test_acc,train_acc,test_size,train_size,train_block,test_block,test_acc_vote
9,Hand,Rest,53.42133355140686,0.6309523809523809,1.0,"(168, 64, 1000)","(28, 64, 1000)",1,234567,0.6011904761904762
9,Feet,Rest,53.244341135025024,0.3571428571428571,1.0,"(168, 64, 1000)","(28, 64, 1000)",1,234567,0.3988095238095238
9,Tongue,Rest,54.08408308029175,0.6726190476190477,1.0,"(168, 64, 1000)","(28, 64, 1000)",1,234567,0.6488095238095238
9,Mis,Rest,55.27965784072876,0.4880952380952381,1.0,"(168, 64, 1000)","(28, 64, 1000)",1,234567,0.5238095238095238
