participant,class1,class2,running_time,test_acc,train_acc,test_size,train_size,train_block,test_block,test_acc_vote
19,Hand,Rest,36.92219376564026,0.5491071428571429,1.0,"(224, 64, 250)","(112, 64, 250)",1,67,0.5580357142857143
19,Feet,Rest,36.7430305480957,0.5491071428571429,1.0,"(224, 64, 250)","(112, 64, 250)",1,67,0.5625
19,Tongue,Rest,36.83333730697632,0.5535714285714286,1.0,"(224, 64, 250)","(112, 64, 250)",1,67,0.5580357142857143
19,Mis,Rest,36.829766511917114,0.5758928571428571,1.0,"(224, 64, 250)","(112, 64, 250)",1,67,0.6071428571428572
