participant,class1,class2,running_time,test_acc,train_acc,test_size,train_size,train_block,test_block,test_acc_vote
10,Hand,Rest,58.87528705596924,0.7678571428571429,0.95,"(56, 64, 1000)","(140, 64, 1000)",12345,67,0.7321428571428572
10,Feet,Rest,59.73055958747864,0.7678571428571429,0.9642857142857144,"(56, 64, 1000)","(140, 64, 1000)",12345,67,0.7321428571428572
10,Tongue,Rest,61.15468502044678,0.6964285714285714,0.9714285714285714,"(56, 64, 1000)","(140, 64, 1000)",12345,67,0.7142857142857143
10,Mis,Rest,61.60217833518982,0.9464285714285714,0.9714285714285714,"(56, 64, 1000)","(140, 64, 1000)",12345,67,0.9285714285714286
