participant,class1,class2,running_time,test_acc,train_acc,test_size,train_size,train_block,test_block,test_acc_vote
13,Hand,Rest,131.13049268722534,0.6513761467889908,1.0,"(327, 64, 1000)","(436, 64, 1000)",1234,567,0.6666666666666667
13,Feet,Rest,132.7455861568451,0.7737003058103975,1.0,"(327, 64, 1000)","(436, 64, 1000)",1234,567,0.7951070336391437
13,Tongue,Rest,133.8980462551117,0.7033639143730887,1.0,"(327, 64, 1000)","(436, 64, 1000)",1234,567,0.72782874617737
13,Mis,Rest,136.03923058509827,0.7186544342507645,1.0,"(327, 64, 1000)","(436, 64, 1000)",1234,567,0.746177370030581
