participant,class1,class2,running_time,test_acc,train_acc,test_size,train_size,train_block,test_block,test_acc_vote
9,Hand,Rest,131.11211442947388,0.7767584097859327,1.0,"(327, 64, 1000)","(436, 64, 1000)",1234,567,0.7798165137614679
9,Feet,Rest,130.27958941459656,0.8470948012232415,1.0,"(327, 64, 1000)","(436, 64, 1000)",1234,567,0.8562691131498471
9,Tongue,Rest,132.9931583404541,0.5504587155963303,1.0,"(327, 64, 1000)","(436, 64, 1000)",1234,567,0.5535168195718654
9,Mis,Rest,135.02722024917603,0.7033639143730887,1.0,"(327, 64, 1000)","(436, 64, 1000)",1234,567,0.7339449541284404
