participant,class1,class2,running_time,test_acc,train_acc,test_size,train_size,train_block,test_block,test_acc_vote
10,Hand,Rest,52.16578912734985,0.6357142857142857,1.0,"(140, 64, 1000)","(56, 64, 1000)",12,34567,0.6
10,Feet,Rest,52.26754331588745,0.65,1.0,"(140, 64, 1000)","(56, 64, 1000)",12,34567,0.6571428571428571
10,Tongue,Rest,54.13076114654541,0.5857142857142857,1.0,"(140, 64, 1000)","(56, 64, 1000)",12,34567,0.5642857142857143
10,Mis,Rest,55.15820908546448,0.7428571428571429,1.0,"(140, 64, 1000)","(56, 64, 1000)",12,34567,0.7357142857142858
