participant,class1,class2,running_time,test_acc,train_acc,test_size,train_size,train_block,test_block,test_acc_vote
13,Hand,Rest,53.10553765296936,0.6928571428571428,1.0,"(140, 64, 1000)","(56, 64, 1000)",12,34567,0.6571428571428571
13,Feet,Rest,51.97462320327759,0.7357142857142858,1.0,"(140, 64, 1000)","(56, 64, 1000)",12,34567,0.7142857142857143
13,Tongue,Rest,53.74948215484619,0.7571428571428571,1.0,"(140, 64, 1000)","(56, 64, 1000)",12,34567,0.7214285714285714
13,Mis,Rest,54.9369637966156,0.7714285714285715,1.0,"(140, 64, 1000)","(56, 64, 1000)",12,34567,0.7214285714285714
