participant,class1,class2,running_time,test_acc,train_acc,test_size,train_size,train_block,test_block,test_acc_vote
14,Hand,Rest,53.181498765945435,0.8214285714285714,1.0,"(140, 64, 1000)","(56, 64, 1000)",12,34567,0.8214285714285714
14,Feet,Rest,51.79883456230163,0.6357142857142857,1.0,"(140, 64, 1000)","(56, 64, 1000)",12,34567,0.6214285714285714
14,Tongue,Rest,55.29564046859741,0.5714285714285714,1.0,"(140, 64, 1000)","(56, 64, 1000)",12,34567,0.55
14,Mis,Rest,54.64733147621155,0.6642857142857143,1.0,"(140, 64, 1000)","(56, 64, 1000)",12,34567,0.6357142857142857
