participant,class1,class2,running_time,test_acc,train_acc,test_size,train_size,train_block,test_block,test_acc_vote
13,Hand,Rest,39.67842626571655,0.6571428571428571,1.0,"(140, 64, 1000)","(56, 64, 1000)",12,34567,0.6357142857142857
13,Feet,Rest,39.752570390701294,0.7357142857142858,1.0,"(140, 64, 1000)","(56, 64, 1000)",12,34567,0.7
13,Tongue,Rest,41.41806101799011,0.6714285714285714,1.0,"(140, 64, 1000)","(56, 64, 1000)",12,34567,0.6285714285714286
13,Mis,Rest,41.36684274673462,0.7071428571428572,1.0,"(140, 64, 1000)","(56, 64, 1000)",12,34567,0.6428571428571428
