participant,class1,class2,running_time,test_acc,train_acc,test_size,train_size,train_block,test_block,test_acc_vote
4,Hand,Rest,39.935548543930054,0.8857142857142857,1.0,"(140, 64, 1000)","(56, 64, 1000)",12,34567,0.8714285714285714
4,Feet,Rest,39.79863929748535,0.7142857142857143,1.0,"(140, 64, 1000)","(56, 64, 1000)",12,34567,0.6642857142857144
4,Tongue,Rest,41.24139451980591,0.7357142857142858,1.0,"(140, 64, 1000)","(56, 64, 1000)",12,34567,0.6714285714285715
4,Mis,Rest,40.918341636657715,0.65,1.0,"(140, 64, 1000)","(56, 64, 1000)",12,34567,0.6285714285714286
