participant,class1,class2,running_time,test_acc,train_acc,test_size,train_size,train_block,test_block,test_acc_vote
9,Hand,Rest,40.133626222610474,0.8785714285714286,1.0,"(140, 64, 1000)","(56, 64, 1000)",12,34567,0.8642857142857143
9,Feet,Rest,40.08916258811951,0.8214285714285714,1.0,"(140, 64, 1000)","(56, 64, 1000)",12,34567,0.7857142857142857
9,Tongue,Rest,40.919705390930176,0.5357142857142857,1.0,"(140, 64, 1000)","(56, 64, 1000)",12,34567,0.4642857142857143
9,Mis,Rest,41.4142861366272,0.44285714285714284,1.0,"(140, 64, 1000)","(56, 64, 1000)",12,34567,0.4285714285714286
