participant,class1,class2,running_time,test_acc,train_acc,test_size,train_size,train_block,test_block,test_acc_vote
5,Hand,Rest,65.32930421829224,0.7678571428571429,1.0,"(56, 64, 1000)","(140, 64, 1000)",12345,67,0.7142857142857143
5,Feet,Rest,65.03551745414734,0.6964285714285714,1.0,"(56, 64, 1000)","(140, 64, 1000)",12345,67,0.7142857142857143
5,Tongue,Rest,64.88236379623413,0.7678571428571429,1.0,"(56, 64, 1000)","(140, 64, 1000)",12345,67,0.8035714285714286
5,Mis,Rest,65.94363570213318,0.7857142857142857,1.0,"(56, 64, 1000)","(140, 64, 1000)",12345,67,0.7321428571428572
