participant,class1,class2,running_time,test_acc,train_acc,test_size,train_size,train_block,test_block,test_acc_vote
13,Hand,Rest,55.96914005279541,0.5952380952380952,1.0,"(84, 64, 1000)","(112, 64, 1000)",1234,567,0.5476190476190477
13,Feet,Rest,57.477452754974365,0.8690476190476191,1.0,"(84, 64, 1000)","(112, 64, 1000)",1234,567,0.8690476190476191
13,Tongue,Rest,57.638896226882935,0.8571428571428571,1.0,"(84, 64, 1000)","(112, 64, 1000)",1234,567,0.8571428571428572
13,Mis,Rest,58.86679220199585,0.7857142857142857,1.0,"(84, 64, 1000)","(112, 64, 1000)",1234,567,0.75
