participant,class1,class2,running_time,test_acc,train_acc,test_size,train_size,train_block,test_block,test_acc_vote
14,Hand,Rest,55.57827615737915,0.9285714285714286,1.0,"(84, 64, 1000)","(112, 64, 1000)",1234,567,0.8928571428571429
14,Feet,Rest,57.44091439247131,0.8214285714285714,1.0,"(84, 64, 1000)","(112, 64, 1000)",1234,567,0.8095238095238095
14,Tongue,Rest,57.86159610748291,0.5595238095238095,1.0,"(84, 64, 1000)","(112, 64, 1000)",1234,567,0.5476190476190477
14,Mis,Rest,57.68927240371704,0.7261904761904762,1.0,"(84, 64, 1000)","(112, 64, 1000)",1234,567,0.75
