participant,class1,class2,running_time,test_acc,train_acc,test_size,train_size,train_block,test_block,test_acc_vote
5,Hand,Rest,55.83255696296692,0.8809523809523809,1.0,"(84, 64, 1000)","(112, 64, 1000)",1234,567,0.9047619047619048
5,Feet,Rest,56.814138889312744,0.75,1.0,"(84, 64, 1000)","(112, 64, 1000)",1234,567,0.7142857142857143
5,Tongue,Rest,57.460840940475464,0.7738095238095238,1.0,"(84, 64, 1000)","(112, 64, 1000)",1234,567,0.7738095238095238
5,Mis,Rest,57.73800301551819,0.7261904761904762,1.0,"(84, 64, 1000)","(112, 64, 1000)",1234,567,0.7261904761904762
