participant,class1,class2,running_time,test_acc,train_acc,test_size,train_size,train_block,test_block,test_acc_vote
6,Hand,Rest,55.7524299621582,0.6547619047619048,1.0,"(84, 64, 1000)","(112, 64, 1000)",1234,567,0.6428571428571428
6,Feet,Rest,55.763922691345215,0.7738095238095238,1.0,"(84, 64, 1000)","(112, 64, 1000)",1234,567,0.7976190476190477
6,Tongue,Rest,57.6204092502594,0.7738095238095238,1.0,"(84, 64, 1000)","(112, 64, 1000)",1234,567,0.7380952380952381
6,Mis,Rest,58.80925917625427,0.7142857142857143,1.0,"(84, 64, 1000)","(112, 64, 1000)",1234,567,0.6309523809523809
