participant,class1,class2,running_time,test_acc,train_acc,test_size,train_size,train_block,test_block,test_acc_vote
13,Hand,Rest,96.66988945007324,0.6758409785932722,1.0,"(654, 64, 1000)","(109, 64, 1000)",1,234567,0.6681957186544343
13,Feet,Rest,97.27897310256958,0.6620795107033639,1.0,"(654, 64, 1000)","(109, 64, 1000)",1,234567,0.6559633027522935
13,Tongue,Rest,98.12149047851562,0.5871559633027523,1.0,"(654, 64, 1000)","(109, 64, 1000)",1,234567,0.5856269113149848
13,Mis,Rest,98.12091040611267,0.6070336391437309,1.0,"(654, 64, 1000)","(109, 64, 1000)",1,234567,0.5871559633027523
