participant,class1,class2,running_time,test_acc,train_acc,test_size,train_size,train_block,test_block,test_acc_vote
5,Hand,Rest,97.3159749507904,0.5244648318042814,1.0,"(654, 64, 1000)","(109, 64, 1000)",1,234567,0.5229357798165137
5,Feet,Rest,97.26269936561584,0.5259938837920489,1.0,"(654, 64, 1000)","(109, 64, 1000)",1,234567,0.5122324159021407
5,Tongue,Rest,98.07996559143066,0.4954128440366973,1.0,"(654, 64, 1000)","(109, 64, 1000)",1,234567,0.4938837920489296
5,Mis,Rest,98.8738443851471,0.5198776758409785,1.0,"(654, 64, 1000)","(109, 64, 1000)",1,234567,0.5122324159021407
