participant,class1,class2,running_time,test_acc,train_acc,test_size,train_size,train_block,test_block,test_acc_vote
7,Hand,Rest,96.6449773311615,0.5978593272171254,1.0,"(654, 64, 1000)","(109, 64, 1000)",1,234567,0.599388379204893
7,Feet,Rest,96.88227939605711,0.5978593272171254,1.0,"(654, 64, 1000)","(109, 64, 1000)",1,234567,0.6024464831804281
7,Tongue,Rest,97.36546897888184,0.4954128440366973,1.0,"(654, 64, 1000)","(109, 64, 1000)",1,234567,0.4954128440366973
7,Mis,Rest,97.83653545379639,0.5030581039755352,1.0,"(654, 64, 1000)","(109, 64, 1000)",1,234567,0.49082568807339455
