participant,class1,class2,running_time,test_acc,train_acc,test_size,train_size,train_block,test_block,test_acc_vote
5,Hand,Rest,51.68607473373413,0.5214285714285715,1.0,"(140, 64, 1000)","(56, 64, 1000)",12,34567,0.5214285714285714
5,Feet,Rest,51.62415099143982,0.6571428571428571,1.0,"(140, 64, 1000)","(56, 64, 1000)",12,34567,0.6214285714285714
5,Tongue,Rest,53.23874354362488,0.65,1.0,"(140, 64, 1000)","(56, 64, 1000)",12,34567,0.6642857142857144
5,Mis,Rest,53.526310205459595,0.5214285714285715,1.0,"(140, 64, 1000)","(56, 64, 1000)",12,34567,0.5428571428571429
