participant,class1,class2,running_time,test_acc,train_acc,test_size,train_size,train_block,test_block,test_acc_vote
4,Hand,Rest,35.14249014854431,0.8839285714285714,1.0,"(112, 64, 1000)","(84, 64, 1000)",123,4567,0.875
4,Feet,Rest,35.3056640625,0.7410714285714286,1.0,"(112, 64, 1000)","(84, 64, 1000)",123,4567,0.7053571428571428
4,Tongue,Rest,35.77512502670288,0.8392857142857143,1.0,"(112, 64, 1000)","(84, 64, 1000)",123,4567,0.8125
4,Mis,Rest,36.45750594139099,0.7321428571428571,0.9880952380952381,"(112, 64, 1000)","(84, 64, 1000)",123,4567,0.6875
