participant,class1,class2,running_time,test_acc,train_acc,test_size,train_size,train_block,test_block,test_acc_vote
9,Hand,Rest,34.83463215827942,0.9196428571428572,0.988095238095238,"(112, 64, 1000)","(84, 64, 1000)",123,4567,0.9017857142857144
9,Feet,Rest,35.02021598815918,0.9285714285714286,1.0,"(112, 64, 1000)","(84, 64, 1000)",123,4567,0.9375
9,Tongue,Rest,36.153170347213745,0.7410714285714286,1.0,"(112, 64, 1000)","(84, 64, 1000)",123,4567,0.6696428571428572
9,Mis,Rest,35.88086438179016,0.6785714285714286,1.0,"(112, 64, 1000)","(84, 64, 1000)",123,4567,0.6964285714285714
