participant,class1,class2,running_time,test_acc,train_acc,test_size,train_size,train_block,test_block,test_acc_vote
13,Hand,Rest,85.30406904220581,0.6081081081081081,0.8468468468468469,"(222, 64, 500)","(444, 64, 500)",1234,67,0.6081081081081081
13,Feet,Rest,85.4267463684082,0.7432432432432432,0.90990990990991,"(222, 64, 500)","(444, 64, 500)",1234,67,0.7522522522522522
13,Tongue,Rest,85.69258713722229,0.7432432432432432,0.9211711711711712,"(222, 64, 500)","(444, 64, 500)",1234,67,0.7342342342342343
13,Mis,Rest,85.74522948265076,0.6936936936936937,0.8941441441441441,"(222, 64, 500)","(444, 64, 500)",1234,67,0.7072072072072072
