participant,class1,class2,running_time,test_acc,train_acc,test_size,train_size,train_block,test_block,test_acc_vote
3,Hand,Rest,86.0856921672821,0.8198198198198198,0.918918918918919,"(222, 64, 500)","(444, 64, 500)",1234,67,0.8333333333333334
3,Feet,Rest,84.98404836654663,0.5900900900900901,0.9054054054054054,"(222, 64, 500)","(444, 64, 500)",1234,67,0.5855855855855856
3,Tongue,Rest,85.60614204406738,0.7072072072072072,0.9414414414414416,"(222, 64, 500)","(444, 64, 500)",1234,67,0.7342342342342343
3,Mis,Rest,85.17480945587158,0.8288288288288288,0.9436936936936937,"(222, 64, 500)","(444, 64, 500)",1234,67,0.8558558558558559
