participant,class1,class2,running_time,test_acc,train_acc,test_size,train_size,train_block,test_block,test_acc_vote
5,Hand,Rest,84.73299884796143,0.7477477477477478,0.9617117117117115,"(222, 64, 500)","(444, 64, 500)",1234,67,0.7837837837837838
5,Feet,Rest,85.7258243560791,0.6621621621621622,0.9504504504504504,"(222, 64, 500)","(444, 64, 500)",1234,67,0.6576576576576576
5,Tongue,Rest,85.44413709640503,0.7297297297297297,0.9436936936936936,"(222, 64, 500)","(444, 64, 500)",1234,67,0.7432432432432432
5,Mis,Rest,85.83732414245605,0.7477477477477478,0.9572072072072072,"(222, 64, 500)","(444, 64, 500)",1234,67,0.7612612612612613
