participant,class1,class2,running_time,test_acc,train_acc,test_size,train_size,train_block,test_block,test_acc_vote
6,Hand,Rest,85.6511902809143,0.6891891891891891,0.9594594594594594,"(222, 64, 500)","(444, 64, 500)",1234,67,0.7252252252252251
6,Feet,Rest,84.97981405258179,0.6486486486486487,0.945945945945946,"(222, 64, 500)","(444, 64, 500)",1234,67,0.6576576576576576
6,Tongue,Rest,86.47288942337036,0.7252252252252253,0.9662162162162162,"(222, 64, 500)","(444, 64, 500)",1234,67,0.7612612612612613
6,Mis,Rest,85.36474013328552,0.6621621621621622,0.9391891891891891,"(222, 64, 500)","(444, 64, 500)",1234,67,0.6666666666666667
