participant,class1,class2,running_time,test_acc,train_acc,test_size,train_size,train_block,test_block,test_acc_vote
4,Hand,Rest,93.51588177680968,0.8532110091743119,1.0,"(327, 64, 1000)","(436, 64, 1000)",1234,567,0.8562691131498471
4,Feet,Rest,93.14427065849304,0.8409785932721713,1.0,"(327, 64, 1000)","(436, 64, 1000)",1234,567,0.8470948012232415
4,Tongue,Rest,93.61679673194884,0.7339449541284404,1.0,"(327, 64, 1000)","(436, 64, 1000)",1234,567,0.7492354740061162
4,Mis,Rest,92.60056352615356,0.691131498470948,1.0,"(327, 64, 1000)","(436, 64, 1000)",1234,567,0.6880733944954128
