participant,class1,class2,running_time,test_acc,train_acc,test_size,train_size,train_block,test_block,test_acc_vote
13,Hand,Rest,35.717151165008545,0.6696428571428571,1.0,"(112, 64, 500)","(112, 64, 500)",12,67,0.6785714285714286
13,Feet,Rest,35.11864614486694,0.7053571428571429,1.0,"(112, 64, 500)","(112, 64, 500)",12,67,0.7142857142857143
13,Tongue,Rest,35.144262075424194,0.6517857142857143,1.0,"(112, 64, 500)","(112, 64, 500)",12,67,0.625
13,Mis,Rest,36.326658964157104,0.6785714285714286,1.0,"(112, 64, 500)","(112, 64, 500)",12,67,0.6875
