participant,class1,class2,running_time,test_acc,train_acc,test_size,train_size,train_block,test_block,test_acc_vote
15,Hand,Rest,35.676470041275024,0.7767857142857143,1.0,"(112, 64, 500)","(112, 64, 500)",12,67,0.7767857142857143
15,Feet,Rest,35.3624427318573,0.6160714285714286,1.0,"(112, 64, 500)","(112, 64, 500)",12,67,0.5892857142857143
15,Tongue,Rest,35.85442662239075,0.6964285714285714,1.0,"(112, 64, 500)","(112, 64, 500)",12,67,0.6964285714285714
15,Mis,Rest,35.35238194465637,0.5892857142857143,1.0,"(112, 64, 500)","(112, 64, 500)",12,67,0.6339285714285714
