participant,class1,class2,running_time,test_acc,train_acc,test_size,train_size,train_block,test_block,test_acc_vote
17,Hand,Rest,35.16717553138733,0.7232142857142857,1.0,"(112, 64, 500)","(112, 64, 500)",12,67,0.7142857142857143
17,Feet,Rest,35.26861047744751,0.7678571428571429,1.0,"(112, 64, 500)","(112, 64, 500)",12,67,0.7767857142857143
17,Tongue,Rest,36.23496913909912,0.6607142857142857,1.0,"(112, 64, 500)","(112, 64, 500)",12,67,0.6339285714285714
17,Mis,Rest,35.254345178604126,0.6875,1.0,"(112, 64, 500)","(112, 64, 500)",12,67,0.6964285714285714
