participant,class1,class2,running_time,test_acc,train_acc,test_size,train_size,train_block,test_block,test_acc_vote
18,Hand,Rest,36.14711856842041,0.6160714285714286,1.0,"(112, 64, 500)","(112, 64, 500)",12,67,0.6339285714285714
18,Feet,Rest,36.064831495285034,0.5982142857142857,1.0,"(112, 64, 500)","(112, 64, 500)",12,67,0.5535714285714286
18,Tongue,Rest,35.6418559551239,0.7410714285714286,1.0,"(112, 64, 500)","(112, 64, 500)",12,67,0.7678571428571428
18,Mis,Rest,35.53560280799866,0.6607142857142857,1.0,"(112, 64, 500)","(112, 64, 500)",12,67,0.6875
