participant,class1,class2,running_time,test_acc,train_acc,test_size,train_size,train_block,test_block,test_acc_vote
7,Hand,Rest,36.28981804847717,0.7321428571428571,1.0,"(112, 64, 500)","(112, 64, 500)",12,67,0.8035714285714286
7,Feet,Rest,36.15000963211059,0.5625,1.0,"(112, 64, 500)","(112, 64, 500)",12,67,0.5892857142857143
7,Tongue,Rest,36.12745237350464,0.6339285714285714,1.0,"(112, 64, 500)","(112, 64, 500)",12,67,0.6428571428571428
7,Mis,Rest,35.79996180534363,0.5892857142857143,1.0,"(112, 64, 500)","(112, 64, 500)",12,67,0.5982142857142857
