participant,class1,class2,running_time,test_acc,train_acc,test_size,train_size,train_block,test_block,test_acc_vote
9,Hand,Rest,36.05262517929077,0.8392857142857143,1.0,"(112, 64, 500)","(112, 64, 500)",12,67,0.8660714285714286
9,Feet,Rest,35.49590039253235,0.6696428571428571,1.0,"(112, 64, 500)","(112, 64, 500)",12,67,0.6339285714285714
9,Tongue,Rest,36.34882879257202,0.5,1.0,"(112, 64, 500)","(112, 64, 500)",12,67,0.4821428571428571
9,Mis,Rest,35.38846254348755,0.4732142857142857,1.0,"(112, 64, 500)","(112, 64, 500)",12,67,0.4285714285714286
