participant,class1,class2,running_time,test_acc,train_acc,test_size,train_size,train_block,test_block,test_acc_vote
11,Hand,Rest,34.282241106033325,0.9523809523809524,1.0,"(84, 64, 1000)","(112, 64, 1000)",1234,567,0.9642857142857144
11,Feet,Rest,32.99736762046814,0.9285714285714286,1.0,"(84, 64, 1000)","(112, 64, 1000)",1234,567,0.9166666666666666
11,Tongue,Rest,33.724149227142334,0.6071428571428571,1.0,"(84, 64, 1000)","(112, 64, 1000)",1234,567,0.5595238095238095
11,Mis,Rest,33.62187623977661,0.6309523809523809,1.0,"(84, 64, 1000)","(112, 64, 1000)",1234,567,0.5952380952380952
