participant,class1,class2,running_time,test_acc,train_acc,test_size,train_size,train_block,test_block,test_acc_vote
13,Hand,Rest,83.8534607887268,0.6171171171171171,0.9166666666666666,"(222, 64, 500)","(444, 64, 500)",1234,67,0.6261261261261262
13,Feet,Rest,83.28615140914917,0.7207207207207207,0.9842342342342344,"(222, 64, 500)","(444, 64, 500)",1234,67,0.7567567567567568
13,Tongue,Rest,84.59054708480835,0.7342342342342343,0.963963963963964,"(222, 64, 500)","(444, 64, 500)",1234,67,0.7567567567567568
13,Mis,Rest,82.97275042533875,0.6801801801801802,0.9684684684684685,"(222, 64, 500)","(444, 64, 500)",1234,67,0.7162162162162162
