participant,class1,class2,running_time,test_acc,train_acc,test_size,train_size,train_block,test_block,test_acc_vote
17,Hand,Rest,83.00373339653015,0.7792792792792793,0.9391891891891893,"(222, 64, 500)","(444, 64, 500)",1234,67,0.7927927927927928
17,Feet,Rest,84.07814240455627,0.6846846846846847,0.9256756756756755,"(222, 64, 500)","(444, 64, 500)",1234,67,0.6936936936936937
17,Tongue,Rest,84.6515634059906,0.7207207207207207,0.9504504504504504,"(222, 64, 500)","(444, 64, 500)",1234,67,0.7342342342342343
17,Mis,Rest,82.91009068489075,0.7882882882882883,0.9527027027027027,"(222, 64, 500)","(444, 64, 500)",1234,67,0.8378378378378378
