participant,class1,class2,running_time,test_acc,train_acc,test_size,train_size,train_block,test_block,test_acc_vote
19,Hand,Rest,84.53359174728394,0.7252252252252253,0.9707207207207208,"(222, 64, 500)","(444, 64, 500)",1234,67,0.7567567567567568
19,Feet,Rest,85.28369736671448,0.5585585585585585,0.9864864864864864,"(222, 64, 500)","(444, 64, 500)",1234,67,0.5855855855855856
19,Tongue,Rest,82.81146955490112,0.7207207207207207,0.9684684684684683,"(222, 64, 500)","(444, 64, 500)",1234,67,0.7612612612612613
19,Mis,Rest,83.40508389472961,0.7477477477477478,0.9887387387387387,"(222, 64, 500)","(444, 64, 500)",1234,67,0.7657657657657657
