participant,class1,class2,running_time,test_acc,train_acc,test_size,train_size,train_block,test_block,test_acc_vote
4,Hand,Rest,83.13152956962585,0.7477477477477478,0.9707207207207208,"(222, 64, 500)","(444, 64, 500)",1234,67,0.7432432432432432
4,Feet,Rest,83.08590149879456,0.6621621621621622,0.9617117117117115,"(222, 64, 500)","(444, 64, 500)",1234,67,0.6801801801801801
4,Tongue,Rest,83.9657039642334,0.6936936936936937,0.981981981981982,"(222, 64, 500)","(444, 64, 500)",1234,67,0.7027027027027026
4,Mis,Rest,82.98066329956055,0.6621621621621622,0.9774774774774775,"(222, 64, 500)","(444, 64, 500)",1234,67,0.6666666666666667
