participant,class1,class2,running_time,test_acc,train_acc,test_size,train_size,train_block,test_block,test_acc_vote
6,Hand,Rest,83.03444528579712,0.6036036036036037,0.9954954954954957,"(222, 64, 500)","(444, 64, 500)",1234,67,0.6306306306306306
6,Feet,Rest,82.86715126037598,0.6081081081081081,0.9887387387387389,"(222, 64, 500)","(444, 64, 500)",1234,67,0.6126126126126126
6,Tongue,Rest,82.91913342475891,0.6801801801801802,0.9752252252252251,"(222, 64, 500)","(444, 64, 500)",1234,67,0.7072072072072072
6,Mis,Rest,84.25563359260559,0.6531531531531531,0.990990990990991,"(222, 64, 500)","(444, 64, 500)",1234,67,0.6711711711711712
