participant,class1,class2,running_time,test_acc,train_acc,test_size,train_size,train_block,test_block,test_acc_vote
18,Hand,Rest,80.34996843338013,0.6801801801801802,0.8666666666666667,"(222, 64, 500)","(555, 64, 500)",12345,67,0.6936936936936937
18,Feet,Rest,81.87156081199646,0.6576576576576577,0.8954954954954955,"(222, 64, 500)","(555, 64, 500)",12345,67,0.6891891891891893
18,Tongue,Rest,86.86560201644897,0.8603603603603603,0.8666666666666667,"(222, 64, 500)","(555, 64, 500)",12345,67,0.8558558558558559
18,Mis,Rest,120.95201206207275,0.7837837837837838,0.8846846846846846,"(222, 64, 500)","(555, 64, 500)",12345,67,0.8108108108108107
