participant,class1,class2,running_time,test_acc,train_acc,test_size,train_size,train_block,test_block,test_acc_vote
19,Hand,Rest,137.91642904281616,0.7972972972972973,0.8882882882882883,"(222, 64, 500)","(555, 64, 500)",12345,67,0.8108108108108107
19,Feet,Rest,84.11048173904419,0.6936936936936937,0.9333333333333332,"(222, 64, 500)","(555, 64, 500)",12345,67,0.7162162162162162
19,Tongue,Rest,100.61498236656188,0.8288288288288288,0.8576576576576577,"(222, 64, 500)","(555, 64, 500)",12345,67,0.8378378378378378
19,Mis,Rest,118.84251260757446,0.7072072072072072,0.9207207207207208,"(222, 64, 500)","(555, 64, 500)",12345,67,0.7207207207207207
