participant,class1,class2,running_time,test_acc,train_acc,test_size,train_size,train_block,test_block,test_acc_vote
6,Hand,Rest,50.221710205078125,0.6071428571428571,1.0,"(168, 64, 1000)","(28, 64, 1000)",1,234567,0.6011904761904762
6,Feet,Rest,52.16716742515564,0.4702380952380952,1.0,"(168, 64, 1000)","(28, 64, 1000)",1,234567,0.4702380952380952
6,Tongue,Rest,53.13345241546631,0.4761904761904761,1.0,"(168, 64, 1000)","(28, 64, 1000)",1,234567,0.4821428571428571
6,Mis,Rest,52.309161901474,0.5654761904761905,1.0,"(168, 64, 1000)","(28, 64, 1000)",1,234567,0.5833333333333333
