class,test_acc,vote_acc
Hand,0.6776785714285712,0.7095238095238094
Feet,0.632440476190476,0.6482142857142856
Tongue,0.6443452380952382,0.669345238095238
Mis,0.649702380952381,0.6827380952380953
