participant,class1,class2,running_time,test_acc,train_acc,test_size,train_size,train_block,test_block,test_acc_vote
13,Hand,Rest,62.42283082008362,0.5982142857142857,0.9434523809523808,"(224, 64, 250)","(336, 64, 250)",123,67,0.6116071428571428
13,Feet,Rest,61.999314069747925,0.6607142857142857,0.9821428571428572,"(224, 64, 250)","(336, 64, 250)",123,67,0.6875
13,Tongue,Rest,62.261353492736816,0.71875,0.9910714285714286,"(224, 64, 250)","(336, 64, 250)",123,67,0.7946428571428572
13,Mis,Rest,61.91058111190796,0.6607142857142857,0.9523809523809523,"(224, 64, 250)","(336, 64, 250)",123,67,0.7008928571428572
