participant,class1,class2,running_time,test_acc,train_acc,test_size,train_size,train_block,test_block,test_acc_vote
15,Hand,Rest,62.1651885509491,0.7321428571428571,1.0,"(224, 64, 250)","(336, 64, 250)",123,67,0.7946428571428572
15,Feet,Rest,61.83602142333984,0.6383928571428571,1.0,"(224, 64, 250)","(336, 64, 250)",123,67,0.6339285714285714
15,Tongue,Rest,61.69981908798218,0.6026785714285714,1.0,"(224, 64, 250)","(336, 64, 250)",123,67,0.6116071428571428
15,Mis,Rest,62.18448305130005,0.6741071428571429,1.0,"(224, 64, 250)","(336, 64, 250)",123,67,0.7142857142857143
