participant,class1,class2,running_time,test_acc,train_acc,test_size,train_size,train_block,test_block,test_acc_vote
16,Hand,Rest,61.8227424621582,0.6026785714285714,0.988095238095238,"(224, 64, 250)","(336, 64, 250)",123,67,0.6116071428571428
16,Feet,Rest,62.333715200424194,0.6294642857142857,0.9970238095238096,"(224, 64, 250)","(336, 64, 250)",123,67,0.6473214285714286
16,Tongue,Rest,62.49990653991699,0.6741071428571429,0.9732142857142856,"(224, 64, 250)","(336, 64, 250)",123,67,0.75
16,Mis,Rest,62.07548713684082,0.6696428571428571,0.9464285714285714,"(224, 64, 250)","(336, 64, 250)",123,67,0.7232142857142857
