participant,class1,class2,running_time,test_acc,train_acc,test_size,train_size,train_block,test_block,test_acc_vote
4,Hand,Rest,62.74075126647949,0.7544642857142857,0.988095238095238,"(224, 64, 250)","(336, 64, 250)",123,67,0.7857142857142857
4,Feet,Rest,61.89396595954895,0.7321428571428571,0.9672619047619048,"(224, 64, 250)","(336, 64, 250)",123,67,0.7544642857142857
4,Tongue,Rest,62.62904977798462,0.7008928571428571,0.9732142857142856,"(224, 64, 250)","(336, 64, 250)",123,67,0.7544642857142857
4,Mis,Rest,62.7501220703125,0.59375,0.9702380952380952,"(224, 64, 250)","(336, 64, 250)",123,67,0.5758928571428572
