participant,class1,class2,running_time,test_acc,train_acc,test_size,train_size,train_block,test_block,test_acc_vote
6,Hand,Rest,62.34824013710022,0.59375,0.9910714285714286,"(224, 64, 250)","(336, 64, 250)",123,67,0.5758928571428572
6,Feet,Rest,62.95571732521057,0.6116071428571429,0.9761904761904762,"(224, 64, 250)","(336, 64, 250)",123,67,0.6160714285714286
6,Tongue,Rest,62.88454699516296,0.5491071428571429,0.9642857142857144,"(224, 64, 250)","(336, 64, 250)",123,67,0.5446428571428572
6,Mis,Rest,62.35419702529907,0.6160714285714286,0.9732142857142857,"(224, 64, 250)","(336, 64, 250)",123,67,0.6294642857142857
