participant,class1,class2,running_time,test_acc,train_acc,test_size,train_size,train_block,test_block,test_acc_vote
16,Hand,Rest,45.505526304244995,0.5714285714285714,1.0,"(112, 64, 500)","(168, 64, 500)",123,67,0.5535714285714286
16,Feet,Rest,45.93699073791504,0.5892857142857143,1.0,"(112, 64, 500)","(168, 64, 500)",123,67,0.6071428571428572
16,Tongue,Rest,45.1058235168457,0.6607142857142857,1.0,"(112, 64, 500)","(168, 64, 500)",123,67,0.7053571428571428
16,Mis,Rest,44.4741895198822,0.6785714285714286,1.0,"(112, 64, 500)","(168, 64, 500)",123,67,0.7321428571428572
