participant,class1,class2,running_time,test_acc,train_acc,test_size,train_size,train_block,test_block,test_acc_vote
17,Hand,Rest,44.68696117401123,0.7232142857142857,1.0,"(112, 64, 500)","(168, 64, 500)",123,67,0.75
17,Feet,Rest,44.92930865287781,0.7053571428571429,1.0,"(112, 64, 500)","(168, 64, 500)",123,67,0.6964285714285714
17,Tongue,Rest,45.24906063079834,0.7142857142857143,1.0,"(112, 64, 500)","(168, 64, 500)",123,67,0.7410714285714286
17,Mis,Rest,44.58308744430542,0.6696428571428571,1.0,"(112, 64, 500)","(168, 64, 500)",123,67,0.6517857142857143
