participant,class1,class2,running_time,test_acc,train_acc,test_size,train_size,train_block,test_block,test_acc_vote
19,Hand,Rest,44.65483713150024,0.7321428571428571,1.0,"(112, 64, 500)","(168, 64, 500)",123,67,0.7767857142857143
19,Feet,Rest,44.921823501586914,0.5535714285714286,1.0,"(112, 64, 500)","(168, 64, 500)",123,67,0.5625
19,Tongue,Rest,45.05908727645874,0.6339285714285714,1.0,"(112, 64, 500)","(168, 64, 500)",123,67,0.6339285714285714
19,Mis,Rest,45.84821271896362,0.7053571428571429,1.0,"(112, 64, 500)","(168, 64, 500)",123,67,0.7142857142857143
