participant,class1,class2,running_time,test_acc,train_acc,test_size,train_size,train_block,test_block,test_acc_vote
7,Hand,Rest,45.35295939445496,0.6160714285714286,1.0,"(112, 64, 500)","(168, 64, 500)",123,67,0.6785714285714286
7,Feet,Rest,44.68308877944946,0.7142857142857143,1.0,"(112, 64, 500)","(168, 64, 500)",123,67,0.7589285714285714
7,Tongue,Rest,45.07994437217712,0.6339285714285714,1.0,"(112, 64, 500)","(168, 64, 500)",123,67,0.6607142857142857
7,Mis,Rest,44.275490045547485,0.5982142857142857,1.0,"(112, 64, 500)","(168, 64, 500)",123,67,0.6071428571428572
