participant,class1,class2,running_time,test_acc,train_acc,test_size,train_size,train_block,test_block,test_acc_vote
9,Hand,Rest,44.574742555618286,0.7946428571428571,1.0,"(112, 64, 500)","(168, 64, 500)",123,67,0.8392857142857143
9,Feet,Rest,44.81010007858277,0.875,1.0,"(112, 64, 500)","(168, 64, 500)",123,67,0.8660714285714286
9,Tongue,Rest,45.232231855392456,0.6875,1.0,"(112, 64, 500)","(168, 64, 500)",123,67,0.7589285714285714
9,Mis,Rest,45.68302130699158,0.6428571428571429,1.0,"(112, 64, 500)","(168, 64, 500)",123,67,0.6517857142857143
