participant,class1,class2,running_time,test_acc,train_acc,test_size,train_size,train_block,test_block,test_acc_vote
14,Hand,Rest,105.0583634376526,0.709480122324159,1.0,"(654, 64, 1000)","(109, 64, 1000)",1,234567,0.7125382262996942
14,Feet,Rest,107.22637867927553,0.6467889908256881,1.0,"(654, 64, 1000)","(109, 64, 1000)",1,234567,0.6406727828746177
14,Tongue,Rest,105.93917798995972,0.5642201834862385,1.0,"(654, 64, 1000)","(109, 64, 1000)",1,234567,0.5795107033639144
14,Mis,Rest,106.8233118057251,0.5504587155963303,1.0,"(654, 64, 1000)","(109, 64, 1000)",1,234567,0.5504587155963303
