participant,class1,class2,running_time,test_acc,train_acc,test_size,train_size,train_block,test_block,test_acc_vote
7,Hand,Rest,110.6701009273529,0.6697247706422018,1.0,"(654, 64, 1000)","(109, 64, 1000)",1,234567,0.6697247706422018
7,Feet,Rest,111.22476720809937,0.6238532110091743,1.0,"(654, 64, 1000)","(109, 64, 1000)",1,234567,0.6314984709480123
7,Tongue,Rest,115.00249814987184,0.6039755351681957,1.0,"(654, 64, 1000)","(109, 64, 1000)",1,234567,0.6024464831804281
7,Mis,Rest,114.52818775177002,0.518348623853211,1.0,"(654, 64, 1000)","(109, 64, 1000)",1,234567,0.5168195718654434
