participant,class1,class2,running_time,test_acc,train_acc,test_size,train_size,train_block,test_block,test_acc_vote
9,Hand,Rest,119.00735664367676,0.827217125382263,0.981651376146789,"(654, 64, 1000)","(109, 64, 1000)",1,234567,0.8348623853211009
9,Feet,Rest,114.5201690196991,0.617737003058104,1.0,"(654, 64, 1000)","(109, 64, 1000)",1,234567,0.6131498470948012
9,Tongue,Rest,115.69067716598512,0.4892966360856269,1.0,"(654, 64, 1000)","(109, 64, 1000)",1,234567,0.4969418960244648
9,Mis,Rest,115.96293711662292,0.5214067278287462,1.0,"(654, 64, 1000)","(109, 64, 1000)",1,234567,0.5229357798165137
