participant,class1,class2,running_time,test_acc,train_acc,test_size,train_size,train_block,test_block,test_acc_vote
16,Hand,Rest,119.60236811637878,0.573394495412844,1.0,"(218, 64, 1000)","(436, 64, 1000)",1234,67,0.5642201834862386
16,Feet,Rest,120.79089951515198,0.7339449541284404,1.0,"(218, 64, 1000)","(436, 64, 1000)",1234,67,0.7614678899082569
16,Tongue,Rest,121.11817717552184,0.7706422018348624,1.0,"(218, 64, 1000)","(436, 64, 1000)",1234,67,0.7798165137614679
16,Mis,Rest,120.79479622840881,0.8302752293577982,1.0,"(218, 64, 1000)","(436, 64, 1000)",1234,67,0.8486238532110092
