participant,class1,class2,running_time,test_acc,train_acc,test_size,train_size,train_block,test_block,test_acc_vote
18,Hand,Rest,120.5715057849884,0.6834862385321101,1.0,"(218, 64, 1000)","(436, 64, 1000)",1234,67,0.7018348623853211
18,Feet,Rest,122.09061408042908,0.6697247706422018,1.0,"(218, 64, 1000)","(436, 64, 1000)",1234,67,0.6743119266055047
18,Tongue,Rest,120.39524054527284,0.8440366972477065,1.0,"(218, 64, 1000)","(436, 64, 1000)",1234,67,0.8440366972477065
18,Mis,Rest,119.26564073562622,0.7660550458715596,1.0,"(218, 64, 1000)","(436, 64, 1000)",1234,67,0.7844036697247706
