participant,class1,class2,running_time,test_acc,train_acc,test_size,train_size,train_block,test_block,test_acc_vote
4,Hand,Rest,120.07818365097046,0.8990825688073395,1.0,"(218, 64, 1000)","(436, 64, 1000)",1234,67,0.8990825688073394
4,Feet,Rest,119.80523920059204,0.7477064220183486,1.0,"(218, 64, 1000)","(436, 64, 1000)",1234,67,0.7614678899082569
4,Tongue,Rest,119.67762875556946,0.7201834862385321,1.0,"(218, 64, 1000)","(436, 64, 1000)",1234,67,0.7064220183486238
4,Mis,Rest,119.59231853485107,0.7064220183486238,1.0,"(218, 64, 1000)","(436, 64, 1000)",1234,67,0.7201834862385321
