participant,class1,class2,running_time,test_acc,train_acc,test_size,train_size,train_block,test_block,test_acc_vote
9,Hand,Rest,120.78098607063292,0.8532110091743119,1.0,"(218, 64, 1000)","(436, 64, 1000)",1234,67,0.8715596330275229
9,Feet,Rest,121.5542426109314,0.8807339449541285,1.0,"(218, 64, 1000)","(436, 64, 1000)",1234,67,0.8899082568807339
9,Tongue,Rest,120.6120822429657,0.7247706422018348,1.0,"(218, 64, 1000)","(436, 64, 1000)",1234,67,0.7201834862385321
9,Mis,Rest,121.32177710533142,0.7201834862385321,1.0,"(218, 64, 1000)","(436, 64, 1000)",1234,67,0.7339449541284404
