participant,class1,class2,running_time,test_acc,train_acc,test_size,train_size,train_block,test_block,test_acc_vote
4,Hand,Rest,63.514453411102295,0.7410714285714286,0.9821428571428572,"(224, 64, 250)","(336, 64, 250)",123,67,0.7410714285714286
4,Feet,Rest,62.83571004867554,0.7276785714285714,0.9732142857142856,"(224, 64, 250)","(336, 64, 250)",123,67,0.7455357142857143
4,Tongue,Rest,62.70867156982422,0.6964285714285714,0.9761904761904762,"(224, 64, 250)","(336, 64, 250)",123,67,0.7410714285714286
4,Mis,Rest,62.98113131523132,0.6919642857142857,0.9613095238095238,"(224, 64, 250)","(336, 64, 250)",123,67,0.7053571428571428
