participant,class1,class2,running_time,test_acc,train_acc,test_size,train_size,train_block,test_block,test_acc_vote
7,Hand,Rest,63.78024625778198,0.6741071428571429,1.0,"(224, 64, 250)","(336, 64, 250)",123,67,0.7142857142857143
7,Feet,Rest,63.78897047042847,0.6919642857142857,1.0,"(224, 64, 250)","(336, 64, 250)",123,67,0.7232142857142857
7,Tongue,Rest,64.22907900810242,0.6607142857142857,0.9791666666666666,"(224, 64, 250)","(336, 64, 250)",123,67,0.7008928571428572
7,Mis,Rest,64.22462391853333,0.5535714285714286,0.9345238095238095,"(224, 64, 250)","(336, 64, 250)",123,67,0.5491071428571428
