participant,class1,class2,running_time,test_acc,train_acc,test_size,train_size,train_block,test_block,test_acc_vote
13,Hand,Rest,36.1023473739624,0.6160714285714286,1.0,"(112, 64, 500)","(112, 64, 500)",12,67,0.5982142857142857
13,Feet,Rest,36.40058588981629,0.7232142857142857,1.0,"(112, 64, 500)","(112, 64, 500)",12,67,0.7410714285714286
13,Tongue,Rest,35.68504452705383,0.6160714285714286,1.0,"(112, 64, 500)","(112, 64, 500)",12,67,0.5714285714285714
13,Mis,Rest,35.480661153793335,0.6696428571428571,1.0,"(112, 64, 500)","(112, 64, 500)",12,67,0.6696428571428572
