participant,class1,class2,running_time,test_acc,train_acc,test_size,train_size,train_block,test_block,test_acc_vote
18,Hand,Rest,36.10452365875244,0.5625,1.0,"(112, 64, 500)","(112, 64, 500)",12,67,0.6071428571428572
18,Feet,Rest,35.68030858039856,0.5714285714285714,1.0,"(112, 64, 500)","(112, 64, 500)",12,67,0.5714285714285714
18,Tongue,Rest,35.517842054367065,0.6875,1.0,"(112, 64, 500)","(112, 64, 500)",12,67,0.6785714285714286
18,Mis,Rest,36.127485275268555,0.6696428571428571,1.0,"(112, 64, 500)","(112, 64, 500)",12,67,0.6875
