participant,class1,class2,running_time,test_acc,train_acc,test_size,train_size,train_block,test_block,test_acc_vote
19,Hand,Rest,35.572338581085205,0.7142857142857143,1.0,"(112, 64, 500)","(112, 64, 500)",12,67,0.7232142857142857
19,Feet,Rest,35.80753254890442,0.5178571428571429,1.0,"(112, 64, 500)","(112, 64, 500)",12,67,0.5178571428571428
19,Tongue,Rest,35.620187520980835,0.7232142857142857,1.0,"(112, 64, 500)","(112, 64, 500)",12,67,0.7946428571428572
19,Mis,Rest,35.465837478637695,0.6964285714285714,1.0,"(112, 64, 500)","(112, 64, 500)",12,67,0.7053571428571428
