participant,class1,class2,running_time,test_acc,train_acc,test_size,train_size,train_block,test_block,test_acc_vote
6,Hand,Rest,35.583117961883545,0.6160714285714286,1.0,"(112, 64, 500)","(112, 64, 500)",12,67,0.6696428571428572
6,Feet,Rest,35.526673793792725,0.5178571428571429,1.0,"(112, 64, 500)","(112, 64, 500)",12,67,0.5535714285714286
6,Tongue,Rest,35.848010540008545,0.5803571428571429,1.0,"(112, 64, 500)","(112, 64, 500)",12,67,0.5446428571428572
6,Mis,Rest,36.20880675315857,0.625,1.0,"(112, 64, 500)","(112, 64, 500)",12,67,0.6785714285714286
