participant,class1,class2,running_time,test_acc,train_acc,test_size,train_size,train_block,test_block,test_acc_vote
13,Hand,Rest,62.86298632621765,0.625,1.0,"(56, 31, 1000)","(140, 31, 1000)",12345,67,0.5892857142857143
13,Feet,Rest,62.17745614051819,0.7142857142857143,1.0,"(56, 31, 1000)","(140, 31, 1000)",12345,67,0.6607142857142857
13,Tongue,Rest,62.62787389755249,0.7678571428571429,1.0,"(56, 31, 1000)","(140, 31, 1000)",12345,67,0.7857142857142857
13,Mis,Rest,62.42861580848694,0.8214285714285714,1.0,"(56, 31, 1000)","(140, 31, 1000)",12345,67,0.75
