participant,class1,class2,running_time,test_acc,train_acc,test_size,train_size,train_block,test_block,test_acc_vote
3,Hand,Rest,61.67339825630188,0.875,1.0,"(56, 31, 1000)","(140, 31, 1000)",12345,67,0.8571428571428572
3,Feet,Rest,57.578805685043335,0.6785714285714286,1.0,"(56, 31, 1000)","(140, 31, 1000)",12345,67,0.6785714285714286
3,Tongue,Rest,52.26346158981323,0.8214285714285714,1.0,"(56, 31, 1000)","(140, 31, 1000)",12345,67,0.8214285714285714
3,Mis,Rest,61.31800413131714,0.8214285714285714,1.0,"(56, 31, 1000)","(140, 31, 1000)",12345,67,0.7857142857142857
