participant,class1,class2,running_time,test_acc,train_acc,test_size,train_size,train_block,test_block,test_acc_vote
4,Hand,Rest,62.612592935562134,0.8928571428571429,1.0,"(56, 31, 1000)","(140, 31, 1000)",12345,67,0.875
4,Feet,Rest,53.59111213684082,0.8928571428571429,1.0,"(56, 31, 1000)","(140, 31, 1000)",12345,67,0.8392857142857143
4,Tongue,Rest,60.83534550666809,0.7321428571428571,0.9928571428571428,"(56, 31, 1000)","(140, 31, 1000)",12345,67,0.6964285714285714
4,Mis,Rest,48.30705547332764,0.6071428571428571,1.0,"(56, 31, 1000)","(140, 31, 1000)",12345,67,0.5714285714285714
