participant,class1,class2,running_time,test_acc,train_acc,test_size,train_size,train_block,test_block,test_acc_vote
5,Hand,Rest,54.595027685165405,0.8571428571428571,1.0,"(56, 31, 1000)","(140, 31, 1000)",12345,67,0.8571428571428572
5,Feet,Rest,59.01454854011536,0.8214285714285714,1.0,"(56, 31, 1000)","(140, 31, 1000)",12345,67,0.8035714285714286
5,Tongue,Rest,63.01141119003296,0.75,1.0,"(56, 31, 1000)","(140, 31, 1000)",12345,67,0.7142857142857143
5,Mis,Rest,59.167245864868164,0.625,1.0,"(56, 31, 1000)","(140, 31, 1000)",12345,67,0.5714285714285714
