participant,class1,class2,running_time,test_acc,train_acc,test_size,train_size,train_block,test_block,test_acc_vote
6,Hand,Rest,55.75642657279968,0.7857142857142857,1.0,"(56, 31, 1000)","(140, 31, 1000)",12345,67,0.75
6,Feet,Rest,63.73396682739258,0.8214285714285714,1.0,"(56, 31, 1000)","(140, 31, 1000)",12345,67,0.7142857142857143
6,Tongue,Rest,60.829601764678955,0.6428571428571429,1.0,"(56, 31, 1000)","(140, 31, 1000)",12345,67,0.5892857142857143
6,Mis,Rest,54.1277813911438,0.7321428571428571,1.0,"(56, 31, 1000)","(140, 31, 1000)",12345,67,0.6607142857142857
