participant,class1,class2,running_time,test_acc,train_acc,test_size,train_size,train_block,test_block,test_acc_vote
6,Hand,Rest,83.33281922340393,0.5886850152905199,0.963302752293578,"(654, 64, 1000)","(109, 64, 1000)",1,234567,0.5886850152905199
6,Feet,Rest,83.9163715839386,0.4831804281345566,0.9174311926605504,"(654, 64, 1000)","(109, 64, 1000)",1,234567,0.4801223241590214
6,Tongue,Rest,85.21040415763855,0.5091743119266054,0.9357798165137616,"(654, 64, 1000)","(109, 64, 1000)",1,234567,0.5030581039755352
6,Mis,Rest,84.96646046638489,0.5596330275229358,0.9541284403669725,"(654, 64, 1000)","(109, 64, 1000)",1,234567,0.5626911314984709
