participant,class1,class2,running_time,test_acc,train_acc,test_size,train_size,train_block,test_block,test_acc_vote
9,Hand,Rest,83.22393703460693,0.863914373088685,0.9541284403669724,"(654, 64, 1000)","(109, 64, 1000)",1,234567,0.8654434250764527
9,Feet,Rest,83.89691495895386,0.7920489296636085,0.9724770642201837,"(654, 64, 1000)","(109, 64, 1000)",1,234567,0.8073394495412844
9,Tongue,Rest,84.28510022163391,0.5412844036697247,0.963302752293578,"(654, 64, 1000)","(109, 64, 1000)",1,234567,0.5351681957186545
9,Mis,Rest,84.94440722465515,0.518348623853211,0.981651376146789,"(654, 64, 1000)","(109, 64, 1000)",1,234567,0.5137614678899083
