participant,class1,class2,running_time,test_acc,train_acc,test_size,train_size,train_block,test_block,test_acc_vote
10,Hand,Rest,99.17820858955383,0.6834862385321101,0.9663608562691132,"(218, 64, 1000)","(327, 64, 1000)",123,67,0.6880733944954128
10,Feet,Rest,97.98544549942017,0.6743119266055045,0.9694189602446484,"(218, 64, 1000)","(327, 64, 1000)",123,67,0.6788990825688073
10,Tongue,Rest,98.40686750411987,0.6238532110091743,0.9541284403669724,"(218, 64, 1000)","(327, 64, 1000)",123,67,0.6192660550458715
10,Mis,Rest,98.4437825679779,0.7247706422018348,0.981651376146789,"(218, 64, 1000)","(327, 64, 1000)",123,67,0.7201834862385321
