participant,class1,class2,running_time,test_acc,train_acc,test_size,train_size,train_block,test_block,test_acc_vote
16,Hand,Rest,98.23510694503784,0.6146788990825688,0.9724770642201837,"(218, 64, 1000)","(327, 64, 1000)",123,67,0.6238532110091743
16,Feet,Rest,98.23245310783386,0.7201834862385321,0.9694189602446484,"(218, 64, 1000)","(327, 64, 1000)",123,67,0.7431192660550459
16,Tongue,Rest,98.5634217262268,0.6880733944954128,0.9694189602446484,"(218, 64, 1000)","(327, 64, 1000)",123,67,0.7064220183486238
16,Mis,Rest,98.42037868499756,0.7889908256880734,0.981651376146789,"(218, 64, 1000)","(327, 64, 1000)",123,67,0.7935779816513762
