participant,class1,class2,running_time,test_acc,train_acc,test_size,train_size,train_block,test_block,test_acc_vote
10,Hand,Rest,35.64762353897095,0.5952380952380952,1.0,"(84, 64, 1000)","(112, 64, 1000)",1234,567,0.5476190476190477
10,Feet,Rest,35.54612612724304,0.6428571428571429,1.0,"(84, 64, 1000)","(112, 64, 1000)",1234,567,0.5833333333333333
10,Tongue,Rest,36.57465481758118,0.6547619047619048,1.0,"(84, 64, 1000)","(112, 64, 1000)",1234,567,0.6547619047619048
10,Mis,Rest,36.60065197944641,0.7857142857142857,1.0,"(84, 64, 1000)","(112, 64, 1000)",1234,567,0.7857142857142857
