participant,class1,class2,running_time,test_acc,train_acc,test_size,train_size,train_block,test_block,test_acc_vote
7,Hand,Rest,124.2157952785492,0.786697247706422,0.9694189602446484,"(436, 64, 1000)","(327, 64, 1000)",123,4567,0.7958715596330275
7,Feet,Rest,125.7844853401184,0.8142201834862385,0.9510703363914372,"(436, 64, 1000)","(327, 64, 1000)",123,4567,0.8165137614678899
7,Tongue,Rest,126.88897728919984,0.6536697247706422,0.9663608562691132,"(436, 64, 1000)","(327, 64, 1000)",123,4567,0.6628440366972477
7,Mis,Rest,126.98095774650574,0.6674311926605505,0.9418960244648318,"(436, 64, 1000)","(327, 64, 1000)",123,4567,0.6834862385321101
