participant,class1,class2,running_time,test_acc,train_acc,test_size,train_size,train_block,test_block,test_acc_vote
3,Hand,Rest,39.14937138557434,0.9285714285714286,1.0,"(56, 64, 1000)","(140, 64, 1000)",12345,67,0.9285714285714286
3,Feet,Rest,42.95371413230896,0.6964285714285714,1.0,"(56, 64, 1000)","(140, 64, 1000)",12345,67,0.5892857142857143
3,Tongue,Rest,40.36665654182434,0.8035714285714286,1.0,"(56, 64, 1000)","(140, 64, 1000)",12345,67,0.75
3,Mis,Rest,40.43574666976929,0.875,1.0,"(56, 64, 1000)","(140, 64, 1000)",12345,67,0.875
