participant,class1,class2,running_time,test_acc,train_acc,test_size,train_size,train_block,test_block,test_acc_vote
7,Hand,Rest,58.56621813774109,0.7678571428571429,1.0,"(56, 64, 1000)","(140, 64, 1000)",12345,67,0.7321428571428572
7,Feet,Rest,59.39146327972412,0.8928571428571429,1.0,"(56, 64, 1000)","(140, 64, 1000)",12345,67,0.8928571428571429
7,Tongue,Rest,54.79929876327515,0.6607142857142857,1.0,"(56, 64, 1000)","(140, 64, 1000)",12345,67,0.6071428571428572
7,Mis,Rest,69.64352631568909,0.6964285714285714,1.0,"(56, 64, 1000)","(140, 64, 1000)",12345,67,0.6964285714285714
