participant,class1,class2,running_time,test_acc,train_acc,test_size,train_size,train_block,test_block,test_acc_vote
11,Hand,Rest,76.60129928588867,0.8303571428571429,1.0,"(224, 64, 250)","(448, 64, 250)",1234,67,0.8616071428571428
11,Feet,Rest,77.8514518737793,0.8973214285714286,1.0,"(224, 64, 250)","(448, 64, 250)",1234,67,0.9330357142857144
11,Tongue,Rest,76.71927762031555,0.6696428571428571,1.0,"(224, 64, 250)","(448, 64, 250)",1234,67,0.6830357142857143
11,Mis,Rest,75.98523259162903,0.65625,1.0,"(224, 64, 250)","(448, 64, 250)",1234,67,0.6875
