participant,class1,class2,running_time,test_acc,train_acc,test_size,train_size,train_block,test_block,test_acc_vote
13,Hand,Rest,76.45353651046753,0.6116071428571429,1.0,"(224, 64, 250)","(448, 64, 250)",1234,67,0.6116071428571428
13,Feet,Rest,77.05780863761902,0.7455357142857143,1.0,"(224, 64, 250)","(448, 64, 250)",1234,67,0.7901785714285714
13,Tongue,Rest,75.90854597091675,0.7008928571428571,1.0,"(224, 64, 250)","(448, 64, 250)",1234,67,0.7232142857142857
13,Mis,Rest,77.5429573059082,0.7232142857142857,1.0,"(224, 64, 250)","(448, 64, 250)",1234,67,0.7410714285714286
