participant,class1,class2,running_time,test_acc,train_acc,test_size,train_size,train_block,test_block,test_acc_vote
15,Hand,Rest,73.64044427871704,0.7321428571428571,1.0,"(224, 64, 250)","(412, 64, 250)",1234,67,0.7678571428571428
15,Feet,Rest,76.53764390945435,0.6607142857142857,1.0,"(224, 64, 250)","(448, 64, 250)",1234,67,0.65625
15,Tongue,Rest,77.07827925682068,0.7142857142857143,1.0,"(224, 64, 250)","(448, 64, 250)",1234,67,0.7455357142857143
15,Mis,Rest,77.7121217250824,0.6473214285714286,1.0,"(224, 64, 250)","(448, 64, 250)",1234,67,0.6473214285714286
