participant,class1,class2,running_time,test_acc,train_acc,test_size,train_size,train_block,test_block,test_acc_vote
16,Hand,Rest,77.34217619895935,0.6607142857142857,1.0,"(224, 64, 250)","(448, 64, 250)",1234,67,0.7142857142857143
16,Feet,Rest,77.18522000312805,0.6517857142857143,1.0,"(224, 64, 250)","(448, 64, 250)",1234,67,0.6696428571428572
16,Tongue,Rest,77.66280317306519,0.7723214285714286,1.0,"(224, 64, 250)","(448, 64, 250)",1234,67,0.8526785714285714
16,Mis,Rest,76.57696270942688,0.7142857142857143,1.0,"(224, 64, 250)","(448, 64, 250)",1234,67,0.7366071428571428
