participant,class1,class2,running_time,test_acc,train_acc,test_size,train_size,train_block,test_block,test_acc_vote
17,Hand,Rest,78.34255194664001,0.7410714285714286,1.0,"(224, 64, 250)","(448, 64, 250)",1234,67,0.7767857142857143
17,Feet,Rest,77.2328610420227,0.6473214285714286,1.0,"(224, 64, 250)","(448, 64, 250)",1234,67,0.6517857142857143
17,Tongue,Rest,77.75770282745361,0.6785714285714286,1.0,"(224, 64, 250)","(448, 64, 250)",1234,67,0.7321428571428572
17,Mis,Rest,77.76862692832947,0.78125,1.0,"(224, 64, 250)","(448, 64, 250)",1234,67,0.8035714285714286
