participant,class1,class2,running_time,test_acc,train_acc,test_size,train_size,train_block,test_block,test_acc_vote
19,Hand,Rest,76.62877535820007,0.8169642857142857,1.0,"(224, 64, 250)","(448, 64, 250)",1234,67,0.8839285714285714
19,Feet,Rest,76.42094087600708,0.6071428571428571,1.0,"(224, 64, 250)","(448, 64, 250)",1234,67,0.6428571428571428
19,Tongue,Rest,76.43708682060242,0.7589285714285714,1.0,"(224, 64, 250)","(448, 64, 250)",1234,67,0.8080357142857143
19,Mis,Rest,77.91137504577637,0.7053571428571429,1.0,"(224, 64, 250)","(448, 64, 250)",1234,67,0.7366071428571428
