participant,class1,class2,running_time,test_acc,train_acc,test_size,train_size,train_block,test_block,test_acc_vote
5,Hand,Rest,77.26568675041199,0.6830357142857143,1.0,"(224, 64, 250)","(448, 64, 250)",1234,67,0.7098214285714286
5,Feet,Rest,76.80727100372314,0.6517857142857143,1.0,"(224, 64, 250)","(448, 64, 250)",1234,67,0.6607142857142857
5,Tongue,Rest,77.18046998977661,0.6830357142857143,1.0,"(224, 64, 250)","(448, 64, 250)",1234,67,0.7053571428571428
5,Mis,Rest,76.31297945976257,0.6741071428571429,1.0,"(224, 64, 250)","(448, 64, 250)",1234,67,0.6517857142857143
