participant,class1,class2,running_time,test_acc,train_acc,test_size,train_size,train_block,test_block,test_acc_vote
7,Hand,Rest,76.33103895187378,0.7098214285714286,1.0,"(224, 64, 250)","(448, 64, 250)",1234,67,0.75
7,Feet,Rest,76.02821254730225,0.7410714285714286,1.0,"(224, 64, 250)","(448, 64, 250)",1234,67,0.7991071428571428
7,Tongue,Rest,77.00240063667297,0.6116071428571429,1.0,"(224, 64, 250)","(448, 64, 250)",1234,67,0.6428571428571428
7,Mis,Rest,76.2751932144165,0.6026785714285714,1.0,"(224, 64, 250)","(448, 64, 250)",1234,67,0.6071428571428572
