participant,class1,class2,running_time,test_acc,train_acc,test_size,train_size,train_block,test_block,test_acc_vote
10,Hand,Rest,40.866902589797974,0.6309523809523809,1.0,"(84, 64, 1000)","(56, 64, 1000)",12,84 randomly chosen!,0.5952380952380952
10,Feet,Rest,41.36035466194153,0.6190476190476191,1.0,"(84, 64, 1000)","(56, 64, 1000)",12,84 randomly chosen!,0.6190476190476191
10,Tongue,Rest,41.717392921447754,0.5714285714285714,1.0,"(84, 64, 1000)","(56, 64, 1000)",12,84 randomly chosen!,0.5595238095238095
10,Mis,Rest,40.89753770828247,0.6666666666666666,1.0,"(84, 64, 1000)","(56, 64, 1000)",12,84 randomly chosen!,0.7619047619047619
