participant,class1,class2,running_time,test_acc,train_acc,test_size,train_size,train_block,test_block,test_acc_vote
12,Hand,Rest,44.95560598373413,0.8095238095238095,1.0,"(84, 64, 1000)","(56, 64, 1000)",12,84 randomly chosen!,0.8928571428571429
12,Feet,Rest,45.2772057056427,0.7619047619047619,1.0,"(84, 64, 1000)","(56, 64, 1000)",12,84 randomly chosen!,0.8095238095238095
12,Tongue,Rest,40.66963815689087,0.7857142857142857,1.0,"(84, 64, 1000)","(56, 64, 1000)",12,84 randomly chosen!,0.8809523809523809
12,Mis,Rest,41.481940269470215,0.7619047619047619,1.0,"(84, 64, 1000)","(56, 64, 1000)",12,84 randomly chosen!,0.7976190476190477
