participant,class1,class2,running_time,test_acc,train_acc,test_size,train_size,train_block,test_block,test_acc_vote
3,Hand,Rest,40.42460823059082,0.8571428571428571,1.0,"(84, 64, 1000)","(56, 64, 1000)",12,84 randomly chosen!,0.8928571428571429
3,Feet,Rest,40.5421404838562,0.8313253012048193,1.0,"(83, 64, 1000)","(56, 64, 1000)",12,83 randomly chosen!,0.8795180722891567
3,Tongue,Rest,40.53730368614197,0.7142857142857143,1.0,"(84, 64, 1000)","(56, 64, 1000)",12,84 randomly chosen!,0.7738095238095238
3,Mis,Rest,40.760685443878174,0.7976190476190477,1.0,"(84, 64, 1000)","(56, 64, 1000)",12,84 randomly chosen!,0.8690476190476191
