participant,class1,class2,running_time,test_acc,train_acc,test_size,train_size,train_block,test_block,test_acc_vote
5,Hand,Rest,41.087544441223145,0.8095238095238095,1.0,"(84, 64, 1000)","(56, 64, 1000)",12,84 randomly chosen!,0.8690476190476191
5,Feet,Rest,42.37830567359924,0.8452380952380952,1.0,"(84, 64, 1000)","(56, 64, 1000)",12,84 randomly chosen!,0.9404761904761904
5,Tongue,Rest,41.87415885925293,0.7261904761904762,1.0,"(84, 64, 1000)","(56, 64, 1000)",12,84 randomly chosen!,0.7738095238095238
5,Mis,Rest,40.281293869018555,0.8095238095238095,1.0,"(84, 64, 1000)","(56, 64, 1000)",12,84 randomly chosen!,0.8809523809523809
