class,test_acc,vote_acc
Hand,0.687142857142857,0.665
Feet,0.6842857142857144,0.6564285714285715
Tongue,0.6664285714285715,0.6428571428571429
Mis,0.6442857142857144,0.6292857142857142
