participant,class1,class2,running_time,test_acc,train_acc,test_size,train_size,train_block,test_block,test_acc_vote
10,Hand,Rest,34.266103982925415,0.5928571428571429,1.0,"(140, 64, 1000)","(56, 64, 1000)",12,34567,0.55
10,Feet,Rest,34.30946469306946,0.6928571428571428,1.0,"(140, 64, 1000)","(56, 64, 1000)",12,34567,0.6785714285714286
10,Tongue,Rest,35.39467978477478,0.4785714285714286,1.0,"(140, 64, 1000)","(56, 64, 1000)",12,34567,0.4928571428571429
10,Mis,Rest,35.18444561958313,0.6142857142857143,1.0,"(140, 64, 1000)","(56, 64, 1000)",12,34567,0.6214285714285714
