participant,class1,class2,running_time,test_acc,train_acc,test_size,train_size,train_block,test_block,test_acc_vote
11,Hand,Rest,34.37453031539917,0.8071428571428572,1.0,"(140, 64, 1000)","(56, 64, 1000)",12,34567,0.8142857142857143
11,Feet,Rest,34.23184657096863,0.85,1.0,"(140, 64, 1000)","(56, 64, 1000)",12,34567,0.8357142857142857
11,Tongue,Rest,35.382014989852905,0.7142857142857143,1.0,"(140, 64, 1000)","(56, 64, 1000)",12,34567,0.6714285714285715
11,Mis,Rest,35.63309645652771,0.6571428571428571,1.0,"(140, 64, 1000)","(56, 64, 1000)",12,34567,0.6428571428571428
