participant,class1,class2,running_time,test_acc,train_acc,test_size,train_size,train_block,test_block,test_acc_vote
13,Hand,Rest,34.105594873428345,0.6,1.0,"(140, 64, 1000)","(56, 64, 1000)",12,34567,0.5928571428571429
13,Feet,Rest,34.14568758010864,0.7,1.0,"(140, 64, 1000)","(56, 64, 1000)",12,34567,0.6785714285714286
13,Tongue,Rest,35.26006054878235,0.8071428571428572,1.0,"(140, 64, 1000)","(56, 64, 1000)",12,34567,0.7714285714285715
13,Mis,Rest,34.927547454833984,0.7428571428571429,1.0,"(140, 64, 1000)","(56, 64, 1000)",12,34567,0.7
