participant,class1,class2,running_time,test_acc,train_acc,test_size,train_size,train_block,test_block,test_acc_vote
4,Hand,Rest,34.364434003829956,0.85,1.0,"(140, 64, 1000)","(56, 64, 1000)",12,34567,0.8428571428571429
4,Feet,Rest,34.18789577484131,0.7214285714285714,1.0,"(140, 64, 1000)","(56, 64, 1000)",12,34567,0.6857142857142857
4,Tongue,Rest,35.16388916969299,0.7214285714285714,1.0,"(140, 64, 1000)","(56, 64, 1000)",12,34567,0.6857142857142857
4,Mis,Rest,35.472028732299805,0.6642857142857143,1.0,"(140, 64, 1000)","(56, 64, 1000)",12,34567,0.5857142857142856
