participant,class1,class2,running_time,test_acc,train_acc,test_size,train_size,train_block,test_block,test_acc_vote
6,Hand,Rest,34.288780212402344,0.5857142857142857,1.0,"(140, 64, 1000)","(56, 64, 1000)",12,34567,0.5714285714285714
6,Feet,Rest,34.216058015823364,0.5857142857142857,1.0,"(140, 64, 1000)","(56, 64, 1000)",12,34567,0.5357142857142857
6,Tongue,Rest,35.17062306404114,0.5857142857142857,1.0,"(140, 64, 1000)","(56, 64, 1000)",12,34567,0.5571428571428572
6,Mis,Rest,35.08888244628906,0.5928571428571429,0.9642857142857143,"(140, 64, 1000)","(56, 64, 1000)",12,34567,0.5857142857142856
