class,test_acc,vote_acc
Hand,0.6935714285714286,0.6985714285714286
Feet,0.6725,0.6710714285714285
Tongue,0.6207142857142858,0.6142857142857143
Mis,0.6124999999999999,0.6092857142857143
