participant,class1,class2,running_time,test_acc,train_acc,test_size,train_size,train_block,test_block,test_acc_vote
11,Hand,Rest,71.4719750881195,0.6857142857142857,1.0,"(280, 64, 500)","(112, 64, 500)",12,34567,0.725
11,Feet,Rest,73.09469795227051,0.8785714285714286,1.0,"(280, 64, 500)","(112, 64, 500)",12,34567,0.875
11,Tongue,Rest,74.32902264595032,0.575,1.0,"(280, 64, 500)","(112, 64, 500)",12,34567,0.5642857142857143
11,Mis,Rest,70.35213303565979,0.5607142857142857,1.0,"(280, 64, 500)","(112, 64, 500)",12,34567,0.55
