participant,class1,class2,running_time,test_acc,train_acc,test_size,train_size,train_block,test_block,test_acc_vote
14,Hand,Rest,70.16292214393616,0.7571428571428571,1.0,"(280, 64, 500)","(112, 64, 500)",12,34567,0.7392857142857143
14,Feet,Rest,74.99852299690247,0.6607142857142857,1.0,"(280, 64, 500)","(112, 64, 500)",12,34567,0.6464285714285714
14,Tongue,Rest,71.78381299972534,0.575,1.0,"(280, 64, 500)","(112, 64, 500)",12,34567,0.55
14,Mis,Rest,72.89830923080444,0.5428571428571428,1.0,"(280, 64, 500)","(112, 64, 500)",12,34567,0.5678571428571428
