participant,class1,class2,running_time,test_acc,train_acc,test_size,train_size,train_block,test_block,test_acc_vote
3,Hand,Rest,86.75371026992798,0.6142857142857143,1.0,"(280, 64, 500)","(112, 64, 500)",12,34567,0.5857142857142856
3,Feet,Rest,71.66579246520996,0.5714285714285714,1.0,"(280, 64, 500)","(112, 64, 500)",12,34567,0.5678571428571428
3,Tongue,Rest,71.71769738197327,0.675,1.0,"(280, 64, 500)","(112, 64, 500)",12,34567,0.6607142857142857
3,Mis,Rest,71.73806166648865,0.7178571428571429,1.0,"(280, 64, 500)","(112, 64, 500)",12,34567,0.7071428571428571
