participant,class1,class2,running_time,test_acc,train_acc,test_size,train_size,train_block,test_block,test_acc_vote
4,Hand,Rest,78.25356698036194,0.8285714285714286,1.0,"(280, 64, 500)","(112, 64, 500)",12,34567,0.825
4,Feet,Rest,77.8417592048645,0.6892857142857143,1.0,"(280, 64, 500)","(112, 64, 500)",12,34567,0.7
4,Tongue,Rest,80.92141008377075,0.7428571428571429,1.0,"(280, 64, 500)","(112, 64, 500)",12,34567,0.7357142857142858
4,Mis,Rest,98.4388656616211,0.7071428571428572,1.0,"(280, 64, 500)","(112, 64, 500)",12,34567,0.7321428571428572
