participant,class1,class2,running_time,test_acc,train_acc,test_size,train_size,train_block,test_block,test_acc_vote
7,Hand,Rest,77.02566027641296,0.65,1.0,"(280, 64, 500)","(112, 64, 500)",12,34567,0.6928571428571428
7,Feet,Rest,71.44774913787842,0.6178571428571429,1.0,"(280, 64, 500)","(112, 64, 500)",12,34567,0.6107142857142858
7,Tongue,Rest,78.43495297431946,0.6642857142857143,1.0,"(280, 64, 500)","(112, 64, 500)",12,34567,0.6714285714285715
7,Mis,Rest,83.31835055351257,0.5892857142857143,1.0,"(280, 64, 500)","(112, 64, 500)",12,34567,0.5964285714285714
