participant,class1,class2,running_time,test_acc,train_acc,test_size,train_size,train_block,test_block,test_acc_vote
9,Hand,Rest,93.20239353179932,0.8107142857142857,1.0,"(280, 64, 500)","(112, 64, 500)",12,34567,0.8142857142857143
9,Feet,Rest,74.57752251625061,0.7428571428571429,1.0,"(280, 64, 500)","(112, 64, 500)",12,34567,0.7214285714285714
9,Tongue,Rest,89.69724035263062,0.5,1.0,"(280, 64, 500)","(112, 64, 500)",12,34567,0.5321428571428571
9,Mis,Rest,82.33428430557251,0.5107142857142857,1.0,"(280, 64, 500)","(112, 64, 500)",12,34567,0.4821428571428571
