participant,class1,class2,running_time,test_acc,train_acc,test_size,train_size,train_block,test_block,test_acc_vote
14,Hand,Rest,60.28905630111694,0.9464285714285714,0.9928571428571428,"(56, 64, 1000)","(140, 64, 1000)",12345,67,0.9285714285714286
14,Feet,Rest,60.811222076416016,0.8571428571428571,0.9857142857142858,"(56, 64, 1000)","(140, 64, 1000)",12345,67,0.8214285714285714
14,Tongue,Rest,62.51826524734497,0.75,1.0,"(56, 64, 1000)","(140, 64, 1000)",12345,67,0.6964285714285714
14,Mis,Rest,61.65120029449463,0.7142857142857143,0.9357142857142857,"(56, 64, 1000)","(140, 64, 1000)",12345,67,0.6964285714285714
