participant,class1,class2,running_time,test_acc,train_acc,test_size,train_size,train_block,test_block,test_acc_vote
7,Hand,Rest,60.03343987464905,0.8392857142857143,0.9857142857142858,"(56, 64, 1000)","(140, 64, 1000)",12345,67,0.875
7,Feet,Rest,59.029518127441406,0.9642857142857144,0.9714285714285714,"(56, 64, 1000)","(140, 64, 1000)",12345,67,0.9642857142857144
7,Tongue,Rest,60.88692498207092,0.6964285714285714,0.9857142857142858,"(56, 64, 1000)","(140, 64, 1000)",12345,67,0.6607142857142857
7,Mis,Rest,62.03447961807251,0.6964285714285714,0.9571428571428572,"(56, 64, 1000)","(140, 64, 1000)",12345,67,0.6785714285714286
