participant,class1,class2,running_time,test_acc,train_acc,test_size,train_size,train_block,test_block,test_acc_vote
10,Hand,Rest,17.54751753807068,0.6160714285714286,1.0,"(112, 64, 1000)","(28, 64, 1000)",1,112,0.6517857142857143
10,Feet,Rest,18.0435311794281,0.5803571428571429,1.0,"(112, 64, 1000)","(28, 64, 1000)",1,112,0.5446428571428572
10,Tongue,Rest,48.63222527503967,0.5892857142857143,1.0,"(112, 64, 1000)","(28, 64, 1000)",1,112,0.625
10,Mis,Rest,36.53657031059265,0.625,1.0,"(112, 64, 1000)","(28, 64, 1000)",1,112,0.6428571428571428
