participant,class1,class2,running_time,test_acc,train_acc,test_size,train_size,train_block,test_block,test_acc_vote
12,Hand,Rest,37.60132813453674,0.6071428571428571,1.0,"(112, 64, 1000)","(28, 64, 1000)",1,112,0.5625
12,Feet,Rest,53.275874376297,0.7232142857142857,1.0,"(112, 64, 1000)","(28, 64, 1000)",1,112,0.7767857142857143
12,Tongue,Rest,37.52978467941284,0.7053571428571429,1.0,"(112, 64, 1000)","(28, 64, 1000)",1,112,0.8035714285714286
12,Mis,Rest,52.86577129364014,0.6964285714285714,1.0,"(112, 64, 1000)","(28, 64, 1000)",1,112,0.7589285714285714
