participant,class1,class2,running_time,test_acc,train_acc,test_size,train_size,train_block,test_block,test_acc_vote
15,Hand,Rest,38.60767912864685,0.5714285714285714,1.0,"(112, 64, 1000)","(28, 64, 1000)",1,112,0.5714285714285714
15,Feet,Rest,48.64444923400879,0.5982142857142857,1.0,"(112, 64, 1000)","(28, 64, 1000)",1,112,0.5982142857142857
15,Tongue,Rest,35.87049102783203,0.8482142857142857,1.0,"(112, 64, 1000)","(28, 64, 1000)",1,112,0.9107142857142856
15,Mis,Rest,54.41828370094299,0.5803571428571429,1.0,"(112, 64, 1000)","(28, 64, 1000)",1,112,0.5803571428571428
