participant,class1,class2,running_time,test_acc,train_acc,test_size,train_size,train_block,test_block,test_acc_vote
3,Hand,Rest,16.62423276901245,0.75,1.0,"(112, 64, 1000)","(28, 64, 1000)",1,112,0.7410714285714286
3,Feet,Rest,17.117708683013916,0.7117117117117117,1.0,"(111, 64, 1000)","(28, 64, 1000)",1,111,0.7387387387387387
3,Tongue,Rest,17.432806968688965,0.6071428571428571,1.0,"(112, 64, 1000)","(28, 64, 1000)",1,112,0.5803571428571428
3,Mis,Rest,16.924387216567993,0.75,1.0,"(112, 64, 1000)","(28, 64, 1000)",1,112,0.75
