participant,class1,class2,running_time,test_acc,train_acc,test_size,train_size,train_block,test_block,test_acc_vote
5,Hand,Rest,16.483819723129272,0.7053571428571429,1.0,"(112, 64, 1000)","(28, 64, 1000)",1,112,0.7142857142857143
5,Feet,Rest,17.314443826675415,0.6160714285714286,1.0,"(112, 64, 1000)","(28, 64, 1000)",1,112,0.5892857142857143
5,Tongue,Rest,17.38544273376465,0.6428571428571429,1.0,"(112, 64, 1000)","(28, 64, 1000)",1,112,0.6071428571428572
5,Mis,Rest,17.919930696487427,0.7053571428571429,1.0,"(112, 64, 1000)","(28, 64, 1000)",1,112,0.7232142857142857
