participant,class1,class2,running_time,test_acc,train_acc,test_size,train_size,train_block,test_block,test_acc_vote
6,Hand,Rest,18.49402356147766,0.7857142857142857,1.0,"(112, 64, 1000)","(28, 64, 1000)",1,112,0.9017857142857144
6,Feet,Rest,17.139248371124268,0.7589285714285714,1.0,"(112, 64, 1000)","(28, 64, 1000)",1,112,0.8035714285714286
6,Tongue,Rest,18.062852382659912,0.7142857142857143,1.0,"(112, 64, 1000)","(28, 64, 1000)",1,112,0.8303571428571428
6,Mis,Rest,17.224331378936768,0.6785714285714286,1.0,"(112, 64, 1000)","(28, 64, 1000)",1,112,0.7589285714285714
