participant,class1,class2,running_time,test_acc,train_acc,test_size,train_size,train_block,test_block,test_acc_vote
7,Hand,Rest,18.48774003982544,0.8392857142857143,1.0,"(112, 64, 1000)","(28, 64, 1000)",1,112,0.8482142857142857
7,Feet,Rest,21.327648162841797,0.7142857142857143,1.0,"(112, 64, 1000)","(28, 64, 1000)",1,112,0.6964285714285714
7,Tongue,Rest,25.689046621322632,0.7589285714285714,1.0,"(112, 64, 1000)","(28, 64, 1000)",1,112,0.75
7,Mis,Rest,23.22528862953186,0.7589285714285714,1.0,"(112, 64, 1000)","(28, 64, 1000)",1,112,0.75
