participant,class1,class2,running_time,test_acc,train_acc,test_size,train_size,train_block,test_block,test_acc_vote
11,Hand,Rest,76.58413553237915,0.9166666666666666,1.0,"(84, 64, 1000)","(112, 64, 1000)",1234,567,0.9523809523809524
11,Feet,Rest,61.03467869758606,0.9285714285714286,1.0,"(84, 64, 1000)","(112, 64, 1000)",1234,567,0.9285714285714286
11,Tongue,Rest,63.12020182609558,0.6309523809523809,1.0,"(84, 64, 1000)","(112, 64, 1000)",1234,567,0.6309523809523809
11,Mis,Rest,65.04001998901367,0.6547619047619048,1.0,"(84, 64, 1000)","(112, 64, 1000)",1234,567,0.6309523809523809
