participant,class1,class2,running_time,test_acc,train_acc,test_size,train_size,train_block,test_block,test_acc_vote
13,Hand,Rest,76.4058928489685,0.6071428571428571,1.0,"(84, 64, 1000)","(112, 64, 1000)",1234,567,0.5714285714285714
13,Feet,Rest,67.80141568183899,0.8214285714285714,1.0,"(84, 64, 1000)","(112, 64, 1000)",1234,567,0.8333333333333334
13,Tongue,Rest,64.22447443008423,0.7857142857142857,1.0,"(84, 64, 1000)","(112, 64, 1000)",1234,567,0.7738095238095238
13,Mis,Rest,66.0517795085907,0.7738095238095238,1.0,"(84, 64, 1000)","(112, 64, 1000)",1234,567,0.7380952380952381
