participant,class1,class2,running_time,test_acc,train_acc,test_size,train_size,train_block,test_block,test_acc_vote
5,Hand,Rest,62.497007608413696,0.7142857142857143,1.0,"(84, 64, 1000)","(112, 64, 1000)",1234,567,0.6904761904761905
5,Feet,Rest,62.8850200176239,0.7738095238095238,1.0,"(84, 64, 1000)","(112, 64, 1000)",1234,567,0.7619047619047619
5,Tongue,Rest,64.43074226379395,0.7857142857142857,1.0,"(84, 64, 1000)","(112, 64, 1000)",1234,567,0.8095238095238095
5,Mis,Rest,61.88224220275879,0.7619047619047619,1.0,"(84, 64, 1000)","(112, 64, 1000)",1234,567,0.7857142857142857
