participant,class1,class2,running_time,test_acc,train_acc,test_size,train_size,train_block,test_block,test_acc_vote
4,Hand,Rest,55.30219721794128,0.8839285714285714,1.0,"(112, 64, 1000)","(84, 64, 1000)",123,4567,0.875
4,Feet,Rest,54.655004024505615,0.7678571428571429,1.0,"(112, 64, 1000)","(84, 64, 1000)",123,4567,0.6785714285714286
4,Tongue,Rest,56.1300253868103,0.7678571428571429,0.988095238095238,"(112, 64, 1000)","(84, 64, 1000)",123,4567,0.7053571428571428
4,Mis,Rest,55.320247411727905,0.7410714285714286,0.9880952380952381,"(112, 64, 1000)","(84, 64, 1000)",123,4567,0.6696428571428572
