participant,class1,class2,running_time,test_acc,train_acc,test_size,train_size,train_block,test_block,test_acc_vote
6,Hand,Rest,55.11213779449463,0.6785714285714286,0.988095238095238,"(112, 64, 1000)","(84, 64, 1000)",123,4567,0.6517857142857143
6,Feet,Rest,54.89954137802124,0.7589285714285714,0.988095238095238,"(112, 64, 1000)","(84, 64, 1000)",123,4567,0.6875
6,Tongue,Rest,55.50089740753174,0.7410714285714286,0.988095238095238,"(112, 64, 1000)","(84, 64, 1000)",123,4567,0.7321428571428572
6,Mis,Rest,56.29179668426514,0.5803571428571429,0.9880952380952381,"(112, 64, 1000)","(84, 64, 1000)",123,4567,0.5535714285714286
