participant,class1,class2,running_time,test_acc,train_acc,test_size,train_size,train_block,test_block,test_acc_vote
9,Hand,Rest,53.5400013923645,0.8571428571428571,0.988095238095238,"(112, 64, 1000)","(84, 64, 1000)",123,4567,0.8392857142857143
9,Feet,Rest,54.93117141723633,0.8928571428571429,1.0,"(112, 64, 1000)","(84, 64, 1000)",123,4567,0.8839285714285714
9,Tongue,Rest,56.80636548995972,0.5625,0.988095238095238,"(112, 64, 1000)","(84, 64, 1000)",123,4567,0.5
9,Mis,Rest,56.239500522613525,0.5982142857142857,1.0,"(112, 64, 1000)","(84, 64, 1000)",123,4567,0.6160714285714286
