participant,class1,class2,running_time,test_acc,train_acc,test_size,train_size,train_block,test_block,test_acc_vote
5,Hand,Rest,57.20464015007019,0.5803571428571429,1.0,"(112, 64, 1000)","(84, 64, 1000)",123,4567,0.5982142857142857
5,Feet,Rest,58.08517289161682,0.7142857142857143,1.0,"(112, 64, 1000)","(84, 64, 1000)",123,4567,0.6696428571428572
5,Tongue,Rest,56.88894581794739,0.8125,1.0,"(112, 64, 1000)","(84, 64, 1000)",123,4567,0.7589285714285714
5,Mis,Rest,57.24073123931885,0.6517857142857143,1.0,"(112, 64, 1000)","(84, 64, 1000)",123,4567,0.5982142857142857
