participant,class1,class2,running_time,test_acc,train_acc,test_size,train_size,train_block,test_block,test_acc_vote
7,Hand,Rest,69.7698872089386,0.7946428571428571,0.9285714285714286,"(112, 64, 500)","(280, 64, 500)",12345,67,0.8303571428571428
7,Feet,Rest,66.43472957611084,0.8303571428571429,0.95,"(112, 64, 500)","(280, 64, 500)",12345,67,0.875
7,Tongue,Rest,60.04947829246521,0.6785714285714286,0.9428571428571428,"(112, 64, 500)","(280, 64, 500)",12345,67,0.7410714285714286
7,Mis,Rest,53.34653162956238,0.8035714285714286,0.9142857142857143,"(112, 64, 500)","(280, 64, 500)",12345,67,0.8125
