participant,class1,class2,running_time,test_acc,train_acc,test_size,train_size,train_block,test_block,test_acc_vote
13,Hand,Rest,113.18749737739564,0.7376146788990826,1.0,"(545, 64, 1000)","(218, 64, 1000)",12,34567,0.7321100917431193
13,Feet,Rest,113.72127914428712,0.7321100917431193,1.0,"(545, 64, 1000)","(218, 64, 1000)",12,34567,0.7467889908256881
13,Tongue,Rest,115.7574954032898,0.7211009174311926,1.0,"(545, 64, 1000)","(218, 64, 1000)",12,34567,0.7541284403669725
13,Mis,Rest,113.46117115020752,0.689908256880734,1.0,"(545, 64, 1000)","(218, 64, 1000)",12,34567,0.7027522935779816
