participant,class1,class2,running_time,test_acc,train_acc,test_size,train_size,train_block,test_block,test_acc_vote
3,Hand,Rest,111.97406196594238,0.6275229357798165,1.0,"(545, 64, 1000)","(218, 64, 1000)",12,34567,0.6146788990825688
3,Feet,Rest,113.79188227653503,0.6201834862385321,1.0,"(545, 64, 1000)","(218, 64, 1000)",12,34567,0.6348623853211008
3,Tongue,Rest,114.63077235221864,0.6,1.0,"(545, 64, 1000)","(218, 64, 1000)",12,34567,0.6110091743119266
3,Mis,Rest,113.64831137657166,0.7155963302752294,1.0,"(545, 64, 1000)","(218, 64, 1000)",12,34567,0.7321100917431193
