participant,class1,class2,running_time,test_acc,train_acc,test_size,train_size,train_block,test_block,test_acc_vote
4,Hand,Rest,112.70464825630188,0.8293577981651377,0.9954128440366972,"(545, 64, 1000)","(218, 64, 1000)",12,34567,0.8366972477064221
4,Feet,Rest,112.84648084640504,0.7321100917431193,1.0,"(545, 64, 1000)","(218, 64, 1000)",12,34567,0.7394495412844037
4,Tongue,Rest,113.75708842277528,0.7467889908256881,1.0,"(545, 64, 1000)","(218, 64, 1000)",12,34567,0.7522935779816513
4,Mis,Rest,113.60079407691956,0.6311926605504588,1.0,"(545, 64, 1000)","(218, 64, 1000)",12,34567,0.6220183486238532
