participant,class1,class2,running_time,test_acc,train_acc,test_size,train_size,train_block,test_block,test_acc_vote
6,Hand,Rest,48.612520694732666,0.6071428571428571,1.0,"(56, 64, 1000)","(112, 64, 1000)",1234,67,0.5714285714285714
6,Feet,Rest,49.14119505882263,0.7142857142857143,1.0,"(56, 64, 1000)","(112, 64, 1000)",1234,67,0.6607142857142857
6,Tongue,Rest,48.62610197067261,0.6964285714285714,1.0,"(56, 64, 1000)","(112, 64, 1000)",1234,67,0.6607142857142857
6,Mis,Rest,49.843265533447266,0.6428571428571429,1.0,"(56, 64, 1000)","(112, 64, 1000)",1234,67,0.6607142857142857
