participant,class1,class2,running_time,test_acc,train_acc,test_size,train_size,train_block,test_block,test_acc_vote
7,Hand,Rest,49.807493448257446,0.5357142857142857,1.0,"(56, 64, 1000)","(112, 64, 1000)",1234,67,0.5178571428571428
7,Feet,Rest,49.750107765197754,0.6428571428571429,1.0,"(56, 64, 1000)","(112, 64, 1000)",1234,67,0.6607142857142857
7,Tongue,Rest,50.08673310279846,0.6428571428571429,1.0,"(56, 64, 1000)","(112, 64, 1000)",1234,67,0.6428571428571428
7,Mis,Rest,49.021976470947266,0.625,1.0,"(56, 64, 1000)","(112, 64, 1000)",1234,67,0.6071428571428572
