participant,class1,class2,running_time,test_acc,train_acc,test_size,train_size,train_block,test_block,test_acc_vote
13,Hand,Rest,66.11450052261353,0.8214285714285714,1.0,"(56, 64, 1000)","(140, 64, 1000)",12345,67,0.75
13,Feet,Rest,64.22123074531555,0.8571428571428571,1.0,"(56, 64, 1000)","(140, 64, 1000)",12345,67,0.8928571428571429
13,Tongue,Rest,65.66048169136047,0.7857142857142857,1.0,"(56, 64, 1000)","(140, 64, 1000)",12345,67,0.6964285714285714
13,Mis,Rest,66.34649085998535,0.7321428571428571,1.0,"(56, 64, 1000)","(140, 64, 1000)",12345,67,0.625
