participant,class1,class2,running_time,test_acc,train_acc,test_size,train_size,train_block,test_block,test_acc_vote
4,Hand,Rest,64.11056804656982,0.9107142857142856,0.9928571428571428,"(56, 64, 1000)","(140, 64, 1000)",12345,67,0.8928571428571429
4,Feet,Rest,64.85688042640686,0.9107142857142856,1.0,"(56, 64, 1000)","(140, 64, 1000)",12345,67,0.8571428571428572
4,Tongue,Rest,65.55100655555725,0.8214285714285714,1.0,"(56, 64, 1000)","(140, 64, 1000)",12345,67,0.8392857142857143
4,Mis,Rest,64.17311787605286,0.6071428571428571,1.0,"(56, 64, 1000)","(140, 64, 1000)",12345,67,0.5714285714285714
