class,test_acc,vote_acc
Hand,0.6714285714285714,0.6875
Feet,0.6273809523809525,0.6339285714285713
Tongue,0.6184523809523809,0.6357142857142857
Mis,0.6255952380952381,0.6309523809523808
