participant,class1,class2,running_time,test_acc,train_acc,test_size,train_size,train_block,test_block,test_acc_vote
10,Hand,Rest,46.13388442993164,0.6607142857142857,1.0,"(112, 64, 500)","(168, 64, 500)",123,67,0.7053571428571428
10,Feet,Rest,46.26675248146057,0.6339285714285714,1.0,"(112, 64, 500)","(168, 64, 500)",123,67,0.6428571428571428
10,Tongue,Rest,46.18501663208008,0.5892857142857143,1.0,"(112, 64, 500)","(168, 64, 500)",123,67,0.6160714285714286
10,Mis,Rest,46.24585556983948,0.6964285714285714,1.0,"(112, 64, 500)","(168, 64, 500)",123,67,0.6875
