participant,class1,class2,running_time,test_acc,train_acc,test_size,train_size,train_block,test_block,test_acc_vote
17,Hand,Rest,45.12620186805725,0.6339285714285714,0.9940476190476192,"(112, 64, 500)","(168, 64, 500)",123,67,0.6875
17,Feet,Rest,45.7454526424408,0.6875,0.9821428571428572,"(112, 64, 500)","(168, 64, 500)",123,67,0.7589285714285714
17,Tongue,Rest,45.09982800483704,0.8035714285714286,0.9940476190476192,"(112, 64, 500)","(168, 64, 500)",123,67,0.9017857142857144
17,Mis,Rest,45.653005838394165,0.7767857142857143,1.0,"(112, 64, 500)","(168, 64, 500)",123,67,0.7678571428571428
