participant,class1,class2,running_time,test_acc,train_acc,test_size,train_size,train_block,test_block,test_acc_vote
19,Hand,Rest,46.41893649101257,0.5982142857142857,1.0,"(112, 64, 500)","(168, 64, 500)",123,67,0.5625
19,Feet,Rest,45.06719064712525,0.5625,1.0,"(112, 64, 500)","(168, 64, 500)",123,67,0.5892857142857143
19,Tongue,Rest,45.3498969078064,0.6339285714285714,1.0,"(112, 64, 500)","(168, 64, 500)",123,67,0.6428571428571428
19,Mis,Rest,45.84682035446167,0.6875,1.0,"(112, 64, 500)","(168, 64, 500)",123,67,0.7589285714285714
