participant,class1,class2,running_time,test_acc,train_acc,test_size,train_size,train_block,test_block,test_acc_vote
5,Hand,Rest,47.03099226951599,0.5446428571428571,1.0,"(112, 64, 500)","(168, 64, 500)",123,67,0.5357142857142857
5,Feet,Rest,46.383249282836914,0.5892857142857143,1.0,"(112, 64, 500)","(168, 64, 500)",123,67,0.5267857142857143
5,Tongue,Rest,45.42997074127197,0.5,1.0,"(112, 64, 500)","(168, 64, 500)",123,67,0.5089285714285714
5,Mis,Rest,44.85665988922119,0.5714285714285714,1.0,"(112, 64, 500)","(168, 64, 500)",123,67,0.5714285714285714
