participant,class1,class2,running_time,test_acc,train_acc,test_size,train_size,train_block,test_block,test_acc_vote
6,Hand,Rest,44.44562339782715,0.6517857142857143,1.0,"(112, 64, 500)","(168, 64, 500)",123,67,0.6428571428571428
6,Feet,Rest,46.22547793388367,0.75,1.0,"(112, 64, 500)","(168, 64, 500)",123,67,0.7678571428571428
6,Tongue,Rest,47.05041193962097,0.5535714285714286,1.0,"(112, 64, 500)","(168, 64, 500)",123,67,0.5535714285714286
6,Mis,Rest,45.889827728271484,0.6160714285714286,1.0,"(112, 64, 500)","(168, 64, 500)",123,67,0.6160714285714286
