participant,class1,class2,running_time,test_acc,train_acc,test_size,train_size,train_block,test_block,test_acc_vote
7,Hand,Rest,47.617401361465454,0.6339285714285714,1.0,"(112, 64, 500)","(168, 64, 500)",123,67,0.6339285714285714
7,Feet,Rest,45.299964427948,0.6160714285714286,1.0,"(112, 64, 500)","(168, 64, 500)",123,67,0.6696428571428572
7,Tongue,Rest,46.31592130661011,0.5803571428571429,1.0,"(112, 64, 500)","(168, 64, 500)",123,67,0.5446428571428572
7,Mis,Rest,45.37447762489319,0.6428571428571429,1.0,"(112, 64, 500)","(168, 64, 500)",123,67,0.6339285714285714
