participant,class1,class2,running_time,test_acc,train_acc,test_size,train_size,train_block,test_block,test_acc_vote
10,Hand,Rest,26.910974502563477,0.4732142857142857,1.0,"(112, 64, 500)","(56, 64, 500)",1,67,0.4642857142857143
10,Feet,Rest,27.080871105194092,0.5267857142857143,1.0,"(112, 64, 500)","(56, 64, 500)",1,67,0.5446428571428572
10,Tongue,Rest,26.719918727874756,0.5357142857142857,1.0,"(112, 64, 500)","(56, 64, 500)",1,67,0.5089285714285714
10,Mis,Rest,26.46371626853943,0.5446428571428571,1.0,"(112, 64, 500)","(56, 64, 500)",1,67,0.5357142857142857
