participant,class1,class2,running_time,test_acc,train_acc,test_size,train_size,train_block,test_block,test_acc_vote
17,Hand,Rest,26.22754693031311,0.6160714285714286,1.0,"(112, 64, 500)","(56, 64, 500)",1,67,0.6071428571428572
17,Feet,Rest,26.30496835708618,0.5803571428571429,1.0,"(112, 64, 500)","(56, 64, 500)",1,67,0.5446428571428572
17,Tongue,Rest,26.22840976715088,0.5446428571428571,1.0,"(112, 64, 500)","(56, 64, 500)",1,67,0.5267857142857143
17,Mis,Rest,26.278019666671753,0.5446428571428571,1.0,"(112, 64, 500)","(56, 64, 500)",1,67,0.5
