participant,class1,class2,running_time,test_acc,train_acc,test_size,train_size,train_block,test_block,test_acc_vote
19,Hand,Rest,26.019776105880737,0.5446428571428571,1.0,"(112, 64, 500)","(56, 64, 500)",1,67,0.5535714285714286
19,Feet,Rest,26.34745764732361,0.5714285714285714,1.0,"(112, 64, 500)","(56, 64, 500)",1,67,0.5267857142857143
19,Tongue,Rest,26.153955936431885,0.5178571428571429,1.0,"(112, 64, 500)","(56, 64, 500)",1,67,0.5357142857142857
19,Mis,Rest,26.257442712783813,0.5714285714285714,1.0,"(112, 64, 500)","(56, 64, 500)",1,67,0.5357142857142857
