participant,class1,class2,running_time,test_acc,train_acc,test_size,train_size,train_block,test_block,test_acc_vote
5,Hand,Rest,26.987475872039795,0.4910714285714285,1.0,"(112, 64, 500)","(56, 64, 500)",1,67,0.4910714285714286
5,Feet,Rest,26.91451382637024,0.5267857142857143,1.0,"(112, 64, 500)","(56, 64, 500)",1,67,0.5089285714285714
5,Tongue,Rest,26.869470596313477,0.4821428571428571,1.0,"(112, 64, 500)","(56, 64, 500)",1,67,0.4910714285714286
5,Mis,Rest,26.89355444908142,0.5089285714285714,1.0,"(112, 64, 500)","(56, 64, 500)",1,67,0.5089285714285714
