participant,class1,class2,running_time,test_acc,train_acc,test_size,train_size,train_block,test_block,test_acc_vote
6,Hand,Rest,26.536541223526,0.4910714285714285,1.0,"(112, 64, 500)","(56, 64, 500)",1,67,0.5357142857142857
6,Feet,Rest,26.437471389770508,0.5714285714285714,1.0,"(112, 64, 500)","(56, 64, 500)",1,67,0.5357142857142857
6,Tongue,Rest,26.37640643119812,0.5357142857142857,1.0,"(112, 64, 500)","(56, 64, 500)",1,67,0.5446428571428572
6,Mis,Rest,26.26829481124878,0.5714285714285714,1.0,"(112, 64, 500)","(56, 64, 500)",1,67,0.5892857142857143
