participant,class1,class2,running_time,test_acc,train_acc,test_size,train_size,train_block,test_block,test_acc_vote
10,Hand,Rest,118.7665238380432,0.6055045871559633,0.9862385321100916,"(545, 64, 1000)","(218, 64, 1000)",12,34567,0.6055045871559632
10,Feet,Rest,137.4907398223877,0.6623853211009174,0.9954128440366972,"(545, 64, 1000)","(218, 64, 1000)",12,34567,0.6678899082568808
10,Tongue,Rest,117.89870953559875,0.5284403669724771,0.9908256880733946,"(545, 64, 1000)","(218, 64, 1000)",12,34567,0.5211009174311927
10,Mis,Rest,116.35684633255005,0.5926605504587156,0.9954128440366973,"(545, 64, 1000)","(218, 64, 1000)",12,34567,0.5871559633027523
