participant,class1,class2,running_time,test_acc,train_acc,test_size,train_size,train_block,test_block,test_acc_vote
3,Hand,Rest,115.2346043586731,0.6110091743119266,0.981651376146789,"(545, 64, 1000)","(218, 64, 1000)",12,34567,0.6073394495412844
3,Feet,Rest,114.7425615787506,0.6568807339449542,0.9862385321100916,"(545, 64, 1000)","(218, 64, 1000)",12,34567,0.6697247706422018
3,Tongue,Rest,117.96781325340272,0.5137614678899083,0.9770642201834864,"(545, 64, 1000)","(218, 64, 1000)",12,34567,0.5082568807339449
3,Mis,Rest,115.6027193069458,0.7339449541284404,0.9908256880733946,"(545, 64, 1000)","(218, 64, 1000)",12,34567,0.7449541284403669
