participant,class1,class2,running_time,test_acc,train_acc,test_size,train_size,train_block,test_block,test_acc_vote
7,Hand,Rest,116.41830587387084,0.708256880733945,0.9954128440366972,"(545, 64, 1000)","(218, 64, 1000)",12,34567,0.7211009174311926
7,Feet,Rest,118.65322852134705,0.6403669724770642,0.9908256880733946,"(545, 64, 1000)","(218, 64, 1000)",12,34567,0.655045871559633
7,Tongue,Rest,118.57541394233704,0.6422018348623854,1.0,"(545, 64, 1000)","(218, 64, 1000)",12,34567,0.6623853211009174
7,Mis,Rest,118.11565566062927,0.6660550458715596,0.981651376146789,"(545, 64, 1000)","(218, 64, 1000)",12,34567,0.6697247706422018
