participant,class1,class2,running_time,test_acc,train_acc,test_size,train_size,train_block,test_block,test_acc_vote
11,Hand,Rest,43.19236350059509,0.9107142857142856,1.0,"(56, 64, 1000)","(140, 64, 1000)",12345,67,0.9107142857142856
11,Feet,Rest,40.48964810371399,0.9464285714285714,1.0,"(56, 64, 1000)","(140, 64, 1000)",12345,67,0.9464285714285714
11,Tongue,Rest,50.63608479499817,0.6785714285714286,1.0,"(56, 64, 1000)","(140, 64, 1000)",12345,67,0.6607142857142857
11,Mis,Rest,49.003416538238525,0.7142857142857143,1.0,"(56, 64, 1000)","(140, 64, 1000)",12345,67,0.6785714285714286
