participant,class1,class2,running_time,test_acc,train_acc,test_size,train_size,train_block,test_block,test_acc_vote
13,Hand,Rest,46.72522163391113,0.7321428571428571,0.95,"(56, 64, 1000)","(140, 64, 1000)",12345,67,0.6964285714285714
13,Feet,Rest,46.44537949562073,0.8214285714285714,0.9928571428571428,"(56, 64, 1000)","(140, 64, 1000)",12345,67,0.8035714285714286
13,Tongue,Rest,47.817729234695435,0.8214285714285714,0.9928571428571428,"(56, 64, 1000)","(140, 64, 1000)",12345,67,0.75
13,Mis,Rest,47.97732615470886,0.875,0.9928571428571429,"(56, 64, 1000)","(140, 64, 1000)",12345,67,0.875
