participant,class1,class2,running_time,test_acc,train_acc,test_size,train_size,train_block,test_block,test_acc_vote
4,Hand,Rest,46.63176894187927,0.9285714285714286,0.9785714285714284,"(56, 64, 1000)","(140, 64, 1000)",12345,67,0.8928571428571429
4,Feet,Rest,46.82301616668701,0.8214285714285714,0.9857142857142858,"(56, 64, 1000)","(140, 64, 1000)",12345,67,0.7321428571428572
4,Tongue,Rest,47.93738675117493,0.7142857142857143,0.9857142857142858,"(56, 64, 1000)","(140, 64, 1000)",12345,67,0.6964285714285714
4,Mis,Rest,47.49732685089111,0.5714285714285714,0.9928571428571429,"(56, 64, 1000)","(140, 64, 1000)",12345,67,0.625
