participant,class1,class2,running_time,test_acc,train_acc,test_size,train_size,train_block,test_block,test_acc_vote
6,Hand,Rest,46.43469977378845,0.7857142857142857,1.0,"(56, 64, 1000)","(140, 64, 1000)",12345,67,0.75
6,Feet,Rest,46.37914228439331,0.8571428571428571,0.9857142857142858,"(56, 64, 1000)","(140, 64, 1000)",12345,67,0.8392857142857143
6,Tongue,Rest,47.79572629928589,0.8214285714285714,1.0,"(56, 64, 1000)","(140, 64, 1000)",12345,67,0.7678571428571428
6,Mis,Rest,47.88064360618591,0.75,0.9928571428571429,"(56, 64, 1000)","(140, 64, 1000)",12345,67,0.75
