participant,class1,class2,running_time,test_acc,train_acc,test_size,train_size,train_block,test_block,test_acc_vote
7,Hand,Rest,46.747671365737915,0.7678571428571429,1.0,"(56, 64, 1000)","(140, 64, 1000)",12345,67,0.7678571428571428
7,Feet,Rest,46.25567150115967,0.8928571428571429,1.0,"(56, 64, 1000)","(140, 64, 1000)",12345,67,0.9107142857142856
7,Tongue,Rest,47.23185849189758,0.6964285714285714,1.0,"(56, 64, 1000)","(140, 64, 1000)",12345,67,0.7321428571428572
7,Mis,Rest,47.530834913253784,0.6964285714285714,0.9857142857142858,"(56, 64, 1000)","(140, 64, 1000)",12345,67,0.6607142857142857
