participant,class1,class2,running_time,test_acc,train_acc,test_size,train_size,train_block,test_block,test_acc_vote
9,Hand,Rest,52.52822685241699,0.6607142857142857,1.0,"(168, 64, 1000)","(28, 64, 1000)",1,234567,0.6309523809523809
9,Feet,Rest,51.72501373291016,0.4404761904761904,1.0,"(168, 64, 1000)","(28, 64, 1000)",1,234567,0.4761904761904761
9,Tongue,Rest,54.47124433517456,0.5,1.0,"(168, 64, 1000)","(28, 64, 1000)",1,234567,0.5
9,Mis,Rest,54.18173336982727,0.48214285714285715,1.0,"(168, 64, 1000)","(28, 64, 1000)",1,234567,0.5
