participant,class1,class2,running_time,test_acc,train_acc,test_size,train_size,train_block,test_block,test_acc_vote
10,Hand,Rest,38.79085922241211,0.5357142857142857,1.0,"(168, 64, 1000)","(28, 64, 1000)",1,234567,0.5119047619047619
10,Feet,Rest,38.530296087265015,0.5654761904761905,1.0,"(168, 64, 1000)","(28, 64, 1000)",1,234567,0.5297619047619048
10,Tongue,Rest,39.78708362579346,0.6547619047619048,1.0,"(168, 64, 1000)","(28, 64, 1000)",1,234567,0.6428571428571428
10,Mis,Rest,39.6848509311676,0.5238095238095238,1.0,"(168, 64, 1000)","(28, 64, 1000)",1,234567,0.5178571428571428
