participant,class1,class2,running_time,test_acc,train_acc,test_size,train_size,train_block,test_block,test_acc_vote
4,Hand,Rest,38.779980182647705,0.7976190476190477,1.0,"(168, 64, 1000)","(28, 64, 1000)",1,234567,0.7619047619047619
4,Feet,Rest,38.99432635307312,0.7142857142857143,1.0,"(168, 64, 1000)","(28, 64, 1000)",1,234567,0.6726190476190477
4,Tongue,Rest,39.83206009864807,0.6369047619047619,1.0,"(168, 64, 1000)","(28, 64, 1000)",1,234567,0.5833333333333333
4,Mis,Rest,39.9287052154541,0.5535714285714286,1.0,"(168, 64, 1000)","(28, 64, 1000)",1,234567,0.5357142857142857
