participant,class1,class2,running_time,test_acc,train_acc,test_size,train_size,train_block,test_block,test_acc_vote
5,Hand,Rest,38.66698622703552,0.5297619047619048,1.0,"(168, 64, 1000)","(28, 64, 1000)",1,234567,0.5238095238095238
5,Feet,Rest,38.985756158828735,0.5,1.0,"(168, 64, 1000)","(28, 64, 1000)",1,234567,0.494047619047619
5,Tongue,Rest,40.02123475074768,0.5,1.0,"(168, 64, 1000)","(28, 64, 1000)",1,234567,0.5059523809523809
5,Mis,Rest,40.32764148712158,0.5,1.0,"(168, 64, 1000)","(28, 64, 1000)",1,234567,0.5059523809523809
