participant,class1,class2,running_time,test_acc,train_acc,test_size,train_size,train_block,test_block,test_acc_vote
6,Hand,Rest,38.41580533981323,0.6369047619047619,1.0,"(168, 64, 1000)","(28, 64, 1000)",1,234567,0.5892857142857143
6,Feet,Rest,39.12394428253174,0.6904761904761905,1.0,"(168, 64, 1000)","(28, 64, 1000)",1,234567,0.6607142857142857
6,Tongue,Rest,39.821218729019165,0.5654761904761905,1.0,"(168, 64, 1000)","(28, 64, 1000)",1,234567,0.5595238095238095
6,Mis,Rest,39.62858748435974,0.5535714285714286,1.0,"(168, 64, 1000)","(28, 64, 1000)",1,234567,0.5119047619047619
