participant,class1,class2,running_time,test_acc,train_acc,test_size,train_size,train_block,test_block,test_acc_vote
9,Hand,Rest,38.415201902389526,0.7083333333333334,1.0,"(168, 64, 1000)","(28, 64, 1000)",1,234567,0.6964285714285714
9,Feet,Rest,39.17522501945496,0.6666666666666666,1.0,"(168, 64, 1000)","(28, 64, 1000)",1,234567,0.625
9,Tongue,Rest,39.80006384849548,0.5,1.0,"(168, 64, 1000)","(28, 64, 1000)",1,234567,0.5059523809523809
9,Mis,Rest,39.76621627807617,0.4583333333333333,1.0,"(168, 64, 1000)","(28, 64, 1000)",1,234567,0.4821428571428571
