participant,class1,class2,running_time,test_acc,train_acc,test_size,train_size,train_block,test_block,test_acc_vote
13,Hand,Rest,36.52878379821777,0.6666666666666666,0.9196428571428572,"(84, 64, 1000)","(112, 64, 1000)",1234,567,0.5952380952380952
13,Feet,Rest,36.00048756599426,0.9285714285714286,1.0,"(84, 64, 1000)","(112, 64, 1000)",1234,567,0.9047619047619048
13,Tongue,Rest,36.84522294998169,0.8095238095238095,1.0,"(84, 64, 1000)","(112, 64, 1000)",1234,567,0.75
13,Mis,Rest,36.56948232650757,0.8095238095238095,1.0,"(84, 64, 1000)","(112, 64, 1000)",1234,567,0.7619047619047619
