participant,class1,class2,running_time,test_acc,train_acc,test_size,train_size,train_block,test_block,test_acc_vote
5,Hand,Rest,36.31051969528198,0.7142857142857143,1.0,"(84, 64, 1000)","(112, 64, 1000)",1234,567,0.7142857142857143
5,Feet,Rest,36.00360321998596,0.75,0.9910714285714286,"(84, 64, 1000)","(112, 64, 1000)",1234,567,0.6904761904761905
5,Tongue,Rest,37.09406280517578,0.7619047619047619,0.9910714285714286,"(84, 64, 1000)","(112, 64, 1000)",1234,567,0.7380952380952381
5,Mis,Rest,36.80226159095764,0.8095238095238095,1.0,"(84, 64, 1000)","(112, 64, 1000)",1234,567,0.8095238095238095
