participant,class1,class2,running_time,test_acc,train_acc,test_size,train_size,train_block,test_block,test_acc_vote
10,Hand,Rest,47.520745277404785,0.7321428571428571,1.0,"(112, 64, 500)","(168, 64, 500)",123,67,0.7142857142857143
10,Feet,Rest,62.42214560508728,0.6964285714285714,1.0,"(112, 64, 500)","(168, 64, 500)",123,67,0.7053571428571428
10,Tongue,Rest,46.46809506416321,0.5982142857142857,0.9642857142857144,"(112, 64, 500)","(168, 64, 500)",123,67,0.6071428571428572
10,Mis,Rest,46.91341829299927,0.6875,1.0,"(112, 64, 500)","(168, 64, 500)",123,67,0.7053571428571428
