participant,class1,class2,running_time,test_acc,train_acc,test_size,train_size,train_block,test_block,test_acc_vote
15,Hand,Rest,46.37036204338074,0.8214285714285714,1.0,"(112, 64, 500)","(168, 64, 500)",123,67,0.8214285714285714
15,Feet,Rest,46.69024348258972,0.7053571428571429,1.0,"(112, 64, 500)","(168, 64, 500)",123,67,0.7410714285714286
15,Tongue,Rest,47.289113998413086,0.7410714285714286,0.988095238095238,"(112, 64, 500)","(168, 64, 500)",123,67,0.7589285714285714
15,Mis,Rest,46.4045786857605,0.6071428571428571,0.9940476190476191,"(112, 64, 500)","(168, 64, 500)",123,67,0.5892857142857143
