participant,class1,class2,running_time,test_acc,train_acc,test_size,train_size,train_block,test_block,test_acc_vote
16,Hand,Rest,46.15353059768677,0.6160714285714286,1.0,"(112, 64, 500)","(168, 64, 500)",123,67,0.625
16,Feet,Rest,46.86525368690491,0.6785714285714286,1.0,"(112, 64, 500)","(168, 64, 500)",123,67,0.6607142857142857
16,Tongue,Rest,46.41104793548584,0.75,0.9761904761904762,"(112, 64, 500)","(168, 64, 500)",123,67,0.8035714285714286
16,Mis,Rest,46.44887638092041,0.8214285714285714,0.9702380952380952,"(112, 64, 500)","(168, 64, 500)",123,67,0.8660714285714286
