participant,class1,class2,running_time,test_acc,train_acc,test_size,train_size,train_block,test_block,test_acc_vote
18,Hand,Rest,46.473190784454346,0.6696428571428571,0.9940476190476192,"(112, 64, 500)","(168, 64, 500)",123,67,0.6875
18,Feet,Rest,46.32411527633667,0.6607142857142857,0.9821428571428572,"(112, 64, 500)","(168, 64, 500)",123,67,0.6071428571428572
18,Tongue,Rest,46.73093795776367,0.7946428571428571,1.0,"(112, 64, 500)","(168, 64, 500)",123,67,0.8125
18,Mis,Rest,46.71042513847351,0.7678571428571429,0.9940476190476191,"(112, 64, 500)","(168, 64, 500)",123,67,0.7857142857142857
