participant,class1,class2,running_time,test_acc,train_acc,test_size,train_size,train_block,test_block,test_acc_vote
3,Hand,Rest,46.92943048477173,0.7946428571428571,0.9821428571428572,"(112, 64, 500)","(168, 64, 500)",123,67,0.7946428571428572
3,Feet,Rest,45.7645480632782,0.625,0.9821428571428572,"(112, 64, 500)","(168, 64, 500)",123,67,0.5982142857142857
3,Tongue,Rest,46.15248465538025,0.7232142857142857,0.9940476190476192,"(112, 64, 500)","(168, 64, 500)",123,67,0.7321428571428572
3,Mis,Rest,46.92683720588684,0.7232142857142857,0.9940476190476191,"(112, 64, 500)","(168, 64, 500)",123,67,0.7142857142857143
