participant,class1,class2,running_time,test_acc,train_acc,test_size,train_size,train_block,test_block,test_acc_vote
14,Hand,Rest,90.02799320220947,0.8532110091743119,0.963302752293578,"(545, 64, 1000)","(218, 64, 1000)",12,34567,0.8513761467889909
14,Feet,Rest,89.50138568878174,0.6458715596330276,0.926605504587156,"(545, 64, 1000)","(218, 64, 1000)",12,34567,0.6422018348623852
14,Tongue,Rest,91.0001983642578,0.6256880733944954,0.9036697247706422,"(545, 64, 1000)","(218, 64, 1000)",12,34567,0.6275229357798164
14,Mis,Rest,90.91576194763184,0.5522935779816514,0.9311926605504587,"(545, 64, 1000)","(218, 64, 1000)",12,34567,0.5651376146788991
