participant,class1,class2,running_time,test_acc,train_acc,test_size,train_size,train_block,test_block,test_acc_vote
4,Hand,Rest,88.75989174842834,0.7981651376146789,0.9678899082568808,"(545, 64, 1000)","(218, 64, 1000)",12,34567,0.8036697247706421
4,Feet,Rest,88.27930736541748,0.7027522935779816,0.9311926605504588,"(545, 64, 1000)","(218, 64, 1000)",12,34567,0.6972477064220184
4,Tongue,Rest,87.83432364463806,0.7926605504587156,0.9128440366972476,"(545, 64, 1000)","(218, 64, 1000)",12,34567,0.8036697247706421
4,Mis,Rest,90.36289501190186,0.5229357798165137,0.8899082568807339,"(545, 64, 1000)","(218, 64, 1000)",12,34567,0.5266055045871559
