participant,class1,class2,running_time,test_acc,train_acc,test_size,train_size,train_block,test_block,test_acc_vote
5,Hand,Rest,90.19841694831848,0.4972477064220184,0.9174311926605504,"(545, 64, 1000)","(218, 64, 1000)",12,34567,0.4935779816513761
5,Feet,Rest,89.45580554008484,0.7431192660550459,0.9403669724770642,"(545, 64, 1000)","(218, 64, 1000)",12,34567,0.7412844036697248
5,Tongue,Rest,91.46023154258728,0.6990825688073394,0.908256880733945,"(545, 64, 1000)","(218, 64, 1000)",12,34567,0.6972477064220184
5,Mis,Rest,90.72010445594788,0.7064220183486238,0.9541284403669725,"(545, 64, 1000)","(218, 64, 1000)",12,34567,0.710091743119266
