participant,class1,class2,running_time,test_acc,train_acc,test_size,train_size,train_block,test_block,test_acc_vote
7,Hand,Rest,90.28777408599854,0.6880733944954128,0.8807339449541285,"(545, 64, 1000)","(218, 64, 1000)",12,34567,0.7009174311926605
7,Feet,Rest,89.20543217658997,0.5944954128440367,0.8807339449541285,"(545, 64, 1000)","(218, 64, 1000)",12,34567,0.5944954128440367
7,Tongue,Rest,91.90803480148315,0.710091743119266,0.926605504587156,"(545, 64, 1000)","(218, 64, 1000)",12,34567,0.7137614678899082
7,Mis,Rest,91.41056108474731,0.5798165137614679,0.8899082568807339,"(545, 64, 1000)","(218, 64, 1000)",12,34567,0.5853211009174312
