participant,class1,class2,running_time,test_acc,train_acc,test_size,train_size,train_block,test_block,test_acc_vote
19,Hand,Rest,69.1693058013916,0.6621621621621622,0.987987987987988,"(222, 64, 500)","(333, 64, 500)",123,67,0.6801801801801801
19,Feet,Rest,69.14235520362854,0.5180180180180181,0.996996996996997,"(222, 64, 500)","(333, 64, 500)",123,67,0.5135135135135135
19,Tongue,Rest,68.5724675655365,0.6306306306306306,0.996996996996997,"(222, 64, 500)","(333, 64, 500)",123,67,0.6306306306306306
19,Mis,Rest,68.28199505805969,0.6936936936936937,0.996996996996997,"(222, 64, 500)","(333, 64, 500)",123,67,0.7432432432432432
