participant,class1,class2,running_time,test_acc,train_acc,test_size,train_size,train_block,test_block,test_acc_vote
6,Hand,Rest,69.34534859657288,0.5900900900900901,1.0,"(222, 64, 500)","(333, 64, 500)",123,67,0.5855855855855856
6,Feet,Rest,69.4971570968628,0.6306306306306306,0.993993993993994,"(222, 64, 500)","(333, 64, 500)",123,67,0.6261261261261262
6,Tongue,Rest,70.16845369338989,0.6036036036036037,0.984984984984985,"(222, 64, 500)","(333, 64, 500)",123,67,0.6036036036036037
6,Mis,Rest,68.39295887947083,0.536036036036036,0.990990990990991,"(222, 64, 500)","(333, 64, 500)",123,67,0.5180180180180181
