participant,class1,class2,running_time,test_acc,train_acc,test_size,train_size,train_block,test_block,test_acc_vote
7,Hand,Rest,68.27637720108032,0.5585585585585585,1.0,"(222, 64, 500)","(333, 64, 500)",123,67,0.5945945945945945
7,Feet,Rest,69.08370041847229,0.6351351351351351,1.0,"(222, 64, 500)","(333, 64, 500)",123,67,0.6531531531531531
7,Tongue,Rest,68.73160696029663,0.6216216216216216,1.0,"(222, 64, 500)","(333, 64, 500)",123,67,0.6531531531531531
7,Mis,Rest,69.6992495059967,0.5540540540540541,0.978978978978979,"(222, 64, 500)","(333, 64, 500)",123,67,0.5540540540540541
