participant,class1,class2,running_time,test_acc,train_acc,test_size,train_size,train_block,test_block,test_acc_vote
9,Hand,Rest,68.01150918006897,0.8063063063063063,0.975975975975976,"(222, 64, 500)","(333, 64, 500)",123,67,0.8378378378378378
9,Feet,Rest,69.11225247383118,0.7747747747747747,0.996996996996997,"(222, 64, 500)","(333, 64, 500)",123,67,0.7972972972972973
9,Tongue,Rest,69.32684564590454,0.6396396396396397,0.990990990990991,"(222, 64, 500)","(333, 64, 500)",123,67,0.6801801801801801
9,Mis,Rest,68.73146224021912,0.6666666666666666,0.9819819819819819,"(222, 64, 500)","(333, 64, 500)",123,67,0.7297297297297297
