participant,class1,class2,running_time,test_acc,train_acc,test_size,train_size,train_block,test_block,test_acc_vote
19,Hand,Rest,62.29305386543274,0.65625,0.9613095238095238,"(224, 64, 250)","(336, 64, 250)",123,67,0.71875
19,Feet,Rest,62.08581900596619,0.5223214285714286,0.9940476190476192,"(224, 64, 250)","(336, 64, 250)",123,67,0.5267857142857143
19,Tongue,Rest,61.78457546234131,0.6696428571428571,0.9821428571428572,"(224, 64, 250)","(336, 64, 250)",123,67,0.7232142857142857
19,Mis,Rest,61.737682580947876,0.65625,0.9880952380952381,"(224, 64, 250)","(336, 64, 250)",123,67,0.7008928571428572
