participant,class1,class2,running_time,test_acc,train_acc,test_size,train_size,train_block,test_block,test_acc_vote
5,Hand,Rest,62.19430899620056,0.59375,1.0,"(224, 64, 250)","(336, 64, 250)",123,67,0.6071428571428572
5,Feet,Rest,61.63841891288757,0.6294642857142857,0.9940476190476192,"(224, 64, 250)","(336, 64, 250)",123,67,0.6517857142857143
5,Tongue,Rest,62.075968742370605,0.5401785714285714,1.0,"(224, 64, 250)","(336, 64, 250)",123,67,0.4955357142857143
5,Mis,Rest,61.81430506706238,0.6696428571428571,0.9970238095238095,"(224, 64, 250)","(336, 64, 250)",123,67,0.7008928571428572
