participant,class1,class2,running_time,test_acc,train_acc,test_size,train_size,train_block,test_block,test_acc_vote
7,Hand,Rest,62.67306685447693,0.6428571428571429,0.9970238095238096,"(224, 64, 250)","(336, 64, 250)",123,67,0.6830357142857143
7,Feet,Rest,62.54974579811096,0.5892857142857143,1.0,"(224, 64, 250)","(336, 64, 250)",123,67,0.65625
7,Tongue,Rest,61.96536469459534,0.6026785714285714,0.9851190476190476,"(224, 64, 250)","(336, 64, 250)",123,67,0.6160714285714286
7,Mis,Rest,61.08612322807312,0.5535714285714286,0.9702380952380952,"(224, 64, 250)","(336, 64, 250)",123,67,0.5580357142857143
