participant,class1,class2,running_time,test_acc,train_acc,test_size,train_size,train_block,test_block,test_acc_vote
9,Hand,Rest,63.07394480705261,0.7366071428571429,0.9642857142857144,"(224, 64, 250)","(336, 64, 250)",123,67,0.8035714285714286
9,Feet,Rest,63.15277886390686,0.7589285714285714,1.0,"(224, 64, 250)","(336, 64, 250)",123,67,0.7946428571428572
9,Tongue,Rest,61.76942682266235,0.625,0.9821428571428572,"(224, 64, 250)","(336, 64, 250)",123,67,0.65625
9,Mis,Rest,61.960856676101685,0.6428571428571429,0.9851190476190477,"(224, 64, 250)","(336, 64, 250)",123,67,0.7053571428571428
