participant,class1,class2,running_time,test_acc,train_acc,test_size,train_size,train_block,test_block,test_acc_vote
10,Hand,Rest,17.21362543106079,0.7142857142857143,0.988095238095238,"(28, 64, 1123)","(84, 64, 1123)",123,28 randomly chosen!,0.8214285714285714
10,Feet,Rest,18.074970483779907,0.7142857142857143,1.0,"(28, 64, 1123)","(84, 64, 1123)",123,28 randomly chosen!,0.7857142857142857
10,Tongue,Rest,17.284101247787476,0.6071428571428571,0.9642857142857144,"(28, 64, 1123)","(84, 64, 1123)",123,28 randomly chosen!,0.7142857142857143
10,Mis,Rest,17.476030349731445,0.7857142857142857,0.9761904761904762,"(28, 64, 1123)","(84, 64, 1123)",123,28 randomly chosen!,0.8928571428571429
