participant,class1,class2,running_time,test_acc,train_acc,test_size,train_size,train_block,test_block,test_acc_vote
11,Hand,Rest,17.94728708267212,0.9285714285714286,1.0,"(28, 64, 1123)","(84, 64, 1123)",123,28 randomly chosen!,1.0
11,Feet,Rest,17.2565279006958,0.6785714285714286,0.9761904761904762,"(28, 64, 1123)","(84, 64, 1123)",123,28 randomly chosen!,0.75
11,Tongue,Rest,18.252680778503414,0.5714285714285714,0.988095238095238,"(28, 64, 1123)","(84, 64, 1123)",123,28 randomly chosen!,0.6071428571428572
11,Mis,Rest,17.5426025390625,0.4642857142857143,0.9404761904761905,"(28, 64, 1123)","(84, 64, 1123)",123,28 randomly chosen!,0.3928571428571429
