participant,class1,class2,running_time,test_acc,train_acc,test_size,train_size,train_block,test_block,test_acc_vote
15,Hand,Rest,17.49886655807495,0.5714285714285714,0.9523809523809524,"(28, 64, 1123)","(84, 64, 1123)",123,28 randomly chosen!,0.6071428571428572
15,Feet,Rest,17.321801900863647,0.7142857142857143,1.0,"(28, 64, 1123)","(84, 64, 1123)",123,28 randomly chosen!,0.6428571428571428
15,Tongue,Rest,17.806371688842773,0.7857142857142857,0.9523809523809524,"(28, 64, 1123)","(84, 64, 1123)",123,28 randomly chosen!,0.8571428571428572
15,Mis,Rest,17.95386838912964,0.75,0.9761904761904762,"(28, 64, 1123)","(84, 64, 1123)",123,28 randomly chosen!,0.8214285714285714
