participant,class1,class2,running_time,test_acc,train_acc,test_size,train_size,train_block,test_block,test_acc_vote
3,Hand,Rest,17.586060047149658,1.0,0.988095238095238,"(28, 64, 1123)","(84, 64, 1123)",123,28 randomly chosen!,1.0
3,Feet,Rest,17.682207822799683,0.7857142857142857,1.0,"(28, 64, 1123)","(84, 64, 1123)",123,28 randomly chosen!,0.8928571428571429
3,Tongue,Rest,17.593164682388306,0.6785714285714286,0.9761904761904762,"(28, 64, 1123)","(84, 64, 1123)",123,28 randomly chosen!,0.5714285714285714
3,Mis,Rest,17.155052423477173,0.7142857142857143,0.9642857142857143,"(28, 64, 1123)","(84, 64, 1123)",123,28 randomly chosen!,0.7142857142857143
