participant,class1,class2,running_time,test_acc,train_acc,test_size,train_size,train_block,test_block,test_acc_vote
4,Hand,Rest,18.000316619873047,0.7142857142857143,1.0,"(28, 64, 1123)","(84, 64, 1123)",123,28 randomly chosen!,0.8571428571428572
4,Feet,Rest,17.59723663330078,0.6785714285714286,1.0,"(28, 64, 1123)","(84, 64, 1123)",123,28 randomly chosen!,0.7142857142857143
4,Tongue,Rest,18.185497999191284,0.6785714285714286,1.0,"(28, 64, 1123)","(84, 64, 1123)",123,28 randomly chosen!,0.6428571428571428
4,Mis,Rest,17.243924856185913,0.7857142857142857,1.0,"(28, 64, 1123)","(84, 64, 1123)",123,28 randomly chosen!,0.8571428571428572
