participant,class1,class2,running_time,test_acc,train_acc,test_size,train_size,train_block,test_block,test_acc_vote
8,Hand,Rest,18.434064388275143,0.8214285714285714,0.9642857142857144,"(28, 64, 1123)","(84, 64, 1123)",123,28 randomly chosen!,0.8214285714285714
8,Feet,Rest,18.28059434890747,0.6785714285714286,0.9523809523809524,"(28, 64, 1123)","(84, 64, 1123)",123,28 randomly chosen!,0.7142857142857143
8,Tongue,Rest,18.66981339454651,0.5,0.9523809523809524,"(28, 64, 1123)","(84, 64, 1123)",123,28 randomly chosen!,0.4642857142857143
8,Mis,Rest,18.000770330429077,0.8928571428571429,1.0,"(28, 64, 1123)","(84, 64, 1123)",123,28 randomly chosen!,1.0
