participant,class1,class2,running_time,test_acc,train_acc,test_size,train_size,train_block,test_block,test_acc_vote
3,Hand,Rest,142.79612565040588,0.8577981651376146,1.0,"(218, 64, 1000)","(545, 64, 1000)",12345,67,0.8899082568807339
3,Feet,Rest,142.97825264930725,0.6559633027522935,1.0,"(218, 64, 1000)","(545, 64, 1000)",12345,67,0.6697247706422018
3,Tongue,Rest,143.13427424430847,0.7706422018348624,1.0,"(218, 64, 1000)","(545, 64, 1000)",12345,67,0.7889908256880733
3,Mis,Rest,144.13510060310364,0.8348623853211009,1.0,"(218, 64, 1000)","(545, 64, 1000)",12345,67,0.8486238532110092
