participant,class1,class2,running_time,test_acc,train_acc,test_size,train_size,train_block,test_block,test_acc_vote
6,Hand,Rest,144.7129294872284,0.6880733944954128,1.0,"(218, 64, 1000)","(545, 64, 1000)",12345,67,0.6880733944954128
6,Feet,Rest,143.8582706451416,0.7064220183486238,1.0,"(218, 64, 1000)","(545, 64, 1000)",12345,67,0.7201834862385321
6,Tongue,Rest,143.7143681049347,0.7339449541284404,1.0,"(218, 64, 1000)","(545, 64, 1000)",12345,67,0.7339449541284404
6,Mis,Rest,144.46824479103088,0.7247706422018348,1.0,"(218, 64, 1000)","(545, 64, 1000)",12345,67,0.7201834862385321
