class,test_acc,vote_acc
Hand,0.8571428571428571,0.8375
Feet,0.8285714285714286,0.8267857142857142
Tongue,0.7625,0.7232142857142856
Mis,0.7821428571428573,0.7642857142857142
