participant,class1,class2,running_time,test_acc,train_acc,test_size,train_size,train_block,test_block,test_acc_vote
11,Hand,Rest,51.55431008338928,0.4821428571428571,1.0,"(168, 64, 1000)","(28, 64, 1000)",1,234567,0.5119047619047619
11,Feet,Rest,51.46449613571167,0.4880952380952381,1.0,"(168, 64, 1000)","(28, 64, 1000)",1,234567,0.5059523809523809
11,Tongue,Rest,53.11392259597778,0.5476190476190477,1.0,"(168, 64, 1000)","(28, 64, 1000)",1,234567,0.5416666666666667
11,Mis,Rest,54.398757219314575,0.5,1.0,"(168, 64, 1000)","(28, 64, 1000)",1,234567,0.48809523809523814
