participant,class1,class2,running_time,test_acc,train_acc,test_size,train_size,train_block,test_block,test_acc_vote
11,Hand,Rest,52.42814731597901,0.6,1.0,"(140, 64, 1000)","(56, 64, 1000)",12,34567,0.55
11,Feet,Rest,52.74096655845642,0.9214285714285714,1.0,"(140, 64, 1000)","(56, 64, 1000)",12,34567,0.8785714285714286
11,Tongue,Rest,53.5688681602478,0.55,1.0,"(140, 64, 1000)","(56, 64, 1000)",12,34567,0.5285714285714286
11,Mis,Rest,53.49662137031555,0.6714285714285714,1.0,"(140, 64, 1000)","(56, 64, 1000)",12,34567,0.6357142857142857
