participant,class1,class2,running_time,test_acc,train_acc,test_size,train_size,train_block,test_block,test_acc_vote
14,Hand,Rest,51.52196025848389,0.8714285714285714,1.0,"(140, 64, 1000)","(56, 64, 1000)",12,34567,0.8357142857142857
14,Feet,Rest,51.8724570274353,0.6285714285714286,1.0,"(140, 64, 1000)","(56, 64, 1000)",12,34567,0.6142857142857143
14,Tongue,Rest,52.770102739334106,0.5357142857142857,1.0,"(140, 64, 1000)","(56, 64, 1000)",12,34567,0.5142857142857142
14,Mis,Rest,52.95264029502869,0.5,1.0,"(140, 64, 1000)","(56, 64, 1000)",12,34567,0.5428571428571429
