participant,class1,class2,running_time,test_acc,train_acc,test_size,train_size,train_block,test_block,test_acc_vote
3,Hand,Rest,53.76406669616699,0.5857142857142857,1.0,"(140, 64, 1000)","(56, 64, 1000)",12,34567,0.5428571428571429
3,Feet,Rest,52.27792406082153,0.5928571428571429,1.0,"(140, 64, 1000)","(56, 64, 1000)",12,34567,0.5071428571428571
3,Tongue,Rest,53.63726878166199,0.5571428571428572,1.0,"(140, 64, 1000)","(56, 64, 1000)",12,34567,0.5357142857142857
3,Mis,Rest,53.517051219940186,0.6214285714285714,1.0,"(140, 64, 1000)","(56, 64, 1000)",12,34567,0.5928571428571429
