participant,class1,class2,running_time,test_acc,train_acc,test_size,train_size,train_block,test_block,test_acc_vote
4,Hand,Rest,52.76685547828674,0.9142857142857144,1.0,"(140, 64, 1000)","(56, 64, 1000)",12,34567,0.8714285714285714
4,Feet,Rest,52.432329177856445,0.75,1.0,"(140, 64, 1000)","(56, 64, 1000)",12,34567,0.6928571428571428
4,Tongue,Rest,53.88661479949951,0.7857142857142857,1.0,"(140, 64, 1000)","(56, 64, 1000)",12,34567,0.7428571428571429
4,Mis,Rest,55.01920247077942,0.6571428571428571,1.0,"(140, 64, 1000)","(56, 64, 1000)",12,34567,0.6428571428571428
