participant,class1,class2,running_time,test_acc,train_acc,test_size,train_size,train_block,test_block,test_acc_vote
9,Hand,Rest,52.586219787597656,0.8857142857142857,1.0,"(140, 64, 1000)","(56, 64, 1000)",12,34567,0.8357142857142857
9,Feet,Rest,51.63950562477112,0.7571428571428571,1.0,"(140, 64, 1000)","(56, 64, 1000)",12,34567,0.7285714285714286
9,Tongue,Rest,53.3613486289978,0.5285714285714286,1.0,"(140, 64, 1000)","(56, 64, 1000)",12,34567,0.5214285714285714
9,Mis,Rest,52.981433391571045,0.5785714285714286,1.0,"(140, 64, 1000)","(56, 64, 1000)",12,34567,0.5357142857142857
