participant,class1,class2,running_time,test_acc,train_acc,test_size,train_size,train_block,test_block,test_acc_vote
10,Hand,Rest,100.47107672691344,0.6396396396396397,0.8972972972972973,"(222, 64, 500)","(555, 64, 500)",12345,67,0.6441441441441442
10,Feet,Rest,101.98131251335144,0.6351351351351351,0.9135135135135136,"(222, 64, 500)","(555, 64, 500)",12345,67,0.6441441441441442
10,Tongue,Rest,102.42111611366272,0.6936936936936937,0.926126126126126,"(222, 64, 500)","(555, 64, 500)",12345,67,0.7117117117117118
10,Mis,Rest,102.11203789710999,0.7792792792792793,0.9261261261261261,"(222, 64, 500)","(555, 64, 500)",12345,67,0.7837837837837838
