participant,class1,class2,running_time,test_acc,train_acc,test_size,train_size,train_block,test_block,test_acc_vote
6,Hand,Rest,100.53481960296632,0.6756756756756757,0.9315315315315316,"(222, 64, 500)","(555, 64, 500)",12345,67,0.6981981981981982
6,Feet,Rest,100.32532691955566,0.7027027027027027,0.9441441441441442,"(222, 64, 500)","(555, 64, 500)",12345,67,0.7117117117117118
6,Tongue,Rest,100.7059359550476,0.7207207207207207,0.9423423423423424,"(222, 64, 500)","(555, 64, 500)",12345,67,0.7342342342342343
6,Mis,Rest,101.34018850326538,0.7207207207207207,0.9225225225225225,"(222, 64, 500)","(555, 64, 500)",12345,67,0.7342342342342343
