participant,class1,class2,running_time,test_acc,train_acc,test_size,train_size,train_block,test_block,test_acc_vote
7,Hand,Rest,100.41287350654602,0.7522522522522522,0.9423423423423424,"(222, 64, 500)","(555, 64, 500)",12345,67,0.7972972972972973
7,Feet,Rest,100.7480173110962,0.8468468468468469,0.9369369369369368,"(222, 64, 500)","(555, 64, 500)",12345,67,0.8603603603603603
7,Tongue,Rest,100.8941934108734,0.6486486486486487,0.9117117117117116,"(222, 64, 500)","(555, 64, 500)",12345,67,0.6936936936936937
7,Mis,Rest,100.20649003982544,0.7027027027027027,0.9117117117117117,"(222, 64, 500)","(555, 64, 500)",12345,67,0.7432432432432432
