participant,class1,class2,running_time,test_acc,train_acc,test_size,train_size,train_block,test_block,test_acc_vote
14,Hand,Rest,65.48857235908508,0.6100917431192661,1.0,"(218, 64, 1000)","(218, 64, 1000)",12,67,0.6146788990825688
14,Feet,Rest,64.68016147613525,0.4541284403669725,1.0,"(218, 64, 1000)","(218, 64, 1000)",12,67,0.4449541284403669
14,Tongue,Rest,64.51262617111206,0.6009174311926605,1.0,"(218, 64, 1000)","(218, 64, 1000)",12,67,0.5963302752293578
14,Mis,Rest,65.23499035835266,0.536697247706422,1.0,"(218, 64, 1000)","(218, 64, 1000)",12,67,0.5321100917431192
