participant,class1,class2,running_time,test_acc,train_acc,test_size,train_size,train_block,test_block,test_acc_vote
15,Hand,Rest,64.50883769989014,0.5963302752293578,1.0,"(218, 64, 1000)","(218, 64, 1000)",12,67,0.6009174311926606
15,Feet,Rest,64.64070773124695,0.6146788990825688,1.0,"(218, 64, 1000)","(218, 64, 1000)",12,67,0.6055045871559632
15,Tongue,Rest,64.88793802261353,0.5,0.9954128440366972,"(218, 64, 1000)","(218, 64, 1000)",12,67,0.5
15,Mis,Rest,65.37608075141907,0.7110091743119266,1.0,"(218, 64, 1000)","(218, 64, 1000)",12,67,0.7339449541284404
