participant,class1,class2,running_time,test_acc,train_acc,test_size,train_size,train_block,test_block,test_acc_vote
18,Hand,Rest,65.03312087059021,0.5,1.0,"(218, 64, 1000)","(218, 64, 1000)",12,67,0.4954128440366973
18,Feet,Rest,64.96635437011719,0.5045871559633027,1.0,"(218, 64, 1000)","(218, 64, 1000)",12,67,0.5137614678899083
18,Tongue,Rest,64.76021385192871,0.7018348623853211,1.0,"(218, 64, 1000)","(218, 64, 1000)",12,67,0.7155963302752293
18,Mis,Rest,65.17905759811401,0.5,1.0,"(218, 64, 1000)","(218, 64, 1000)",12,67,0.5045871559633027
