participant,class1,class2,running_time,test_acc,train_acc,test_size,train_size,train_block,test_block,test_acc_vote
19,Hand,Rest,65.30963778495789,0.481651376146789,1.0,"(218, 64, 1000)","(218, 64, 1000)",12,67,0.481651376146789
19,Feet,Rest,64.56000304222107,0.5137614678899083,1.0,"(218, 64, 1000)","(218, 64, 1000)",12,67,0.4954128440366973
19,Tongue,Rest,64.47492408752441,0.591743119266055,1.0,"(218, 64, 1000)","(218, 64, 1000)",12,67,0.591743119266055
19,Mis,Rest,64.63753366470337,0.5596330275229358,1.0,"(218, 64, 1000)","(218, 64, 1000)",12,67,0.536697247706422
