participant,class1,class2,running_time,test_acc,train_acc,test_size,train_size,train_block,test_block,test_acc_vote
5,Hand,Rest,65.77117347717285,0.4678899082568807,1.0,"(218, 64, 1000)","(218, 64, 1000)",12,67,0.4724770642201835
5,Feet,Rest,64.75053358078003,0.5688073394495413,1.0,"(218, 64, 1000)","(218, 64, 1000)",12,67,0.5642201834862386
5,Tongue,Rest,64.9909839630127,0.6788990825688074,1.0,"(218, 64, 1000)","(218, 64, 1000)",12,67,0.7155963302752293
5,Mis,Rest,64.47290396690369,0.7155963302752294,1.0,"(218, 64, 1000)","(218, 64, 1000)",12,67,0.7064220183486238
