participant,class1,class2,running_time,test_acc,train_acc,test_size,train_size,train_block,test_block,test_acc_vote
6,Hand,Rest,64.47854375839233,0.5321100917431193,1.0,"(218, 64, 1000)","(218, 64, 1000)",12,67,0.5229357798165137
6,Feet,Rest,64.08404660224915,0.5642201834862385,1.0,"(218, 64, 1000)","(218, 64, 1000)",12,67,0.5688073394495412
6,Tongue,Rest,64.3290102481842,0.6055045871559633,1.0,"(218, 64, 1000)","(218, 64, 1000)",12,67,0.6055045871559632
6,Mis,Rest,64.42392301559448,0.6376146788990825,1.0,"(218, 64, 1000)","(218, 64, 1000)",12,67,0.6376146788990826
