participant,class1,class2,running_time,test_acc,train_acc,test_size,train_size,train_block,test_block,test_acc_vote
13,Hand,Rest,77.2937240600586,0.6294642857142857,0.8705357142857143,"(224, 64, 250)","(448, 64, 250)",1234,67,0.6383928571428572
13,Feet,Rest,77.02996492385864,0.71875,0.8727678571428571,"(224, 64, 250)","(448, 64, 250)",1234,67,0.75
13,Tongue,Rest,77.68658947944641,0.6830357142857143,0.9196428571428572,"(224, 64, 250)","(448, 64, 250)",1234,67,0.6830357142857143
13,Mis,Rest,77.49700474739075,0.7276785714285714,0.9129464285714286,"(224, 64, 250)","(448, 64, 250)",1234,67,0.7767857142857143
