participant,class1,class2,running_time,test_acc,train_acc,test_size,train_size,train_block,test_block,test_acc_vote
17,Hand,Rest,77.7927782535553,0.7366071428571429,0.8794642857142857,"(224, 64, 250)","(448, 64, 250)",1234,67,0.75
17,Feet,Rest,77.46995806694031,0.6741071428571429,0.8504464285714286,"(224, 64, 250)","(448, 64, 250)",1234,67,0.6651785714285714
17,Tongue,Rest,77.86399006843567,0.78125,0.8705357142857143,"(224, 64, 250)","(448, 64, 250)",1234,67,0.8169642857142857
17,Mis,Rest,76.94628691673279,0.7678571428571429,0.90625,"(224, 64, 250)","(448, 64, 250)",1234,67,0.7723214285714286
