participant,class1,class2,running_time,test_acc,train_acc,test_size,train_size,train_block,test_block,test_acc_vote
5,Hand,Rest,77.56635427474976,0.6205357142857143,0.9553571428571428,"(224, 64, 250)","(448, 64, 250)",1234,67,0.6294642857142857
5,Feet,Rest,78.37677526473999,0.65625,0.953125,"(224, 64, 250)","(448, 64, 250)",1234,67,0.6651785714285714
5,Tongue,Rest,76.80247044563293,0.7276785714285714,0.9129464285714286,"(224, 64, 250)","(448, 64, 250)",1234,67,0.7544642857142857
5,Mis,Rest,77.2836697101593,0.7321428571428571,0.9352678571428571,"(224, 64, 250)","(448, 64, 250)",1234,67,0.7544642857142857
