participant,class1,class2,running_time,test_acc,train_acc,test_size,train_size,train_block,test_block,test_acc_vote
14,Hand,Rest,69.9495267868042,0.7714285714285715,1.0,"(280, 64, 500)","(112, 64, 500)",12,34567,0.7428571428571429
14,Feet,Rest,72.35039353370667,0.6285714285714286,1.0,"(280, 64, 500)","(112, 64, 500)",12,34567,0.6035714285714286
14,Tongue,Rest,72.41758751869202,0.5214285714285715,1.0,"(280, 64, 500)","(112, 64, 500)",12,34567,0.4964285714285714
14,Mis,Rest,77.96742916107178,0.5071428571428571,1.0,"(280, 64, 500)","(112, 64, 500)",12,34567,0.525
