participant,class1,class2,running_time,test_acc,train_acc,test_size,train_size,train_block,test_block,test_acc_vote
3,Hand,Rest,69.78236484527588,0.5464285714285714,1.0,"(280, 64, 500)","(112, 64, 500)",12,34567,0.5071428571428571
3,Feet,Rest,77.01922225952148,0.5357142857142857,1.0,"(280, 64, 500)","(112, 64, 500)",12,34567,0.5285714285714286
3,Tongue,Rest,81.08789896965027,0.6321428571428571,1.0,"(280, 64, 500)","(112, 64, 500)",12,34567,0.5964285714285714
3,Mis,Rest,73.43006181716919,0.5928571428571429,1.0,"(280, 64, 500)","(112, 64, 500)",12,34567,0.5892857142857143
