participant,class1,class2,running_time,test_acc,train_acc,test_size,train_size,train_block,test_block,test_acc_vote
5,Hand,Rest,84.66660737991333,0.6107142857142858,1.0,"(280, 64, 500)","(112, 64, 500)",12,34567,0.6178571428571429
5,Feet,Rest,75.99284672737122,0.5928571428571429,1.0,"(280, 64, 500)","(112, 64, 500)",12,34567,0.5571428571428572
5,Tongue,Rest,83.39049458503723,0.525,1.0,"(280, 64, 500)","(112, 64, 500)",12,34567,0.5357142857142857
5,Mis,Rest,79.46584153175354,0.5107142857142857,1.0,"(280, 64, 500)","(112, 64, 500)",12,34567,0.5071428571428571
