participant,class1,class2,running_time,test_acc,train_acc,test_size,train_size,train_block,test_block,test_acc_vote
6,Hand,Rest,80.34421563148499,0.6928571428571428,1.0,"(280, 64, 500)","(112, 64, 500)",12,34567,0.6785714285714286
6,Feet,Rest,79.22481846809387,0.6285714285714286,1.0,"(280, 64, 500)","(112, 64, 500)",12,34567,0.625
6,Tongue,Rest,77.17770385742188,0.6,1.0,"(280, 64, 500)","(112, 64, 500)",12,34567,0.5785714285714285
6,Mis,Rest,89.73949599266052,0.525,1.0,"(280, 64, 500)","(112, 64, 500)",12,34567,0.525
