participant,class1,class2,running_time,test_acc,train_acc,test_size,train_size,train_block,test_block,test_acc_vote
7,Hand,Rest,73.86185598373413,0.6857142857142857,1.0,"(280, 64, 500)","(112, 64, 500)",12,34567,0.725
7,Feet,Rest,74.7264289855957,0.6392857142857142,1.0,"(280, 64, 500)","(112, 64, 500)",12,34567,0.6678571428571429
7,Tongue,Rest,79.72740650177002,0.5642857142857143,1.0,"(280, 64, 500)","(112, 64, 500)",12,34567,0.5607142857142857
7,Mis,Rest,81.01470255851746,0.5464285714285714,1.0,"(280, 64, 500)","(112, 64, 500)",12,34567,0.5428571428571429
