participant,class1,class2,running_time,test_acc,train_acc,test_size,train_size,train_block,test_block,test_acc_vote
9,Hand,Rest,76.51303672790527,0.7321428571428571,1.0,"(280, 64, 500)","(112, 64, 500)",12,34567,0.7214285714285714
9,Feet,Rest,75.80980491638184,0.7535714285714286,1.0,"(280, 64, 500)","(112, 64, 500)",12,34567,0.7392857142857143
9,Tongue,Rest,77.04226469993591,0.4464285714285714,1.0,"(280, 64, 500)","(112, 64, 500)",12,34567,0.4321428571428571
9,Mis,Rest,86.24332976341248,0.5,1.0,"(280, 64, 500)","(112, 64, 500)",12,34567,0.4928571428571429
