class,test_acc,vote_acc
Hand,0.643452380952381,0.6791666666666667
Feet,0.594047619047619,0.594642857142857
Tongue,0.5791666666666667,0.5827380952380953
Mis,0.5630952380952382,0.5660714285714286
