participant,class1,class2,running_time,test_acc,train_acc,test_size,train_size,train_block,test_block,test_acc_vote
16,Hand,Rest,26.165525436401367,0.6428571428571429,1.0,"(112, 64, 500)","(56, 64, 500)",1,67,0.625
16,Feet,Rest,25.98161363601685,0.6339285714285714,1.0,"(112, 64, 500)","(56, 64, 500)",1,67,0.6517857142857143
16,Tongue,Rest,26.023334503173828,0.5803571428571429,1.0,"(112, 64, 500)","(56, 64, 500)",1,67,0.6160714285714286
16,Mis,Rest,26.69017267227173,0.7053571428571429,1.0,"(112, 64, 500)","(56, 64, 500)",1,67,0.7321428571428572
