participant,class1,class2,running_time,test_acc,train_acc,test_size,train_size,train_block,test_block,test_acc_vote
3,Hand,Rest,26.561047792434692,0.6428571428571429,1.0,"(112, 64, 500)","(56, 64, 500)",1,67,0.6696428571428572
3,Feet,Rest,26.13272190093994,0.5446428571428571,1.0,"(112, 64, 500)","(56, 64, 500)",1,67,0.5714285714285714
3,Tongue,Rest,26.487944841384888,0.5892857142857143,1.0,"(112, 64, 500)","(56, 64, 500)",1,67,0.5892857142857143
3,Mis,Rest,26.74355387687683,0.5357142857142857,1.0,"(112, 64, 500)","(56, 64, 500)",1,67,0.5178571428571428
