participant,class1,class2,running_time,test_acc,train_acc,test_size,train_size,train_block,test_block,test_acc_vote
11,Hand,Rest,58.70951819419861,0.6964285714285714,1.0,"(112, 64, 1000)","(84, 64, 1000)",123,4567,0.6339285714285714
11,Feet,Rest,59.53477072715759,0.9553571428571428,1.0,"(112, 64, 1000)","(84, 64, 1000)",123,4567,0.9464285714285714
11,Tongue,Rest,63.90132808685303,0.625,1.0,"(112, 64, 1000)","(84, 64, 1000)",123,4567,0.5982142857142857
11,Mis,Rest,63.80302572250366,0.6517857142857143,1.0,"(112, 64, 1000)","(84, 64, 1000)",123,4567,0.625
