participant,class1,class2,running_time,test_acc,train_acc,test_size,train_size,train_block,test_block,test_acc_vote
5,Hand,Rest,61.335493087768555,0.6696428571428571,1.0,"(112, 64, 1000)","(84, 64, 1000)",123,4567,0.6339285714285714
5,Feet,Rest,63.21151638031006,0.6607142857142857,1.0,"(112, 64, 1000)","(84, 64, 1000)",123,4567,0.6517857142857143
5,Tongue,Rest,63.91523456573486,0.7767857142857143,1.0,"(112, 64, 1000)","(84, 64, 1000)",123,4567,0.75
5,Mis,Rest,61.64287328720093,0.5803571428571429,1.0,"(112, 64, 1000)","(84, 64, 1000)",123,4567,0.5535714285714286
