participant,class1,class2,running_time,test_acc,train_acc,test_size,train_size,train_block,test_block,test_acc_vote
7,Hand,Rest,59.899771213531494,0.7767857142857143,1.0,"(112, 64, 1000)","(84, 64, 1000)",123,4567,0.7321428571428572
7,Feet,Rest,60.06285738945007,0.8125,1.0,"(112, 64, 1000)","(84, 64, 1000)",123,4567,0.8214285714285714
7,Tongue,Rest,62.3470995426178,0.6964285714285714,1.0,"(112, 64, 1000)","(84, 64, 1000)",123,4567,0.7142857142857143
7,Mis,Rest,62.155702114105225,0.6339285714285714,1.0,"(112, 64, 1000)","(84, 64, 1000)",123,4567,0.6696428571428572
