participant,class1,class2,running_time,test_acc,train_acc,test_size,train_size,train_block,test_block,test_acc_vote
13,Hand,Rest,35.59071350097656,0.8125,0.9523809523809524,"(112, 64, 1000)","(84, 64, 1000)",123,4567,0.7857142857142857
13,Feet,Rest,36.0030300617218,0.75,0.988095238095238,"(112, 64, 1000)","(84, 64, 1000)",123,4567,0.7857142857142857
13,Tongue,Rest,37.12041258811951,0.7857142857142857,1.0,"(112, 64, 1000)","(84, 64, 1000)",123,4567,0.7410714285714286
13,Mis,Rest,36.93837070465088,0.7946428571428571,0.9761904761904762,"(112, 64, 1000)","(84, 64, 1000)",123,4567,0.7767857142857143
