participant,class1,class2,running_time,test_acc,train_acc,test_size,train_size,train_block,test_block,test_acc_vote
10,Hand,Rest,26.44809079170227,0.6339285714285714,1.0,"(112, 64, 500)","(56, 64, 500)",1,67,0.6160714285714286
10,Feet,Rest,26.326226234436035,0.6964285714285714,1.0,"(112, 64, 500)","(56, 64, 500)",1,67,0.6696428571428572
10,Tongue,Rest,26.31669282913208,0.5982142857142857,1.0,"(112, 64, 500)","(56, 64, 500)",1,67,0.6071428571428572
10,Mis,Rest,26.236584663391113,0.5535714285714286,1.0,"(112, 64, 500)","(56, 64, 500)",1,67,0.5625
