participant,class1,class2,running_time,test_acc,train_acc,test_size,train_size,train_block,test_block,test_acc_vote
16,Hand,Rest,26.733409643173218,0.6607142857142857,1.0,"(112, 64, 500)","(56, 64, 500)",1,67,0.6696428571428572
16,Feet,Rest,26.43837833404541,0.6160714285714286,1.0,"(112, 64, 500)","(56, 64, 500)",1,67,0.6071428571428572
16,Tongue,Rest,27.00767922401428,0.7232142857142857,1.0,"(112, 64, 500)","(56, 64, 500)",1,67,0.7321428571428572
16,Mis,Rest,26.515320301055908,0.6785714285714286,1.0,"(112, 64, 500)","(56, 64, 500)",1,67,0.6517857142857143
