participant,class1,class2,running_time,test_acc,train_acc,test_size,train_size,train_block,test_block,test_acc_vote
18,Hand,Rest,27.01886558532715,0.5446428571428571,1.0,"(112, 64, 500)","(56, 64, 500)",1,67,0.5178571428571428
18,Feet,Rest,26.50697088241577,0.5892857142857143,1.0,"(112, 64, 500)","(56, 64, 500)",1,67,0.5714285714285714
18,Tongue,Rest,26.55595898628235,0.7142857142857143,1.0,"(112, 64, 500)","(56, 64, 500)",1,67,0.7142857142857143
18,Mis,Rest,26.324447631835938,0.6428571428571429,1.0,"(112, 64, 500)","(56, 64, 500)",1,67,0.6071428571428572
