participant,class1,class2,running_time,test_acc,train_acc,test_size,train_size,train_block,test_block,test_acc_vote
6,Hand,Rest,26.313995122909542,0.6875,1.0,"(112, 64, 500)","(56, 64, 500)",1,67,0.7232142857142857
6,Feet,Rest,26.328915119171143,0.5267857142857143,1.0,"(112, 64, 500)","(56, 64, 500)",1,67,0.5
6,Tongue,Rest,27.05301070213318,0.5357142857142857,1.0,"(112, 64, 500)","(56, 64, 500)",1,67,0.5089285714285714
6,Mis,Rest,26.885132312774658,0.6160714285714286,1.0,"(112, 64, 500)","(56, 64, 500)",1,67,0.5982142857142857
