participant,class1,class2,running_time,test_acc,train_acc,test_size,train_size,train_block,test_block,test_acc_vote
7,Hand,Rest,26.298623085021973,0.7410714285714286,1.0,"(112, 64, 500)","(56, 64, 500)",1,67,0.7857142857142857
7,Feet,Rest,26.242404222488403,0.6339285714285714,1.0,"(112, 64, 500)","(56, 64, 500)",1,67,0.6517857142857143
7,Tongue,Rest,26.42422652244568,0.5089285714285714,1.0,"(112, 64, 500)","(56, 64, 500)",1,67,0.5089285714285714
7,Mis,Rest,26.227163553237915,0.5803571428571429,1.0,"(112, 64, 500)","(56, 64, 500)",1,67,0.5535714285714286
