class,test_acc,vote_acc
Hand,0.85,0.8232142857142858
Feet,0.8285714285714285,0.8142857142857143
Tongue,0.7625,0.7285714285714286
Mis,0.7874999999999999,0.7678571428571429
