participant,class1,class2,running_time,test_acc,train_acc,test_size,train_size,train_block,test_block,test_acc_vote
10,Hand,Rest,46.34832215309143,0.6785714285714286,0.9928571428571428,"(56, 64, 1000)","(140, 64, 1000)",12345,67,0.6428571428571428
10,Feet,Rest,46.30968737602234,0.6428571428571429,0.9857142857142858,"(56, 64, 1000)","(140, 64, 1000)",12345,67,0.6428571428571428
10,Tongue,Rest,47.80333375930786,0.7678571428571429,1.0,"(56, 64, 1000)","(140, 64, 1000)",12345,67,0.7321428571428572
10,Mis,Rest,48.01103067398071,0.875,0.9928571428571429,"(56, 64, 1000)","(140, 64, 1000)",12345,67,0.8392857142857143
