participant,class1,class2,running_time,test_acc,train_acc,test_size,train_size,train_block,test_block,test_acc_vote
11,Hand,Rest,46.806716442108154,0.9821428571428572,0.9785714285714284,"(56, 64, 1000)","(140, 64, 1000)",12345,67,0.9821428571428572
11,Feet,Rest,46.55151104927063,0.9464285714285714,0.9928571428571428,"(56, 64, 1000)","(140, 64, 1000)",12345,67,0.9464285714285714
11,Tongue,Rest,47.709500789642334,0.7678571428571429,0.9928571428571428,"(56, 64, 1000)","(140, 64, 1000)",12345,67,0.75
11,Mis,Rest,47.973170042037964,0.6607142857142857,1.0,"(56, 64, 1000)","(140, 64, 1000)",12345,67,0.5714285714285714
