participant,class1,class2,running_time,test_acc,train_acc,test_size,train_size,train_block,test_block,test_acc_vote
13,Hand,Rest,46.59469366073608,0.6607142857142857,0.9285714285714286,"(56, 64, 1000)","(140, 64, 1000)",12345,67,0.6071428571428572
13,Feet,Rest,46.90433382987976,0.8214285714285714,0.9928571428571428,"(56, 64, 1000)","(140, 64, 1000)",12345,67,0.8214285714285714
13,Tongue,Rest,47.804540395736694,0.8214285714285714,0.9857142857142858,"(56, 64, 1000)","(140, 64, 1000)",12345,67,0.7857142857142857
13,Mis,Rest,48.288787603378296,0.875,0.9642857142857143,"(56, 64, 1000)","(140, 64, 1000)",12345,67,0.8392857142857143
