participant,class1,class2,running_time,test_acc,train_acc,test_size,train_size,train_block,test_block,test_acc_vote
4,Hand,Rest,46.77499675750733,0.875,0.9785714285714284,"(56, 64, 1000)","(140, 64, 1000)",12345,67,0.8214285714285714
4,Feet,Rest,46.37995505332947,0.8214285714285714,0.9714285714285714,"(56, 64, 1000)","(140, 64, 1000)",12345,67,0.75
4,Tongue,Rest,47.62471842765808,0.75,0.9857142857142858,"(56, 64, 1000)","(140, 64, 1000)",12345,67,0.7321428571428572
4,Mis,Rest,47.63688063621521,0.6607142857142857,1.0,"(56, 64, 1000)","(140, 64, 1000)",12345,67,0.6607142857142857
