participant,class1,class2,running_time,test_acc,train_acc,test_size,train_size,train_block,test_block,test_acc_vote
5,Hand,Rest,46.50620770454407,0.8035714285714286,0.9928571428571428,"(56, 64, 1000)","(140, 64, 1000)",12345,67,0.7857142857142857
5,Feet,Rest,46.55081534385681,0.7321428571428571,1.0,"(56, 64, 1000)","(140, 64, 1000)",12345,67,0.6785714285714286
5,Tongue,Rest,47.820958852767944,0.8214285714285714,1.0,"(56, 64, 1000)","(140, 64, 1000)",12345,67,0.8928571428571429
5,Mis,Rest,47.67355275154114,0.9821428571428571,1.0,"(56, 64, 1000)","(140, 64, 1000)",12345,67,0.9821428571428571
