participant,class1,class2,running_time,test_acc,train_acc,test_size,train_size,train_block,test_block,test_acc_vote
6,Hand,Rest,46.99542260169983,0.8571428571428571,1.0,"(56, 64, 1000)","(140, 64, 1000)",12345,67,0.7678571428571428
6,Feet,Rest,46.4849112033844,0.8571428571428571,0.9928571428571428,"(56, 64, 1000)","(140, 64, 1000)",12345,67,0.8392857142857143
6,Tongue,Rest,48.0286431312561,0.8214285714285714,0.9785714285714284,"(56, 64, 1000)","(140, 64, 1000)",12345,67,0.7857142857142857
6,Mis,Rest,48.488999128341675,0.7321428571428571,0.9785714285714285,"(56, 64, 1000)","(140, 64, 1000)",12345,67,0.7321428571428572
