participant,class1,class2,running_time,test_acc,train_acc,test_size,train_size,train_block,test_block,test_acc_vote
9,Hand,Rest,46.67780542373657,0.9642857142857144,0.9928571428571428,"(56, 64, 1000)","(140, 64, 1000)",12345,67,0.9464285714285714
9,Feet,Rest,46.63521099090576,0.9464285714285714,0.9928571428571428,"(56, 64, 1000)","(140, 64, 1000)",12345,67,0.9464285714285714
9,Tongue,Rest,47.998695850372314,0.7321428571428571,0.9642857142857144,"(56, 64, 1000)","(140, 64, 1000)",12345,67,0.6964285714285714
9,Mis,Rest,47.95184946060181,0.7857142857142857,0.9857142857142858,"(56, 64, 1000)","(140, 64, 1000)",12345,67,0.7678571428571428
