class,test_acc,vote_acc
Hand,0.7633027522935779,0.771559633027523
Feet,0.7165137614678899,0.7252293577981652
Tongue,0.6729357798165138,0.694954128440367
Mis,0.6802752293577982,0.696788990825688
