participant,class1,class2,running_time,test_acc,train_acc,test_size,train_size,train_block,test_block,test_acc_vote
10,Hand,Rest,143.9458487033844,0.6238532110091743,1.0,"(218, 64, 1000)","(545, 64, 1000)",12345,67,0.6238532110091743
10,Feet,Rest,140.87551641464233,0.536697247706422,1.0,"(218, 64, 1000)","(545, 64, 1000)",12345,67,0.5458715596330275
10,Tongue,Rest,143.05692744255066,0.6743119266055045,0.9963302752293578,"(218, 64, 1000)","(545, 64, 1000)",12345,67,0.6834862385321101
10,Mis,Rest,142.6476411819458,0.7935779816513762,1.0,"(218, 64, 1000)","(545, 64, 1000)",12345,67,0.8165137614678899
