participant,class1,class2,running_time,test_acc,train_acc,test_size,train_size,train_block,test_block,test_acc_vote
13,Hand,Rest,140.55392408370972,0.6146788990825688,0.998165137614679,"(218, 64, 1000)","(545, 64, 1000)",12345,67,0.591743119266055
13,Feet,Rest,141.54927825927734,0.7385321100917431,1.0,"(218, 64, 1000)","(545, 64, 1000)",12345,67,0.7385321100917431
13,Tongue,Rest,142.98790788650513,0.6513761467889908,1.0,"(218, 64, 1000)","(545, 64, 1000)",12345,67,0.6788990825688073
13,Mis,Rest,142.39933514595032,0.6513761467889908,1.0,"(218, 64, 1000)","(545, 64, 1000)",12345,67,0.6651376146788991
