participant,class1,class2,running_time,test_acc,train_acc,test_size,train_size,train_block,test_block,test_acc_vote
3,Hand,Rest,140.42461037635803,0.8532110091743119,1.0,"(218, 64, 1000)","(545, 64, 1000)",12345,67,0.8623853211009174
3,Feet,Rest,139.59713411331177,0.5504587155963303,0.9944954128440368,"(218, 64, 1000)","(545, 64, 1000)",12345,67,0.5458715596330275
3,Tongue,Rest,141.75877928733826,0.6972477064220184,0.998165137614679,"(218, 64, 1000)","(545, 64, 1000)",12345,67,0.7201834862385321
3,Mis,Rest,141.6206455230713,0.7981651376146789,0.998165137614679,"(218, 64, 1000)","(545, 64, 1000)",12345,67,0.8211009174311926
