participant,class1,class2,running_time,test_acc,train_acc,test_size,train_size,train_block,test_block,test_acc_vote
6,Hand,Rest,140.05422067642212,0.7155963302752294,1.0,"(218, 64, 1000)","(545, 64, 1000)",12345,67,0.7339449541284404
6,Feet,Rest,142.20317316055298,0.7293577981651376,1.0,"(218, 64, 1000)","(545, 64, 1000)",12345,67,0.7477064220183487
6,Tongue,Rest,141.35188841819763,0.6880733944954128,1.0,"(218, 64, 1000)","(545, 64, 1000)",12345,67,0.7110091743119267
6,Mis,Rest,141.9615979194641,0.6880733944954128,0.998165137614679,"(218, 64, 1000)","(545, 64, 1000)",12345,67,0.6926605504587156
