participant,class1,class2,running_time,test_acc,train_acc,test_size,train_size,train_block,test_block,test_acc_vote
7,Hand,Rest,140.08055210113525,0.7568807339449541,1.0,"(218, 64, 1000)","(545, 64, 1000)",12345,67,0.7660550458715596
7,Feet,Rest,140.04989075660706,0.7660550458715596,0.998165137614679,"(218, 64, 1000)","(545, 64, 1000)",12345,67,0.7844036697247706
7,Tongue,Rest,141.50792980194092,0.6467889908256881,1.0,"(218, 64, 1000)","(545, 64, 1000)",12345,67,0.6834862385321101
7,Mis,Rest,142.14325547218323,0.6834862385321101,0.9963302752293578,"(218, 64, 1000)","(545, 64, 1000)",12345,67,0.6972477064220184
