participant,class1,class2,running_time,test_acc,train_acc,test_size,train_size,train_block,test_block,test_acc_vote
4,Hand,Rest,125.3259789943695,0.8532110091743119,1.0,"(436, 64, 1000)","(327, 64, 1000)",123,4567,0.8532110091743119
4,Feet,Rest,124.11650443077087,0.7018348623853211,1.0,"(436, 64, 1000)","(327, 64, 1000)",123,4567,0.7041284403669725
4,Tongue,Rest,126.430992603302,0.7545871559633027,1.0,"(436, 64, 1000)","(327, 64, 1000)",123,4567,0.7798165137614679
4,Mis,Rest,124.59516263008118,0.6743119266055045,1.0,"(436, 64, 1000)","(327, 64, 1000)",123,4567,0.6697247706422018
