participant,class1,class2,running_time,test_acc,train_acc,test_size,train_size,train_block,test_block,test_acc_vote
10,Hand,Rest,55.177133321762085,0.6547619047619048,1.0,"(84, 64, 1000)","(112, 64, 1000)",1234,567,0.6190476190476191
10,Feet,Rest,56.83009314537048,0.6547619047619048,1.0,"(84, 64, 1000)","(112, 64, 1000)",1234,567,0.6071428571428572
10,Tongue,Rest,58.35713195800781,0.6190476190476191,1.0,"(84, 64, 1000)","(112, 64, 1000)",1234,567,0.6190476190476191
10,Mis,Rest,56.94511818885803,0.7023809523809523,1.0,"(84, 64, 1000)","(112, 64, 1000)",1234,567,0.6785714285714286
