participant,class1,class2,running_time,test_acc,train_acc,test_size,train_size,train_block,test_block,test_acc_vote
14,Hand,Rest,55.47449207305908,0.9047619047619048,1.0,"(84, 64, 1000)","(112, 64, 1000)",1234,567,0.8571428571428572
14,Feet,Rest,55.61484360694885,0.8214285714285714,1.0,"(84, 64, 1000)","(112, 64, 1000)",1234,567,0.7857142857142857
14,Tongue,Rest,57.34703826904297,0.6071428571428571,1.0,"(84, 64, 1000)","(112, 64, 1000)",1234,567,0.5952380952380952
14,Mis,Rest,57.147740840911865,0.7142857142857143,1.0,"(84, 64, 1000)","(112, 64, 1000)",1234,567,0.7023809523809523
