participant,class1,class2,running_time,test_acc,train_acc,test_size,train_size,train_block,test_block,test_acc_vote
4,Hand,Rest,55.3715615272522,0.8333333333333334,1.0,"(84, 64, 1000)","(112, 64, 1000)",1234,567,0.8214285714285714
4,Feet,Rest,55.350040912628174,0.8333333333333334,1.0,"(84, 64, 1000)","(112, 64, 1000)",1234,567,0.7738095238095238
4,Tongue,Rest,57.2482054233551,0.7619047619047619,1.0,"(84, 64, 1000)","(112, 64, 1000)",1234,567,0.7380952380952381
4,Mis,Rest,56.607221603393555,0.6785714285714286,1.0,"(84, 64, 1000)","(112, 64, 1000)",1234,567,0.6904761904761905
