participant,class1,class2,running_time,test_acc,train_acc,test_size,train_size,train_block,test_block,test_acc_vote
9,Hand,Rest,55.87388801574707,0.8333333333333334,1.0,"(84, 64, 1000)","(112, 64, 1000)",1234,567,0.8214285714285714
9,Feet,Rest,55.94596552848816,0.9047619047619048,1.0,"(84, 64, 1000)","(112, 64, 1000)",1234,567,0.9166666666666666
9,Tongue,Rest,57.424792766571045,0.8095238095238095,1.0,"(84, 64, 1000)","(112, 64, 1000)",1234,567,0.8333333333333334
9,Mis,Rest,58.67404341697693,0.75,1.0,"(84, 64, 1000)","(112, 64, 1000)",1234,567,0.75
