participant,class1,class2,running_time,test_acc,train_acc,test_size,train_size,train_block,test_block,test_acc_vote
14,Hand,Rest,49.98396182060242,0.8714285714285714,1.0,"(140, 64, 1000)","(56, 64, 1000)",12,34567,0.8357142857142857
14,Feet,Rest,50.88818645477295,0.7285714285714285,1.0,"(140, 64, 1000)","(56, 64, 1000)",12,34567,0.7357142857142858
14,Tongue,Rest,51.20533180236816,0.5285714285714286,1.0,"(140, 64, 1000)","(56, 64, 1000)",12,34567,0.5142857142857142
14,Mis,Rest,51.8649480342865,0.5357142857142857,1.0,"(140, 64, 1000)","(56, 64, 1000)",12,34567,0.5571428571428572
