participant,class1,class2,running_time,test_acc,train_acc,test_size,train_size,train_block,test_block,test_acc_vote
4,Hand,Rest,50.37113618850708,0.9142857142857144,1.0,"(140, 64, 1000)","(56, 64, 1000)",12,34567,0.9
4,Feet,Rest,49.488887548446655,0.75,1.0,"(140, 64, 1000)","(56, 64, 1000)",12,34567,0.75
4,Tongue,Rest,50.932276248931885,0.7714285714285715,1.0,"(140, 64, 1000)","(56, 64, 1000)",12,34567,0.7428571428571429
4,Mis,Rest,50.88151812553406,0.5285714285714286,1.0,"(140, 64, 1000)","(56, 64, 1000)",12,34567,0.55
