participant,class1,class2,running_time,test_acc,train_acc,test_size,train_size,train_block,test_block,test_acc_vote
15,Hand,Rest,138.4664342403412,0.8440366972477065,0.9469548133595284,"(218, 64, 1000)","(509, 64, 1000)",12345,67,0.8440366972477065
15,Feet,Rest,145.6542451381683,0.7660550458715596,0.9596330275229358,"(218, 64, 1000)","(545, 64, 1000)",12345,67,0.7568807339449541
15,Tongue,Rest,145.8468635082245,0.6605504587155964,0.9357798165137616,"(218, 64, 1000)","(545, 64, 1000)",12345,67,0.6651376146788991
15,Mis,Rest,145.7513427734375,0.7614678899082569,0.9559633027522936,"(218, 64, 1000)","(545, 64, 1000)",12345,67,0.7752293577981652
