participant,class1,class2,running_time,test_acc,train_acc,test_size,train_size,train_block,test_block,test_acc_vote
16,Hand,Rest,148.00279641151428,0.6834862385321101,0.9357798165137616,"(218, 64, 1000)","(545, 64, 1000)",12345,67,0.6972477064220184
16,Feet,Rest,145.40680265426636,0.7477064220183486,0.9486238532110092,"(218, 64, 1000)","(545, 64, 1000)",12345,67,0.7431192660550459
16,Tongue,Rest,147.3975911140442,0.7522935779816514,0.9486238532110092,"(218, 64, 1000)","(545, 64, 1000)",12345,67,0.7568807339449541
16,Mis,Rest,146.7573184967041,0.8256880733944955,0.8935779816513761,"(218, 64, 1000)","(545, 64, 1000)",12345,67,0.8394495412844036
