participant,class1,class2,running_time,test_acc,train_acc,test_size,train_size,train_block,test_block,test_acc_vote
18,Hand,Rest,146.39313173294067,0.6880733944954128,0.908256880733945,"(218, 64, 1000)","(545, 64, 1000)",12345,67,0.6880733944954128
18,Feet,Rest,146.32324743270874,0.7385321100917431,0.9376146788990826,"(218, 64, 1000)","(545, 64, 1000)",12345,67,0.7339449541284404
18,Tongue,Rest,147.73504519462583,0.7935779816513762,0.9357798165137616,"(218, 64, 1000)","(545, 64, 1000)",12345,67,0.7844036697247706
18,Mis,Rest,147.40950107574463,0.8027522935779816,0.9357798165137615,"(218, 64, 1000)","(545, 64, 1000)",12345,67,0.8027522935779816
