participant,class1,class2,running_time,test_acc,train_acc,test_size,train_size,train_block,test_block,test_acc_vote
9,Hand,Rest,146.69289207458496,0.9128440366972476,0.9321100917431192,"(218, 64, 1000)","(545, 64, 1000)",12345,67,0.9128440366972476
9,Feet,Rest,146.16422367095947,0.9220183486238532,0.9688073394495412,"(218, 64, 1000)","(545, 64, 1000)",12345,67,0.9220183486238532
9,Tongue,Rest,146.22899794578552,0.7752293577981652,0.9155963302752294,"(218, 64, 1000)","(545, 64, 1000)",12345,67,0.7844036697247706
9,Mis,Rest,146.6087350845337,0.7568807339449541,0.8697247706422019,"(218, 64, 1000)","(545, 64, 1000)",12345,67,0.7568807339449541
