participant,class1,class2,running_time,test_acc,train_acc,test_size,train_size,train_block,test_block,test_acc_vote
16,Hand,Rest,47.42092251777649,0.573394495412844,1.0,"(218, 64, 1000)","(109, 64, 1000)",1,67,0.5642201834862386
16,Feet,Rest,46.43794393539429,0.5779816513761468,1.0,"(218, 64, 1000)","(109, 64, 1000)",1,67,0.5825688073394495
16,Tongue,Rest,46.53685188293457,0.6055045871559633,1.0,"(218, 64, 1000)","(109, 64, 1000)",1,67,0.6330275229357798
16,Mis,Rest,46.88049650192261,0.6559633027522935,1.0,"(218, 64, 1000)","(109, 64, 1000)",1,67,0.6467889908256881
