participant,class1,class2,running_time,test_acc,train_acc,test_size,train_size,train_block,test_block,test_acc_vote
17,Hand,Rest,47.0483980178833,0.5779816513761468,1.0,"(218, 64, 1000)","(109, 64, 1000)",1,67,0.5779816513761468
17,Feet,Rest,46.62539696693421,0.5688073394495413,1.0,"(218, 64, 1000)","(109, 64, 1000)",1,67,0.5412844036697247
17,Tongue,Rest,46.94242334365845,0.5412844036697247,1.0,"(218, 64, 1000)","(109, 64, 1000)",1,67,0.5275229357798166
17,Mis,Rest,47.69967079162598,0.5321100917431193,1.0,"(218, 64, 1000)","(109, 64, 1000)",1,67,0.5275229357798166
