participant,class1,class2,running_time,test_acc,train_acc,test_size,train_size,train_block,test_block,test_acc_vote
3,Hand,Rest,46.22535467147827,0.5321100917431193,1.0,"(218, 64, 1000)","(109, 64, 1000)",1,67,0.5229357798165137
3,Feet,Rest,46.29909777641296,0.5137614678899083,1.0,"(218, 64, 1000)","(109, 64, 1000)",1,67,0.5091743119266054
3,Tongue,Rest,46.334611892700195,0.4908256880733945,1.0,"(218, 64, 1000)","(109, 64, 1000)",1,67,0.5045871559633027
3,Mis,Rest,46.166714668273926,0.6330275229357798,1.0,"(218, 64, 1000)","(109, 64, 1000)",1,67,0.6146788990825688
