participant,class1,class2,running_time,test_acc,train_acc,test_size,train_size,train_block,test_block,test_acc_vote
7,Hand,Rest,46.267167806625366,0.5963302752293578,1.0,"(218, 64, 1000)","(109, 64, 1000)",1,67,0.5963302752293578
7,Feet,Rest,46.11934423446655,0.6972477064220184,1.0,"(218, 64, 1000)","(109, 64, 1000)",1,67,0.7064220183486238
7,Tongue,Rest,46.56968808174133,0.481651376146789,1.0,"(218, 64, 1000)","(109, 64, 1000)",1,67,0.4862385321100917
7,Mis,Rest,46.34902286529541,0.518348623853211,1.0,"(218, 64, 1000)","(109, 64, 1000)",1,67,0.5045871559633027
