participant,class1,class2,running_time,test_acc,train_acc,test_size,train_size,train_block,test_block,test_acc_vote
3,Hand,Rest,41.27063775062561,0.5714285714285714,1.0,"(56, 64, 1000)","(84, 64, 1000)",123,67,0.5714285714285714
3,Feet,Rest,40.545185804367065,0.5,1.0,"(56, 64, 1000)","(84, 64, 1000)",123,67,0.4821428571428571
3,Tongue,Rest,40.70474171638489,0.6071428571428571,1.0,"(56, 64, 1000)","(84, 64, 1000)",123,67,0.5535714285714286
3,Mis,Rest,40.85354518890381,0.4642857142857143,1.0,"(56, 64, 1000)","(84, 64, 1000)",123,67,0.4642857142857143
