participant,class1,class2,running_time,test_acc,train_acc,test_size,train_size,train_block,test_block,test_acc_vote
4,Hand,Rest,41.28215980529785,0.8035714285714286,1.0,"(56, 64, 1000)","(84, 64, 1000)",123,67,0.7678571428571428
4,Feet,Rest,40.08084487915039,0.6785714285714286,1.0,"(56, 64, 1000)","(84, 64, 1000)",123,67,0.625
4,Tongue,Rest,41.06269931793213,0.6607142857142857,1.0,"(56, 64, 1000)","(84, 64, 1000)",123,67,0.5714285714285714
4,Mis,Rest,41.15026497840881,0.48214285714285715,1.0,"(56, 64, 1000)","(84, 64, 1000)",123,67,0.4821428571428571
