participant,class1,class2,running_time,test_acc,train_acc,test_size,train_size,train_block,test_block,test_acc_vote
16,Hand,Rest,57.88902807235718,0.6607142857142857,0.9910714285714286,"(112, 64, 500)","(224, 64, 500)",1234,67,0.6607142857142857
16,Feet,Rest,56.470075607299805,0.6696428571428571,0.9776785714285714,"(112, 64, 500)","(224, 64, 500)",1234,67,0.6696428571428572
16,Tongue,Rest,57.36014246940613,0.7767857142857143,0.9464285714285714,"(112, 64, 500)","(224, 64, 500)",1234,67,0.8482142857142857
16,Mis,Rest,56.382420778274536,0.8035714285714286,0.90625,"(112, 64, 500)","(224, 64, 500)",1234,67,0.8482142857142857
