participant,class1,class2,running_time,test_acc,train_acc,test_size,train_size,train_block,test_block,test_acc_vote
17,Hand,Rest,56.546247720718384,0.8035714285714286,0.9330357142857144,"(112, 64, 500)","(224, 64, 500)",1234,67,0.8392857142857143
17,Feet,Rest,56.50851106643677,0.7410714285714286,0.9017857142857144,"(112, 64, 500)","(224, 64, 500)",1234,67,0.7410714285714286
17,Tongue,Rest,56.510618448257446,0.7410714285714286,0.9196428571428572,"(112, 64, 500)","(224, 64, 500)",1234,67,0.7321428571428572
17,Mis,Rest,56.575817584991455,0.7857142857142857,0.9330357142857143,"(112, 64, 500)","(224, 64, 500)",1234,67,0.7857142857142857
