participant,class1,class2,running_time,test_acc,train_acc,test_size,train_size,train_block,test_block,test_acc_vote
18,Hand,Rest,58.00701093673706,0.7053571428571429,0.9464285714285714,"(112, 64, 500)","(224, 64, 500)",1234,67,0.7321428571428572
18,Feet,Rest,57.673781871795654,0.7589285714285714,0.9508928571428572,"(112, 64, 500)","(224, 64, 500)",1234,67,0.8035714285714286
18,Tongue,Rest,56.54631781578064,0.8125,0.9508928571428572,"(112, 64, 500)","(224, 64, 500)",1234,67,0.8125
18,Mis,Rest,56.51937794685364,0.7946428571428571,0.9508928571428571,"(112, 64, 500)","(224, 64, 500)",1234,67,0.8392857142857143
