participant,class1,class2,running_time,test_acc,train_acc,test_size,train_size,train_block,test_block,test_acc_vote
4,Hand,Rest,57.02898144721985,0.8660714285714286,0.9821428571428572,"(112, 64, 500)","(224, 64, 500)",1234,67,0.8660714285714286
4,Feet,Rest,56.4798858165741,0.75,0.9241071428571428,"(112, 64, 500)","(224, 64, 500)",1234,67,0.75
4,Tongue,Rest,56.41967725753784,0.75,0.9598214285714286,"(112, 64, 500)","(224, 64, 500)",1234,67,0.75
4,Mis,Rest,56.705527544021606,0.6964285714285714,0.9553571428571429,"(112, 64, 500)","(224, 64, 500)",1234,67,0.6339285714285714
