participant,class1,class2,running_time,test_acc,train_acc,test_size,train_size,train_block,test_block,test_acc_vote
13,Hand,Rest,52.30871915817261,0.5357142857142857,1.0,"(168, 64, 1000)","(28, 64, 1000)",1,234567,0.5119047619047619
13,Feet,Rest,52.380298137664795,0.5476190476190477,1.0,"(168, 64, 1000)","(28, 64, 1000)",1,234567,0.5
13,Tongue,Rest,53.95745921134949,0.5773809523809523,1.0,"(168, 64, 1000)","(28, 64, 1000)",1,234567,0.5178571428571428
13,Mis,Rest,54.750974893569946,0.6011904761904762,1.0,"(168, 64, 1000)","(28, 64, 1000)",1,234567,0.5773809523809523
