participant,class1,class2,running_time,test_acc,train_acc,test_size,train_size,train_block,test_block,test_acc_vote
10,Hand,Rest,55.693095445632935,0.6904761904761905,1.0,"(84, 64, 1000)","(112, 64, 1000)",1234,567,0.5952380952380952
10,Feet,Rest,55.478421449661255,0.6547619047619048,1.0,"(84, 64, 1000)","(112, 64, 1000)",1234,567,0.5952380952380952
10,Tongue,Rest,57.46870541572571,0.5714285714285714,1.0,"(84, 64, 1000)","(112, 64, 1000)",1234,567,0.5595238095238095
10,Mis,Rest,58.64654278755188,0.7261904761904762,1.0,"(84, 64, 1000)","(112, 64, 1000)",1234,567,0.7142857142857143
