participant,class1,class2,running_time,test_acc,train_acc,test_size,train_size,train_block,test_block,test_acc_vote
11,Hand,Rest,56.33647179603577,0.9523809523809524,1.0,"(84, 64, 1000)","(112, 64, 1000)",1234,567,0.9642857142857144
11,Feet,Rest,56.17577147483826,0.9285714285714286,1.0,"(84, 64, 1000)","(112, 64, 1000)",1234,567,0.9166666666666666
11,Tongue,Rest,57.98359775543213,0.6547619047619048,1.0,"(84, 64, 1000)","(112, 64, 1000)",1234,567,0.6071428571428572
11,Mis,Rest,57.45750308036804,0.6309523809523809,1.0,"(84, 64, 1000)","(112, 64, 1000)",1234,567,0.5595238095238095
