participant,class1,class2,running_time,test_acc,train_acc,test_size,train_size,train_block,test_block,test_acc_vote
3,Hand,Rest,55.56470823287964,0.8690476190476191,1.0,"(84, 64, 1000)","(112, 64, 1000)",1234,567,0.8571428571428572
3,Feet,Rest,56.22607684135437,0.5476190476190477,1.0,"(84, 64, 1000)","(112, 64, 1000)",1234,567,0.5
3,Tongue,Rest,57.75706887245178,0.7619047619047619,1.0,"(84, 64, 1000)","(112, 64, 1000)",1234,567,0.7380952380952381
3,Mis,Rest,58.916338205337524,0.8214285714285714,1.0,"(84, 64, 1000)","(112, 64, 1000)",1234,567,0.7976190476190477
