participant,class1,class2,running_time,test_acc,train_acc,test_size,train_size,train_block,test_block,test_acc_vote
7,Hand,Rest,57.123826026916504,0.7857142857142857,1.0,"(84, 64, 1000)","(112, 64, 1000)",1234,567,0.7619047619047619
7,Feet,Rest,57.12538242340088,0.8571428571428571,1.0,"(84, 64, 1000)","(112, 64, 1000)",1234,567,0.8809523809523809
7,Tongue,Rest,57.42075157165527,0.7619047619047619,1.0,"(84, 64, 1000)","(112, 64, 1000)",1234,567,0.7619047619047619
7,Mis,Rest,59.189908266067505,0.7738095238095238,1.0,"(84, 64, 1000)","(112, 64, 1000)",1234,567,0.8214285714285714
