participant,class1,class2,running_time,test_acc,train_acc,test_size,train_size,train_block,test_block,test_acc_vote
13,Hand,Rest,53.041138648986816,0.7232142857142857,1.0,"(112, 64, 1000)","(84, 64, 1000)",123,4567,0.7053571428571428
13,Feet,Rest,53.71383452415466,0.8125,1.0,"(112, 64, 1000)","(84, 64, 1000)",123,4567,0.8125
13,Tongue,Rest,55.91309928894043,0.7589285714285714,1.0,"(112, 64, 1000)","(84, 64, 1000)",123,4567,0.7142857142857143
13,Mis,Rest,55.69483232498169,0.8035714285714286,1.0,"(112, 64, 1000)","(84, 64, 1000)",123,4567,0.7321428571428572
