participant,class1,class2,running_time,test_acc,train_acc,test_size,train_size,train_block,test_block,test_acc_vote
14,Hand,Rest,54.733635902404785,0.9017857142857144,1.0,"(112, 64, 1000)","(84, 64, 1000)",123,4567,0.8482142857142857
14,Feet,Rest,53.54772329330444,0.5982142857142857,1.0,"(112, 64, 1000)","(84, 64, 1000)",123,4567,0.5625
14,Tongue,Rest,54.844520807266235,0.5535714285714286,1.0,"(112, 64, 1000)","(84, 64, 1000)",123,4567,0.5178571428571428
14,Mis,Rest,55.02438998222351,0.6785714285714286,1.0,"(112, 64, 1000)","(84, 64, 1000)",123,4567,0.7142857142857143
