participant,class1,class2,running_time,test_acc,train_acc,test_size,train_size,train_block,test_block,test_acc_vote
9,Hand,Rest,53.38547396659851,0.8660714285714286,1.0,"(112, 64, 1000)","(84, 64, 1000)",123,4567,0.8303571428571428
9,Feet,Rest,52.88141345977783,0.9017857142857144,1.0,"(112, 64, 1000)","(84, 64, 1000)",123,4567,0.875
9,Tongue,Rest,54.87271332740784,0.7589285714285714,1.0,"(112, 64, 1000)","(84, 64, 1000)",123,4567,0.7678571428571428
9,Mis,Rest,54.87922692298889,0.75,1.0,"(112, 64, 1000)","(84, 64, 1000)",123,4567,0.7678571428571428
