participant,class1,class2,running_time,test_acc,train_acc,test_size,train_size,train_block,test_block,test_acc_vote
16,Hand,Rest,54.91031050682068,0.7142857142857143,1.0,"(112, 64, 500)","(224, 64, 500)",1234,67,0.6964285714285714
16,Feet,Rest,55.22506761550903,0.6517857142857143,1.0,"(112, 64, 500)","(224, 64, 500)",1234,67,0.6875
16,Tongue,Rest,56.384536027908325,0.7857142857142857,1.0,"(112, 64, 500)","(224, 64, 500)",1234,67,0.8125
16,Mis,Rest,55.20625281333923,0.7321428571428571,1.0,"(112, 64, 500)","(224, 64, 500)",1234,67,0.7767857142857143
