participant,class1,class2,running_time,test_acc,train_acc,test_size,train_size,train_block,test_block,test_acc_vote
3,Hand,Rest,56.26069450378418,0.8214285714285714,1.0,"(112, 64, 500)","(224, 64, 500)",1234,67,0.8482142857142857
3,Feet,Rest,56.1223931312561,0.6071428571428571,1.0,"(112, 64, 500)","(224, 64, 500)",1234,67,0.6875
3,Tongue,Rest,56.242982625961304,0.7410714285714286,1.0,"(112, 64, 500)","(224, 64, 500)",1234,67,0.7321428571428572
3,Mis,Rest,56.0558979511261,0.8303571428571429,1.0,"(112, 64, 500)","(224, 64, 500)",1234,67,0.8214285714285714
