participant,class1,class2,running_time,test_acc,train_acc,test_size,train_size,train_block,test_block,test_acc_vote
4,Hand,Rest,56.40686392784119,0.8482142857142857,1.0,"(112, 64, 500)","(224, 64, 500)",1234,67,0.8660714285714286
4,Feet,Rest,57.40012192726135,0.7232142857142857,1.0,"(112, 64, 500)","(224, 64, 500)",1234,67,0.6964285714285714
4,Tongue,Rest,56.902271032333374,0.7232142857142857,1.0,"(112, 64, 500)","(224, 64, 500)",1234,67,0.75
4,Mis,Rest,57.10192608833313,0.7142857142857143,1.0,"(112, 64, 500)","(224, 64, 500)",1234,67,0.6785714285714286
