participant,class1,class2,running_time,test_acc,train_acc,test_size,train_size,train_block,test_block,test_acc_vote
7,Hand,Rest,56.10112166404724,0.7589285714285714,1.0,"(112, 64, 500)","(224, 64, 500)",1234,67,0.7946428571428572
7,Feet,Rest,57.59473538398743,0.8392857142857143,1.0,"(112, 64, 500)","(224, 64, 500)",1234,67,0.8928571428571429
7,Tongue,Rest,57.040968894958496,0.6339285714285714,1.0,"(112, 64, 500)","(224, 64, 500)",1234,67,0.6339285714285714
7,Mis,Rest,56.09580111503601,0.7410714285714286,1.0,"(112, 64, 500)","(224, 64, 500)",1234,67,0.7767857142857143
