participant,class1,class2,running_time,test_acc,train_acc,test_size,train_size,train_block,test_block,test_acc_vote
9,Hand,Rest,56.292428731918335,0.8214285714285714,1.0,"(112, 64, 500)","(224, 64, 500)",1234,67,0.8571428571428572
9,Feet,Rest,56.33280563354492,0.8928571428571429,1.0,"(112, 64, 500)","(224, 64, 500)",1234,67,0.9196428571428572
9,Tongue,Rest,56.014092683792114,0.7410714285714286,1.0,"(112, 64, 500)","(224, 64, 500)",1234,67,0.7053571428571428
9,Mis,Rest,55.31564688682556,0.7232142857142857,1.0,"(112, 64, 500)","(224, 64, 500)",1234,67,0.7589285714285714
