participant,class1,class2,running_time,test_acc,train_acc,test_size,train_size,train_block,test_block,test_acc_vote
14,Hand,Rest,39.83272671699524,0.8571428571428571,1.0,"(84, 64, 1000)","(112, 64, 1000)",1234,567,0.7857142857142857
14,Feet,Rest,39.68208837509155,0.8333333333333334,1.0,"(84, 64, 1000)","(112, 64, 1000)",1234,567,0.8095238095238095
14,Tongue,Rest,41.13691854476929,0.6309523809523809,1.0,"(84, 64, 1000)","(112, 64, 1000)",1234,567,0.6309523809523809
14,Mis,Rest,41.157694578170776,0.75,1.0,"(84, 64, 1000)","(112, 64, 1000)",1234,567,0.7619047619047619
