participant,class1,class2,running_time,test_acc,train_acc,test_size,train_size,train_block,test_block,test_acc_vote
3,Hand,Rest,39.83552098274231,0.8809523809523809,1.0,"(84, 64, 1000)","(112, 64, 1000)",1234,567,0.8690476190476191
3,Feet,Rest,39.531628131866455,0.6071428571428571,1.0,"(84, 64, 1000)","(112, 64, 1000)",1234,567,0.5
3,Tongue,Rest,41.070796251297,0.75,1.0,"(84, 64, 1000)","(112, 64, 1000)",1234,567,0.6904761904761905
3,Mis,Rest,41.048218965530396,0.8809523809523809,1.0,"(84, 64, 1000)","(112, 64, 1000)",1234,567,0.8571428571428572
