participant,class1,class2,running_time,test_acc,train_acc,test_size,train_size,train_block,test_block,test_acc_vote
7,Hand,Rest,39.77665424346924,0.8333333333333334,1.0,"(84, 64, 1000)","(112, 64, 1000)",1234,567,0.7976190476190477
7,Feet,Rest,39.74981427192688,0.8214285714285714,1.0,"(84, 64, 1000)","(112, 64, 1000)",1234,567,0.8333333333333334
7,Tongue,Rest,40.98604369163513,0.6785714285714286,1.0,"(84, 64, 1000)","(112, 64, 1000)",1234,567,0.6904761904761905
7,Mis,Rest,41.21133494377136,0.7023809523809523,1.0,"(84, 64, 1000)","(112, 64, 1000)",1234,567,0.6428571428571428
