class,test_acc,vote_acc
Hand,0.8553571428571429,0.8375
Feet,0.8178571428571428,0.8053571428571429
Tongue,0.7714285714285715,0.7446428571428572
Mis,0.7446428571428572,0.7214285714285713
