participant,class1,class2,running_time,test_acc,train_acc,test_size,train_size,train_block,test_block,test_acc_vote
3,Hand,Rest,62.082900047302246,0.9464285714285714,1.0,"(56, 64, 1000)","(140, 64, 1000)",12345,67,0.9464285714285714
3,Feet,Rest,62.33946084976196,0.6428571428571429,1.0,"(56, 64, 1000)","(140, 64, 1000)",12345,67,0.6785714285714286
3,Tongue,Rest,65.14732503890991,0.8214285714285714,1.0,"(56, 64, 1000)","(140, 64, 1000)",12345,67,0.75
3,Mis,Rest,65.49478316307068,0.9107142857142857,1.0,"(56, 64, 1000)","(140, 64, 1000)",12345,67,0.9107142857142857
