participant,class1,class2,running_time,test_acc,train_acc,test_size,train_size,train_block,test_block,test_acc_vote
6,Hand,Rest,57.38199281692505,0.6964285714285714,1.0,"(56, 64, 1000)","(140, 64, 1000)",12345,67,0.625
6,Feet,Rest,57.35780072212219,0.75,1.0,"(56, 64, 1000)","(140, 64, 1000)",12345,67,0.7321428571428572
6,Tongue,Rest,59.06750965118408,0.8214285714285714,1.0,"(56, 64, 1000)","(140, 64, 1000)",12345,67,0.8571428571428572
6,Mis,Rest,58.32949757575989,0.7142857142857143,1.0,"(56, 64, 1000)","(140, 64, 1000)",12345,67,0.7321428571428572
