participant,class1,class2,running_time,test_acc,train_acc,test_size,train_size,train_block,test_block,test_acc_vote
7,Hand,Rest,57.24291896820069,0.8035714285714286,1.0,"(56, 64, 1000)","(140, 64, 1000)",12345,67,0.7857142857142857
7,Feet,Rest,56.936137437820435,0.8214285714285714,1.0,"(56, 64, 1000)","(140, 64, 1000)",12345,67,0.7678571428571428
7,Tongue,Rest,57.833117723464966,0.6785714285714286,1.0,"(56, 64, 1000)","(140, 64, 1000)",12345,67,0.6071428571428572
7,Mis,Rest,58.149476766586304,0.7321428571428571,1.0,"(56, 64, 1000)","(140, 64, 1000)",12345,67,0.7142857142857143
