participant,class1,class2,running_time,test_acc,train_acc,test_size,train_size,train_block,test_block,test_acc_vote
9,Hand,Rest,56.85776710510254,0.9285714285714286,1.0,"(56, 64, 1000)","(140, 64, 1000)",12345,67,0.875
9,Feet,Rest,56.64800429344177,0.9285714285714286,1.0,"(56, 64, 1000)","(140, 64, 1000)",12345,67,0.8928571428571429
9,Tongue,Rest,58.135587215423584,0.8392857142857143,1.0,"(56, 64, 1000)","(140, 64, 1000)",12345,67,0.8214285714285714
9,Mis,Rest,58.34959936141968,0.7857142857142857,1.0,"(56, 64, 1000)","(140, 64, 1000)",12345,67,0.7857142857142857
