participant,class1,class2,running_time,test_acc,train_acc,test_size,train_size,train_block,test_block,test_acc_vote
17,Hand,Rest,56.89603900909424,0.7678571428571429,1.0,"(112, 64, 500)","(224, 64, 500)",1234,67,0.8035714285714286
17,Feet,Rest,56.108771085739136,0.6785714285714286,1.0,"(112, 64, 500)","(224, 64, 500)",1234,67,0.6428571428571428
17,Tongue,Rest,55.91063499450683,0.7142857142857143,1.0,"(112, 64, 500)","(224, 64, 500)",1234,67,0.6875
17,Mis,Rest,56.939375162124634,0.7857142857142857,1.0,"(112, 64, 500)","(224, 64, 500)",1234,67,0.8125
