participant,class1,class2,running_time,test_acc,train_acc,test_size,train_size,train_block,test_block,test_acc_vote
3,Hand,Rest,54.681944608688354,0.8482142857142857,1.0,"(112, 64, 500)","(224, 64, 500)",1234,67,0.9196428571428572
3,Feet,Rest,55.20221447944641,0.6339285714285714,1.0,"(112, 64, 500)","(224, 64, 500)",1234,67,0.6607142857142857
3,Tongue,Rest,55.208566665649414,0.6875,1.0,"(112, 64, 500)","(224, 64, 500)",1234,67,0.6875
3,Mis,Rest,54.82980442047119,0.7678571428571429,1.0,"(112, 64, 500)","(224, 64, 500)",1234,67,0.7857142857142857
