participant,class1,class2,running_time,test_acc,train_acc,test_size,train_size,train_block,test_block,test_acc_vote
4,Hand,Rest,55.27368187904358,0.8660714285714286,1.0,"(112, 64, 500)","(224, 64, 500)",1234,67,0.875
4,Feet,Rest,55.55235171318054,0.7321428571428571,1.0,"(112, 64, 500)","(224, 64, 500)",1234,67,0.7053571428571428
4,Tongue,Rest,55.10546803474426,0.7946428571428571,1.0,"(112, 64, 500)","(224, 64, 500)",1234,67,0.7946428571428572
4,Mis,Rest,55.1419780254364,0.7678571428571429,1.0,"(112, 64, 500)","(224, 64, 500)",1234,67,0.7767857142857143
