participant,class1,class2,running_time,test_acc,train_acc,test_size,train_size,train_block,test_block,test_acc_vote
10,Hand,Rest,69.6201114654541,0.6711711711711712,1.0,"(222, 64, 500)","(333, 64, 500)",123,67,0.6936936936936937
10,Feet,Rest,70.1732292175293,0.6081081081081081,1.0,"(222, 64, 500)","(333, 64, 500)",123,67,0.6306306306306306
10,Tongue,Rest,71.32433557510376,0.6756756756756757,1.0,"(222, 64, 500)","(333, 64, 500)",123,67,0.6891891891891893
10,Mis,Rest,71.00697541236877,0.6081081081081081,1.0,"(222, 64, 500)","(333, 64, 500)",123,67,0.5810810810810811
