participant,class1,class2,running_time,test_acc,train_acc,test_size,train_size,train_block,test_block,test_acc_vote
15,Hand,Rest,69.86887240409851,0.7927927927927928,1.0,"(222, 64, 500)","(333, 64, 500)",123,67,0.8243243243243243
15,Feet,Rest,71.03537344932556,0.6576576576576577,1.0,"(222, 64, 500)","(333, 64, 500)",123,67,0.6756756756756757
15,Tongue,Rest,70.74509644508362,0.6936936936936937,1.0,"(222, 64, 500)","(333, 64, 500)",123,67,0.7027027027027026
15,Mis,Rest,70.83152365684509,0.6531531531531531,1.0,"(222, 64, 500)","(333, 64, 500)",123,67,0.6711711711711712
