participant,class1,class2,running_time,test_acc,train_acc,test_size,train_size,train_block,test_block,test_acc_vote
19,Hand,Rest,70.7612612247467,0.7972972972972973,1.0,"(222, 64, 500)","(333, 64, 500)",123,67,0.8153153153153153
19,Feet,Rest,70.03934001922607,0.5945945945945946,1.0,"(222, 64, 500)","(333, 64, 500)",123,67,0.6126126126126126
19,Tongue,Rest,70.07884454727173,0.7342342342342343,1.0,"(222, 64, 500)","(333, 64, 500)",123,67,0.7747747747747747
19,Mis,Rest,70.7265841960907,0.7117117117117117,1.0,"(222, 64, 500)","(333, 64, 500)",123,67,0.7432432432432432
