participant,class1,class2,running_time,test_acc,train_acc,test_size,train_size,train_block,test_block,test_acc_vote
5,Hand,Rest,71.53800106048584,0.6171171171171171,1.0,"(222, 64, 500)","(333, 64, 500)",123,67,0.6261261261261262
5,Feet,Rest,71.19251847267151,0.6036036036036037,1.0,"(222, 64, 500)","(333, 64, 500)",123,67,0.6171171171171171
5,Tongue,Rest,70.09605765342712,0.5315315315315315,1.0,"(222, 64, 500)","(333, 64, 500)",123,67,0.5180180180180181
5,Mis,Rest,69.5099618434906,0.6981981981981982,1.0,"(222, 64, 500)","(333, 64, 500)",123,67,0.7387387387387387
