participant,class1,class2,running_time,test_acc,train_acc,test_size,train_size,train_block,test_block,test_acc_vote
6,Hand,Rest,70.11343574523926,0.6981981981981982,1.0,"(222, 64, 500)","(333, 64, 500)",123,67,0.7252252252252251
6,Feet,Rest,71.14338517189026,0.6351351351351351,1.0,"(222, 64, 500)","(333, 64, 500)",123,67,0.6441441441441442
6,Tongue,Rest,70.78914952278137,0.6666666666666666,1.0,"(222, 64, 500)","(333, 64, 500)",123,67,0.6756756756756757
6,Mis,Rest,71.45915055274963,0.6486486486486487,1.0,"(222, 64, 500)","(333, 64, 500)",123,67,0.6801801801801801
