participant,class1,class2,running_time,test_acc,train_acc,test_size,train_size,train_block,test_block,test_acc_vote
9,Hand,Rest,69.6045777797699,0.8378378378378378,1.0,"(222, 64, 500)","(333, 64, 500)",123,67,0.8783783783783784
9,Feet,Rest,70.10135006904602,0.8063063063063063,1.0,"(222, 64, 500)","(333, 64, 500)",123,67,0.8603603603603603
9,Tongue,Rest,70.75601983070374,0.6801801801801802,1.0,"(222, 64, 500)","(333, 64, 500)",123,67,0.7117117117117118
9,Mis,Rest,70.28994965553284,0.7117117117117117,1.0,"(222, 64, 500)","(333, 64, 500)",123,67,0.7522522522522522
