participant,class1,class2,running_time,test_acc,train_acc,test_size,train_size,train_block,test_block,test_acc_vote
15,Hand,Rest,71.40213775634766,0.7702702702702703,0.948948948948949,"(222, 64, 500)","(333, 64, 500)",123,67,0.7882882882882882
15,Feet,Rest,70.5501959323883,0.6126126126126126,0.975975975975976,"(222, 64, 500)","(333, 64, 500)",123,67,0.5990990990990991
15,Tongue,Rest,70.44200730323792,0.6756756756756757,0.954954954954955,"(222, 64, 500)","(333, 64, 500)",123,67,0.6891891891891893
15,Mis,Rest,71.05801200866699,0.6531531531531531,0.9579579579579579,"(222, 64, 500)","(333, 64, 500)",123,67,0.6756756756756757
