participant,class1,class2,running_time,test_acc,train_acc,test_size,train_size,train_block,test_block,test_acc_vote
16,Hand,Rest,71.09503698348999,0.6306306306306306,0.978978978978979,"(222, 64, 500)","(333, 64, 500)",123,67,0.6306306306306306
16,Feet,Rest,71.24315094947815,0.6621621621621622,0.978978978978979,"(222, 64, 500)","(333, 64, 500)",123,67,0.7072072072072072
16,Tongue,Rest,70.88204574584961,0.6891891891891891,0.960960960960961,"(222, 64, 500)","(333, 64, 500)",123,67,0.7207207207207207
16,Mis,Rest,71.24396419525146,0.7792792792792793,0.9519519519519519,"(222, 64, 500)","(333, 64, 500)",123,67,0.8153153153153153
