participant,class1,class2,running_time,test_acc,train_acc,test_size,train_size,train_block,test_block,test_acc_vote
3,Hand,Rest,71.18220829963684,0.8153153153153153,0.9129129129129128,"(222, 64, 500)","(333, 64, 500)",123,67,0.8243243243243243
3,Feet,Rest,70.35654830932617,0.536036036036036,0.957957957957958,"(222, 64, 500)","(333, 64, 500)",123,67,0.545045045045045
3,Tongue,Rest,71.17859172821045,0.7432432432432432,0.9669669669669668,"(222, 64, 500)","(333, 64, 500)",123,67,0.7342342342342343
3,Mis,Rest,70.26064157485962,0.6756756756756757,0.933933933933934,"(222, 64, 500)","(333, 64, 500)",123,67,0.6936936936936937
