participant,class1,class2,running_time,test_acc,train_acc,test_size,train_size,train_block,test_block,test_acc_vote
10,Hand,Rest,48.89586305618286,0.6467889908256881,0.9908256880733946,"(218, 64, 1000)","(109, 64, 1000)",1,67,0.6559633027522935
10,Feet,Rest,48.45345711708069,0.6055045871559633,1.0,"(218, 64, 1000)","(109, 64, 1000)",1,67,0.6100917431192661
10,Tongue,Rest,48.326092004776,0.5,0.9908256880733946,"(218, 64, 1000)","(109, 64, 1000)",1,67,0.4908256880733945
10,Mis,Rest,48.77833914756775,0.5412844036697247,1.0,"(218, 64, 1000)","(109, 64, 1000)",1,67,0.5458715596330275
