participant,class1,class2,running_time,test_acc,train_acc,test_size,train_size,train_block,test_block,test_acc_vote
13,Hand,Rest,48.395058155059814,0.5412844036697247,0.9908256880733946,"(218, 64, 1000)","(109, 64, 1000)",1,67,0.5321100917431192
13,Feet,Rest,48.21535277366638,0.7247706422018348,1.0,"(218, 64, 1000)","(109, 64, 1000)",1,67,0.7247706422018348
13,Tongue,Rest,47.93995833396912,0.5596330275229358,1.0,"(218, 64, 1000)","(109, 64, 1000)",1,67,0.555045871559633
13,Mis,Rest,48.65511918067932,0.6192660550458715,0.9908256880733946,"(218, 64, 1000)","(109, 64, 1000)",1,67,0.6192660550458715
