participant,class1,class2,running_time,test_acc,train_acc,test_size,train_size,train_block,test_block,test_acc_vote
14,Hand,Rest,48.13598585128784,0.6972477064220184,1.0,"(218, 64, 1000)","(109, 64, 1000)",1,67,0.7018348623853211
14,Feet,Rest,48.61318325996399,0.5871559633027523,1.0,"(218, 64, 1000)","(109, 64, 1000)",1,67,0.6055045871559632
14,Tongue,Rest,48.974711418151855,0.5596330275229358,1.0,"(218, 64, 1000)","(109, 64, 1000)",1,67,0.536697247706422
14,Mis,Rest,48.9587504863739,0.536697247706422,1.0,"(218, 64, 1000)","(109, 64, 1000)",1,67,0.5229357798165137
