participant,class1,class2,running_time,test_acc,train_acc,test_size,train_size,train_block,test_block,test_acc_vote
16,Hand,Rest,48.29695749282837,0.5871559633027523,1.0,"(218, 64, 1000)","(109, 64, 1000)",1,67,0.591743119266055
16,Feet,Rest,48.74867939949035,0.6009174311926605,1.0,"(218, 64, 1000)","(109, 64, 1000)",1,67,0.6100917431192661
16,Tongue,Rest,48.10751128196716,0.7247706422018348,1.0,"(218, 64, 1000)","(109, 64, 1000)",1,67,0.7339449541284404
16,Mis,Rest,48.73226475715637,0.6972477064220184,1.0,"(218, 64, 1000)","(109, 64, 1000)",1,67,0.7018348623853211
