participant,class1,class2,running_time,test_acc,train_acc,test_size,train_size,train_block,test_block,test_acc_vote
17,Hand,Rest,48.31604051589966,0.5871559633027523,0.9541284403669724,"(218, 64, 1000)","(109, 64, 1000)",1,67,0.5825688073394495
17,Feet,Rest,48.45833921432495,0.5229357798165137,0.963302752293578,"(218, 64, 1000)","(109, 64, 1000)",1,67,0.518348623853211
17,Tongue,Rest,48.224517822265625,0.5596330275229358,1.0,"(218, 64, 1000)","(109, 64, 1000)",1,67,0.5504587155963303
17,Mis,Rest,48.24668049812317,0.5412844036697247,0.981651376146789,"(218, 64, 1000)","(109, 64, 1000)",1,67,0.536697247706422
