participant,class1,class2,running_time,test_acc,train_acc,test_size,train_size,train_block,test_block,test_acc_vote
6,Hand,Rest,48.1420476436615,0.6422018348623854,0.9724770642201837,"(218, 64, 1000)","(109, 64, 1000)",1,67,0.6697247706422018
6,Feet,Rest,48.29204034805298,0.5412844036697247,0.9908256880733946,"(218, 64, 1000)","(109, 64, 1000)",1,67,0.536697247706422
6,Tongue,Rest,48.559266090393066,0.6055045871559633,0.981651376146789,"(218, 64, 1000)","(109, 64, 1000)",1,67,0.6009174311926606
6,Mis,Rest,48.6625542640686,0.5825688073394495,0.981651376146789,"(218, 64, 1000)","(109, 64, 1000)",1,67,0.5871559633027523
