participant,class1,class2,running_time,test_acc,train_acc,test_size,train_size,train_block,test_block,test_acc_vote
11,Hand,Rest,56.8498797416687,0.9285714285714286,0.9910714285714286,"(84, 64, 1000)","(112, 64, 1000)",1234,567,0.9166666666666666
11,Feet,Rest,55.61473560333252,0.9523809523809524,1.0,"(84, 64, 1000)","(112, 64, 1000)",1234,567,0.9523809523809524
11,Tongue,Rest,56.947874546051025,0.7142857142857143,0.9910714285714286,"(84, 64, 1000)","(112, 64, 1000)",1234,567,0.6785714285714286
11,Mis,Rest,58.63988637924194,0.8333333333333334,0.9910714285714286,"(84, 64, 1000)","(112, 64, 1000)",1234,567,0.8095238095238095
