participant,class1,class2,running_time,test_acc,train_acc,test_size,train_size,train_block,test_block,test_acc_vote
7,Hand,Rest,55.54499530792236,0.8452380952380952,1.0,"(84, 64, 1000)","(112, 64, 1000)",1234,567,0.8214285714285714
7,Feet,Rest,55.75888919830322,0.8333333333333334,1.0,"(84, 64, 1000)","(112, 64, 1000)",1234,567,0.8095238095238095
7,Tongue,Rest,56.9507417678833,0.7142857142857143,1.0,"(84, 64, 1000)","(112, 64, 1000)",1234,567,0.75
7,Mis,Rest,57.40837526321411,0.7380952380952381,0.9375,"(84, 64, 1000)","(112, 64, 1000)",1234,567,0.7142857142857143
