participant,class1,class2,running_time,test_acc,train_acc,test_size,train_size,train_block,test_block,test_acc_vote
10,Hand,Rest,62.36332845687866,0.6607142857142857,0.9928571428571428,"(56, 64, 1000)","(140, 64, 1000)",12345,67,0.625
10,Feet,Rest,61.82624292373657,0.6964285714285714,1.0,"(56, 64, 1000)","(140, 64, 1000)",12345,67,0.7678571428571428
10,Tongue,Rest,66.08893632888794,0.75,1.0,"(56, 64, 1000)","(140, 64, 1000)",12345,67,0.6785714285714286
10,Mis,Rest,63.91543793678284,0.9107142857142857,0.9928571428571429,"(56, 64, 1000)","(140, 64, 1000)",12345,67,0.875
