participant,class1,class2,running_time,test_acc,train_acc,test_size,train_size,train_block,test_block,test_acc_vote
5,Hand,Rest,53.46084403991699,0.5214285714285715,1.0,"(140, 64, 1000)","(56, 64, 1000)",12,34567,0.5357142857142857
5,Feet,Rest,51.86591482162475,0.7642857142857142,1.0,"(140, 64, 1000)","(56, 64, 1000)",12,34567,0.7642857142857142
5,Tongue,Rest,55.69464135169983,0.6714285714285714,1.0,"(140, 64, 1000)","(56, 64, 1000)",12,34567,0.6214285714285714
5,Mis,Rest,54.92625284194946,0.7214285714285714,1.0,"(140, 64, 1000)","(56, 64, 1000)",12,34567,0.6857142857142857
