participant,class1,class2,running_time,test_acc,train_acc,test_size,train_size,train_block,test_block,test_acc_vote
6,Hand,Rest,52.106568813323975,0.6642857142857143,1.0,"(140, 64, 1000)","(56, 64, 1000)",12,34567,0.6142857142857143
6,Feet,Rest,53.63461875915527,0.6142857142857143,1.0,"(140, 64, 1000)","(56, 64, 1000)",12,34567,0.5714285714285714
6,Tongue,Rest,55.54375433921814,0.6571428571428571,0.9642857142857144,"(140, 64, 1000)","(56, 64, 1000)",12,34567,0.65
6,Mis,Rest,54.261906147003174,0.5857142857142857,0.9642857142857143,"(140, 64, 1000)","(56, 64, 1000)",12,34567,0.55
