participant,class1,class2,running_time,test_acc,train_acc,test_size,train_size,train_block,test_block,test_acc_vote
7,Hand,Rest,52.42801141738891,0.7714285714285715,1.0,"(140, 64, 1000)","(56, 64, 1000)",12,34567,0.7785714285714286
7,Feet,Rest,51.99985694885254,0.7214285714285714,1.0,"(140, 64, 1000)","(56, 64, 1000)",12,34567,0.7071428571428571
7,Tongue,Rest,54.79249143600464,0.7071428571428572,1.0,"(140, 64, 1000)","(56, 64, 1000)",12,34567,0.6571428571428571
7,Mis,Rest,54.32379961013794,0.5571428571428572,1.0,"(140, 64, 1000)","(56, 64, 1000)",12,34567,0.5428571428571429
