participant,class1,class2,running_time,test_acc,train_acc,test_size,train_size,train_block,test_block,test_acc_vote
3,Hand,Rest,53.08411002159119,0.8928571428571429,1.0,"(112, 64, 1000)","(84, 64, 1000)",123,4567,0.8571428571428572
3,Feet,Rest,53.278202295303345,0.5803571428571429,0.9761904761904762,"(112, 64, 1000)","(84, 64, 1000)",123,4567,0.5535714285714286
3,Tongue,Rest,54.84101963043213,0.75,0.988095238095238,"(112, 64, 1000)","(84, 64, 1000)",123,4567,0.7232142857142857
3,Mis,Rest,55.06458878517151,0.7946428571428571,1.0,"(112, 64, 1000)","(84, 64, 1000)",123,4567,0.7678571428571428
