participant,class1,class2,running_time,test_acc,train_acc,test_size,train_size,train_block,test_block,test_acc_vote
6,Hand,Rest,11.033915758132936,0.7142857142857143,1.0,"(28, 64, 1000)","(56, 64, 1000)",12,28 randomly chosen!,0.7857142857142857
6,Feet,Rest,10.796815633773804,0.7857142857142857,1.0,"(28, 64, 1000)","(56, 64, 1000)",12,28 randomly chosen!,0.8928571428571429
6,Tongue,Rest,11.599578619003296,0.6428571428571429,1.0,"(28, 64, 1000)","(56, 64, 1000)",12,28 randomly chosen!,0.75
6,Mis,Rest,11.47631287574768,0.8928571428571429,1.0,"(28, 64, 1000)","(56, 64, 1000)",12,28 randomly chosen!,1.0
