participant,class1,class2,running_time,test_acc,train_acc,test_size,train_size,train_block,test_block,test_acc_vote
10,Hand,Rest,61.86482906341553,0.7321428571428571,1.0,"(56, 64, 1000)","(140, 64, 1000)",12345,67,0.6964285714285714
10,Feet,Rest,60.19988250732422,0.75,1.0,"(56, 64, 1000)","(140, 64, 1000)",12345,67,0.7321428571428572
10,Tongue,Rest,60.70264172554016,0.6071428571428571,1.0,"(56, 64, 1000)","(140, 64, 1000)",12345,67,0.5892857142857143
10,Mis,Rest,62.03394103050232,0.8035714285714286,1.0,"(56, 64, 1000)","(140, 64, 1000)",12345,67,0.75
