participant,class1,class2,running_time,test_acc,train_acc,test_size,train_size,train_block,test_block,test_acc_vote
3,Hand,Rest,68.04260778427124,0.9464285714285714,1.0,"(56, 64, 1000)","(140, 64, 1000)",12345,67,0.9464285714285714
3,Feet,Rest,56.14758324623108,0.6964285714285714,1.0,"(56, 64, 1000)","(140, 64, 1000)",12345,67,0.5535714285714286
3,Tongue,Rest,55.79911684989929,0.75,1.0,"(56, 64, 1000)","(140, 64, 1000)",12345,67,0.7142857142857143
3,Mis,Rest,56.50476288795471,0.8928571428571429,1.0,"(56, 64, 1000)","(140, 64, 1000)",12345,67,0.875
