participant,class1,class2,running_time,test_acc,train_acc,test_size,train_size,train_block,test_block,test_acc_vote
7,Hand,Rest,61.09239721298218,0.8571428571428571,1.0,"(56, 64, 1000)","(140, 64, 1000)",12345,67,0.8392857142857143
7,Feet,Rest,59.492199420928955,0.8214285714285714,1.0,"(56, 64, 1000)","(140, 64, 1000)",12345,67,0.8214285714285714
7,Tongue,Rest,59.302311420440674,0.7678571428571429,1.0,"(56, 64, 1000)","(140, 64, 1000)",12345,67,0.8035714285714286
7,Mis,Rest,58.78692412376404,0.75,1.0,"(56, 64, 1000)","(140, 64, 1000)",12345,67,0.7321428571428572
