participant,class1,class2,running_time,test_acc,train_acc,test_size,train_size,train_block,test_block,test_acc_vote
4,Hand,Rest,36.13523030281067,0.7767857142857143,1.0,"(112, 64, 500)","(112, 64, 500)",12,67,0.7767857142857143
4,Feet,Rest,35.90132427215576,0.7053571428571429,1.0,"(112, 64, 500)","(112, 64, 500)",12,67,0.7142857142857143
4,Tongue,Rest,36.079538106918335,0.6875,1.0,"(112, 64, 500)","(112, 64, 500)",12,67,0.6875
4,Mis,Rest,36.176692962646484,0.625,1.0,"(112, 64, 500)","(112, 64, 500)",12,67,0.6875
