participant,class1,class2,running_time,test_acc,train_acc,test_size,train_size,train_block,test_block,test_acc_vote
12,Hand,Rest,19.66008043289185,0.7857142857142857,0.9821428571428572,"(28, 64, 1000)","(112, 64, 1000)",1234,28 randomly chosen!,0.8214285714285714
12,Feet,Rest,19.60578989982605,0.7142857142857143,0.9821428571428572,"(28, 64, 1000)","(112, 64, 1000)",1234,28 randomly chosen!,0.7142857142857143
12,Tongue,Rest,19.781029224395752,0.75,0.9821428571428572,"(28, 64, 1000)","(112, 64, 1000)",1234,28 randomly chosen!,0.7857142857142857
12,Mis,Rest,19.61491084098816,0.7857142857142857,0.9642857142857143,"(28, 64, 1000)","(112, 64, 1000)",1234,28 randomly chosen!,0.8571428571428572
