participant,class1,class2,running_time,test_acc,train_acc,test_size,train_size,train_block,test_block,test_acc_vote
3,Hand,Rest,19.55781126022339,0.9285714285714286,0.9821428571428572,"(28, 64, 1000)","(112, 64, 1000)",1234,28 randomly chosen!,0.9285714285714286
3,Feet,Rest,19.511518001556396,0.8518518518518519,0.9910714285714286,"(27, 64, 1000)","(112, 64, 1000)",1234,27 randomly chosen!,0.8518518518518519
3,Tongue,Rest,19.360209941864017,0.8571428571428571,1.0,"(28, 64, 1000)","(112, 64, 1000)",1234,28 randomly chosen!,1.0
3,Mis,Rest,19.79440188407898,0.8571428571428571,0.9642857142857143,"(28, 64, 1000)","(112, 64, 1000)",1234,28 randomly chosen!,1.0
