participant,class1,class2,running_time,test_acc,train_acc,test_size,train_size,train_block,test_block,test_acc_vote
13,Hand,Rest,107.8913276195526,0.5871559633027523,1.0,"(654, 64, 1000)","(109, 64, 1000)",1,234567,0.6085626911314985
13,Feet,Rest,109.31525087356567,0.6620795107033639,1.0,"(654, 64, 1000)","(109, 64, 1000)",1,234567,0.672782874617737
13,Tongue,Rest,108.64547085762024,0.6926605504587156,1.0,"(654, 64, 1000)","(109, 64, 1000)",1,234567,0.7064220183486238
13,Mis,Rest,109.05509305000305,0.5611620795107034,1.0,"(654, 64, 1000)","(109, 64, 1000)",1,234567,0.5688073394495412
