participant,class1,class2,running_time,test_acc,train_acc,test_size,train_size,train_block,test_block,test_acc_vote
4,Hand,Rest,106.5543794631958,0.6834862385321101,1.0,"(654, 64, 1000)","(109, 64, 1000)",1,234567,0.6773700305810397
4,Feet,Rest,106.74777722358704,0.591743119266055,0.9908256880733946,"(654, 64, 1000)","(109, 64, 1000)",1,234567,0.5963302752293578
4,Tongue,Rest,110.97419381141664,0.5825688073394495,0.9908256880733946,"(654, 64, 1000)","(109, 64, 1000)",1,234567,0.581039755351682
4,Mis,Rest,107.95818948745728,0.5886850152905199,1.0,"(654, 64, 1000)","(109, 64, 1000)",1,234567,0.591743119266055
