participant,class1,class2,running_time,test_acc,train_acc,test_size,train_size,train_block,test_block,test_acc_vote
5,Hand,Rest,108.763658285141,0.581039755351682,1.0,"(654, 64, 1000)","(109, 64, 1000)",1,234567,0.5902140672782874
5,Feet,Rest,107.47950983047484,0.5061162079510704,1.0,"(654, 64, 1000)","(109, 64, 1000)",1,234567,0.5
5,Tongue,Rest,108.4233386516571,0.5382262996941896,1.0,"(654, 64, 1000)","(109, 64, 1000)",1,234567,0.5336391437308868
5,Mis,Rest,109.78471779823303,0.6834862385321101,1.0,"(654, 64, 1000)","(109, 64, 1000)",1,234567,0.6957186544342507
