participant,class1,class2,running_time,test_acc,train_acc,test_size,train_size,train_block,test_block,test_acc_vote
7,Hand,Rest,40.40287685394287,0.7678571428571429,1.0,"(56, 64, 1000)","(140, 64, 1000)",12345,67,0.8214285714285714
7,Feet,Rest,38.84636616706848,0.8392857142857143,1.0,"(56, 64, 1000)","(140, 64, 1000)",12345,67,0.8928571428571429
7,Tongue,Rest,40.54785871505737,0.6607142857142857,1.0,"(56, 64, 1000)","(140, 64, 1000)",12345,67,0.6964285714285714
7,Mis,Rest,41.01004219055176,0.7321428571428571,1.0,"(56, 64, 1000)","(140, 64, 1000)",12345,67,0.6607142857142857
