participant,class1,class2,running_time,test_acc,train_acc,test_size,train_size,train_block,test_block,test_acc_vote
6,Hand,Rest,63.68163561820984,0.6696428571428571,0.9404761904761904,"(224, 64, 250)","(336, 64, 250)",123,67,0.7008928571428572
6,Feet,Rest,63.823858976364136,0.5848214285714286,0.9136904761904762,"(224, 64, 250)","(336, 64, 250)",123,67,0.625
6,Tongue,Rest,63.69358444213867,0.6116071428571429,0.9315476190476192,"(224, 64, 250)","(336, 64, 250)",123,67,0.6116071428571428
6,Mis,Rest,63.84002733230591,0.6517857142857143,0.9136904761904762,"(224, 64, 250)","(336, 64, 250)",123,67,0.65625
