participant,class1,class2,running_time,test_acc,train_acc,test_size,train_size,train_block,test_block,test_acc_vote
9,Hand,Rest,64.07920002937317,0.8333333333333334,1.0,"(84, 64, 1000)","(112, 64, 1000)",1234,567,0.8214285714285714
9,Feet,Rest,62.093183517456055,0.9047619047619048,1.0,"(84, 64, 1000)","(112, 64, 1000)",1234,567,0.9166666666666666
9,Tongue,Rest,66.42772150039673,0.7976190476190477,1.0,"(84, 64, 1000)","(112, 64, 1000)",1234,567,0.7976190476190477
9,Mis,Rest,67.46230053901672,0.75,1.0,"(84, 64, 1000)","(112, 64, 1000)",1234,567,0.7261904761904762
