participant,class1,class2,running_time,test_acc,train_acc,test_size,train_size,train_block,test_block,test_acc_vote
10,Hand,Rest,85.40236186981201,0.7027027027027027,0.9369369369369368,"(222, 64, 500)","(444, 64, 500)",1234,67,0.7207207207207207
10,Feet,Rest,86.52197909355164,0.6126126126126126,0.9414414414414416,"(222, 64, 500)","(444, 64, 500)",1234,67,0.5990990990990991
10,Tongue,Rest,85.47260570526123,0.6441441441441441,0.9121621621621622,"(222, 64, 500)","(444, 64, 500)",1234,67,0.6531531531531531
10,Mis,Rest,86.06385707855225,0.7567567567567568,0.963963963963964,"(222, 64, 500)","(444, 64, 500)",1234,67,0.7612612612612613
