participant,class1,class2,running_time,test_acc,train_acc,test_size,train_size,train_block,test_block,test_acc_vote
11,Hand,Rest,85.82453751564026,0.8828828828828829,0.9324324324324323,"(222, 64, 500)","(444, 64, 500)",1234,67,0.90990990990991
11,Feet,Rest,85.3245906829834,0.8648648648648649,0.9414414414414416,"(222, 64, 500)","(444, 64, 500)",1234,67,0.8783783783783784
11,Tongue,Rest,87.43548011779785,0.6486486486486487,0.9684684684684683,"(222, 64, 500)","(444, 64, 500)",1234,67,0.6801801801801801
11,Mis,Rest,86.71862316131592,0.6846846846846847,0.972972972972973,"(222, 64, 500)","(444, 64, 500)",1234,67,0.6846846846846847
