participant,class1,class2,running_time,test_acc,train_acc,test_size,train_size,train_block,test_block,test_acc_vote
15,Hand,Rest,81.23301553726196,0.7882882882882883,0.9264705882352942,"(222, 64, 500)","(408, 64, 500)",1234,67,0.8018018018018018
15,Feet,Rest,84.9918167591095,0.7207207207207207,0.9617117117117115,"(222, 64, 500)","(444, 64, 500)",1234,67,0.7162162162162162
15,Tongue,Rest,85.7700207233429,0.6171171171171171,0.9572072072072072,"(222, 64, 500)","(444, 64, 500)",1234,67,0.6126126126126126
15,Mis,Rest,86.35911130905151,0.7027027027027027,0.9481981981981982,"(222, 64, 500)","(444, 64, 500)",1234,67,0.6936936936936937
