participant,class1,class2,running_time,test_acc,train_acc,test_size,train_size,train_block,test_block,test_acc_vote
17,Hand,Rest,86.08549356460571,0.7342342342342343,0.8896396396396397,"(222, 64, 500)","(444, 64, 500)",1234,67,0.7522522522522522
17,Feet,Rest,86.22538018226624,0.7162162162162162,0.8761261261261262,"(222, 64, 500)","(444, 64, 500)",1234,67,0.7297297297297297
17,Tongue,Rest,85.63999247550964,0.7342342342342343,0.9009009009009008,"(222, 64, 500)","(444, 64, 500)",1234,67,0.7297297297297297
17,Mis,Rest,86.83032608032227,0.7477477477477478,0.8986486486486487,"(222, 64, 500)","(444, 64, 500)",1234,67,0.7522522522522522
