participant,class1,class2,running_time,test_acc,train_acc,test_size,train_size,train_block,test_block,test_acc_vote
18,Hand,Rest,86.154381275177,0.6801801801801802,0.9144144144144144,"(222, 64, 500)","(444, 64, 500)",1234,67,0.6801801801801801
18,Feet,Rest,85.56336307525635,0.7297297297297297,0.9346846846846848,"(222, 64, 500)","(444, 64, 500)",1234,67,0.7342342342342343
18,Tongue,Rest,85.99112582206726,0.8243243243243243,0.9234234234234234,"(222, 64, 500)","(444, 64, 500)",1234,67,0.8513513513513513
18,Mis,Rest,85.8492820262909,0.7702702702702703,0.9301801801801802,"(222, 64, 500)","(444, 64, 500)",1234,67,0.7837837837837838
