participant,class1,class2,running_time,test_acc,train_acc,test_size,train_size,train_block,test_block,test_acc_vote
7,Hand,Rest,85.94155836105347,0.7477477477477478,0.9256756756756755,"(222, 64, 500)","(444, 64, 500)",1234,67,0.7657657657657657
7,Feet,Rest,85.47009205818176,0.8243243243243243,0.945945945945946,"(222, 64, 500)","(444, 64, 500)",1234,67,0.8513513513513513
7,Tongue,Rest,85.27106142044067,0.6801801801801802,0.9481981981981982,"(222, 64, 500)","(444, 64, 500)",1234,67,0.7432432432432432
7,Mis,Rest,86.51040196418762,0.6846846846846847,0.9414414414414415,"(222, 64, 500)","(444, 64, 500)",1234,67,0.7387387387387387
