participant,class1,class2,running_time,test_acc,train_acc,test_size,train_size,train_block,test_block,test_acc_vote
11,Hand,Rest,53.009440660476685,0.7927927927927928,1.0,"(222, 64, 500)","(222, 64, 500)",12,67,0.8108108108108107
11,Feet,Rest,53.68445539474487,0.8063063063063063,1.0,"(222, 64, 500)","(222, 64, 500)",12,67,0.8288288288288288
11,Tongue,Rest,53.46455454826355,0.5315315315315315,1.0,"(222, 64, 500)","(222, 64, 500)",12,67,0.527027027027027
11,Mis,Rest,52.85799860954285,0.581081081081081,1.0,"(222, 64, 500)","(222, 64, 500)",12,67,0.5945945945945945
