participant,class1,class2,running_time,test_acc,train_acc,test_size,train_size,train_block,test_block,test_acc_vote
13,Hand,Rest,52.75740671157837,0.5945945945945946,1.0,"(222, 64, 500)","(222, 64, 500)",12,67,0.5945945945945945
13,Feet,Rest,52.77195906639099,0.7072072072072072,1.0,"(222, 64, 500)","(222, 64, 500)",12,67,0.7522522522522522
13,Tongue,Rest,53.80050849914551,0.6846846846846847,1.0,"(222, 64, 500)","(222, 64, 500)",12,67,0.7117117117117118
13,Mis,Rest,53.45374512672424,0.5990990990990991,1.0,"(222, 64, 500)","(222, 64, 500)",12,67,0.5990990990990991
