participant,class1,class2,running_time,test_acc,train_acc,test_size,train_size,train_block,test_block,test_acc_vote
16,Hand,Rest,53.39848184585571,0.5495495495495496,1.0,"(222, 64, 500)","(222, 64, 500)",12,67,0.5855855855855856
16,Feet,Rest,53.38790559768677,0.6036036036036037,1.0,"(222, 64, 500)","(222, 64, 500)",12,67,0.5990990990990991
16,Tongue,Rest,53.165496826171875,0.6936936936936937,1.0,"(222, 64, 500)","(222, 64, 500)",12,67,0.7207207207207207
16,Mis,Rest,53.66749835014343,0.6396396396396397,1.0,"(222, 64, 500)","(222, 64, 500)",12,67,0.6486486486486487
