participant,class1,class2,running_time,test_acc,train_acc,test_size,train_size,train_block,test_block,test_acc_vote
19,Hand,Rest,52.21750020980835,0.6441441441441441,1.0,"(222, 64, 500)","(222, 64, 500)",12,67,0.6711711711711712
19,Feet,Rest,52.03370952606201,0.581081081081081,0.9954954954954957,"(222, 64, 500)","(222, 64, 500)",12,67,0.5810810810810811
19,Tongue,Rest,52.560731410980225,0.6486486486486487,1.0,"(222, 64, 500)","(222, 64, 500)",12,67,0.7162162162162162
19,Mis,Rest,52.54308772087097,0.6891891891891891,1.0,"(222, 64, 500)","(222, 64, 500)",12,67,0.7027027027027026
