participant,class1,class2,running_time,test_acc,train_acc,test_size,train_size,train_block,test_block,test_acc_vote
3,Hand,Rest,52.51093578338623,0.5990990990990991,1.0,"(222, 64, 500)","(222, 64, 500)",12,67,0.6036036036036037
3,Feet,Rest,52.485124826431274,0.5585585585585585,1.0,"(222, 64, 500)","(222, 64, 500)",12,67,0.5585585585585586
3,Tongue,Rest,52.623952865600586,0.5900900900900901,1.0,"(222, 64, 500)","(222, 64, 500)",12,67,0.5900900900900901
3,Mis,Rest,52.47709798812866,0.6171171171171171,1.0,"(222, 64, 500)","(222, 64, 500)",12,67,0.6216216216216216
