participant,class1,class2,running_time,test_acc,train_acc,test_size,train_size,train_block,test_block,test_acc_vote
5,Hand,Rest,53.29998993873596,0.581081081081081,1.0,"(222, 64, 500)","(222, 64, 500)",12,67,0.5855855855855856
5,Feet,Rest,53.63094329833984,0.6441441441441441,1.0,"(222, 64, 500)","(222, 64, 500)",12,67,0.6441441441441442
5,Tongue,Rest,53.15731763839722,0.5045045045045045,1.0,"(222, 64, 500)","(222, 64, 500)",12,67,0.4684684684684684
5,Mis,Rest,52.76220941543579,0.5585585585585585,1.0,"(222, 64, 500)","(222, 64, 500)",12,67,0.5585585585585586
