participant,class1,class2,running_time,test_acc,train_acc,test_size,train_size,train_block,test_block,test_acc_vote
7,Hand,Rest,52.71329617500305,0.7342342342342343,1.0,"(222, 64, 500)","(222, 64, 500)",12,67,0.7837837837837838
7,Feet,Rest,53.48642134666443,0.6351351351351351,1.0,"(222, 64, 500)","(222, 64, 500)",12,67,0.7027027027027026
7,Tongue,Rest,52.9639093875885,0.5315315315315315,1.0,"(222, 64, 500)","(222, 64, 500)",12,67,0.5315315315315315
7,Mis,Rest,53.933162689208984,0.6486486486486487,1.0,"(222, 64, 500)","(222, 64, 500)",12,67,0.6486486486486487
