participant,class1,class2,running_time,test_acc,train_acc,test_size,train_size,train_block,test_block,test_acc_vote
4,Hand,Rest,57.85763382911682,0.8392857142857143,0.9928571428571428,"(56, 64, 1000)","(140, 64, 1000)",12345,67,0.7857142857142857
4,Feet,Rest,58.88928985595703,0.8392857142857143,1.0,"(56, 64, 1000)","(140, 64, 1000)",12345,67,0.8214285714285714
4,Tongue,Rest,61.149956941604614,0.7142857142857143,1.0,"(56, 64, 1000)","(140, 64, 1000)",12345,67,0.6964285714285714
4,Mis,Rest,59.95829796791077,0.6964285714285714,1.0,"(56, 64, 1000)","(140, 64, 1000)",12345,67,0.6607142857142857
