participant,class1,class2,running_time,test_acc,train_acc,test_size,train_size,train_block,test_block,test_acc_vote
9,Hand,Rest,59.7502703666687,0.8392857142857143,0.9928571428571428,"(56, 64, 1000)","(140, 64, 1000)",12345,67,0.7678571428571428
9,Feet,Rest,59.79611396789551,0.875,0.9928571428571428,"(56, 64, 1000)","(140, 64, 1000)",12345,67,0.8392857142857143
9,Tongue,Rest,60.07501196861267,0.6964285714285714,0.9857142857142858,"(56, 64, 1000)","(140, 64, 1000)",12345,67,0.7142857142857143
9,Mis,Rest,60.43112540245056,0.7678571428571429,1.0,"(56, 64, 1000)","(140, 64, 1000)",12345,67,0.6964285714285714
