participant,class1,class2,running_time,test_acc,train_acc,test_size,train_size,train_block,test_block,test_acc_vote
10,Hand,Rest,53.433531045913696,0.6607142857142857,0.9642857142857144,"(112, 64, 1000)","(84, 64, 1000)",123,4567,0.6339285714285714
10,Feet,Rest,53.46143984794617,0.7321428571428571,1.0,"(112, 64, 1000)","(84, 64, 1000)",123,4567,0.6875
10,Tongue,Rest,55.04514503479004,0.6785714285714286,0.9523809523809524,"(112, 64, 1000)","(84, 64, 1000)",123,4567,0.6160714285714286
10,Mis,Rest,56.88626194000244,0.8035714285714286,0.9880952380952381,"(112, 64, 1000)","(84, 64, 1000)",123,4567,0.7678571428571428
