participant,class1,class2,running_time,test_acc,train_acc,test_size,train_size,train_block,test_block,test_acc_vote
11,Hand,Rest,54.79103446006775,0.8660714285714286,1.0,"(112, 64, 1000)","(84, 64, 1000)",123,4567,0.8482142857142857
11,Feet,Rest,54.20896553993225,0.9464285714285714,1.0,"(112, 64, 1000)","(84, 64, 1000)",123,4567,0.9553571428571428
11,Tongue,Rest,55.012508392333984,0.6339285714285714,0.988095238095238,"(112, 64, 1000)","(84, 64, 1000)",123,4567,0.6339285714285714
11,Mis,Rest,57.15113353729248,0.7410714285714286,1.0,"(112, 64, 1000)","(84, 64, 1000)",123,4567,0.7053571428571428
