participant,class1,class2,running_time,test_acc,train_acc,test_size,train_size,train_block,test_block,test_acc_vote
14,Hand,Rest,54.46154427528381,0.9285714285714286,1.0,"(112, 64, 1000)","(84, 64, 1000)",123,4567,0.8928571428571429
14,Feet,Rest,53.521525621414185,0.5803571428571429,1.0,"(112, 64, 1000)","(84, 64, 1000)",123,4567,0.5535714285714286
14,Tongue,Rest,55.03658127784729,0.6071428571428571,1.0,"(112, 64, 1000)","(84, 64, 1000)",123,4567,0.6071428571428572
14,Mis,Rest,55.485302209854126,0.6517857142857143,1.0,"(112, 64, 1000)","(84, 64, 1000)",123,4567,0.6964285714285714
