participant,class1,class2,running_time,test_acc,train_acc,test_size,train_size,train_block,test_block,test_acc_vote
7,Hand,Rest,53.3293981552124,0.8660714285714286,0.988095238095238,"(112, 64, 1000)","(84, 64, 1000)",123,4567,0.8928571428571429
7,Feet,Rest,55.090818643569946,0.8482142857142857,1.0,"(112, 64, 1000)","(84, 64, 1000)",123,4567,0.8392857142857143
7,Tongue,Rest,56.40016412734985,0.7767857142857143,0.988095238095238,"(112, 64, 1000)","(84, 64, 1000)",123,4567,0.7410714285714286
7,Mis,Rest,56.35356020927429,0.6696428571428571,1.0,"(112, 64, 1000)","(84, 64, 1000)",123,4567,0.6517857142857143
