class,test_acc,vote_acc
Hand,0.6935714285714285,0.6592857142857143
Feet,0.71,0.6757142857142857
Tongue,0.6049999999999999,0.5835714285714285
Mis,0.6321428571428571,0.5964285714285715
