participant,class1,class2,running_time,test_acc,train_acc,test_size,train_size,train_block,test_block,test_acc_vote
10,Hand,Rest,40.08519721031189,0.55,1.0,"(140, 64, 1000)","(56, 64, 1000)",12,34567,0.5142857142857142
10,Feet,Rest,40.0999870300293,0.6714285714285714,1.0,"(140, 64, 1000)","(56, 64, 1000)",12,34567,0.65
10,Tongue,Rest,41.25760340690613,0.5357142857142857,1.0,"(140, 64, 1000)","(56, 64, 1000)",12,34567,0.5285714285714286
10,Mis,Rest,41.3839476108551,0.7071428571428572,1.0,"(140, 64, 1000)","(56, 64, 1000)",12,34567,0.6642857142857144
