participant,class1,class2,running_time,test_acc,train_acc,test_size,train_size,train_block,test_block,test_acc_vote
11,Hand,Rest,39.75161266326904,0.7857142857142857,1.0,"(140, 64, 1000)","(56, 64, 1000)",12,34567,0.7642857142857142
11,Feet,Rest,40.04916191101074,0.9214285714285714,1.0,"(140, 64, 1000)","(56, 64, 1000)",12,34567,0.9071428571428573
11,Tongue,Rest,41.92395257949829,0.6428571428571429,1.0,"(140, 64, 1000)","(56, 64, 1000)",12,34567,0.6
11,Mis,Rest,41.44534778594971,0.7142857142857143,1.0,"(140, 64, 1000)","(56, 64, 1000)",12,34567,0.6642857142857144
