participant,class1,class2,running_time,test_acc,train_acc,test_size,train_size,train_block,test_block,test_acc_vote
14,Hand,Rest,40.122748374938965,0.7571428571428571,1.0,"(140, 64, 1000)","(56, 64, 1000)",12,34567,0.7214285714285714
14,Feet,Rest,40.23747944831848,0.6142857142857143,1.0,"(140, 64, 1000)","(56, 64, 1000)",12,34567,0.5714285714285714
14,Tongue,Rest,41.249614000320435,0.5928571428571429,1.0,"(140, 64, 1000)","(56, 64, 1000)",12,34567,0.6285714285714286
14,Mis,Rest,41.35026025772095,0.6285714285714286,1.0,"(140, 64, 1000)","(56, 64, 1000)",12,34567,0.6214285714285714
