participant,class1,class2,running_time,test_acc,train_acc,test_size,train_size,train_block,test_block,test_acc_vote
3,Hand,Rest,38.46835231781006,0.5714285714285714,1.0,"(140, 64, 1000)","(56, 64, 1000)",12,34567,0.5142857142857142
3,Feet,Rest,38.482282876968384,0.7071428571428572,1.0,"(140, 64, 1000)","(56, 64, 1000)",12,34567,0.6642857142857144
3,Tongue,Rest,40.62759327888489,0.5928571428571429,1.0,"(140, 64, 1000)","(56, 64, 1000)",12,34567,0.55
3,Mis,Rest,42.10068655014038,0.5571428571428572,1.0,"(140, 64, 1000)","(56, 64, 1000)",12,34567,0.5071428571428571
