participant,class1,class2,running_time,test_acc,train_acc,test_size,train_size,train_block,test_block,test_acc_vote
5,Hand,Rest,40.348570346832275,0.6357142857142857,1.0,"(140, 64, 1000)","(56, 64, 1000)",12,34567,0.65
5,Feet,Rest,39.864380836486816,0.5785714285714286,1.0,"(140, 64, 1000)","(56, 64, 1000)",12,34567,0.55
5,Tongue,Rest,41.231759548187256,0.7285714285714285,1.0,"(140, 64, 1000)","(56, 64, 1000)",12,34567,0.6785714285714286
5,Mis,Rest,41.220707654953,0.65,1.0,"(140, 64, 1000)","(56, 64, 1000)",12,34567,0.5857142857142856
