participant,class1,class2,running_time,test_acc,train_acc,test_size,train_size,train_block,test_block,test_acc_vote
7,Hand,Rest,40.034393548965454,0.6928571428571428,1.0,"(140, 64, 1000)","(56, 64, 1000)",12,34567,0.6285714285714286
7,Feet,Rest,40.02530598640442,0.7571428571428571,1.0,"(140, 64, 1000)","(56, 64, 1000)",12,34567,0.7285714285714286
7,Tongue,Rest,41.12147641181946,0.6285714285714286,1.0,"(140, 64, 1000)","(56, 64, 1000)",12,34567,0.6071428571428572
7,Mis,Rest,41.311169385910034,0.5928571428571429,1.0,"(140, 64, 1000)","(56, 64, 1000)",12,34567,0.6071428571428572
