participant,class1,class2,running_time,test_acc,train_acc,test_size,train_size,train_block,test_block,test_acc_vote
9,Hand,Rest,40.07301354408264,0.8285714285714286,1.0,"(140, 64, 1000)","(56, 64, 1000)",12,34567,0.7714285714285715
9,Feet,Rest,39.91196632385254,0.6785714285714286,1.0,"(140, 64, 1000)","(56, 64, 1000)",12,34567,0.6357142857142857
9,Tongue,Rest,40.97852969169617,0.4642857142857143,1.0,"(140, 64, 1000)","(56, 64, 1000)",12,34567,0.4357142857142857
9,Mis,Rest,41.604854106903076,0.5571428571428572,1.0,"(140, 64, 1000)","(56, 64, 1000)",12,34567,0.5571428571428572
