participant,class1,class2,running_time,test_acc,train_acc,test_size,train_size,train_block,test_block,test_acc_vote
16,Hand,Rest,145.30937695503235,0.5871559633027523,0.9669724770642202,"(218, 64, 1000)","(545, 64, 1000)",12345,67,0.5779816513761468
16,Feet,Rest,144.8206787109375,0.6788990825688074,0.9724770642201837,"(218, 64, 1000)","(545, 64, 1000)",12345,67,0.6788990825688073
16,Tongue,Rest,145.5244927406311,0.8119266055045872,0.9761467889908256,"(218, 64, 1000)","(545, 64, 1000)",12345,67,0.8211009174311926
16,Mis,Rest,143.85806512832642,0.7201834862385321,0.9522935779816514,"(218, 64, 1000)","(545, 64, 1000)",12345,67,0.7339449541284404
