participant,class1,class2,running_time,test_acc,train_acc,test_size,train_size,train_block,test_block,test_acc_vote
17,Hand,Rest,143.87877798080444,0.7798165137614679,0.9706422018348624,"(218, 64, 1000)","(545, 64, 1000)",12345,67,0.7935779816513762
17,Feet,Rest,144.81991386413574,0.7064220183486238,0.9486238532110092,"(218, 64, 1000)","(545, 64, 1000)",12345,67,0.7247706422018348
17,Tongue,Rest,144.92171263694763,0.7889908256880734,0.9541284403669724,"(218, 64, 1000)","(545, 64, 1000)",12345,67,0.8027522935779816
17,Mis,Rest,144.82545804977417,0.8394495412844036,0.9486238532110092,"(218, 64, 1000)","(545, 64, 1000)",12345,67,0.8440366972477065
