participant,class1,class2,running_time,test_acc,train_acc,test_size,train_size,train_block,test_block,test_acc_vote
6,Hand,Rest,143.93677830696106,0.555045871559633,0.9853211009174312,"(218, 64, 1000)","(545, 64, 1000)",12345,67,0.536697247706422
6,Feet,Rest,145.27688574790955,0.6467889908256881,0.9761467889908256,"(218, 64, 1000)","(545, 64, 1000)",12345,67,0.6467889908256881
6,Tongue,Rest,143.5997166633606,0.6972477064220184,0.9743119266055046,"(218, 64, 1000)","(545, 64, 1000)",12345,67,0.7018348623853211
6,Mis,Rest,144.68065881729126,0.6605504587155964,0.9724770642201835,"(218, 64, 1000)","(545, 64, 1000)",12345,67,0.6559633027522935
