participant,class1,class2,running_time,test_acc,train_acc,test_size,train_size,train_block,test_block,test_acc_vote
7,Hand,Rest,143.38901329040527,0.7064220183486238,0.9779816513761468,"(218, 64, 1000)","(545, 64, 1000)",12345,67,0.7201834862385321
7,Feet,Rest,144.97881627082825,0.7385321100917431,0.9908256880733946,"(218, 64, 1000)","(545, 64, 1000)",12345,67,0.7339449541284404
7,Tongue,Rest,144.7378795146942,0.6467889908256881,0.98348623853211,"(218, 64, 1000)","(545, 64, 1000)",12345,67,0.6422018348623852
7,Mis,Rest,145.19128513336182,0.6055045871559633,0.9669724770642202,"(218, 64, 1000)","(545, 64, 1000)",12345,67,0.6146788990825688
