participant,class1,class2,running_time,test_acc,train_acc,test_size,train_size,train_block,test_block,test_acc_vote
14,Hand,Rest,37.93932223320007,0.8571428571428571,1.0,"(84, 64, 1000)","(112, 64, 1000)",1234,567,0.7857142857142857
14,Feet,Rest,38.021132707595825,0.7976190476190477,1.0,"(84, 64, 1000)","(112, 64, 1000)",1234,567,0.8095238095238095
14,Tongue,Rest,40.07964754104614,0.6666666666666666,1.0,"(84, 64, 1000)","(112, 64, 1000)",1234,567,0.5833333333333333
14,Mis,Rest,39.50119423866272,0.6428571428571429,1.0,"(84, 64, 1000)","(112, 64, 1000)",1234,567,0.6309523809523809
