participant,class1,class2,running_time,test_acc,train_acc,test_size,train_size,train_block,test_block,test_acc_vote
3,Hand,Rest,38.077277421951294,0.8452380952380952,1.0,"(84, 64, 1000)","(112, 64, 1000)",1234,567,0.8214285714285714
3,Feet,Rest,38.3967022895813,0.5714285714285714,1.0,"(84, 64, 1000)","(112, 64, 1000)",1234,567,0.5476190476190477
3,Tongue,Rest,39.22024178504944,0.7738095238095238,1.0,"(84, 64, 1000)","(112, 64, 1000)",1234,567,0.7142857142857143
3,Mis,Rest,39.32588005065918,0.8214285714285714,1.0,"(84, 64, 1000)","(112, 64, 1000)",1234,567,0.7619047619047619
