participant,class1,class2,running_time,test_acc,train_acc,test_size,train_size,train_block,test_block,test_acc_vote
4,Hand,Rest,37.824589014053345,0.8809523809523809,1.0,"(84, 64, 1000)","(112, 64, 1000)",1234,567,0.8809523809523809
4,Feet,Rest,38.16426730155945,0.8333333333333334,1.0,"(84, 64, 1000)","(112, 64, 1000)",1234,567,0.7738095238095238
4,Tongue,Rest,39.15554618835449,0.7023809523809523,1.0,"(84, 64, 1000)","(112, 64, 1000)",1234,567,0.6190476190476191
4,Mis,Rest,38.6162052154541,0.75,1.0,"(84, 64, 1000)","(112, 64, 1000)",1234,567,0.7261904761904762
