participant,class1,class2,running_time,test_acc,train_acc,test_size,train_size,train_block,test_block,test_acc_vote
10,Hand,Rest,48.02609825134277,0.5275229357798165,1.0,"(218, 64, 1000)","(109, 64, 1000)",1,67,0.5137614678899083
10,Feet,Rest,47.82916569709778,0.481651376146789,1.0,"(218, 64, 1000)","(109, 64, 1000)",1,67,0.463302752293578
10,Tongue,Rest,47.99680972099304,0.5321100917431193,1.0,"(218, 64, 1000)","(109, 64, 1000)",1,67,0.5458715596330275
10,Mis,Rest,48.62138390541077,0.5642201834862385,1.0,"(218, 64, 1000)","(109, 64, 1000)",1,67,0.555045871559633
