participant,class1,class2,running_time,test_acc,train_acc,test_size,train_size,train_block,test_block,test_acc_vote
11,Hand,Rest,48.85145664215088,0.591743119266055,1.0,"(218, 64, 1000)","(109, 64, 1000)",1,67,0.6055045871559632
11,Feet,Rest,48.47413945198059,0.8211009174311926,1.0,"(218, 64, 1000)","(109, 64, 1000)",1,67,0.8348623853211009
11,Tongue,Rest,48.09790682792664,0.5091743119266054,1.0,"(218, 64, 1000)","(109, 64, 1000)",1,67,0.518348623853211
11,Mis,Rest,48.41080951690674,0.518348623853211,1.0,"(218, 64, 1000)","(109, 64, 1000)",1,67,0.5
