participant,class1,class2,running_time,test_acc,train_acc,test_size,train_size,train_block,test_block,test_acc_vote
17,Hand,Rest,48.4045946598053,0.591743119266055,1.0,"(218, 64, 1000)","(109, 64, 1000)",1,67,0.5871559633027523
17,Feet,Rest,49.1371328830719,0.518348623853211,1.0,"(218, 64, 1000)","(109, 64, 1000)",1,67,0.5
17,Tongue,Rest,48.001007318496704,0.5504587155963303,1.0,"(218, 64, 1000)","(109, 64, 1000)",1,67,0.5688073394495412
17,Mis,Rest,48.007874965667725,0.5137614678899083,1.0,"(218, 64, 1000)","(109, 64, 1000)",1,67,0.5045871559633027
