participant,class1,class2,running_time,test_acc,train_acc,test_size,train_size,train_block,test_block,test_acc_vote
3,Hand,Rest,48.21863961219787,0.573394495412844,1.0,"(218, 64, 1000)","(109, 64, 1000)",1,67,0.5642201834862386
3,Feet,Rest,48.768370628356934,0.4862385321100917,1.0,"(218, 64, 1000)","(109, 64, 1000)",1,67,0.481651376146789
3,Tongue,Rest,47.973294496536255,0.5871559633027523,1.0,"(218, 64, 1000)","(109, 64, 1000)",1,67,0.5871559633027523
3,Mis,Rest,48.87004470825195,0.6513761467889908,1.0,"(218, 64, 1000)","(109, 64, 1000)",1,67,0.6330275229357798
