participant,class1,class2,running_time,test_acc,train_acc,test_size,train_size,train_block,test_block,test_acc_vote
6,Hand,Rest,48.86124658584595,0.6513761467889908,1.0,"(218, 64, 1000)","(109, 64, 1000)",1,67,0.6651376146788991
6,Feet,Rest,48.86833357810974,0.4862385321100917,1.0,"(218, 64, 1000)","(109, 64, 1000)",1,67,0.4862385321100917
6,Tongue,Rest,48.772833585739136,0.5596330275229358,0.9908256880733946,"(218, 64, 1000)","(109, 64, 1000)",1,67,0.573394495412844
6,Mis,Rest,48.82456588745117,0.6605504587155964,1.0,"(218, 64, 1000)","(109, 64, 1000)",1,67,0.6697247706422018
