participant,class1,class2,running_time,test_acc,train_acc,test_size,train_size,train_block,test_block,test_acc_vote
7,Hand,Rest,48.63486194610596,0.7201834862385321,1.0,"(218, 64, 1000)","(109, 64, 1000)",1,67,0.7614678899082569
7,Feet,Rest,49.40388607978821,0.6100917431192661,1.0,"(218, 64, 1000)","(109, 64, 1000)",1,67,0.6192660550458715
7,Tongue,Rest,48.17421293258667,0.481651376146789,1.0,"(218, 64, 1000)","(109, 64, 1000)",1,67,0.4862385321100917
7,Mis,Rest,48.30315327644348,0.5779816513761468,1.0,"(218, 64, 1000)","(109, 64, 1000)",1,67,0.5825688073394495
