class,test_acc,vote_acc
Tongue,0.7678571428571429,0.7249999999999999
