participant,class1,class2,running_time,test_acc,train_acc,test_size,train_size,train_block,test_block,test_acc_vote
10,Hand,Rest,60.29124975204468,0.7678571428571429,1.0,"(56, 64, 1000)","(140, 64, 1000)",12345,67,0.6964285714285714
10,Feet,Rest,60.33143568038941,0.6428571428571429,0.9928571428571428,"(56, 64, 1000)","(140, 64, 1000)",12345,67,0.6428571428571428
10,Tongue,Rest,63.630187034606934,0.625,0.9714285714285714,"(56, 64, 1000)","(140, 64, 1000)",12345,67,0.6607142857142857
10,Mis,Rest,63.43148922920227,0.9285714285714286,0.9928571428571429,"(56, 64, 1000)","(140, 64, 1000)",12345,67,0.8928571428571429
