participant,class1,class2,running_time,test_acc,train_acc,test_size,train_size,train_block,test_block,test_acc_vote
6,Hand,Rest,76.1760606765747,0.75,0.9928571428571428,"(56, 64, 1000)","(140, 64, 1000)",12345,67,0.7142857142857143
6,Feet,Rest,77.87374925613403,0.7678571428571429,1.0,"(56, 64, 1000)","(140, 64, 1000)",12345,67,0.7321428571428572
6,Tongue,Rest,62.33030605316162,0.8214285714285714,1.0,"(56, 64, 1000)","(140, 64, 1000)",12345,67,0.8214285714285714
6,Mis,Rest,63.31531739234924,0.7142857142857143,0.9857142857142858,"(56, 64, 1000)","(140, 64, 1000)",12345,67,0.75
