participant,class1,class2,running_time,test_acc,train_acc,test_size,train_size,train_block,test_block,test_acc_vote
7,Hand,Rest,67.93865013122559,0.7857142857142857,1.0,"(56, 64, 1000)","(140, 64, 1000)",12345,67,0.8214285714285714
7,Feet,Rest,75.44482564926147,0.8571428571428571,0.9928571428571428,"(56, 64, 1000)","(140, 64, 1000)",12345,67,0.875
7,Tongue,Rest,79.05765676498413,0.6785714285714286,0.9928571428571428,"(56, 64, 1000)","(140, 64, 1000)",12345,67,0.6071428571428572
7,Mis,Rest,65.1923885345459,0.7142857142857143,0.9714285714285714,"(56, 64, 1000)","(140, 64, 1000)",12345,67,0.6428571428571428
