participant,class1,class2,running_time,test_acc,train_acc,test_size,train_size,train_block,test_block,test_acc_vote
9,Hand,Rest,62.16431140899658,0.8928571428571429,0.9928571428571428,"(56, 64, 1000)","(140, 64, 1000)",12345,67,0.8571428571428572
9,Feet,Rest,61.12261462211609,0.8928571428571429,0.9928571428571428,"(56, 64, 1000)","(140, 64, 1000)",12345,67,0.8571428571428572
9,Tongue,Rest,63.67552447319031,0.6964285714285714,0.9642857142857144,"(56, 64, 1000)","(140, 64, 1000)",12345,67,0.6964285714285714
9,Mis,Rest,62.65663456916809,0.6785714285714286,0.9857142857142858,"(56, 64, 1000)","(140, 64, 1000)",12345,67,0.6785714285714286
