participant,class1,class2,running_time,test_acc,train_acc,test_size,train_size,train_block,test_block,test_acc_vote
14,Hand,Rest,55.311201333999634,0.9166666666666666,0.9910714285714286,"(84, 64, 1000)","(112, 64, 1000)",1234,567,0.8928571428571429
14,Feet,Rest,55.32844400405884,0.7857142857142857,0.9196428571428572,"(84, 64, 1000)","(112, 64, 1000)",1234,567,0.75
14,Tongue,Rest,56.846683502197266,0.5238095238095238,0.8660714285714286,"(84, 64, 1000)","(112, 64, 1000)",1234,567,0.5357142857142857
14,Mis,Rest,57.05014109611511,0.7261904761904762,0.9017857142857143,"(84, 64, 1000)","(112, 64, 1000)",1234,567,0.7023809523809523
