participant,class1,class2,running_time,test_acc,train_acc,test_size,train_size,train_block,test_block,test_acc_vote
6,Hand,Rest,55.13735508918762,0.75,0.9553571428571428,"(84, 64, 1000)","(112, 64, 1000)",1234,567,0.7619047619047619
6,Feet,Rest,55.44764447212219,0.8452380952380952,0.9553571428571428,"(84, 64, 1000)","(112, 64, 1000)",1234,567,0.8571428571428572
6,Tongue,Rest,56.973548412323,0.7380952380952381,0.9553571428571428,"(84, 64, 1000)","(112, 64, 1000)",1234,567,0.7738095238095238
6,Mis,Rest,57.29910397529602,0.6547619047619048,0.8392857142857143,"(84, 64, 1000)","(112, 64, 1000)",1234,567,0.5714285714285714
