participant,class1,class2,running_time,test_acc,train_acc,test_size,train_size,train_block,test_block,test_acc_vote
9,Hand,Rest,55.448477268218994,0.9166666666666666,0.9464285714285714,"(84, 64, 1000)","(112, 64, 1000)",1234,567,0.8928571428571429
9,Feet,Rest,56.411203145980835,0.8928571428571429,0.9285714285714286,"(84, 64, 1000)","(112, 64, 1000)",1234,567,0.8690476190476191
9,Tongue,Rest,57.89804196357727,0.6309523809523809,0.8928571428571429,"(84, 64, 1000)","(112, 64, 1000)",1234,567,0.6309523809523809
9,Mis,Rest,57.916921615600586,0.7380952380952381,0.8660714285714286,"(84, 64, 1000)","(112, 64, 1000)",1234,567,0.7142857142857143
