participant,class1,class2,running_time,test_acc,train_acc,test_size,train_size,train_block,test_block,test_acc_vote
13,Hand,Rest,70.41849327087402,0.6216216216216216,1.0,"(222, 64, 500)","(333, 64, 500)",123,67,0.6351351351351351
13,Feet,Rest,70.56831240653992,0.7477477477477478,1.0,"(222, 64, 500)","(333, 64, 500)",123,67,0.7792792792792793
13,Tongue,Rest,69.7129807472229,0.7117117117117117,1.0,"(222, 64, 500)","(333, 64, 500)",123,67,0.7432432432432432
13,Mis,Rest,70.16909146308899,0.6486486486486487,1.0,"(222, 64, 500)","(333, 64, 500)",123,67,0.6711711711711712
