participant,class1,class2,running_time,test_acc,train_acc,test_size,train_size,train_block,test_block,test_acc_vote
17,Hand,Rest,71.21089744567871,0.6981981981981982,1.0,"(222, 64, 500)","(333, 64, 500)",123,67,0.7387387387387387
17,Feet,Rest,70.7546637058258,0.7207207207207207,1.0,"(222, 64, 500)","(333, 64, 500)",123,67,0.7387387387387387
17,Tongue,Rest,70.13124513626099,0.7477477477477478,1.0,"(222, 64, 500)","(333, 64, 500)",123,67,0.7792792792792793
17,Mis,Rest,69.92160367965698,0.7207207207207207,1.0,"(222, 64, 500)","(333, 64, 500)",123,67,0.7387387387387387
