participant,class1,class2,running_time,test_acc,train_acc,test_size,train_size,train_block,test_block,test_acc_vote
19,Hand,Rest,70.1720986366272,0.7657657657657657,1.0,"(222, 64, 500)","(333, 64, 500)",123,67,0.8153153153153153
19,Feet,Rest,70.41564059257507,0.5945945945945946,1.0,"(222, 64, 500)","(333, 64, 500)",123,67,0.6126126126126126
19,Tongue,Rest,70.52779746055603,0.6891891891891891,1.0,"(222, 64, 500)","(333, 64, 500)",123,67,0.6981981981981982
19,Mis,Rest,70.46422958374023,0.6891891891891891,1.0,"(222, 64, 500)","(333, 64, 500)",123,67,0.6846846846846847
