participant,class1,class2,running_time,test_acc,train_acc,test_size,train_size,train_block,test_block,test_acc_vote
5,Hand,Rest,52.5218391418457,0.4345238095238095,1.0,"(168, 64, 1000)","(28, 64, 1000)",1,234567,0.4523809523809523
5,Feet,Rest,53.702303886413574,0.5416666666666666,1.0,"(168, 64, 1000)","(28, 64, 1000)",1,234567,0.5416666666666667
5,Tongue,Rest,52.780399322509766,0.5178571428571429,1.0,"(168, 64, 1000)","(28, 64, 1000)",1,234567,0.5119047619047619
5,Mis,Rest,54.938339948654175,0.44642857142857145,1.0,"(168, 64, 1000)","(28, 64, 1000)",1,234567,0.47023809523809523
