participant,class1,class2,running_time,test_acc,train_acc,test_size,train_size,train_block,test_block,test_acc_vote
7,Hand,Rest,51.11716914176941,0.6190476190476191,1.0,"(168, 64, 1000)","(28, 64, 1000)",1,234567,0.6369047619047619
7,Feet,Rest,52.231197118759155,0.5476190476190477,1.0,"(168, 64, 1000)","(28, 64, 1000)",1,234567,0.5476190476190477
7,Tongue,Rest,53.00100612640381,0.5119047619047619,1.0,"(168, 64, 1000)","(28, 64, 1000)",1,234567,0.5119047619047619
7,Mis,Rest,52.618797063827515,0.4880952380952381,1.0,"(168, 64, 1000)","(28, 64, 1000)",1,234567,0.5059523809523809
