participant,class1,class2,running_time,test_acc,train_acc,test_size,train_size,train_block,test_block,test_acc_vote
11,Hand,Rest,50.351569175720215,0.5833333333333334,1.0,"(168, 64, 1000)","(28, 64, 1000)",1,234567,0.5833333333333333
11,Feet,Rest,49.512948751449585,0.6726190476190477,1.0,"(168, 64, 1000)","(28, 64, 1000)",1,234567,0.6011904761904762
11,Tongue,Rest,51.21119666099548,0.6011904761904762,1.0,"(168, 64, 1000)","(28, 64, 1000)",1,234567,0.5595238095238095
11,Mis,Rest,50.690014362335205,0.5773809523809523,1.0,"(168, 64, 1000)","(28, 64, 1000)",1,234567,0.5416666666666667
