class,test_acc,vote_acc
Hand,0.5226190476190478,0.513392857142857
Feet,0.51875,0.5139880952380952
Tongue,0.5107142857142856,0.5098214285714284
Mis,0.5044642857142858,0.5086309523809524
