participant,class1,class2,running_time,test_acc,train_acc,test_size,train_size,train_block,test_block,test_acc_vote
10,Hand,Rest,91.26971292495728,0.5,1.0,"(336, 64, 500)","(56, 64, 500)",1,234567,0.494047619047619
10,Feet,Rest,90.86126613616943,0.5,1.0,"(336, 64, 500)","(56, 64, 500)",1,234567,0.5059523809523809
10,Tongue,Rest,82.99462580680847,0.5,1.0,"(336, 64, 500)","(56, 64, 500)",1,234567,0.5059523809523809
10,Mis,Rest,82.25565838813782,0.5,1.0,"(336, 64, 500)","(56, 64, 500)",1,234567,0.5059523809523809
