participant,class1,class2,running_time,test_acc,train_acc,test_size,train_size,train_block,test_block,test_acc_vote
11,Hand,Rest,87.26313376426697,0.5208333333333334,1.0,"(336, 64, 500)","(56, 64, 500)",1,234567,0.5208333333333333
11,Feet,Rest,89.70252799987793,0.5208333333333334,1.0,"(336, 64, 500)","(56, 64, 500)",1,234567,0.5119047619047619
11,Tongue,Rest,91.46951293945312,0.5,1.0,"(336, 64, 500)","(56, 64, 500)",1,234567,0.5148809523809523
11,Mis,Rest,86.53288149833679,0.5,1.0,"(336, 64, 500)","(56, 64, 500)",1,234567,0.5178571428571428
