participant,class1,class2,running_time,test_acc,train_acc,test_size,train_size,train_block,test_block,test_acc_vote
13,Hand,Rest,90.9279670715332,0.5059523809523809,1.0,"(336, 64, 500)","(56, 64, 500)",1,234567,0.494047619047619
13,Feet,Rest,91.14112424850464,0.5,1.0,"(336, 64, 500)","(56, 64, 500)",1,234567,0.494047619047619
13,Tongue,Rest,95.77590751647948,0.5565476190476191,1.0,"(336, 64, 500)","(56, 64, 500)",1,234567,0.5446428571428572
13,Mis,Rest,93.95138454437256,0.5,1.0,"(336, 64, 500)","(56, 64, 500)",1,234567,0.49404761904761907
