participant,class1,class2,running_time,test_acc,train_acc,test_size,train_size,train_block,test_block,test_acc_vote
14,Hand,Rest,80.83380198478699,0.5119047619047619,1.0,"(336, 64, 500)","(56, 64, 500)",1,234567,0.4732142857142857
14,Feet,Rest,91.92616963386536,0.5208333333333334,1.0,"(336, 64, 500)","(56, 64, 500)",1,234567,0.4970238095238095
14,Tongue,Rest,94.50287342071532,0.5,1.0,"(336, 64, 500)","(56, 64, 500)",1,234567,0.494047619047619
14,Mis,Rest,78.07445025444031,0.5089285714285714,1.0,"(336, 64, 500)","(56, 64, 500)",1,234567,0.5089285714285714
