participant,class1,class2,running_time,test_acc,train_acc,test_size,train_size,train_block,test_block,test_acc_vote
4,Hand,Rest,89.11532425880432,0.5267857142857143,1.0,"(336, 64, 500)","(56, 64, 500)",1,234567,0.5238095238095238
4,Feet,Rest,89.4686758518219,0.5982142857142857,1.0,"(336, 64, 500)","(56, 64, 500)",1,234567,0.6041666666666667
4,Tongue,Rest,90.07856726646423,0.5148809523809523,1.0,"(336, 64, 500)","(56, 64, 500)",1,234567,0.5059523809523809
4,Mis,Rest,76.58361887931824,0.5178571428571429,1.0,"(336, 64, 500)","(56, 64, 500)",1,234567,0.5327380952380952
