participant,class1,class2,running_time,test_acc,train_acc,test_size,train_size,train_block,test_block,test_acc_vote
5,Hand,Rest,71.74843716621399,0.4970238095238095,1.0,"(336, 64, 500)","(56, 64, 500)",1,234567,0.494047619047619
5,Feet,Rest,72.83475375175476,0.5029761904761905,1.0,"(336, 64, 500)","(56, 64, 500)",1,234567,0.5119047619047619
5,Tongue,Rest,80.6508195400238,0.4970238095238095,1.0,"(336, 64, 500)","(56, 64, 500)",1,234567,0.5029761904761905
5,Mis,Rest,88.77979183197021,0.5089285714285714,1.0,"(336, 64, 500)","(56, 64, 500)",1,234567,0.5119047619047619
