participant,class1,class2,running_time,test_acc,train_acc,test_size,train_size,train_block,test_block,test_acc_vote
6,Hand,Rest,88.77617359161377,0.5595238095238095,1.0,"(336, 64, 500)","(56, 64, 500)",1,234567,0.5565476190476191
6,Feet,Rest,82.04369020462036,0.5,1.0,"(336, 64, 500)","(56, 64, 500)",1,234567,0.4970238095238095
6,Tongue,Rest,88.15355896949768,0.5089285714285714,1.0,"(336, 64, 500)","(56, 64, 500)",1,234567,0.5089285714285714
6,Mis,Rest,91.9541003704071,0.5178571428571429,1.0,"(336, 64, 500)","(56, 64, 500)",1,234567,0.5148809523809523
