participant,class1,class2,running_time,test_acc,train_acc,test_size,train_size,train_block,test_block,test_acc_vote
17,Hand,Rest,84.488361120224,0.7612612612612613,0.9009009009009008,"(222, 64, 500)","(444, 64, 500)",1234,67,0.7657657657657657
17,Feet,Rest,85.40421605110168,0.7027027027027027,0.8806306306306306,"(222, 64, 500)","(444, 64, 500)",1234,67,0.7297297297297297
17,Tongue,Rest,86.6338438987732,0.7477477477477478,0.9662162162162162,"(222, 64, 500)","(444, 64, 500)",1234,67,0.7567567567567568
17,Mis,Rest,86.35208940505981,0.8018018018018018,0.9324324324324325,"(222, 64, 500)","(444, 64, 500)",1234,67,0.8063063063063063
