participant,class1,class2,running_time,test_acc,train_acc,test_size,train_size,train_block,test_block,test_acc_vote
4,Hand,Rest,84.90592885017395,0.7882882882882883,0.963963963963964,"(222, 64, 500)","(444, 64, 500)",1234,67,0.7882882882882882
4,Feet,Rest,84.61260557174683,0.7162162162162162,0.954954954954955,"(222, 64, 500)","(444, 64, 500)",1234,67,0.7297297297297297
4,Tongue,Rest,84.97700619697571,0.7207207207207207,0.9662162162162162,"(222, 64, 500)","(444, 64, 500)",1234,67,0.7387387387387387
4,Mis,Rest,86.71670842170715,0.7072072072072072,0.972972972972973,"(222, 64, 500)","(444, 64, 500)",1234,67,0.6936936936936937
