class,test_acc,vote_acc
Hand,0.758858858858859,0.7750750750750751
Feet,0.7276276276276276,0.7423423423423423
Tongue,0.721021021021021,0.748048048048048
Mis,0.722222222222222,0.7372372372372372
