participant,class1,class2,running_time,test_acc,train_acc,test_size,train_size,train_block,test_block,test_acc_vote
19,Hand,Rest,68.13336157798767,0.8063063063063063,0.8873873873873874,"(222, 64, 500)","(444, 64, 500)",1234,67,0.8333333333333334
19,Feet,Rest,70.62884736061096,0.6126126126126126,0.9572072072072072,"(222, 64, 500)","(444, 64, 500)",1234,67,0.6351351351351351
19,Tongue,Rest,68.2428343296051,0.8153153153153153,0.8806306306306306,"(222, 64, 500)","(444, 64, 500)",1234,67,0.8423423423423424
19,Mis,Rest,74.8145866394043,0.7522522522522522,0.9324324324324325,"(222, 64, 500)","(444, 64, 500)",1234,67,0.7837837837837838
