participant,class1,class2,running_time,test_acc,train_acc,test_size,train_size,train_block,test_block,test_acc_vote
7,Hand,Rest,104.3005952835083,0.7162162162162162,0.9144144144144144,"(222, 64, 500)","(444, 64, 500)",1234,67,0.7297297297297297
7,Feet,Rest,71.32819557189941,0.8108108108108109,0.927927927927928,"(222, 64, 500)","(444, 64, 500)",1234,67,0.8378378378378378
7,Tongue,Rest,70.4308295249939,0.6936936936936937,0.9234234234234234,"(222, 64, 500)","(444, 64, 500)",1234,67,0.7477477477477478
7,Mis,Rest,69.08786177635193,0.6981981981981982,0.9076576576576577,"(222, 64, 500)","(444, 64, 500)",1234,67,0.7297297297297297
