participant,class1,class2,running_time,test_acc,train_acc,test_size,train_size,train_block,test_block,test_acc_vote
9,Hand,Rest,73.47097611427307,0.8873873873873874,0.9009009009009008,"(222, 64, 500)","(444, 64, 500)",1234,67,0.9144144144144144
9,Feet,Rest,70.0168104171753,0.8828828828828829,0.9391891891891893,"(222, 64, 500)","(444, 64, 500)",1234,67,0.8963963963963963
9,Tongue,Rest,71.64947509765625,0.7297297297297297,0.8783783783783784,"(222, 64, 500)","(444, 64, 500)",1234,67,0.7702702702702703
9,Mis,Rest,69.27347135543823,0.6846846846846847,0.9031531531531531,"(222, 64, 500)","(444, 64, 500)",1234,67,0.6801801801801801
