participant,class1,class2,running_time,test_acc,train_acc,test_size,train_size,train_block,test_block,test_acc_vote
11,Hand,Rest,146.50621151924133,0.8486238532110092,1.0,"(218, 64, 1000)","(545, 64, 1000)",12345,67,0.8577981651376146
11,Feet,Rest,131.09879422187805,0.8944954128440367,1.0,"(218, 64, 1000)","(545, 64, 1000)",12345,67,0.8944954128440367
11,Tongue,Rest,134.1731255054474,0.6880733944954128,1.0,"(218, 64, 1000)","(545, 64, 1000)",12345,67,0.6880733944954128
11,Mis,Rest,141.11322402954102,0.6972477064220184,1.0,"(218, 64, 1000)","(545, 64, 1000)",12345,67,0.7201834862385321
