participant,class1,class2,running_time,test_acc,train_acc,test_size,train_size,train_block,test_block,test_acc_vote
14,Hand,Rest,35.273417949676514,0.7428571428571429,1.0,"(140, 64, 1000)","(56, 64, 1000)",12,34567,0.7142857142857143
14,Feet,Rest,35.258586168289185,0.6428571428571429,1.0,"(140, 64, 1000)","(56, 64, 1000)",12,34567,0.6357142857142857
14,Tongue,Rest,36.44028854370117,0.5714285714285714,1.0,"(140, 64, 1000)","(56, 64, 1000)",12,34567,0.5428571428571429
14,Mis,Rest,36.04084324836731,0.6928571428571428,1.0,"(140, 64, 1000)","(56, 64, 1000)",12,34567,0.6714285714285715
