participant,class1,class2,running_time,test_acc,train_acc,test_size,train_size,train_block,test_block,test_acc_vote
5,Hand,Rest,35.60243105888367,0.5928571428571429,1.0,"(140, 64, 1000)","(56, 64, 1000)",12,34567,0.5285714285714286
5,Feet,Rest,35.342689752578735,0.7,1.0,"(140, 64, 1000)","(56, 64, 1000)",12,34567,0.7
5,Tongue,Rest,36.1442756652832,0.6142857142857143,1.0,"(140, 64, 1000)","(56, 64, 1000)",12,34567,0.5714285714285714
5,Mis,Rest,36.27930402755737,0.6357142857142857,1.0,"(140, 64, 1000)","(56, 64, 1000)",12,34567,0.5928571428571429
