participant,class1,class2,running_time,test_acc,train_acc,test_size,train_size,train_block,test_block,test_acc_vote
9,Hand,Rest,35.52819752693176,0.8428571428571429,1.0,"(140, 64, 1000)","(56, 64, 1000)",12,34567,0.8071428571428572
9,Feet,Rest,35.39995980262756,0.6857142857142857,1.0,"(140, 64, 1000)","(56, 64, 1000)",12,34567,0.6
9,Tongue,Rest,36.53081703186035,0.4714285714285714,1.0,"(140, 64, 1000)","(56, 64, 1000)",12,34567,0.3857142857142857
9,Mis,Rest,36.283236265182495,0.55,1.0,"(140, 64, 1000)","(56, 64, 1000)",12,34567,0.55
