participant,class1,class2,running_time,test_acc,train_acc,test_size,train_size,train_block,test_block,test_acc_vote
3,Hand,Rest,119.1779007911682,0.823394495412844,1.0,"(436, 64, 1000)","(327, 64, 1000)",123,4567,0.8325688073394495
3,Feet,Rest,119.2968544960022,0.6330275229357798,1.0,"(436, 64, 1000)","(327, 64, 1000)",123,4567,0.6559633027522935
3,Tongue,Rest,121.85328650474548,0.6238532110091743,1.0,"(436, 64, 1000)","(327, 64, 1000)",123,4567,0.6238532110091743
3,Mis,Rest,124.23960089683533,0.7339449541284404,1.0,"(436, 64, 1000)","(327, 64, 1000)",123,4567,0.75
