participant,class1,class2,running_time,test_acc,train_acc,test_size,train_size,train_block,test_block,test_acc_vote
5,Hand,Rest,123.17764520645142,0.6238532110091743,1.0,"(436, 64, 1000)","(327, 64, 1000)",123,4567,0.6467889908256881
5,Feet,Rest,121.53187942504884,0.6513761467889908,1.0,"(436, 64, 1000)","(327, 64, 1000)",123,4567,0.6536697247706422
5,Tongue,Rest,124.10256910324097,0.7935779816513762,1.0,"(436, 64, 1000)","(327, 64, 1000)",123,4567,0.8027522935779816
5,Mis,Rest,122.19961047172546,0.573394495412844,1.0,"(436, 64, 1000)","(327, 64, 1000)",123,4567,0.5756880733944953
