class,test_acc,vote_acc
Hand,0.8,0.8008928571428571
Feet,0.7535714285714287,0.7526785714285715
Tongue,0.7044642857142858,0.7160714285714287
Mis,0.6883928571428571,0.6910714285714288
