participant,class1,class2,running_time,test_acc,train_acc,test_size,train_size,train_block,test_block,test_acc_vote
14,Hand,Rest,93.22426295280457,0.875,1.0,"(112, 64, 500)","(280, 64, 500)",12345,67,0.8303571428571428
14,Feet,Rest,88.55591058731079,0.7589285714285714,1.0,"(112, 64, 500)","(280, 64, 500)",12345,67,0.7857142857142857
14,Tongue,Rest,87.3058545589447,0.7053571428571429,1.0,"(112, 64, 500)","(280, 64, 500)",12345,67,0.7410714285714286
14,Mis,Rest,95.83778429031372,0.5982142857142857,1.0,"(112, 64, 500)","(280, 64, 500)",12345,67,0.5892857142857143
