participant,class1,class2,running_time,test_acc,train_acc,test_size,train_size,train_block,test_block,test_acc_vote
5,Hand,Rest,72.96896982192993,0.75,1.0,"(112, 64, 500)","(280, 64, 500)",12345,67,0.7767857142857143
5,Feet,Rest,88.38713335990906,0.7053571428571429,1.0,"(112, 64, 500)","(280, 64, 500)",12345,67,0.6875
5,Tongue,Rest,83.32183623313904,0.7321428571428571,1.0,"(112, 64, 500)","(280, 64, 500)",12345,67,0.7589285714285714
5,Mis,Rest,97.9013159275055,0.6875,1.0,"(112, 64, 500)","(280, 64, 500)",12345,67,0.7053571428571428
