participant,class1,class2,running_time,test_acc,train_acc,test_size,train_size,train_block,test_block,test_acc_vote
7,Hand,Rest,98.66977286338806,0.8035714285714286,1.0,"(112, 64, 500)","(280, 64, 500)",12345,67,0.8571428571428572
7,Feet,Rest,85.91249442100525,0.7857142857142857,1.0,"(112, 64, 500)","(280, 64, 500)",12345,67,0.8392857142857143
7,Tongue,Rest,83.1460428237915,0.6339285714285714,1.0,"(112, 64, 500)","(280, 64, 500)",12345,67,0.6785714285714286
7,Mis,Rest,86.10707211494446,0.6607142857142857,1.0,"(112, 64, 500)","(280, 64, 500)",12345,67,0.6696428571428572
