participant,class1,class2,running_time,test_acc,train_acc,test_size,train_size,train_block,test_block,test_acc_vote
9,Hand,Rest,90.75315475463869,0.8482142857142857,1.0,"(112, 64, 500)","(280, 64, 500)",12345,67,0.8482142857142857
9,Feet,Rest,84.01966571807861,0.8928571428571429,1.0,"(112, 64, 500)","(280, 64, 500)",12345,67,0.9017857142857144
9,Tongue,Rest,89.3705563545227,0.7142857142857143,1.0,"(112, 64, 500)","(280, 64, 500)",12345,67,0.7589285714285714
9,Mis,Rest,84.26949334144592,0.75,1.0,"(112, 64, 500)","(280, 64, 500)",12345,67,0.7767857142857143
