participant,class1,class2,running_time,test_acc,train_acc,test_size,train_size,train_block,test_block,test_acc_vote
15,Hand,Rest,9.53787875175476,0.5714285714285714,1.0,"(28, 64, 1123)","(28, 64, 1123)",1,28 randomly chosen!,0.6428571428571428
15,Feet,Rest,9.05897068977356,0.6071428571428571,1.0,"(28, 64, 1123)","(28, 64, 1123)",1,28 randomly chosen!,0.5714285714285714
15,Tongue,Rest,8.965380907058716,0.5714285714285714,1.0,"(28, 64, 1123)","(28, 64, 1123)",1,28 randomly chosen!,0.5357142857142857
15,Mis,Rest,9.237172842025757,0.5714285714285714,1.0,"(28, 64, 1123)","(28, 64, 1123)",1,28 randomly chosen!,0.5357142857142857
