participant,class1,class2,running_time,test_acc,train_acc,test_size,train_size,train_block,test_block,test_acc_vote
2,Hand,Rest,9.19280219078064,0.9642857142857144,1.0,"(28, 64, 1123)","(28, 64, 1123)",1,28 randomly chosen!,1.0
2,Feet,Rest,9.26199197769165,0.8214285714285714,1.0,"(28, 64, 1123)","(28, 64, 1123)",1,28 randomly chosen!,0.9285714285714286
2,Tongue,Rest,9.10534143447876,0.7142857142857143,1.0,"(28, 64, 1123)","(28, 64, 1123)",1,28 randomly chosen!,0.8928571428571429
2,Mis,Rest,8.475470542907715,0.75,1.0,"(28, 64, 1123)","(28, 64, 1123)",1,28 randomly chosen!,0.8214285714285714
