participant,class1,class2,running_time,test_acc,train_acc,test_size,train_size,train_block,test_block,test_acc_vote
7,Hand,Rest,9.13964557647705,0.8571428571428571,1.0,"(28, 64, 1123)","(28, 64, 1123)",1,28 randomly chosen!,0.7857142857142857
7,Feet,Rest,8.540395259857178,0.7857142857142857,1.0,"(28, 64, 1123)","(28, 64, 1123)",1,28 randomly chosen!,0.8571428571428572
7,Tongue,Rest,8.904235601425171,0.7857142857142857,1.0,"(28, 64, 1123)","(28, 64, 1123)",1,28 randomly chosen!,0.7857142857142857
7,Mis,Rest,8.428757905960083,0.6785714285714286,1.0,"(28, 64, 1123)","(28, 64, 1123)",1,28 randomly chosen!,0.6785714285714286
