participant,class1,class2,running_time,test_acc,train_acc,test_size,train_size,train_block,test_block,test_acc_vote
10,Hand,Rest,56.13423299789429,0.6547619047619048,1.0,"(84, 64, 1000)","(112, 64, 1000)",1234,567,0.5952380952380952
10,Feet,Rest,54.012298822402954,0.6547619047619048,1.0,"(84, 64, 1000)","(112, 64, 1000)",1234,567,0.6071428571428572
10,Tongue,Rest,55.84368419647217,0.6190476190476191,1.0,"(84, 64, 1000)","(112, 64, 1000)",1234,567,0.5714285714285714
10,Mis,Rest,56.41318607330322,0.7023809523809523,1.0,"(84, 64, 1000)","(112, 64, 1000)",1234,567,0.6428571428571428
