participant,class1,class2,running_time,test_acc,train_acc,test_size,train_size,train_block,test_block,test_acc_vote
11,Hand,Rest,53.834317445755005,0.9404761904761904,1.0,"(84, 64, 1000)","(112, 64, 1000)",1234,567,0.9166666666666666
11,Feet,Rest,54.408971309661865,0.9285714285714286,1.0,"(84, 64, 1000)","(112, 64, 1000)",1234,567,0.8928571428571429
11,Tongue,Rest,57.27577495574951,0.6428571428571429,1.0,"(84, 64, 1000)","(112, 64, 1000)",1234,567,0.5952380952380952
11,Mis,Rest,56.56903600692749,0.7023809523809523,1.0,"(84, 64, 1000)","(112, 64, 1000)",1234,567,0.6190476190476191
