participant,class1,class2,running_time,test_acc,train_acc,test_size,train_size,train_block,test_block,test_acc_vote
13,Hand,Rest,54.23904848098755,0.6547619047619048,1.0,"(84, 64, 1000)","(112, 64, 1000)",1234,567,0.5833333333333333
13,Feet,Rest,55.36434531211853,0.7738095238095238,1.0,"(84, 64, 1000)","(112, 64, 1000)",1234,567,0.7976190476190477
13,Tongue,Rest,56.86389946937561,0.7857142857142857,1.0,"(84, 64, 1000)","(112, 64, 1000)",1234,567,0.7023809523809523
13,Mis,Rest,56.03316068649292,0.7857142857142857,1.0,"(84, 64, 1000)","(112, 64, 1000)",1234,567,0.7142857142857143
