participant,class1,class2,running_time,test_acc,train_acc,test_size,train_size,train_block,test_block,test_acc_vote
3,Hand,Rest,54.83042645454407,0.8452380952380952,1.0,"(84, 64, 1000)","(112, 64, 1000)",1234,567,0.8095238095238095
3,Feet,Rest,54.70643663406372,0.6190476190476191,1.0,"(84, 64, 1000)","(112, 64, 1000)",1234,567,0.5595238095238095
3,Tongue,Rest,55.82928395271301,0.7619047619047619,1.0,"(84, 64, 1000)","(112, 64, 1000)",1234,567,0.7142857142857143
3,Mis,Rest,55.37228298187256,0.8452380952380952,1.0,"(84, 64, 1000)","(112, 64, 1000)",1234,567,0.8095238095238095
