participant,class1,class2,running_time,test_acc,train_acc,test_size,train_size,train_block,test_block,test_acc_vote
4,Hand,Rest,72.05413961410522,0.8073394495412844,1.0,"(218, 64, 1000)","(218, 64, 1000)",12,67,0.8073394495412844
4,Feet,Rest,70.86452269554138,0.7247706422018348,1.0,"(218, 64, 1000)","(218, 64, 1000)",12,67,0.7201834862385321
4,Tongue,Rest,69.95443916320801,0.7431192660550459,1.0,"(218, 64, 1000)","(218, 64, 1000)",12,67,0.7477064220183487
4,Mis,Rest,71.74824857711792,0.6559633027522935,1.0,"(218, 64, 1000)","(218, 64, 1000)",12,67,0.6513761467889908
