participant,class1,class2,running_time,test_acc,train_acc,test_size,train_size,train_block,test_block,test_acc_vote
7,Hand,Rest,71.33698225021362,0.7614678899082569,1.0,"(218, 64, 1000)","(218, 64, 1000)",12,67,0.7660550458715596
7,Feet,Rest,71.75426173210144,0.7110091743119266,1.0,"(218, 64, 1000)","(218, 64, 1000)",12,67,0.7293577981651376
7,Tongue,Rest,70.26124310493469,0.5779816513761468,1.0,"(218, 64, 1000)","(218, 64, 1000)",12,67,0.6009174311926606
7,Mis,Rest,72.36169624328613,0.6238532110091743,1.0,"(218, 64, 1000)","(218, 64, 1000)",12,67,0.6330275229357798
