participant,class1,class2,running_time,test_acc,train_acc,test_size,train_size,train_block,test_block,test_acc_vote
10,Hand,Rest,48.721919536590576,0.7142857142857143,0.9732142857142856,"(56, 64, 1000)","(112, 64, 1000)",1234,67,0.6607142857142857
10,Feet,Rest,48.05963659286499,0.625,0.9732142857142856,"(56, 64, 1000)","(112, 64, 1000)",1234,67,0.6071428571428572
10,Tongue,Rest,47.93350887298584,0.6785714285714286,0.9732142857142856,"(56, 64, 1000)","(112, 64, 1000)",1234,67,0.625
10,Mis,Rest,47.770594120025635,0.7857142857142857,0.9910714285714286,"(56, 64, 1000)","(112, 64, 1000)",1234,67,0.6964285714285714
