participant,class1,class2,running_time,test_acc,train_acc,test_size,train_size,train_block,test_block,test_acc_vote
15,Hand,Rest,46.07761192321777,0.8571428571428571,1.0,"(56, 64, 1000)","(103, 64, 1000)",1234,67,0.8214285714285714
15,Feet,Rest,49.02411484718323,0.8214285714285714,0.9910714285714286,"(56, 64, 1000)","(112, 64, 1000)",1234,67,0.7857142857142857
15,Tongue,Rest,47.629722356796265,0.6607142857142857,0.9821428571428572,"(56, 64, 1000)","(112, 64, 1000)",1234,67,0.6785714285714286
15,Mis,Rest,47.54834175109863,0.6607142857142857,1.0,"(56, 64, 1000)","(112, 64, 1000)",1234,67,0.5892857142857143
