participant,class1,class2,running_time,test_acc,train_acc,test_size,train_size,train_block,test_block,test_acc_vote
16,Hand,Rest,47.54533362388611,0.6785714285714286,0.9821428571428572,"(56, 64, 1000)","(112, 64, 1000)",1234,67,0.7142857142857143
16,Feet,Rest,47.52428913116455,0.7142857142857143,1.0,"(56, 64, 1000)","(112, 64, 1000)",1234,67,0.6964285714285714
16,Tongue,Rest,47.6357626914978,0.8035714285714286,1.0,"(56, 64, 1000)","(112, 64, 1000)",1234,67,0.8035714285714286
16,Mis,Rest,47.971076250076294,0.8571428571428571,0.9375,"(56, 64, 1000)","(112, 64, 1000)",1234,67,0.8392857142857143
