participant,class1,class2,running_time,test_acc,train_acc,test_size,train_size,train_block,test_block,test_acc_vote
3,Hand,Rest,48.29408931732178,0.875,0.9732142857142856,"(56, 64, 1000)","(112, 64, 1000)",1234,67,0.8571428571428572
3,Feet,Rest,48.20190215110779,0.6607142857142857,0.9642857142857144,"(56, 64, 1000)","(112, 64, 1000)",1234,67,0.6428571428571428
3,Tongue,Rest,48.167168617248535,0.7857142857142857,0.9553571428571428,"(56, 64, 1000)","(112, 64, 1000)",1234,67,0.6964285714285714
3,Mis,Rest,47.3695433139801,0.875,0.9732142857142857,"(56, 64, 1000)","(112, 64, 1000)",1234,67,0.8571428571428572
