participant,class1,class2,running_time,test_acc,train_acc,test_size,train_size,train_block,test_block,test_acc_vote
6,Hand,Rest,47.51045656204224,0.7678571428571429,0.9910714285714286,"(56, 64, 1000)","(112, 64, 1000)",1234,67,0.7321428571428572
6,Feet,Rest,47.53595972061157,0.8392857142857143,1.0,"(56, 64, 1000)","(112, 64, 1000)",1234,67,0.8214285714285714
6,Tongue,Rest,47.77280640602112,0.7321428571428571,0.9642857142857144,"(56, 64, 1000)","(112, 64, 1000)",1234,67,0.6964285714285714
6,Mis,Rest,49.05211615562439,0.6964285714285714,0.9910714285714286,"(56, 64, 1000)","(112, 64, 1000)",1234,67,0.6785714285714286
