participant,class1,class2,running_time,test_acc,train_acc,test_size,train_size,train_block,test_block,test_acc_vote
9,Hand,Rest,47.96581745147705,0.8214285714285714,0.9821428571428572,"(56, 64, 1000)","(112, 64, 1000)",1234,67,0.7678571428571428
9,Feet,Rest,47.620779037475586,0.9285714285714286,0.9910714285714286,"(56, 64, 1000)","(112, 64, 1000)",1234,67,0.9107142857142856
9,Tongue,Rest,47.56474995613098,0.75,0.9910714285714286,"(56, 64, 1000)","(112, 64, 1000)",1234,67,0.7142857142857143
9,Mis,Rest,48.04332661628723,0.75,0.9642857142857143,"(56, 64, 1000)","(112, 64, 1000)",1234,67,0.7321428571428572
