participant,class1,class2,running_time,test_acc,train_acc,test_size,train_size,train_block,test_block,test_acc_vote
10,Hand,Rest,91.61809158325195,0.6391437308868502,0.9655963302752294,"(327, 64, 1000)","(436, 64, 1000)",1234,567,0.6391437308868502
10,Feet,Rest,91.46264934539796,0.6207951070336392,0.9357798165137616,"(327, 64, 1000)","(436, 64, 1000)",1234,567,0.6330275229357798
10,Tongue,Rest,92.51541447639464,0.6636085626911316,0.9564220183486238,"(327, 64, 1000)","(436, 64, 1000)",1234,567,0.6636085626911314
10,Mis,Rest,92.70058274269104,0.8501529051987767,0.9564220183486238,"(327, 64, 1000)","(436, 64, 1000)",1234,567,0.8562691131498471
