participant,class1,class2,running_time,test_acc,train_acc,test_size,train_size,train_block,test_block,test_acc_vote
4,Hand,Rest,53.08038949966431,0.7976190476190477,1.0,"(168, 64, 1000)","(28, 64, 1000)",1,234567,0.7559523809523809
4,Feet,Rest,52.43347525596619,0.5416666666666666,1.0,"(168, 64, 1000)","(28, 64, 1000)",1,234567,0.5297619047619048
4,Tongue,Rest,53.81388950347901,0.5119047619047619,1.0,"(168, 64, 1000)","(28, 64, 1000)",1,234567,0.5059523809523809
4,Mis,Rest,53.56526446342468,0.5297619047619048,1.0,"(168, 64, 1000)","(28, 64, 1000)",1,234567,0.5297619047619048
