participant,class1,class2,running_time,test_acc,train_acc,test_size,train_size,train_block,test_block,test_acc_vote
15,Hand,Rest,25.9497127532959,0.7410714285714286,1.0,"(112, 64, 500)","(56, 64, 500)",1,67,0.7589285714285714
15,Feet,Rest,25.94141221046448,0.5625,1.0,"(112, 64, 500)","(56, 64, 500)",1,67,0.5892857142857143
15,Tongue,Rest,26.120078563690186,0.5357142857142857,1.0,"(112, 64, 500)","(56, 64, 500)",1,67,0.4732142857142857
15,Mis,Rest,26.68729043006897,0.5535714285714286,1.0,"(112, 64, 500)","(56, 64, 500)",1,67,0.5625
