participant,class1,class2,running_time,test_acc,train_acc,test_size,train_size,train_block,test_block,test_acc_vote
17,Hand,Rest,26.48200488090515,0.7232142857142857,1.0,"(112, 64, 500)","(56, 64, 500)",1,67,0.8214285714285714
17,Feet,Rest,26.657273292541504,0.6339285714285714,1.0,"(112, 64, 500)","(56, 64, 500)",1,67,0.6428571428571428
17,Tongue,Rest,26.48698139190674,0.5892857142857143,1.0,"(112, 64, 500)","(56, 64, 500)",1,67,0.6160714285714286
17,Mis,Rest,26.535735607147217,0.4375,1.0,"(112, 64, 500)","(56, 64, 500)",1,67,0.4821428571428571
