participant,class1,class2,running_time,test_acc,train_acc,test_size,train_size,train_block,test_block,test_acc_vote
18,Hand,Rest,26.60287880897522,0.5714285714285714,1.0,"(112, 64, 500)","(56, 64, 500)",1,67,0.625
18,Feet,Rest,26.06550645828247,0.5446428571428571,1.0,"(112, 64, 500)","(56, 64, 500)",1,67,0.5803571428571428
18,Tongue,Rest,26.082810401916504,0.6517857142857143,1.0,"(112, 64, 500)","(56, 64, 500)",1,67,0.6696428571428572
18,Mis,Rest,25.969995737075806,0.5714285714285714,1.0,"(112, 64, 500)","(56, 64, 500)",1,67,0.5535714285714286
