participant,class1,class2,running_time,test_acc,train_acc,test_size,train_size,train_block,test_block,test_acc_vote
5,Hand,Rest,26.677399158477783,0.6071428571428571,1.0,"(112, 64, 500)","(56, 64, 500)",1,67,0.6696428571428572
5,Feet,Rest,26.6835515499115,0.5982142857142857,1.0,"(112, 64, 500)","(56, 64, 500)",1,67,0.6160714285714286
5,Tongue,Rest,26.457817554473877,0.4910714285714285,1.0,"(112, 64, 500)","(56, 64, 500)",1,67,0.5
5,Mis,Rest,26.746446132659912,0.5267857142857143,1.0,"(112, 64, 500)","(56, 64, 500)",1,67,0.5357142857142857
