participant,class1,class2,running_time,test_acc,train_acc,test_size,train_size,train_block,test_block,test_acc_vote
7,Hand,Rest,26.727590799331665,0.6875,1.0,"(112, 64, 500)","(56, 64, 500)",1,67,0.7232142857142857
7,Feet,Rest,26.615385055541992,0.5357142857142857,1.0,"(112, 64, 500)","(56, 64, 500)",1,67,0.4821428571428571
7,Tongue,Rest,26.521949291229248,0.5178571428571429,1.0,"(112, 64, 500)","(56, 64, 500)",1,67,0.4910714285714286
7,Mis,Rest,26.246837854385376,0.5982142857142857,1.0,"(112, 64, 500)","(56, 64, 500)",1,67,0.6160714285714286
