participant,class1,class2,running_time,test_acc,train_acc,test_size,train_size,train_block,test_block,test_acc_vote
9,Hand,Rest,26.15527391433716,0.6964285714285714,1.0,"(112, 64, 500)","(56, 64, 500)",1,67,0.7410714285714286
9,Feet,Rest,26.28892946243286,0.625,1.0,"(112, 64, 500)","(56, 64, 500)",1,67,0.6607142857142857
9,Tongue,Rest,26.492141485214233,0.4821428571428571,1.0,"(112, 64, 500)","(56, 64, 500)",1,67,0.4910714285714286
9,Mis,Rest,26.582926750183105,0.4642857142857143,1.0,"(112, 64, 500)","(56, 64, 500)",1,67,0.4285714285714286
