participant,class1,class2,running_time,test_acc,train_acc,test_size,train_size,train_block,test_block,test_acc_vote
13,Hand,Rest,129.95685267448425,0.7293577981651376,0.91131498470948,"(436, 64, 1000)","(327, 64, 1000)",123,4567,0.7454128440366973
13,Feet,Rest,135.2334086894989,0.805045871559633,0.9694189602446484,"(436, 64, 1000)","(327, 64, 1000)",123,4567,0.8073394495412844
13,Tongue,Rest,130.73707675933838,0.7454128440366973,0.9602446483180428,"(436, 64, 1000)","(327, 64, 1000)",123,4567,0.7545871559633027
13,Mis,Rest,128.68287301063538,0.7568807339449541,0.9296636085626911,"(436, 64, 1000)","(327, 64, 1000)",123,4567,0.7821100917431193
