participant,class1,class2,running_time,test_acc,train_acc,test_size,train_size,train_block,test_block,test_acc_vote
3,Hand,Rest,54.558724880218506,0.875,1.0,"(112, 64, 1000)","(84, 64, 1000)",123,4567,0.8571428571428572
3,Feet,Rest,53.96830630302429,0.5535714285714286,1.0,"(112, 64, 1000)","(84, 64, 1000)",123,4567,0.5178571428571428
3,Tongue,Rest,55.740129232406616,0.6964285714285714,1.0,"(112, 64, 1000)","(84, 64, 1000)",123,4567,0.6785714285714286
3,Mis,Rest,55.19018077850342,0.8303571428571429,1.0,"(112, 64, 1000)","(84, 64, 1000)",123,4567,0.8303571428571428
