participant,class1,class2,running_time,test_acc,train_acc,test_size,train_size,train_block,test_block,test_acc_vote
9,Hand,Rest,53.33427739143371,0.8660714285714286,1.0,"(112, 64, 1000)","(84, 64, 1000)",123,4567,0.8392857142857143
9,Feet,Rest,53.96972560882568,0.9107142857142856,1.0,"(112, 64, 1000)","(84, 64, 1000)",123,4567,0.8928571428571429
9,Tongue,Rest,55.31345891952515,0.7321428571428571,1.0,"(112, 64, 1000)","(84, 64, 1000)",123,4567,0.7321428571428572
9,Mis,Rest,55.36068677902222,0.6875,1.0,"(112, 64, 1000)","(84, 64, 1000)",123,4567,0.7142857142857143
