participant,class1,class2,running_time,test_acc,train_acc,test_size,train_size,train_block,test_block,test_acc_vote
10,Hand,Rest,38.06413269042969,0.7857142857142857,0.9928571428571428,"(56, 64, 1000)","(140, 64, 1000)",12345,67,0.7321428571428572
10,Feet,Rest,38.090553283691406,0.7142857142857143,0.9785714285714284,"(56, 64, 1000)","(140, 64, 1000)",12345,67,0.6607142857142857
10,Tongue,Rest,38.830135107040405,0.6964285714285714,0.9714285714285714,"(56, 64, 1000)","(140, 64, 1000)",12345,67,0.6964285714285714
10,Mis,Rest,38.71072793006897,0.9285714285714286,0.9928571428571429,"(56, 64, 1000)","(140, 64, 1000)",12345,67,0.9107142857142857
