participant,class1,class2,running_time,test_acc,train_acc,test_size,train_size,train_block,test_block,test_acc_vote
5,Hand,Rest,36.78007245063782,0.5803571428571429,1.0,"(224, 64, 250)","(112, 64, 250)",1,67,0.6026785714285714
5,Feet,Rest,36.8581862449646,0.6339285714285714,1.0,"(224, 64, 250)","(112, 64, 250)",1,67,0.6160714285714286
5,Tongue,Rest,36.53270506858826,0.5,1.0,"(224, 64, 250)","(112, 64, 250)",1,67,0.5044642857142857
5,Mis,Rest,36.6290967464447,0.49107142857142855,1.0,"(224, 64, 250)","(112, 64, 250)",1,67,0.4642857142857143
