participant,class1,class2,running_time,test_acc,train_acc,test_size,train_size,train_block,test_block,test_acc_vote
6,Hand,Rest,37.00719046592712,0.625,1.0,"(224, 64, 250)","(112, 64, 250)",1,67,0.625
6,Feet,Rest,37.33047151565552,0.625,1.0,"(224, 64, 250)","(112, 64, 250)",1,67,0.6294642857142857
6,Tongue,Rest,37.22567415237427,0.5535714285714286,0.9910714285714286,"(224, 64, 250)","(112, 64, 250)",1,67,0.5580357142857143
6,Mis,Rest,37.12303423881531,0.5625,1.0,"(224, 64, 250)","(112, 64, 250)",1,67,0.5892857142857143
