class,test_acc,vote_acc
Hand,0.8464285714285713,0.8285714285714285
Feet,0.8071428571428573,0.8017857142857142
Tongue,0.7803571428571429,0.7660714285714285
Mis,0.7553571428571428,0.7375
