participant,class1,class2,running_time,test_acc,train_acc,test_size,train_size,train_block,test_block,test_acc_vote
4,Hand,Rest,62.854649782180786,0.9107142857142856,1.0,"(56, 64, 1000)","(140, 64, 1000)",12345,67,0.875
4,Feet,Rest,63.7448570728302,0.8214285714285714,1.0,"(56, 64, 1000)","(140, 64, 1000)",12345,67,0.7142857142857143
4,Tongue,Rest,64.19735980033875,0.8214285714285714,1.0,"(56, 64, 1000)","(140, 64, 1000)",12345,67,0.8571428571428572
4,Mis,Rest,66.5060703754425,0.625,1.0,"(56, 64, 1000)","(140, 64, 1000)",12345,67,0.5892857142857143
