participant,class1,class2,running_time,test_acc,train_acc,test_size,train_size,train_block,test_block,test_acc_vote
5,Hand,Rest,64.17479872703552,0.7678571428571429,1.0,"(56, 64, 1000)","(140, 64, 1000)",12345,67,0.75
5,Feet,Rest,63.63942217826843,0.6785714285714286,1.0,"(56, 64, 1000)","(140, 64, 1000)",12345,67,0.75
5,Tongue,Rest,65.17332363128662,0.75,1.0,"(56, 64, 1000)","(140, 64, 1000)",12345,67,0.7678571428571428
5,Mis,Rest,65.62453246116638,0.8035714285714286,1.0,"(56, 64, 1000)","(140, 64, 1000)",12345,67,0.8035714285714286
