participant,class1,class2,running_time,test_acc,train_acc,test_size,train_size,train_block,test_block,test_acc_vote
14,Hand,Rest,23.94755721092224,0.7321428571428571,1.0,"(56, 64, 1000)","(28, 64, 1000)",1,67,0.7142857142857143
14,Feet,Rest,23.24626326560974,0.6785714285714286,1.0,"(56, 64, 1000)","(28, 64, 1000)",1,67,0.6607142857142857
14,Tongue,Rest,23.137397289276123,0.4821428571428571,1.0,"(56, 64, 1000)","(28, 64, 1000)",1,67,0.4821428571428571
14,Mis,Rest,23.591269969940186,0.5357142857142857,1.0,"(56, 64, 1000)","(28, 64, 1000)",1,67,0.4642857142857143
