participant,class1,class2,running_time,test_acc,train_acc,test_size,train_size,train_block,test_block,test_acc_vote
18,Hand,Rest,23.451168537139893,0.5535714285714286,1.0,"(56, 64, 1000)","(28, 64, 1000)",1,67,0.5178571428571428
18,Feet,Rest,23.744162559509277,0.6428571428571429,1.0,"(56, 64, 1000)","(28, 64, 1000)",1,67,0.5714285714285714
18,Tongue,Rest,23.769657373428345,0.6071428571428571,1.0,"(56, 64, 1000)","(28, 64, 1000)",1,67,0.4821428571428571
18,Mis,Rest,23.623196125030518,0.6428571428571429,1.0,"(56, 64, 1000)","(28, 64, 1000)",1,67,0.5535714285714286
