participant,class1,class2,running_time,test_acc,train_acc,test_size,train_size,train_block,test_block,test_acc_vote
3,Hand,Rest,23.577189445495605,0.6964285714285714,1.0,"(56, 64, 1000)","(28, 64, 1000)",1,67,0.6607142857142857
3,Feet,Rest,23.37550687789917,0.5357142857142857,1.0,"(56, 64, 1000)","(28, 64, 1000)",1,67,0.5
3,Tongue,Rest,23.726056575775143,0.7142857142857143,1.0,"(56, 64, 1000)","(28, 64, 1000)",1,67,0.6428571428571428
3,Mis,Rest,23.504888772964478,0.6964285714285714,1.0,"(56, 64, 1000)","(28, 64, 1000)",1,67,0.5714285714285714
