participant,class1,class2,running_time,test_acc,train_acc,test_size,train_size,train_block,test_block,test_acc_vote
4,Hand,Rest,23.82927680015564,0.8035714285714286,1.0,"(56, 64, 1000)","(28, 64, 1000)",1,67,0.7142857142857143
4,Feet,Rest,23.65848422050476,0.7321428571428571,1.0,"(56, 64, 1000)","(28, 64, 1000)",1,67,0.6785714285714286
4,Tongue,Rest,23.607069492340088,0.625,1.0,"(56, 64, 1000)","(28, 64, 1000)",1,67,0.5714285714285714
4,Mis,Rest,23.064429759979248,0.6428571428571429,1.0,"(56, 64, 1000)","(28, 64, 1000)",1,67,0.5357142857142857
