participant,class1,class2,running_time,test_acc,train_acc,test_size,train_size,train_block,test_block,test_acc_vote
5,Hand,Rest,23.80275535583496,0.6964285714285714,1.0,"(56, 64, 1000)","(28, 64, 1000)",1,67,0.5892857142857143
5,Feet,Rest,23.375608682632446,0.7857142857142857,1.0,"(56, 64, 1000)","(28, 64, 1000)",1,67,0.7678571428571428
5,Tongue,Rest,23.658088207244873,0.5,1.0,"(56, 64, 1000)","(28, 64, 1000)",1,67,0.5178571428571428
5,Mis,Rest,23.680667877197266,0.5535714285714286,1.0,"(56, 64, 1000)","(28, 64, 1000)",1,67,0.5714285714285714
