participant,class1,class2,running_time,test_acc,train_acc,test_size,train_size,train_block,test_block,test_acc_vote
6,Hand,Rest,23.556906700134277,0.6785714285714286,1.0,"(56, 64, 1000)","(28, 64, 1000)",1,67,0.6607142857142857
6,Feet,Rest,23.5611629486084,0.5357142857142857,1.0,"(56, 64, 1000)","(28, 64, 1000)",1,67,0.5
6,Tongue,Rest,23.742777347564697,0.6071428571428571,1.0,"(56, 64, 1000)","(28, 64, 1000)",1,67,0.6428571428571428
6,Mis,Rest,23.508914947509766,0.625,1.0,"(56, 64, 1000)","(28, 64, 1000)",1,67,0.5892857142857143
