participant,class1,class2,running_time,test_acc,train_acc,test_size,train_size,train_block,test_block,test_acc_vote
17,Hand,Rest,61.92348861694336,0.8392857142857143,0.9428571428571428,"(56, 64, 1000)","(140, 64, 1000)",12345,67,0.8214285714285714
17,Feet,Rest,62.84939670562744,0.75,0.9285714285714286,"(56, 64, 1000)","(140, 64, 1000)",12345,67,0.7857142857142857
17,Tongue,Rest,63.298267126083374,0.9285714285714286,0.95,"(56, 64, 1000)","(140, 64, 1000)",12345,67,0.9107142857142856
17,Mis,Rest,62.75824189186096,0.7857142857142857,0.9928571428571429,"(56, 64, 1000)","(140, 64, 1000)",12345,67,0.7142857142857143
