participant,class1,class2,running_time,test_acc,train_acc,test_size,train_size,train_block,test_block,test_acc_vote
19,Hand,Rest,62.84397482872009,0.875,0.95,"(56, 64, 1000)","(140, 64, 1000)",12345,67,0.8392857142857143
19,Feet,Rest,62.13612699508667,0.6607142857142857,0.9928571428571428,"(56, 64, 1000)","(140, 64, 1000)",12345,67,0.5535714285714286
19,Tongue,Rest,62.214295864105225,0.9107142857142856,0.9571428571428572,"(56, 64, 1000)","(140, 64, 1000)",12345,67,0.8928571428571429
19,Mis,Rest,62.358781576156616,0.7857142857142857,0.9928571428571429,"(56, 64, 1000)","(140, 64, 1000)",12345,67,0.7857142857142857
