participant,class1,class2,running_time,test_acc,train_acc,test_size,train_size,train_block,test_block,test_acc_vote
3,Hand,Rest,62.55260372161865,0.9285714285714286,0.9642857142857144,"(56, 64, 1000)","(140, 64, 1000)",12345,67,0.9107142857142856
3,Feet,Rest,61.282005071640015,0.75,0.9714285714285714,"(56, 64, 1000)","(140, 64, 1000)",12345,67,0.7321428571428572
3,Tongue,Rest,61.50572657585144,0.8035714285714286,0.9571428571428572,"(56, 64, 1000)","(140, 64, 1000)",12345,67,0.7142857142857143
3,Mis,Rest,61.588677644729614,0.6964285714285714,0.9785714285714285,"(56, 64, 1000)","(140, 64, 1000)",12345,67,0.625
