participant,class1,class2,running_time,test_acc,train_acc,test_size,train_size,train_block,test_block,test_acc_vote
6,Hand,Rest,61.77225708961487,0.8392857142857143,0.9785714285714284,"(56, 64, 1000)","(140, 64, 1000)",12345,67,0.75
6,Feet,Rest,62.00477695465088,0.7857142857142857,1.0,"(56, 64, 1000)","(140, 64, 1000)",12345,67,0.7321428571428572
6,Tongue,Rest,62.13844609260559,0.8035714285714286,0.9785714285714284,"(56, 64, 1000)","(140, 64, 1000)",12345,67,0.8035714285714286
6,Mis,Rest,62.18222904205322,0.8214285714285714,0.9857142857142858,"(56, 64, 1000)","(140, 64, 1000)",12345,67,0.8035714285714286
