participant,class1,class2,running_time,test_acc,train_acc,test_size,train_size,train_block,test_block,test_acc_vote
3,Hand,Rest,54.518136501312256,0.7857142857142857,1.0,"(112, 64, 1000)","(84, 64, 1000)",123,4567,0.7589285714285714
3,Feet,Rest,54.16358804702759,0.5446428571428571,1.0,"(112, 64, 1000)","(84, 64, 1000)",123,4567,0.5
3,Tongue,Rest,55.00704216957092,0.7142857142857143,1.0,"(112, 64, 1000)","(84, 64, 1000)",123,4567,0.6875
3,Mis,Rest,54.888001680374146,0.8303571428571429,1.0,"(112, 64, 1000)","(84, 64, 1000)",123,4567,0.8482142857142857
