class,test_acc,vote_acc
Hand,0.8392857142857142,0.8285714285714286
Feet,0.8303571428571429,0.8178571428571428
Tongue,0.7874999999999999,0.75
Mis,0.7785714285714286,0.7553571428571428
