participant,class1,class2,running_time,test_acc,train_acc,test_size,train_size,train_block,test_block,test_acc_vote
11,Hand,Rest,63.26068472862244,0.9642857142857144,1.0,"(56, 64, 1000)","(140, 64, 1000)",12345,67,0.9821428571428572
11,Feet,Rest,63.462706565856934,0.9464285714285714,1.0,"(56, 64, 1000)","(140, 64, 1000)",12345,67,0.9464285714285714
11,Tongue,Rest,63.491095304489136,0.6607142857142857,1.0,"(56, 64, 1000)","(140, 64, 1000)",12345,67,0.625
11,Mis,Rest,62.31910586357117,0.7321428571428571,1.0,"(56, 64, 1000)","(140, 64, 1000)",12345,67,0.6785714285714286
