participant,class1,class2,running_time,test_acc,train_acc,test_size,train_size,train_block,test_block,test_acc_vote
4,Hand,Rest,66.79185914993286,0.9285714285714286,1.0,"(56, 64, 1000)","(140, 64, 1000)",12345,67,0.8928571428571429
4,Feet,Rest,67.19598269462585,0.8571428571428571,1.0,"(56, 64, 1000)","(140, 64, 1000)",12345,67,0.7857142857142857
4,Tongue,Rest,68.7605528831482,0.75,1.0,"(56, 64, 1000)","(140, 64, 1000)",12345,67,0.7321428571428572
4,Mis,Rest,71.51147055625916,0.6071428571428571,1.0,"(56, 64, 1000)","(140, 64, 1000)",12345,67,0.5535714285714286
