participant,class1,class2,running_time,test_acc,train_acc,test_size,train_size,train_block,test_block,test_acc_vote
9,Hand,Rest,63.625465869903564,0.9285714285714286,1.0,"(56, 64, 1000)","(140, 64, 1000)",12345,67,0.8928571428571429
9,Feet,Rest,64.08222317695618,0.9464285714285714,1.0,"(56, 64, 1000)","(140, 64, 1000)",12345,67,0.9642857142857144
9,Tongue,Rest,63.26647067070007,0.875,1.0,"(56, 64, 1000)","(140, 64, 1000)",12345,67,0.8392857142857143
9,Mis,Rest,64.87456703186035,0.7857142857142857,1.0,"(56, 64, 1000)","(140, 64, 1000)",12345,67,0.7857142857142857
