participant,class1,class2,running_time,test_acc,train_acc,test_size,train_size,train_block,test_block,test_acc_vote
6,Hand,Rest,76.92460989952087,0.6529051987767585,1.0,"(654, 64, 1000)","(109, 64, 1000)",1,234567,0.6620795107033639
6,Feet,Rest,77.000239610672,0.5458715596330275,1.0,"(654, 64, 1000)","(109, 64, 1000)",1,234567,0.555045871559633
6,Tongue,Rest,77.83316802978516,0.5749235474006116,1.0,"(654, 64, 1000)","(109, 64, 1000)",1,234567,0.5825688073394495
6,Mis,Rest,77.68341541290283,0.5779816513761468,1.0,"(654, 64, 1000)","(109, 64, 1000)",1,234567,0.5718654434250765
