participant,class1,class2,running_time,test_acc,train_acc,test_size,train_size,train_block,test_block,test_acc_vote
10,Hand,Rest,35.92401313781738,0.5952380952380952,1.0,"(84, 64, 1000)","(112, 64, 1000)",1234,567,0.5357142857142857
10,Feet,Rest,35.79703092575073,0.6428571428571429,1.0,"(84, 64, 1000)","(112, 64, 1000)",1234,567,0.5833333333333333
10,Tongue,Rest,37.406338930130005,0.6666666666666666,1.0,"(84, 64, 1000)","(112, 64, 1000)",1234,567,0.6428571428571428
10,Mis,Rest,36.91851854324341,0.75,1.0,"(84, 64, 1000)","(112, 64, 1000)",1234,567,0.7142857142857143
