participant,class1,class2,running_time,test_acc,train_acc,test_size,train_size,train_block,test_block,test_acc_vote
13,Hand,Rest,33.14296102523804,0.6666666666666666,1.0,"(84, 64, 1000)","(112, 64, 1000)",1234,567,0.6666666666666667
13,Feet,Rest,32.81888175010681,0.8333333333333334,1.0,"(84, 64, 1000)","(112, 64, 1000)",1234,567,0.8333333333333334
13,Tongue,Rest,33.59701752662659,0.7976190476190477,1.0,"(84, 64, 1000)","(112, 64, 1000)",1234,567,0.75
13,Mis,Rest,33.92935657501221,0.8214285714285714,1.0,"(84, 64, 1000)","(112, 64, 1000)",1234,567,0.7857142857142857
