participant,class1,class2,running_time,test_acc,train_acc,test_size,train_size,train_block,test_block,test_acc_vote
3,Hand,Rest,36.55538725852966,0.8928571428571429,1.0,"(84, 64, 1000)","(112, 64, 1000)",1234,567,0.8809523809523809
3,Feet,Rest,36.48472952842712,0.6428571428571429,1.0,"(84, 64, 1000)","(112, 64, 1000)",1234,567,0.6071428571428572
3,Tongue,Rest,37.66753649711609,0.7976190476190477,1.0,"(84, 64, 1000)","(112, 64, 1000)",1234,567,0.7619047619047619
3,Mis,Rest,37.45515465736389,0.8809523809523809,1.0,"(84, 64, 1000)","(112, 64, 1000)",1234,567,0.8690476190476191
