participant,class1,class2,running_time,test_acc,train_acc,test_size,train_size,train_block,test_block,test_acc_vote
7,Hand,Rest,36.500736713409424,0.8333333333333334,1.0,"(84, 64, 1000)","(112, 64, 1000)",1234,567,0.8571428571428572
7,Feet,Rest,35.74626564979553,0.7976190476190477,1.0,"(84, 64, 1000)","(112, 64, 1000)",1234,567,0.8095238095238095
7,Tongue,Rest,36.93100619316101,0.7380952380952381,1.0,"(84, 64, 1000)","(112, 64, 1000)",1234,567,0.7023809523809523
7,Mis,Rest,45.35115170478821,0.7261904761904762,1.0,"(84, 64, 1000)","(112, 64, 1000)",1234,567,0.7380952380952381
