participant,class1,class2,running_time,test_acc,train_acc,test_size,train_size,train_block,test_block,test_acc_vote
15,Hand,Rest,42.24668550491333,0.8571428571428571,1.0,"(56, 64, 1000)","(84, 64, 1000)",123,67,0.8214285714285714
15,Feet,Rest,41.11621880531311,0.6785714285714286,1.0,"(56, 64, 1000)","(84, 64, 1000)",123,67,0.6607142857142857
15,Tongue,Rest,41.335407972335815,0.75,1.0,"(56, 64, 1000)","(84, 64, 1000)",123,67,0.7142857142857143
15,Mis,Rest,41.71346092224121,0.6428571428571429,1.0,"(56, 64, 1000)","(84, 64, 1000)",123,67,0.5714285714285714
