participant,class1,class2,running_time,test_acc,train_acc,test_size,train_size,train_block,test_block,test_acc_vote
18,Hand,Rest,41.43226385116577,0.7321428571428571,0.9761904761904762,"(56, 64, 1000)","(84, 64, 1000)",123,67,0.6964285714285714
18,Feet,Rest,41.41326951980591,0.7142857142857143,0.9523809523809524,"(56, 64, 1000)","(84, 64, 1000)",123,67,0.6785714285714286
18,Tongue,Rest,42.138737201690674,0.8035714285714286,1.0,"(56, 64, 1000)","(84, 64, 1000)",123,67,0.7678571428571428
18,Mis,Rest,42.208677530288696,0.8571428571428571,0.9880952380952381,"(56, 64, 1000)","(84, 64, 1000)",123,67,0.875
