participant,class1,class2,running_time,test_acc,train_acc,test_size,train_size,train_block,test_block,test_acc_vote
6,Hand,Rest,41.02793264389038,0.8035714285714286,1.0,"(56, 64, 1000)","(84, 64, 1000)",123,67,0.7857142857142857
6,Feet,Rest,41.035971879959106,0.7142857142857143,0.988095238095238,"(56, 64, 1000)","(84, 64, 1000)",123,67,0.5892857142857143
6,Tongue,Rest,41.06847143173218,0.6964285714285714,0.9761904761904762,"(56, 64, 1000)","(84, 64, 1000)",123,67,0.6607142857142857
6,Mis,Rest,42.15538740158081,0.6785714285714286,1.0,"(56, 64, 1000)","(84, 64, 1000)",123,67,0.6964285714285714
