participant,class1,class2,running_time,test_acc,train_acc,test_size,train_size,train_block,test_block,test_acc_vote
7,Hand,Rest,41.33117413520813,0.7678571428571429,1.0,"(56, 64, 1000)","(84, 64, 1000)",123,67,0.7857142857142857
7,Feet,Rest,42.45741534233093,0.7678571428571429,1.0,"(56, 64, 1000)","(84, 64, 1000)",123,67,0.8035714285714286
7,Tongue,Rest,41.60718393325806,0.7142857142857143,0.988095238095238,"(56, 64, 1000)","(84, 64, 1000)",123,67,0.7321428571428572
7,Mis,Rest,41.58421587944031,0.5892857142857143,0.9761904761904762,"(56, 64, 1000)","(84, 64, 1000)",123,67,0.5714285714285714
