participant,class1,class2,running_time,test_acc,train_acc,test_size,train_size,train_block,test_block,test_acc_vote
10,Hand,Rest,23.49931240081787,0.6071428571428571,1.0,"(56, 64, 1000)","(28, 64, 1000)",1,67,0.6607142857142857
10,Feet,Rest,23.27740359306335,0.6071428571428571,1.0,"(56, 64, 1000)","(28, 64, 1000)",1,67,0.5535714285714286
10,Tongue,Rest,23.741506338119507,0.6071428571428571,1.0,"(56, 64, 1000)","(28, 64, 1000)",1,67,0.5892857142857143
10,Mis,Rest,23.682602882385254,0.5535714285714286,1.0,"(56, 64, 1000)","(28, 64, 1000)",1,67,0.5714285714285714
