participant,class1,class2,running_time,test_acc,train_acc,test_size,train_size,train_block,test_block,test_acc_vote
11,Hand,Rest,24.27414631843567,0.6607142857142857,1.0,"(56, 64, 1000)","(28, 64, 1000)",1,67,0.6071428571428572
11,Feet,Rest,24.04738998413086,0.9285714285714286,1.0,"(56, 64, 1000)","(28, 64, 1000)",1,67,0.9107142857142856
11,Tongue,Rest,24.18629574775696,0.5535714285714286,1.0,"(56, 64, 1000)","(28, 64, 1000)",1,67,0.5357142857142857
11,Mis,Rest,24.200924396514893,0.5357142857142857,1.0,"(56, 64, 1000)","(28, 64, 1000)",1,67,0.5178571428571428
