participant,class1,class2,running_time,test_acc,train_acc,test_size,train_size,train_block,test_block,test_acc_vote
13,Hand,Rest,24.234609603881836,0.5535714285714286,1.0,"(56, 64, 1000)","(28, 64, 1000)",1,67,0.5357142857142857
13,Feet,Rest,23.550567150115967,0.6428571428571429,1.0,"(56, 64, 1000)","(28, 64, 1000)",1,67,0.5357142857142857
13,Tongue,Rest,23.92157816886902,0.6785714285714286,1.0,"(56, 64, 1000)","(28, 64, 1000)",1,67,0.6607142857142857
13,Mis,Rest,23.448256254196167,0.5714285714285714,1.0,"(56, 64, 1000)","(28, 64, 1000)",1,67,0.4821428571428571
