participant,class1,class2,running_time,test_acc,train_acc,test_size,train_size,train_block,test_block,test_acc_vote
15,Hand,Rest,23.81206440925598,0.75,1.0,"(56, 64, 1000)","(28, 64, 1000)",1,67,0.75
15,Feet,Rest,23.334968328475952,0.5178571428571429,1.0,"(56, 64, 1000)","(28, 64, 1000)",1,67,0.4821428571428571
15,Tongue,Rest,23.541770696640015,0.6785714285714286,1.0,"(56, 64, 1000)","(28, 64, 1000)",1,67,0.6964285714285714
15,Mis,Rest,23.485440492630005,0.5714285714285714,1.0,"(56, 64, 1000)","(28, 64, 1000)",1,67,0.5535714285714286
