participant,class1,class2,running_time,test_acc,train_acc,test_size,train_size,train_block,test_block,test_acc_vote
16,Hand,Rest,23.549663305282593,0.5892857142857143,1.0,"(56, 64, 1000)","(28, 64, 1000)",1,67,0.5892857142857143
16,Feet,Rest,23.379958391189575,0.5892857142857143,1.0,"(56, 64, 1000)","(28, 64, 1000)",1,67,0.5714285714285714
16,Tongue,Rest,23.55123209953308,0.7142857142857143,1.0,"(56, 64, 1000)","(28, 64, 1000)",1,67,0.6964285714285714
16,Mis,Rest,23.51447367668152,0.6428571428571429,1.0,"(56, 64, 1000)","(28, 64, 1000)",1,67,0.6071428571428572
