participant,class1,class2,running_time,test_acc,train_acc,test_size,train_size,train_block,test_block,test_acc_vote
18,Hand,Rest,24.297729015350345,0.5,1.0,"(56, 64, 1000)","(28, 64, 1000)",1,67,0.5
18,Feet,Rest,23.370620489120483,0.5892857142857143,1.0,"(56, 64, 1000)","(28, 64, 1000)",1,67,0.5357142857142857
18,Tongue,Rest,23.41159510612488,0.8571428571428571,1.0,"(56, 64, 1000)","(28, 64, 1000)",1,67,0.8214285714285714
18,Mis,Rest,23.982784032821655,0.5357142857142857,1.0,"(56, 64, 1000)","(28, 64, 1000)",1,67,0.5178571428571428
