participant,class1,class2,running_time,test_acc,train_acc,test_size,train_size,train_block,test_block,test_acc_vote
4,Hand,Rest,23.443000555038452,0.8392857142857143,1.0,"(56, 64, 1000)","(28, 64, 1000)",1,67,0.8214285714285714
4,Feet,Rest,23.319709300994873,0.7321428571428571,1.0,"(56, 64, 1000)","(28, 64, 1000)",1,67,0.7142857142857143
4,Tongue,Rest,23.513232707977295,0.625,1.0,"(56, 64, 1000)","(28, 64, 1000)",1,67,0.5535714285714286
4,Mis,Rest,23.227829456329346,0.6964285714285714,1.0,"(56, 64, 1000)","(28, 64, 1000)",1,67,0.6607142857142857
