participant,class1,class2,running_time,test_acc,train_acc,test_size,train_size,train_block,test_block,test_acc_vote
6,Hand,Rest,23.539408922195435,0.5178571428571429,1.0,"(56, 64, 1000)","(28, 64, 1000)",1,67,0.5714285714285714
6,Feet,Rest,23.403337955474857,0.5892857142857143,1.0,"(56, 64, 1000)","(28, 64, 1000)",1,67,0.5178571428571428
6,Tongue,Rest,23.404052734375,0.6071428571428571,1.0,"(56, 64, 1000)","(28, 64, 1000)",1,67,0.5535714285714286
6,Mis,Rest,24.12826180458069,0.5892857142857143,1.0,"(56, 64, 1000)","(28, 64, 1000)",1,67,0.5178571428571428
