participant,class1,class2,running_time,test_acc,train_acc,test_size,train_size,train_block,test_block,test_acc_vote
9,Hand,Rest,24.15215277671814,0.8214285714285714,1.0,"(56, 64, 1000)","(28, 64, 1000)",1,67,0.8035714285714286
9,Feet,Rest,23.27177906036377,0.8035714285714286,1.0,"(56, 64, 1000)","(28, 64, 1000)",1,67,0.7857142857142857
9,Tongue,Rest,23.501736640930176,0.6428571428571429,1.0,"(56, 64, 1000)","(28, 64, 1000)",1,67,0.6071428571428572
9,Mis,Rest,23.35813331604004,0.42857142857142855,1.0,"(56, 64, 1000)","(28, 64, 1000)",1,67,0.4285714285714286
