participant,class1,class2,running_time,test_acc,train_acc,test_size,train_size,train_block,test_block,test_acc_vote
3,Hand,Rest,53.05264925956726,0.7678571428571429,1.0,"(112, 64, 1000)","(84, 64, 1000)",123,4567,0.6607142857142857
3,Feet,Rest,53.67358160018921,0.625,1.0,"(112, 64, 1000)","(84, 64, 1000)",123,4567,0.625
3,Tongue,Rest,54.19572710990906,0.8035714285714286,1.0,"(112, 64, 1000)","(84, 64, 1000)",123,4567,0.7232142857142857
3,Mis,Rest,55.6044762134552,0.7857142857142857,1.0,"(112, 64, 1000)","(84, 64, 1000)",123,4567,0.75
