participant,class1,class2,running_time,test_acc,train_acc,test_size,train_size,train_block,test_block,test_acc_vote
4,Hand,Rest,54.77037000656128,0.9017857142857144,1.0,"(112, 64, 1000)","(84, 64, 1000)",123,4567,0.8660714285714286
4,Feet,Rest,53.06528568267822,0.7678571428571429,1.0,"(112, 64, 1000)","(84, 64, 1000)",123,4567,0.7053571428571428
4,Tongue,Rest,53.90220355987549,0.8303571428571429,1.0,"(112, 64, 1000)","(84, 64, 1000)",123,4567,0.7678571428571428
4,Mis,Rest,54.36356735229492,0.7232142857142857,1.0,"(112, 64, 1000)","(84, 64, 1000)",123,4567,0.6517857142857143
