participant,class1,class2,running_time,test_acc,train_acc,test_size,train_size,train_block,test_block,test_acc_vote
7,Hand,Rest,53.11926817893982,0.75,1.0,"(112, 64, 1000)","(84, 64, 1000)",123,4567,0.7321428571428572
7,Feet,Rest,53.344271421432495,0.8214285714285714,1.0,"(112, 64, 1000)","(84, 64, 1000)",123,4567,0.7589285714285714
7,Tongue,Rest,55.457087993621826,0.7321428571428571,1.0,"(112, 64, 1000)","(84, 64, 1000)",123,4567,0.6517857142857143
7,Mis,Rest,53.8675274848938,0.5714285714285714,1.0,"(112, 64, 1000)","(84, 64, 1000)",123,4567,0.5357142857142857
