participant,class1,class2,running_time,test_acc,train_acc,test_size,train_size,train_block,test_block,test_acc_vote
9,Hand,Rest,57.18163275718689,0.8333333333333334,1.0,"(84, 64, 1000)","(112, 64, 1000)",1234,567,0.8214285714285714
9,Feet,Rest,57.00191378593445,0.9285714285714286,1.0,"(84, 64, 1000)","(112, 64, 1000)",1234,567,0.9404761904761904
9,Tongue,Rest,58.01366448402405,0.7976190476190477,1.0,"(84, 64, 1000)","(112, 64, 1000)",1234,567,0.7857142857142857
9,Mis,Rest,57.48030877113342,0.7380952380952381,1.0,"(84, 64, 1000)","(112, 64, 1000)",1234,567,0.7380952380952381
