participant,class1,class2,running_time,test_acc,train_acc,test_size,train_size,train_block,test_block,test_acc_vote
11,Hand,Rest,96.79884576797484,0.8165137614678899,1.0,"(218, 64, 1000)","(327, 64, 1000)",123,67,0.8256880733944953
11,Feet,Rest,98.92097282409668,0.8669724770642202,1.0,"(218, 64, 1000)","(327, 64, 1000)",123,67,0.8623853211009174
11,Tongue,Rest,97.13573336601256,0.5779816513761468,1.0,"(218, 64, 1000)","(327, 64, 1000)",123,67,0.5963302752293578
11,Mis,Rest,98.13401436805725,0.7339449541284404,1.0,"(218, 64, 1000)","(327, 64, 1000)",123,67,0.7431192660550459
