participant,class1,class2,running_time,test_acc,train_acc,test_size,train_size,train_block,test_block,test_acc_vote
14,Hand,Rest,97.2022967338562,0.8119266055045872,1.0,"(218, 64, 1000)","(327, 64, 1000)",123,67,0.8211009174311926
14,Feet,Rest,96.6943700313568,0.7018348623853211,1.0,"(218, 64, 1000)","(327, 64, 1000)",123,67,0.7018348623853211
14,Tongue,Rest,97.92971086502077,0.6422018348623854,1.0,"(218, 64, 1000)","(327, 64, 1000)",123,67,0.6513761467889908
14,Mis,Rest,97.38159275054932,0.6559633027522935,1.0,"(218, 64, 1000)","(327, 64, 1000)",123,67,0.6743119266055047
