participant,class1,class2,running_time,test_acc,train_acc,test_size,train_size,train_block,test_block,test_acc_vote
5,Hand,Rest,98.11767053604126,0.6146788990825688,1.0,"(218, 64, 1000)","(327, 64, 1000)",123,67,0.6146788990825688
5,Feet,Rest,97.4155683517456,0.6422018348623854,1.0,"(218, 64, 1000)","(327, 64, 1000)",123,67,0.6467889908256881
5,Tongue,Rest,96.7617416381836,0.6605504587155964,1.0,"(218, 64, 1000)","(327, 64, 1000)",123,67,0.6513761467889908
5,Mis,Rest,98.7922055721283,0.5091743119266054,1.0,"(218, 64, 1000)","(327, 64, 1000)",123,67,0.518348623853211
