participant,class1,class2,running_time,test_acc,train_acc,test_size,train_size,train_block,test_block,test_acc_vote
9,Hand,Rest,96.42915773391724,0.8853211009174312,1.0,"(218, 64, 1000)","(327, 64, 1000)",123,67,0.9036697247706422
9,Feet,Rest,97.84825229644775,0.908256880733945,1.0,"(218, 64, 1000)","(327, 64, 1000)",123,67,0.9128440366972476
9,Tongue,Rest,97.02620315551758,0.6422018348623854,1.0,"(218, 64, 1000)","(327, 64, 1000)",123,67,0.6422018348623852
9,Mis,Rest,98.34412717819214,0.6192660550458715,1.0,"(218, 64, 1000)","(327, 64, 1000)",123,67,0.6376146788990826
