participant,class1,class2,running_time,test_acc,train_acc,test_size,train_size,train_block,test_block,test_acc_vote
10,Hand,Rest,122.34068703651428,0.6513761467889908,1.0,"(218, 64, 1000)","(436, 64, 1000)",1234,67,0.6743119266055047
10,Feet,Rest,121.5006983280182,0.6467889908256881,1.0,"(218, 64, 1000)","(436, 64, 1000)",1234,67,0.6467889908256881
10,Tongue,Rest,122.70939755439758,0.6513761467889908,1.0,"(218, 64, 1000)","(436, 64, 1000)",1234,67,0.6376146788990826
10,Mis,Rest,121.90107154846191,0.8348623853211009,1.0,"(218, 64, 1000)","(436, 64, 1000)",1234,67,0.8577981651376146
