participant,class1,class2,running_time,test_acc,train_acc,test_size,train_size,train_block,test_block,test_acc_vote
14,Hand,Rest,118.32816100120544,0.8348623853211009,1.0,"(218, 64, 1000)","(436, 64, 1000)",1234,67,0.8394495412844036
14,Feet,Rest,119.63761901855467,0.7385321100917431,1.0,"(218, 64, 1000)","(436, 64, 1000)",1234,67,0.7431192660550459
14,Tongue,Rest,118.5439281463623,0.7293577981651376,1.0,"(218, 64, 1000)","(436, 64, 1000)",1234,67,0.7293577981651376
14,Mis,Rest,118.94312524795532,0.6651376146788991,1.0,"(218, 64, 1000)","(436, 64, 1000)",1234,67,0.6743119266055047
