participant,class1,class2,running_time,test_acc,train_acc,test_size,train_size,train_block,test_block,test_acc_vote
5,Hand,Rest,121.13042879104614,0.6559633027522935,1.0,"(218, 64, 1000)","(436, 64, 1000)",1234,67,0.6697247706422018
5,Feet,Rest,120.45208382606506,0.7018348623853211,1.0,"(218, 64, 1000)","(436, 64, 1000)",1234,67,0.7110091743119267
5,Tongue,Rest,121.8836019039154,0.6926605504587156,1.0,"(218, 64, 1000)","(436, 64, 1000)",1234,67,0.7064220183486238
5,Mis,Rest,120.1232557296753,0.6376146788990825,1.0,"(218, 64, 1000)","(436, 64, 1000)",1234,67,0.6467889908256881
