participant,class1,class2,running_time,test_acc,train_acc,test_size,train_size,train_block,test_block,test_acc_vote
6,Hand,Rest,122.57789516448976,0.6880733944954128,1.0,"(218, 64, 1000)","(436, 64, 1000)",1234,67,0.6926605504587156
6,Feet,Rest,122.25083446502686,0.7110091743119266,1.0,"(218, 64, 1000)","(436, 64, 1000)",1234,67,0.7247706422018348
6,Tongue,Rest,120.99562621116638,0.7798165137614679,1.0,"(218, 64, 1000)","(436, 64, 1000)",1234,67,0.7935779816513762
6,Mis,Rest,121.36532950401306,0.7018348623853211,1.0,"(218, 64, 1000)","(436, 64, 1000)",1234,67,0.7339449541284404
