participant,class1,class2,running_time,test_acc,train_acc,test_size,train_size,train_block,test_block,test_acc_vote
7,Hand,Rest,121.89487910270692,0.7522935779816514,1.0,"(218, 64, 1000)","(436, 64, 1000)",1234,67,0.7660550458715596
7,Feet,Rest,121.02147245407104,0.8073394495412844,1.0,"(218, 64, 1000)","(436, 64, 1000)",1234,67,0.8211009174311926
7,Tongue,Rest,119.82529282569884,0.6926605504587156,1.0,"(218, 64, 1000)","(436, 64, 1000)",1234,67,0.6972477064220184
7,Mis,Rest,121.62440705299377,0.7844036697247706,1.0,"(218, 64, 1000)","(436, 64, 1000)",1234,67,0.8165137614678899
