participant,class1,class2,running_time,test_acc,train_acc,test_size,train_size,train_block,test_block,test_acc_vote
9,Hand,Rest,120.10277938842772,0.8440366972477065,1.0,"(218, 64, 1000)","(436, 64, 1000)",1234,67,0.8486238532110092
9,Feet,Rest,120.45287132263184,0.8669724770642202,1.0,"(218, 64, 1000)","(436, 64, 1000)",1234,67,0.8761467889908257
9,Tongue,Rest,121.03332304954527,0.7385321100917431,1.0,"(218, 64, 1000)","(436, 64, 1000)",1234,67,0.7568807339449541
9,Mis,Rest,120.75243997573853,0.7110091743119266,1.0,"(218, 64, 1000)","(436, 64, 1000)",1234,67,0.7247706422018348
