participant,class1,class2,running_time,test_acc,train_acc,test_size,train_size,train_block,test_block,test_acc_vote
15,Hand,Rest,45.72507357597351,0.875,1.0,"(112, 64, 500)","(168, 64, 500)",123,67,0.9375
15,Feet,Rest,45.57856726646423,0.6875,1.0,"(112, 64, 500)","(168, 64, 500)",123,67,0.7321428571428572
15,Tongue,Rest,45.50262951850891,0.7767857142857143,1.0,"(112, 64, 500)","(168, 64, 500)",123,67,0.8035714285714286
15,Mis,Rest,45.17437696456909,0.7142857142857143,1.0,"(112, 64, 500)","(168, 64, 500)",123,67,0.7589285714285714
