participant,class1,class2,running_time,test_acc,train_acc,test_size,train_size,train_block,test_block,test_acc_vote
18,Hand,Rest,45.272393226623535,0.6607142857142857,1.0,"(112, 64, 500)","(168, 64, 500)",123,67,0.7053571428571428
18,Feet,Rest,44.92928171157837,0.6607142857142857,1.0,"(112, 64, 500)","(168, 64, 500)",123,67,0.6785714285714286
18,Tongue,Rest,45.65546560287475,0.6875,1.0,"(112, 64, 500)","(168, 64, 500)",123,67,0.6696428571428572
18,Mis,Rest,46.23208546638489,0.7767857142857143,1.0,"(112, 64, 500)","(168, 64, 500)",123,67,0.8571428571428572
