participant,class1,class2,running_time,test_acc,train_acc,test_size,train_size,train_block,test_block,test_acc_vote
9,Hand,Rest,45.30503177642822,0.7857142857142857,1.0,"(112, 64, 500)","(168, 64, 500)",123,67,0.8125
9,Feet,Rest,45.271244525909424,0.8125,1.0,"(112, 64, 500)","(168, 64, 500)",123,67,0.8392857142857143
9,Tongue,Rest,45.24407434463501,0.7142857142857143,1.0,"(112, 64, 500)","(168, 64, 500)",123,67,0.7857142857142857
9,Mis,Rest,46.439831256866455,0.7321428571428571,1.0,"(112, 64, 500)","(168, 64, 500)",123,67,0.7321428571428572
