participant,class1,class2,running_time,test_acc,train_acc,test_size,train_size,train_block,test_block,test_acc_vote
11,Hand,Rest,29.107085704803467,0.7410714285714286,1.0,"(224, 64, 250)","(112, 64, 250)",1,67,0.7946428571428572
11,Feet,Rest,30.710328102111816,0.75,1.0,"(224, 64, 250)","(112, 64, 250)",1,67,0.7767857142857143
11,Tongue,Rest,27.88498854637146,0.5625,1.0,"(224, 64, 250)","(112, 64, 250)",1,67,0.5714285714285714
11,Mis,Rest,68.82627153396606,0.5803571428571429,1.0,"(224, 64, 250)","(112, 64, 250)",1,67,0.6205357142857143
