participant,class1,class2,running_time,test_acc,train_acc,test_size,train_size,train_block,test_block,test_acc_vote
15,Hand,Rest,75.53218197822571,0.6473214285714286,1.0,"(224, 64, 250)","(112, 64, 250)",1,67,0.6651785714285714
15,Feet,Rest,74.35388827323914,0.5133928571428571,1.0,"(224, 64, 250)","(112, 64, 250)",1,67,0.4955357142857143
15,Tongue,Rest,71.29894781112671,0.6205357142857143,1.0,"(224, 64, 250)","(112, 64, 250)",1,67,0.65625
15,Mis,Rest,75.37863636016846,0.5133928571428571,1.0,"(224, 64, 250)","(112, 64, 250)",1,67,0.5357142857142857
