participant,class1,class2,running_time,test_acc,train_acc,test_size,train_size,train_block,test_block,test_acc_vote
16,Hand,Rest,74.6098484992981,0.5848214285714286,1.0,"(224, 64, 250)","(112, 64, 250)",1,67,0.6071428571428572
16,Feet,Rest,73.03841948509216,0.5401785714285714,1.0,"(224, 64, 250)","(112, 64, 250)",1,67,0.5133928571428572
16,Tongue,Rest,47.928290128707886,0.6294642857142857,1.0,"(224, 64, 250)","(112, 64, 250)",1,67,0.6964285714285714
16,Mis,Rest,26.572898626327515,0.6741071428571429,0.9910714285714286,"(224, 64, 250)","(112, 64, 250)",1,67,0.6785714285714286
