participant,class1,class2,running_time,test_acc,train_acc,test_size,train_size,train_block,test_block,test_acc_vote
18,Hand,Rest,27.2459557056427,0.5357142857142857,1.0,"(224, 64, 250)","(112, 64, 250)",1,67,0.5357142857142857
18,Feet,Rest,37.369179010391235,0.6026785714285714,0.9910714285714286,"(224, 64, 250)","(112, 64, 250)",1,67,0.5669642857142857
18,Tongue,Rest,26.77260375022888,0.6116071428571429,1.0,"(224, 64, 250)","(112, 64, 250)",1,67,0.6026785714285714
18,Mis,Rest,37.181787967681885,0.6741071428571429,0.9910714285714286,"(224, 64, 250)","(112, 64, 250)",1,67,0.7544642857142857
