participant,class1,class2,running_time,test_acc,train_acc,test_size,train_size,train_block,test_block,test_acc_vote
19,Hand,Rest,27.55109167098999,0.5357142857142857,1.0,"(224, 64, 250)","(112, 64, 250)",1,67,0.5357142857142857
19,Feet,Rest,43.18474054336548,0.5714285714285714,1.0,"(224, 64, 250)","(112, 64, 250)",1,67,0.59375
19,Tongue,Rest,38.97014760971069,0.5178571428571429,1.0,"(224, 64, 250)","(112, 64, 250)",1,67,0.5223214285714286
19,Mis,Rest,33.37905263900757,0.6651785714285714,0.9821428571428571,"(224, 64, 250)","(112, 64, 250)",1,67,0.6785714285714286
