participant,class1,class2,running_time,test_acc,train_acc,test_size,train_size,train_block,test_block,test_acc_vote
5,Hand,Rest,36.793315410614014,0.59375,1.0,"(224, 64, 250)","(112, 64, 250)",1,67,0.5803571428571428
5,Feet,Rest,31.688560962677,0.5580357142857143,1.0,"(224, 64, 250)","(112, 64, 250)",1,67,0.5357142857142857
5,Tongue,Rest,31.474860191345215,0.5044642857142857,1.0,"(224, 64, 250)","(112, 64, 250)",1,67,0.4821428571428571
5,Mis,Rest,26.205315351486206,0.4732142857142857,1.0,"(224, 64, 250)","(112, 64, 250)",1,67,0.4598214285714286
