participant,class1,class2,running_time,test_acc,train_acc,test_size,train_size,train_block,test_block,test_acc_vote
13,Hand,Rest,147.06219840049744,0.6785714285714286,1.0,"(560, 64, 250)","(224, 64, 250)",12,34567,0.7107142857142856
13,Feet,Rest,134.8886890411377,0.6446428571428572,1.0,"(560, 64, 250)","(224, 64, 250)",12,34567,0.6428571428571428
13,Tongue,Rest,147.21036291122437,0.7125,1.0,"(560, 64, 250)","(224, 64, 250)",12,34567,0.7392857142857143
13,Mis,Rest,144.072438955307,0.5857142857142857,1.0,"(560, 64, 250)","(224, 64, 250)",12,34567,0.6017857142857144
