participant,class1,class2,running_time,test_acc,train_acc,test_size,train_size,train_block,test_block,test_acc_vote
14,Hand,Rest,143.69522547721863,0.7464285714285714,1.0,"(560, 64, 250)","(224, 64, 250)",12,34567,0.7375
14,Feet,Rest,115.92596578598022,0.6089285714285714,1.0,"(560, 64, 250)","(224, 64, 250)",12,34567,0.5964285714285714
14,Tongue,Rest,151.07966995239258,0.5517857142857143,1.0,"(560, 64, 250)","(224, 64, 250)",12,34567,0.5464285714285715
14,Mis,Rest,134.15782833099365,0.5214285714285715,1.0,"(560, 64, 250)","(224, 64, 250)",12,34567,0.5160714285714285
