participant,class1,class2,running_time,test_acc,train_acc,test_size,train_size,train_block,test_block,test_acc_vote
3,Hand,Rest,109.15193796157835,0.6178571428571429,1.0,"(560, 64, 250)","(224, 64, 250)",12,34567,0.6160714285714286
3,Feet,Rest,126.13355994224548,0.5946428571428571,1.0,"(560, 64, 250)","(224, 64, 250)",12,34567,0.6125
3,Tongue,Rest,127.3982548713684,0.625,1.0,"(560, 64, 250)","(224, 64, 250)",12,34567,0.6446428571428571
3,Mis,Rest,109.29597473144531,0.6464285714285715,1.0,"(560, 64, 250)","(224, 64, 250)",12,34567,0.6535714285714286
