participant,class1,class2,running_time,test_acc,train_acc,test_size,train_size,train_block,test_block,test_acc_vote
4,Hand,Rest,106.13074851036072,0.7785714285714286,1.0,"(560, 64, 250)","(224, 64, 250)",12,34567,0.8
4,Feet,Rest,107.523188829422,0.7178571428571429,1.0,"(560, 64, 250)","(224, 64, 250)",12,34567,0.7464285714285714
4,Tongue,Rest,118.95212030410768,0.6910714285714286,1.0,"(560, 64, 250)","(224, 64, 250)",12,34567,0.7410714285714286
4,Mis,Rest,116.11738085746765,0.6678571428571428,1.0,"(560, 64, 250)","(224, 64, 250)",12,34567,0.6803571428571429
