participant,class1,class2,running_time,test_acc,train_acc,test_size,train_size,train_block,test_block,test_acc_vote
9,Hand,Rest,151.0956950187683,0.7642857142857142,1.0,"(560, 64, 250)","(224, 64, 250)",12,34567,0.8071428571428572
9,Feet,Rest,148.21900534629822,0.725,1.0,"(560, 64, 250)","(224, 64, 250)",12,34567,0.7553571428571428
9,Tongue,Rest,142.7095594406128,0.5339285714285714,1.0,"(560, 64, 250)","(224, 64, 250)",12,34567,0.5160714285714285
9,Mis,Rest,152.21489000320435,0.5178571428571429,1.0,"(560, 64, 250)","(224, 64, 250)",12,34567,0.5053571428571428
