class,test_acc,vote_acc
Hand,0.7565749235474005,0.765137614678899
Feet,0.7281345565749235,0.7385321100917431
Tongue,0.720795107033639,0.7287461773700306
Mis,0.738532110091743,0.7495412844036696
