participant,class1,class2,running_time,test_acc,train_acc,test_size,train_size,train_block,test_block,test_acc_vote
14,Hand,Rest,119.42064380645752,0.8577981651376146,1.0,"(218, 64, 1000)","(436, 64, 1000)",1234,67,0.8577981651376146
14,Feet,Rest,122.07750749588013,0.7844036697247706,1.0,"(218, 64, 1000)","(436, 64, 1000)",1234,67,0.8027522935779816
14,Tongue,Rest,119.50338625907898,0.6880733944954128,1.0,"(218, 64, 1000)","(436, 64, 1000)",1234,67,0.6972477064220184
14,Mis,Rest,120.53295016288757,0.6605504587155964,1.0,"(218, 64, 1000)","(436, 64, 1000)",1234,67,0.6697247706422018
