participant,class1,class2,running_time,test_acc,train_acc,test_size,train_size,train_block,test_block,test_acc_vote
15,Hand,Rest,113.35816836357117,0.7889908256880734,1.0,"(218, 64, 1000)","(400, 64, 1000)",1234,67,0.7935779816513762
15,Feet,Rest,120.66776657104492,0.7706422018348624,1.0,"(218, 64, 1000)","(436, 64, 1000)",1234,67,0.8027522935779816
15,Tongue,Rest,120.38862442970276,0.5688073394495413,1.0,"(218, 64, 1000)","(436, 64, 1000)",1234,67,0.5825688073394495
15,Mis,Rest,119.75068068504333,0.7110091743119266,1.0,"(218, 64, 1000)","(436, 64, 1000)",1234,67,0.7155963302752293
