participant,class1,class2,running_time,test_acc,train_acc,test_size,train_size,train_block,test_block,test_acc_vote
17,Hand,Rest,120.57197856903076,0.7752293577981652,1.0,"(218, 64, 1000)","(436, 64, 1000)",1234,67,0.7706422018348624
17,Feet,Rest,121.15703916549684,0.6376146788990825,1.0,"(218, 64, 1000)","(436, 64, 1000)",1234,67,0.6330275229357798
17,Tongue,Rest,119.4258749485016,0.7889908256880734,1.0,"(218, 64, 1000)","(436, 64, 1000)",1234,67,0.7889908256880733
17,Mis,Rest,120.19107508659363,0.7889908256880734,1.0,"(218, 64, 1000)","(436, 64, 1000)",1234,67,0.7889908256880733
