participant,class1,class2,running_time,test_acc,train_acc,test_size,train_size,train_block,test_block,test_acc_vote
19,Hand,Rest,119.5887279510498,0.8119266055045872,1.0,"(218, 64, 1000)","(436, 64, 1000)",1234,67,0.8394495412844036
19,Feet,Rest,120.81684064865112,0.6513761467889908,1.0,"(218, 64, 1000)","(436, 64, 1000)",1234,67,0.6651376146788991
19,Tongue,Rest,120.72647714614868,0.7798165137614679,1.0,"(218, 64, 1000)","(436, 64, 1000)",1234,67,0.7752293577981652
19,Mis,Rest,121.71279335021973,0.7385321100917431,1.0,"(218, 64, 1000)","(436, 64, 1000)",1234,67,0.7477064220183487
