participant,class1,class2,running_time,test_acc,train_acc,test_size,train_size,train_block,test_block,test_acc_vote
6,Hand,Rest,120.6697735786438,0.6422018348623854,1.0,"(218, 64, 1000)","(436, 64, 1000)",1234,67,0.6467889908256881
6,Feet,Rest,120.50018453598022,0.6559633027522935,1.0,"(218, 64, 1000)","(436, 64, 1000)",1234,67,0.6330275229357798
6,Tongue,Rest,120.8813772201538,0.7385321100917431,1.0,"(218, 64, 1000)","(436, 64, 1000)",1234,67,0.7889908256880733
6,Mis,Rest,121.83417439460754,0.6422018348623854,1.0,"(218, 64, 1000)","(436, 64, 1000)",1234,67,0.6697247706422018
