participant,class1,class2,running_time,test_acc,train_acc,test_size,train_size,train_block,test_block,test_acc_vote
7,Hand,Rest,119.5320954322815,0.7889908256880734,1.0,"(218, 64, 1000)","(436, 64, 1000)",1234,67,0.7889908256880733
7,Feet,Rest,120.29707503318788,0.8532110091743119,1.0,"(218, 64, 1000)","(436, 64, 1000)",1234,67,0.8669724770642202
7,Tongue,Rest,119.9912405014038,0.6743119266055045,1.0,"(218, 64, 1000)","(436, 64, 1000)",1234,67,0.6880733944954128
7,Mis,Rest,120.5309956073761,0.7889908256880734,1.0,"(218, 64, 1000)","(436, 64, 1000)",1234,67,0.8119266055045872
