participant,class1,class2,running_time,test_acc,train_acc,test_size,train_size,train_block,test_block,test_acc_vote
11,Hand,Rest,42.579829931259155,0.9404761904761904,0.9910714285714286,"(84, 64, 1000)","(112, 64, 1000)",1234,567,0.9285714285714286
11,Feet,Rest,41.42251682281494,0.9285714285714286,1.0,"(84, 64, 1000)","(112, 64, 1000)",1234,567,0.9047619047619048
11,Tongue,Rest,44.00599241256714,0.6666666666666666,1.0,"(84, 64, 1000)","(112, 64, 1000)",1234,567,0.6309523809523809
11,Mis,Rest,42.022892236709595,0.7976190476190477,1.0,"(84, 64, 1000)","(112, 64, 1000)",1234,567,0.7857142857142857
