participant,class1,class2,running_time,test_acc,train_acc,test_size,train_size,train_block,test_block,test_acc_vote
14,Hand,Rest,40.93646693229675,0.8928571428571429,1.0,"(84, 64, 1000)","(112, 64, 1000)",1234,567,0.8452380952380952
14,Feet,Rest,40.08910346031189,0.9047619047619048,1.0,"(84, 64, 1000)","(112, 64, 1000)",1234,567,0.8690476190476191
14,Tongue,Rest,41.918232440948486,0.6666666666666666,1.0,"(84, 64, 1000)","(112, 64, 1000)",1234,567,0.6309523809523809
14,Mis,Rest,41.70328903198242,0.7738095238095238,1.0,"(84, 64, 1000)","(112, 64, 1000)",1234,567,0.8095238095238095
