participant,class1,class2,running_time,test_acc,train_acc,test_size,train_size,train_block,test_block,test_acc_vote
3,Hand,Rest,42.72962927818298,0.8571428571428571,0.9910714285714286,"(84, 64, 1000)","(112, 64, 1000)",1234,567,0.8214285714285714
3,Feet,Rest,42.31092786788941,0.5714285714285714,0.9910714285714286,"(84, 64, 1000)","(112, 64, 1000)",1234,567,0.5357142857142857
3,Tongue,Rest,43.83913803100586,0.8333333333333334,0.9732142857142856,"(84, 64, 1000)","(112, 64, 1000)",1234,567,0.7738095238095238
3,Mis,Rest,43.15975260734558,0.8571428571428571,1.0,"(84, 64, 1000)","(112, 64, 1000)",1234,567,0.8214285714285714
