participant,class1,class2,running_time,test_acc,train_acc,test_size,train_size,train_block,test_block,test_acc_vote
6,Hand,Rest,42.98230814933777,0.7738095238095238,1.0,"(84, 64, 1000)","(112, 64, 1000)",1234,567,0.7380952380952381
6,Feet,Rest,42.0313663482666,0.8214285714285714,1.0,"(84, 64, 1000)","(112, 64, 1000)",1234,567,0.7619047619047619
6,Tongue,Rest,43.82078456878662,0.7261904761904762,0.9910714285714286,"(84, 64, 1000)","(112, 64, 1000)",1234,567,0.6785714285714286
6,Mis,Rest,43.14897847175598,0.7142857142857143,0.9910714285714286,"(84, 64, 1000)","(112, 64, 1000)",1234,567,0.7023809523809523
