participant,class1,class2,running_time,test_acc,train_acc,test_size,train_size,train_block,test_block,test_acc_vote
10,Hand,Rest,49.84431076049805,0.6651785714285714,0.96875,"(224, 64, 250)","(224, 64, 250)",12,67,0.6964285714285714
10,Feet,Rest,49.88181734085083,0.5446428571428571,0.9866071428571428,"(224, 64, 250)","(224, 64, 250)",12,67,0.5982142857142857
10,Tongue,Rest,49.82189440727234,0.5892857142857143,0.9464285714285714,"(224, 64, 250)","(224, 64, 250)",12,67,0.5758928571428572
10,Mis,Rest,50.28075957298279,0.6339285714285714,0.96875,"(224, 64, 250)","(224, 64, 250)",12,67,0.6383928571428572
