participant,class1,class2,running_time,test_acc,train_acc,test_size,train_size,train_block,test_block,test_acc_vote
11,Hand,Rest,49.41227078437805,0.7633928571428571,0.9776785714285714,"(224, 64, 250)","(224, 64, 250)",12,67,0.8035714285714286
11,Feet,Rest,49.35196685791016,0.8482142857142857,0.9776785714285714,"(224, 64, 250)","(224, 64, 250)",12,67,0.8794642857142857
11,Tongue,Rest,49.69319725036621,0.59375,0.9910714285714286,"(224, 64, 250)","(224, 64, 250)",12,67,0.6205357142857143
11,Mis,Rest,49.529380083084106,0.5535714285714286,0.9776785714285714,"(224, 64, 250)","(224, 64, 250)",12,67,0.5580357142857143
