participant,class1,class2,running_time,test_acc,train_acc,test_size,train_size,train_block,test_block,test_acc_vote
15,Hand,Rest,49.58592867851257,0.7366071428571429,0.9910714285714286,"(224, 64, 250)","(224, 64, 250)",12,67,0.7633928571428572
15,Feet,Rest,49.750306844711304,0.625,0.9866071428571428,"(224, 64, 250)","(224, 64, 250)",12,67,0.6473214285714286
15,Tongue,Rest,50.52203965187073,0.6785714285714286,0.9419642857142856,"(224, 64, 250)","(224, 64, 250)",12,67,0.6964285714285714
15,Mis,Rest,50.195202589035034,0.6294642857142857,0.9866071428571429,"(224, 64, 250)","(224, 64, 250)",12,67,0.6473214285714286
