participant,class1,class2,running_time,test_acc,train_acc,test_size,train_size,train_block,test_block,test_acc_vote
10,Hand,Rest,37.07429528236389,0.5758928571428571,1.0,"(224, 64, 250)","(112, 64, 250)",1,67,0.5446428571428572
10,Feet,Rest,36.7526261806488,0.5803571428571429,1.0,"(224, 64, 250)","(112, 64, 250)",1,67,0.5892857142857143
10,Tongue,Rest,37.0059597492218,0.5625,1.0,"(224, 64, 250)","(112, 64, 250)",1,67,0.5625
10,Mis,Rest,36.906779289245605,0.5803571428571429,1.0,"(224, 64, 250)","(112, 64, 250)",1,67,0.5714285714285714
