participant,class1,class2,running_time,test_acc,train_acc,test_size,train_size,train_block,test_block,test_acc_vote
15,Hand,Rest,37.03600478172302,0.6651785714285714,1.0,"(224, 64, 250)","(112, 64, 250)",1,67,0.6919642857142857
15,Feet,Rest,37.64920496940613,0.5535714285714286,1.0,"(224, 64, 250)","(112, 64, 250)",1,67,0.5714285714285714
15,Tongue,Rest,36.85026788711548,0.5401785714285714,1.0,"(224, 64, 250)","(112, 64, 250)",1,67,0.5089285714285714
15,Mis,Rest,36.9196400642395,0.5758928571428571,1.0,"(224, 64, 250)","(112, 64, 250)",1,67,0.5848214285714286
