participant,class1,class2,running_time,test_acc,train_acc,test_size,train_size,train_block,test_block,test_acc_vote
3,Hand,Rest,36.436075925827026,0.5535714285714286,1.0,"(224, 64, 250)","(112, 64, 250)",1,67,0.5580357142857143
3,Feet,Rest,37.06841206550598,0.5178571428571429,1.0,"(224, 64, 250)","(112, 64, 250)",1,67,0.4866071428571429
3,Tongue,Rest,36.55450391769409,0.6428571428571429,1.0,"(224, 64, 250)","(112, 64, 250)",1,67,0.7008928571428572
3,Mis,Rest,36.84240531921387,0.5267857142857143,1.0,"(224, 64, 250)","(112, 64, 250)",1,67,0.5133928571428572
