participant,class1,class2,running_time,test_acc,train_acc,test_size,train_size,train_block,test_block,test_acc_vote
9,Hand,Rest,37.137455224990845,0.7232142857142857,1.0,"(224, 64, 250)","(112, 64, 250)",1,67,0.7410714285714286
9,Feet,Rest,36.78748106956482,0.5535714285714286,1.0,"(224, 64, 250)","(112, 64, 250)",1,67,0.5803571428571428
9,Tongue,Rest,37.05292773246765,0.4598214285714285,1.0,"(224, 64, 250)","(112, 64, 250)",1,67,0.4151785714285714
9,Mis,Rest,37.40716552734375,0.5,1.0,"(224, 64, 250)","(112, 64, 250)",1,67,0.4910714285714286
