participant,class1,class2,running_time,test_acc,train_acc,test_size,train_size,train_block,test_block,test_acc_vote
10,Hand,Rest,35.78947567939758,0.7142857142857143,1.0,"(112, 64, 500)","(112, 64, 500)",12,67,0.7410714285714286
10,Feet,Rest,35.61763858795166,0.6428571428571429,0.9910714285714286,"(112, 64, 500)","(112, 64, 500)",12,67,0.6339285714285714
10,Tongue,Rest,35.61457133293152,0.5803571428571429,0.9910714285714286,"(112, 64, 500)","(112, 64, 500)",12,67,0.5892857142857143
10,Mis,Rest,36.83248209953308,0.7232142857142857,1.0,"(112, 64, 500)","(112, 64, 500)",12,67,0.7232142857142857
