participant,class1,class2,running_time,test_acc,train_acc,test_size,train_size,train_block,test_block,test_acc_vote
13,Hand,Rest,36.49003267288208,0.6339285714285714,0.9821428571428572,"(112, 64, 500)","(112, 64, 500)",12,67,0.6339285714285714
13,Feet,Rest,35.77737331390381,0.75,0.9821428571428572,"(112, 64, 500)","(112, 64, 500)",12,67,0.75
13,Tongue,Rest,35.729758977890015,0.5892857142857143,0.9821428571428572,"(112, 64, 500)","(112, 64, 500)",12,67,0.5714285714285714
13,Mis,Rest,35.84207773208618,0.6785714285714286,1.0,"(112, 64, 500)","(112, 64, 500)",12,67,0.6607142857142857
