participant,class1,class2,running_time,test_acc,train_acc,test_size,train_size,train_block,test_block,test_acc_vote
14,Hand,Rest,35.85799860954285,0.8214285714285714,1.0,"(112, 64, 500)","(112, 64, 500)",12,67,0.7767857142857143
14,Feet,Rest,36.44816040992737,0.6696428571428571,1.0,"(112, 64, 500)","(112, 64, 500)",12,67,0.6517857142857143
14,Tongue,Rest,36.35192656517029,0.5714285714285714,1.0,"(112, 64, 500)","(112, 64, 500)",12,67,0.5357142857142857
14,Mis,Rest,36.566622734069824,0.5714285714285714,0.9910714285714286,"(112, 64, 500)","(112, 64, 500)",12,67,0.5625
