participant,class1,class2,running_time,test_acc,train_acc,test_size,train_size,train_block,test_block,test_acc_vote
16,Hand,Rest,35.625163555145264,0.6071428571428571,0.9910714285714286,"(112, 64, 500)","(112, 64, 500)",12,67,0.6160714285714286
16,Feet,Rest,36.48720741271973,0.75,1.0,"(112, 64, 500)","(112, 64, 500)",12,67,0.7232142857142857
16,Tongue,Rest,36.7570686340332,0.7053571428571429,0.9910714285714286,"(112, 64, 500)","(112, 64, 500)",12,67,0.7410714285714286
16,Mis,Rest,35.53851103782654,0.6517857142857143,1.0,"(112, 64, 500)","(112, 64, 500)",12,67,0.6428571428571428
