participant,class1,class2,running_time,test_acc,train_acc,test_size,train_size,train_block,test_block,test_acc_vote
19,Hand,Rest,35.71113181114197,0.6875,0.9821428571428572,"(112, 64, 500)","(112, 64, 500)",12,67,0.6428571428571428
19,Feet,Rest,35.60845756530762,0.5446428571428571,1.0,"(112, 64, 500)","(112, 64, 500)",12,67,0.5
19,Tongue,Rest,36.485909938812256,0.8125,0.9642857142857144,"(112, 64, 500)","(112, 64, 500)",12,67,0.8392857142857143
19,Mis,Rest,35.99065041542053,0.6964285714285714,0.9910714285714286,"(112, 64, 500)","(112, 64, 500)",12,67,0.6964285714285714
