participant,class1,class2,running_time,test_acc,train_acc,test_size,train_size,train_block,test_block,test_acc_vote
3,Hand,Rest,36.34778809547424,0.6160714285714286,0.9821428571428572,"(112, 64, 500)","(112, 64, 500)",12,67,0.5982142857142857
3,Feet,Rest,35.582624435424805,0.5446428571428571,0.9910714285714286,"(112, 64, 500)","(112, 64, 500)",12,67,0.5267857142857143
3,Tongue,Rest,35.47459125518799,0.6607142857142857,0.9821428571428572,"(112, 64, 500)","(112, 64, 500)",12,67,0.6785714285714286
3,Mis,Rest,35.8835871219635,0.75,0.9910714285714286,"(112, 64, 500)","(112, 64, 500)",12,67,0.7678571428571428
