participant,class1,class2,running_time,test_acc,train_acc,test_size,train_size,train_block,test_block,test_acc_vote
4,Hand,Rest,36.4587345123291,0.7767857142857143,1.0,"(112, 64, 500)","(112, 64, 500)",12,67,0.7857142857142857
4,Feet,Rest,36.20284581184387,0.7589285714285714,0.9732142857142856,"(112, 64, 500)","(112, 64, 500)",12,67,0.7678571428571428
4,Tongue,Rest,35.564085721969604,0.7589285714285714,0.9910714285714286,"(112, 64, 500)","(112, 64, 500)",12,67,0.7410714285714286
4,Mis,Rest,37.02865290641785,0.6785714285714286,0.9821428571428571,"(112, 64, 500)","(112, 64, 500)",12,67,0.6875
