participant,class1,class2,running_time,test_acc,train_acc,test_size,train_size,train_block,test_block,test_acc_vote
5,Hand,Rest,36.44581937789917,0.5357142857142857,1.0,"(112, 64, 500)","(112, 64, 500)",12,67,0.5089285714285714
5,Feet,Rest,36.24883460998535,0.6785714285714286,1.0,"(112, 64, 500)","(112, 64, 500)",12,67,0.6785714285714286
5,Tongue,Rest,35.85425543785095,0.8125,1.0,"(112, 64, 500)","(112, 64, 500)",12,67,0.8214285714285714
5,Mis,Rest,35.99384808540344,0.7321428571428571,1.0,"(112, 64, 500)","(112, 64, 500)",12,67,0.7321428571428572
