participant,class1,class2,running_time,test_acc,train_acc,test_size,train_size,train_block,test_block,test_acc_vote
6,Hand,Rest,35.85376834869385,0.6607142857142857,1.0,"(112, 64, 500)","(112, 64, 500)",12,67,0.6696428571428572
6,Feet,Rest,35.7415668964386,0.5803571428571429,1.0,"(112, 64, 500)","(112, 64, 500)",12,67,0.5892857142857143
6,Tongue,Rest,35.651407957077026,0.5982142857142857,0.9285714285714286,"(112, 64, 500)","(112, 64, 500)",12,67,0.5803571428571428
6,Mis,Rest,36.539185762405396,0.6517857142857143,0.9553571428571429,"(112, 64, 500)","(112, 64, 500)",12,67,0.6875
