participant,class1,class2,running_time,test_acc,train_acc,test_size,train_size,train_block,test_block,test_acc_vote
7,Hand,Rest,36.702852725982666,0.7232142857142857,1.0,"(112, 64, 500)","(112, 64, 500)",12,67,0.7321428571428572
7,Feet,Rest,36.292964696884155,0.6071428571428571,1.0,"(112, 64, 500)","(112, 64, 500)",12,67,0.6517857142857143
7,Tongue,Rest,35.73428750038147,0.6607142857142857,1.0,"(112, 64, 500)","(112, 64, 500)",12,67,0.6964285714285714
7,Mis,Rest,36.4270920753479,0.625,1.0,"(112, 64, 500)","(112, 64, 500)",12,67,0.6607142857142857
