participant,class1,class2,running_time,test_acc,train_acc,test_size,train_size,train_block,test_block,test_acc_vote
10,Hand,Rest,37.10609412193298,0.6309523809523809,1.0,"(84, 64, 1000)","(112, 64, 1000)",1234,567,0.6071428571428572
10,Feet,Rest,36.99092626571655,0.6547619047619048,0.9910714285714286,"(84, 64, 1000)","(112, 64, 1000)",1234,567,0.6428571428571428
10,Tongue,Rest,37.77747058868408,0.7142857142857143,0.9910714285714286,"(84, 64, 1000)","(112, 64, 1000)",1234,567,0.6785714285714286
10,Mis,Rest,37.76921820640564,0.7976190476190477,0.9910714285714286,"(84, 64, 1000)","(112, 64, 1000)",1234,567,0.7261904761904762
