participant,class1,class2,running_time,test_acc,train_acc,test_size,train_size,train_block,test_block,test_acc_vote
4,Hand,Rest,37.306769371032715,0.9047619047619048,1.0,"(84, 64, 1000)","(112, 64, 1000)",1234,567,0.8928571428571429
4,Feet,Rest,36.9632933139801,0.7738095238095238,0.9642857142857144,"(84, 64, 1000)","(112, 64, 1000)",1234,567,0.7023809523809523
4,Tongue,Rest,38.1164174079895,0.8333333333333334,1.0,"(84, 64, 1000)","(112, 64, 1000)",1234,567,0.8214285714285714
4,Mis,Rest,37.637001276016235,0.7261904761904762,1.0,"(84, 64, 1000)","(112, 64, 1000)",1234,567,0.7023809523809523
