participant,class1,class2,running_time,test_acc,train_acc,test_size,train_size,train_block,test_block,test_acc_vote
10,Hand,Rest,55.02995800971985,0.6339285714285714,0.988095238095238,"(112, 64, 1000)","(84, 64, 1000)",123,4567,0.5982142857142857
10,Feet,Rest,55.75915217399597,0.7232142857142857,1.0,"(112, 64, 1000)","(84, 64, 1000)",123,4567,0.6964285714285714
10,Tongue,Rest,55.57650327682495,0.6785714285714286,0.9642857142857144,"(112, 64, 1000)","(84, 64, 1000)",123,4567,0.6607142857142857
10,Mis,Rest,56.402361154556274,0.6785714285714286,1.0,"(112, 64, 1000)","(84, 64, 1000)",123,4567,0.6428571428571428
