participant,class1,class2,running_time,test_acc,train_acc,test_size,train_size,train_block,test_block,test_acc_vote
3,Hand,Rest,139.88151788711548,0.8623853211009175,0.906422018348624,"(218, 64, 1000)","(545, 64, 1000)",12345,67,0.8715596330275229
3,Feet,Rest,141.71108508110046,0.6697247706422018,0.8990825688073395,"(218, 64, 1000)","(545, 64, 1000)",12345,67,0.6880733944954128
3,Tongue,Rest,141.81176495552063,0.7660550458715596,0.8880733944954129,"(218, 64, 1000)","(545, 64, 1000)",12345,67,0.7889908256880733
3,Mis,Rest,142.9595024585724,0.8577981651376146,0.9155963302752294,"(218, 64, 1000)","(545, 64, 1000)",12345,67,0.8577981651376146
