participant,class1,class2,running_time,test_acc,train_acc,test_size,train_size,train_block,test_block,test_acc_vote
10,Hand,Rest,44.214470863342285,0.7321428571428571,1.0,"(56, 64, 1000)","(140, 64, 1000)",12345,67,0.6964285714285714
10,Feet,Rest,107.37393236160278,0.6071428571428571,1.0,"(56, 64, 1000)","(140, 64, 1000)",12345,67,0.625
10,Tongue,Rest,62.764018297195435,0.75,1.0,"(56, 64, 1000)","(140, 64, 1000)",12345,67,0.6607142857142857
10,Mis,Rest,56.06251788139343,0.8392857142857143,1.0,"(56, 64, 1000)","(140, 64, 1000)",12345,67,0.8392857142857143
