participant,class1,class2,running_time,test_acc,train_acc,test_size,train_size,train_block,test_block,test_acc_vote
4,Hand,Rest,63.989328384399414,0.9107142857142856,1.0,"(56, 64, 1000)","(140, 64, 1000)",12345,67,0.875
4,Feet,Rest,66.80766201019287,0.8928571428571429,1.0,"(56, 64, 1000)","(140, 64, 1000)",12345,67,0.8214285714285714
4,Tongue,Rest,64.1137626171112,0.7321428571428571,1.0,"(56, 64, 1000)","(140, 64, 1000)",12345,67,0.6964285714285714
4,Mis,Rest,67.16112804412842,0.6428571428571429,1.0,"(56, 64, 1000)","(140, 64, 1000)",12345,67,0.6071428571428572
