participant,class1,class2,running_time,test_acc,train_acc,test_size,train_size,train_block,test_block,test_acc_vote
10,Hand,Rest,37.29849290847778,0.536036036036036,1.0,"(222, 64, 500)","(111, 64, 500)",1,67,0.5495495495495495
10,Feet,Rest,36.68880534172058,0.6441441441441441,1.0,"(222, 64, 500)","(111, 64, 500)",1,67,0.6576576576576576
10,Tongue,Rest,37.40247631072998,0.5675675675675675,1.0,"(222, 64, 500)","(111, 64, 500)",1,67,0.5630630630630631
10,Mis,Rest,36.790143966674805,0.536036036036036,1.0,"(222, 64, 500)","(111, 64, 500)",1,67,0.5405405405405406
