participant,class1,class2,running_time,test_acc,train_acc,test_size,train_size,train_block,test_block,test_acc_vote
14,Hand,Rest,36.8404541015625,0.6531531531531531,1.0,"(222, 64, 500)","(111, 64, 500)",1,67,0.6441441441441442
14,Feet,Rest,37.40476942062378,0.5315315315315315,1.0,"(222, 64, 500)","(111, 64, 500)",1,67,0.545045045045045
14,Tongue,Rest,36.64729332923889,0.4954954954954955,1.0,"(222, 64, 500)","(111, 64, 500)",1,67,0.5045045045045045
14,Mis,Rest,36.51454424858093,0.4864864864864865,1.0,"(222, 64, 500)","(111, 64, 500)",1,67,0.48198198198198194
