participant,class1,class2,running_time,test_acc,train_acc,test_size,train_size,train_block,test_block,test_acc_vote
15,Hand,Rest,37.384238481521606,0.5855855855855856,1.0,"(222, 64, 500)","(111, 64, 500)",1,67,0.5810810810810811
15,Feet,Rest,36.80966925621033,0.5225225225225225,1.0,"(222, 64, 500)","(111, 64, 500)",1,67,0.509009009009009
15,Tongue,Rest,36.55097579956055,0.5990990990990991,1.0,"(222, 64, 500)","(111, 64, 500)",1,67,0.5945945945945945
15,Mis,Rest,36.65836691856384,0.5900900900900901,1.0,"(222, 64, 500)","(111, 64, 500)",1,67,0.6126126126126126
