participant,class1,class2,running_time,test_acc,train_acc,test_size,train_size,train_block,test_block,test_acc_vote
18,Hand,Rest,36.944894790649414,0.5315315315315315,1.0,"(222, 64, 500)","(111, 64, 500)",1,67,0.5225225225225225
18,Feet,Rest,36.28863358497619,0.6216216216216216,1.0,"(222, 64, 500)","(111, 64, 500)",1,67,0.5990990990990991
18,Tongue,Rest,36.702468156814575,0.6756756756756757,1.0,"(222, 64, 500)","(111, 64, 500)",1,67,0.6756756756756757
18,Mis,Rest,37.15891432762146,0.581081081081081,1.0,"(222, 64, 500)","(111, 64, 500)",1,67,0.5495495495495495
