participant,class1,class2,running_time,test_acc,train_acc,test_size,train_size,train_block,test_block,test_acc_vote
11,Hand,Rest,51.98564052581787,0.6928571428571428,1.0,"(140, 64, 1000)","(56, 64, 1000)",12,34567,0.6214285714285714
11,Feet,Rest,53.53445792198181,0.8714285714285714,1.0,"(140, 64, 1000)","(56, 64, 1000)",12,34567,0.8428571428571429
11,Tongue,Rest,55.71068239212036,0.5642857142857143,1.0,"(140, 64, 1000)","(56, 64, 1000)",12,34567,0.5357142857142857
11,Mis,Rest,52.669869899749756,0.5,1.0,"(140, 64, 1000)","(56, 64, 1000)",12,34567,0.48571428571428577
