participant,class1,class2,running_time,test_acc,train_acc,test_size,train_size,train_block,test_block,test_acc_vote
13,Hand,Rest,52.53846454620361,0.7,1.0,"(140, 64, 1000)","(56, 64, 1000)",12,34567,0.6285714285714286
13,Feet,Rest,51.94359707832336,0.6214285714285714,1.0,"(140, 64, 1000)","(56, 64, 1000)",12,34567,0.5714285714285714
13,Tongue,Rest,52.868576765060425,0.6642857142857143,1.0,"(140, 64, 1000)","(56, 64, 1000)",12,34567,0.6285714285714286
13,Mis,Rest,53.56689214706421,0.6285714285714286,1.0,"(140, 64, 1000)","(56, 64, 1000)",12,34567,0.5071428571428571
