participant,class1,class2,running_time,test_acc,train_acc,test_size,train_size,train_block,test_block,test_acc_vote
14,Hand,Rest,52.02202081680298,0.65,1.0,"(140, 64, 1000)","(56, 64, 1000)",12,34567,0.5857142857142856
14,Feet,Rest,52.44633913040161,0.5428571428571428,1.0,"(140, 64, 1000)","(56, 64, 1000)",12,34567,0.5214285714285714
14,Tongue,Rest,57.13362646102905,0.4714285714285714,1.0,"(140, 64, 1000)","(56, 64, 1000)",12,34567,0.4857142857142857
14,Mis,Rest,54.03107714653015,0.5071428571428571,1.0,"(140, 64, 1000)","(56, 64, 1000)",12,34567,0.5142857142857142
