participant,class1,class2,running_time,test_acc,train_acc,test_size,train_size,train_block,test_block,test_acc_vote
3,Hand,Rest,55.58990502357483,0.5142857142857142,1.0,"(140, 64, 1000)","(56, 64, 1000)",12,34567,0.4857142857142857
3,Feet,Rest,57.97871780395508,0.5142857142857142,1.0,"(140, 64, 1000)","(56, 64, 1000)",12,34567,0.5214285714285714
3,Tongue,Rest,59.302029609680176,0.4928571428571429,1.0,"(140, 64, 1000)","(56, 64, 1000)",12,34567,0.5285714285714286
3,Mis,Rest,58.944045543670654,0.6642857142857143,1.0,"(140, 64, 1000)","(56, 64, 1000)",12,34567,0.6142857142857143
