participant,class1,class2,running_time,test_acc,train_acc,test_size,train_size,train_block,test_block,test_acc_vote
4,Hand,Rest,56.81374621391296,0.7714285714285715,1.0,"(140, 64, 1000)","(56, 64, 1000)",12,34567,0.7071428571428571
4,Feet,Rest,58.30154037475586,0.6285714285714286,1.0,"(140, 64, 1000)","(56, 64, 1000)",12,34567,0.6142857142857143
4,Tongue,Rest,58.01649737358093,0.5214285714285715,1.0,"(140, 64, 1000)","(56, 64, 1000)",12,34567,0.4785714285714285
4,Mis,Rest,55.20819139480591,0.6928571428571428,1.0,"(140, 64, 1000)","(56, 64, 1000)",12,34567,0.7071428571428571
