participant,class1,class2,running_time,test_acc,train_acc,test_size,train_size,train_block,test_block,test_acc_vote
9,Hand,Rest,54.079896688461304,0.5714285714285714,1.0,"(140, 64, 1000)","(56, 64, 1000)",12,34567,0.5142857142857142
9,Feet,Rest,52.01151442527771,0.4928571428571429,1.0,"(140, 64, 1000)","(56, 64, 1000)",12,34567,0.5214285714285714
9,Tongue,Rest,53.24743390083313,0.5285714285714286,1.0,"(140, 64, 1000)","(56, 64, 1000)",12,34567,0.5214285714285714
9,Mis,Rest,52.9072208404541,0.5357142857142857,1.0,"(140, 64, 1000)","(56, 64, 1000)",12,34567,0.4928571428571429
