participant,class1,class2,running_time,test_acc,train_acc,test_size,train_size,train_block,test_block,test_acc_vote
11,Hand,Rest,37.34668183326721,0.9404761904761904,1.0,"(84, 64, 1000)","(112, 64, 1000)",1234,567,0.9285714285714286
11,Feet,Rest,37.375213623046875,0.9523809523809524,1.0,"(84, 64, 1000)","(112, 64, 1000)",1234,567,0.9404761904761904
11,Tongue,Rest,38.54395771026611,0.75,0.9910714285714286,"(84, 64, 1000)","(112, 64, 1000)",1234,567,0.6904761904761905
11,Mis,Rest,38.59882211685181,0.7261904761904762,1.0,"(84, 64, 1000)","(112, 64, 1000)",1234,567,0.7261904761904762
