participant,class1,class2,running_time,test_acc,train_acc,test_size,train_size,train_block,test_block,test_acc_vote
13,Hand,Rest,37.03467130661011,0.7142857142857143,0.9285714285714286,"(84, 64, 1000)","(112, 64, 1000)",1234,567,0.6547619047619048
13,Feet,Rest,37.2483503818512,0.9285714285714286,1.0,"(84, 64, 1000)","(112, 64, 1000)",1234,567,0.9047619047619048
13,Tongue,Rest,38.340359687805176,0.8452380952380952,1.0,"(84, 64, 1000)","(112, 64, 1000)",1234,567,0.8095238095238095
13,Mis,Rest,38.3055145740509,0.8214285714285714,0.9821428571428571,"(84, 64, 1000)","(112, 64, 1000)",1234,567,0.7976190476190477
