participant,class1,class2,running_time,test_acc,train_acc,test_size,train_size,train_block,test_block,test_acc_vote
3,Hand,Rest,37.509751319885254,0.8333333333333334,0.9910714285714286,"(84, 64, 1000)","(112, 64, 1000)",1234,567,0.7857142857142857
3,Feet,Rest,37.28114366531372,0.5952380952380952,0.9732142857142856,"(84, 64, 1000)","(112, 64, 1000)",1234,567,0.5357142857142857
3,Tongue,Rest,39.02275347709656,0.7261904761904762,0.9821428571428572,"(84, 64, 1000)","(112, 64, 1000)",1234,567,0.6547619047619048
3,Mis,Rest,38.77281332015991,0.8214285714285714,0.9910714285714286,"(84, 64, 1000)","(112, 64, 1000)",1234,567,0.8214285714285714
