participant,class1,class2,running_time,test_acc,train_acc,test_size,train_size,train_block,test_block,test_acc_vote
6,Hand,Rest,37.08573055267334,0.6547619047619048,1.0,"(84, 64, 1000)","(112, 64, 1000)",1234,567,0.5714285714285714
6,Feet,Rest,37.176294803619385,0.8095238095238095,1.0,"(84, 64, 1000)","(112, 64, 1000)",1234,567,0.7976190476190477
6,Tongue,Rest,38.34234952926636,0.8214285714285714,1.0,"(84, 64, 1000)","(112, 64, 1000)",1234,567,0.8095238095238095
6,Mis,Rest,38.59781241416931,0.7857142857142857,0.9821428571428571,"(84, 64, 1000)","(112, 64, 1000)",1234,567,0.7976190476190477
