participant,class1,class2,running_time,test_acc,train_acc,test_size,train_size,train_block,test_block,test_acc_vote
7,Hand,Rest,37.67803931236267,0.8333333333333334,0.9821428571428572,"(84, 64, 1000)","(112, 64, 1000)",1234,567,0.8571428571428572
7,Feet,Rest,37.43707489967346,0.8928571428571429,0.9910714285714286,"(84, 64, 1000)","(112, 64, 1000)",1234,567,0.8809523809523809
7,Tongue,Rest,38.33261227607727,0.7619047619047619,1.0,"(84, 64, 1000)","(112, 64, 1000)",1234,567,0.75
7,Mis,Rest,38.354217767715454,0.6785714285714286,0.9642857142857143,"(84, 64, 1000)","(112, 64, 1000)",1234,567,0.7023809523809523
