participant,class1,class2,running_time,test_acc,train_acc,test_size,train_size,train_block,test_block,test_acc_vote
9,Hand,Rest,37.504918575286865,0.9166666666666666,0.9910714285714286,"(84, 64, 1000)","(112, 64, 1000)",1234,567,0.8809523809523809
9,Feet,Rest,37.13794994354248,0.9642857142857144,0.9910714285714286,"(84, 64, 1000)","(112, 64, 1000)",1234,567,0.9523809523809524
9,Tongue,Rest,38.33679151535034,0.7142857142857143,0.9821428571428572,"(84, 64, 1000)","(112, 64, 1000)",1234,567,0.7261904761904762
9,Mis,Rest,38.593971967697144,0.7142857142857143,0.9732142857142857,"(84, 64, 1000)","(112, 64, 1000)",1234,567,0.7380952380952381
