class,test_acc,vote_acc
Hand,0.7690476190476191,0.7452380952380951
Feet,0.7202380952380951,0.6821428571428572
Tongue,0.75,0.7095238095238094
Mis,0.7154761904761905,0.6809523809523809
