participant,class1,class2,running_time,test_acc,train_acc,test_size,train_size,train_block,test_block,test_acc_vote
16,Hand,Rest,42.015005111694336,0.6785714285714286,1.0,"(56, 64, 1000)","(84, 64, 1000)",123,67,0.625
16,Feet,Rest,41.20285105705261,0.7142857142857143,1.0,"(56, 64, 1000)","(84, 64, 1000)",123,67,0.6428571428571428
16,Tongue,Rest,41.590571641922,0.8392857142857143,1.0,"(56, 64, 1000)","(84, 64, 1000)",123,67,0.7857142857142857
16,Mis,Rest,41.54424166679382,0.875,0.9761904761904762,"(56, 64, 1000)","(84, 64, 1000)",123,67,0.8035714285714286
