participant,class1,class2,running_time,test_acc,train_acc,test_size,train_size,train_block,test_block,test_acc_vote
19,Hand,Rest,42.09535622596741,0.8392857142857143,0.9404761904761904,"(56, 64, 1000)","(84, 64, 1000)",123,67,0.8392857142857143
19,Feet,Rest,41.45041608810425,0.625,1.0,"(56, 64, 1000)","(84, 64, 1000)",123,67,0.5357142857142857
19,Tongue,Rest,42.23022508621216,0.9107142857142856,0.9761904761904762,"(56, 64, 1000)","(84, 64, 1000)",123,67,0.8571428571428572
19,Mis,Rest,41.348652839660645,0.7142857142857143,0.9880952380952381,"(56, 64, 1000)","(84, 64, 1000)",123,67,0.6428571428571428
