participant,class1,class2,running_time,test_acc,train_acc,test_size,train_size,train_block,test_block,test_acc_vote
11,Hand,Rest,134.76583290100098,0.8807339449541285,1.0,"(327, 64, 1000)","(436, 64, 1000)",1234,567,0.9051987767584098
11,Feet,Rest,133.96079230308533,0.8868501529051988,1.0,"(327, 64, 1000)","(436, 64, 1000)",1234,567,0.8929663608562691
11,Tongue,Rest,133.92437863349917,0.636085626911315,1.0,"(327, 64, 1000)","(436, 64, 1000)",1234,567,0.6513761467889908
11,Mis,Rest,134.14800000190735,0.7308868501529052,1.0,"(327, 64, 1000)","(436, 64, 1000)",1234,567,0.7339449541284404
