participant,class1,class2,running_time,test_acc,train_acc,test_size,train_size,train_block,test_block,test_acc_vote
7,Hand,Rest,132.5039734840393,0.7981651376146789,1.0,"(327, 64, 1000)","(436, 64, 1000)",1234,567,0.8134556574923547
7,Feet,Rest,134.06722736358645,0.8593272171253823,1.0,"(327, 64, 1000)","(436, 64, 1000)",1234,567,0.8715596330275229
7,Tongue,Rest,137.0713906288147,0.7217125382262997,1.0,"(327, 64, 1000)","(436, 64, 1000)",1234,567,0.7308868501529052
7,Mis,Rest,135.99037528038025,0.7828746177370031,1.0,"(327, 64, 1000)","(436, 64, 1000)",1234,567,0.7981651376146789
