participant,class1,class2,running_time,test_acc,train_acc,test_size,train_size,train_block,test_block,test_acc_vote
9,Hand,Rest,40.06894254684448,0.9464285714285714,1.0,"(56, 64, 1000)","(140, 64, 1000)",12345,67,0.9285714285714286
9,Feet,Rest,47.785216331481934,0.9642857142857144,1.0,"(56, 64, 1000)","(140, 64, 1000)",12345,67,0.9642857142857144
9,Tongue,Rest,43.84591627120972,0.875,1.0,"(56, 64, 1000)","(140, 64, 1000)",12345,67,0.8392857142857143
9,Mis,Rest,43.09705066680908,0.7678571428571429,1.0,"(56, 64, 1000)","(140, 64, 1000)",12345,67,0.75
