participant,class1,class2,running_time,test_acc,train_acc,test_size,train_size,train_block,test_block,test_acc_vote
4,Hand,Rest,125.00632786750792,0.8110091743119267,0.9908256880733946,"(545, 64, 1000)","(218, 64, 1000)",12,34567,0.8201834862385321
4,Feet,Rest,122.32156586647034,0.7321100917431193,0.9770642201834864,"(545, 64, 1000)","(218, 64, 1000)",12,34567,0.7449541284403669
4,Tongue,Rest,124.83523440361024,0.7834862385321101,0.9908256880733946,"(545, 64, 1000)","(218, 64, 1000)",12,34567,0.7871559633027523
4,Mis,Rest,120.57411408424377,0.6311926605504588,0.981651376146789,"(545, 64, 1000)","(218, 64, 1000)",12,34567,0.636697247706422
