participant,class1,class2,running_time,test_acc,train_acc,test_size,train_size,train_block,test_block,test_acc_vote
11,Hand,Rest,130.05473232269287,0.8394495412844036,0.9785932721712538,"(436, 64, 1000)","(327, 64, 1000)",123,4567,0.841743119266055
11,Feet,Rest,130.009583234787,0.8669724770642202,0.9724770642201837,"(436, 64, 1000)","(327, 64, 1000)",123,4567,0.8807339449541285
11,Tongue,Rest,133.5951030254364,0.658256880733945,0.9908256880733946,"(436, 64, 1000)","(327, 64, 1000)",123,4567,0.6559633027522935
11,Mis,Rest,128.94188833236694,0.6697247706422018,0.9785932721712538,"(436, 64, 1000)","(327, 64, 1000)",123,4567,0.676605504587156
