participant,class1,class2,running_time,test_acc,train_acc,test_size,train_size,train_block,test_block,test_acc_vote
6,Hand,Rest,126.41724586486816,0.6215596330275229,0.9724770642201837,"(436, 64, 1000)","(327, 64, 1000)",123,4567,0.6261467889908257
6,Feet,Rest,126.24872207641602,0.7224770642201835,0.9571865443425076,"(436, 64, 1000)","(327, 64, 1000)",123,4567,0.7408256880733946
6,Tongue,Rest,129.08151865005493,0.7385321100917431,0.9602446483180428,"(436, 64, 1000)","(327, 64, 1000)",123,4567,0.7545871559633027
6,Mis,Rest,130.03518867492676,0.5229357798165137,0.9480122324159022,"(436, 64, 1000)","(327, 64, 1000)",123,4567,0.518348623853211
