participant,class1,class2,running_time,test_acc,train_acc,test_size,train_size,train_block,test_block,test_acc_vote
9,Hand,Rest,125.9605836868286,0.8876146788990825,0.9480122324159022,"(436, 64, 1000)","(327, 64, 1000)",123,4567,0.9059633027522936
9,Feet,Rest,131.19244766235352,0.8669724770642202,0.981651376146789,"(436, 64, 1000)","(327, 64, 1000)",123,4567,0.8692660550458715
9,Tongue,Rest,126.2534236907959,0.6261467889908257,0.9694189602446484,"(436, 64, 1000)","(327, 64, 1000)",123,4567,0.6261467889908257
9,Mis,Rest,127.89323568344116,0.75,0.9694189602446484,"(436, 64, 1000)","(327, 64, 1000)",123,4567,0.768348623853211
