participant,class1,class2,running_time,test_acc,train_acc,test_size,train_size,train_block,test_block,test_acc_vote
3,Hand,Rest,43.973344802856445,0.9464285714285714,1.0,"(56, 64, 1000)","(140, 64, 1000)",12345,67,0.9285714285714286
3,Feet,Rest,40.768433570861816,0.7321428571428571,1.0,"(56, 64, 1000)","(140, 64, 1000)",12345,67,0.6071428571428572
3,Tongue,Rest,41.69041395187378,0.7857142857142857,1.0,"(56, 64, 1000)","(140, 64, 1000)",12345,67,0.7142857142857143
3,Mis,Rest,42.101526975631714,0.8928571428571429,1.0,"(56, 64, 1000)","(140, 64, 1000)",12345,67,0.9107142857142857
