participant,class1,class2,running_time,test_acc,train_acc,test_size,train_size,train_block,test_block,test_acc_vote
5,Hand,Rest,41.1194748878479,0.8214285714285714,1.0,"(56, 64, 1000)","(140, 64, 1000)",12345,67,0.8035714285714286
5,Feet,Rest,40.79447937011719,0.6607142857142857,1.0,"(56, 64, 1000)","(140, 64, 1000)",12345,67,0.7321428571428572
5,Tongue,Rest,42.25387787818909,0.7678571428571429,1.0,"(56, 64, 1000)","(140, 64, 1000)",12345,67,0.75
5,Mis,Rest,41.99660778045654,0.875,1.0,"(56, 64, 1000)","(140, 64, 1000)",12345,67,0.8571428571428572
