participant,class1,class2,running_time,test_acc,train_acc,test_size,train_size,train_block,test_block,test_acc_vote
13,Hand,Rest,79.40759062767029,0.5119047619047619,1.0,"(168, 64, 500)","(224, 64, 500)",1234,567,0.4880952380952381
13,Feet,Rest,77.40064573287964,0.5,1.0,"(168, 64, 500)","(224, 64, 500)",1234,567,0.4880952380952381
13,Tongue,Rest,74.43118214607239,0.7202380952380952,1.0,"(168, 64, 500)","(224, 64, 500)",1234,567,0.7023809523809523
13,Mis,Rest,73.31210136413574,0.6726190476190477,1.0,"(168, 64, 500)","(224, 64, 500)",1234,567,0.6428571428571428
