participant,class1,class2,running_time,test_acc,train_acc,test_size,train_size,train_block,test_block,test_acc_vote
3,Hand,Rest,71.31143641471863,0.6845238095238095,1.0,"(168, 64, 500)","(224, 64, 500)",1234,567,0.6309523809523809
3,Feet,Rest,75.84274506568909,0.5476190476190477,1.0,"(168, 64, 500)","(224, 64, 500)",1234,567,0.5357142857142857
3,Tongue,Rest,77.99913477897644,0.6547619047619048,1.0,"(168, 64, 500)","(224, 64, 500)",1234,567,0.6369047619047619
3,Mis,Rest,72.25090384483337,0.5595238095238095,1.0,"(168, 64, 500)","(224, 64, 500)",1234,567,0.5357142857142857
