participant,class1,class2,running_time,test_acc,train_acc,test_size,train_size,train_block,test_block,test_acc_vote
9,Hand,Rest,73.19101619720459,0.6488095238095238,1.0,"(168, 64, 500)","(224, 64, 500)",1234,567,0.6190476190476191
9,Feet,Rest,77.03523540496826,0.75,1.0,"(168, 64, 500)","(224, 64, 500)",1234,567,0.7440476190476191
9,Tongue,Rest,84.52537059783936,0.6071428571428571,1.0,"(168, 64, 500)","(224, 64, 500)",1234,567,0.5595238095238095
9,Mis,Rest,78.8080403804779,0.6190476190476191,1.0,"(168, 64, 500)","(224, 64, 500)",1234,567,0.6190476190476191
