participant,class1,class2,running_time,test_acc,train_acc,test_size,train_size,train_block,test_block,test_acc_vote
13,Hand,Rest,56.3139750957489,0.7142857142857143,0.8660714285714286,"(84, 64, 1000)","(112, 64, 1000)",1234,567,0.6666666666666667
13,Feet,Rest,56.400951862335205,0.8571428571428571,0.8571428571428571,"(84, 64, 1000)","(112, 64, 1000)",1234,567,0.8214285714285714
13,Tongue,Rest,56.83456087112427,0.7380952380952381,0.9375,"(84, 64, 1000)","(112, 64, 1000)",1234,567,0.7023809523809523
13,Mis,Rest,56.76059341430664,0.7738095238095238,0.9285714285714286,"(84, 64, 1000)","(112, 64, 1000)",1234,567,0.7380952380952381
