participant,class1,class2,running_time,test_acc,train_acc,test_size,train_size,train_block,test_block,test_acc_vote
3,Hand,Rest,55.478740215301514,0.9047619047619048,0.9107142857142856,"(84, 64, 1000)","(112, 64, 1000)",1234,567,0.8809523809523809
3,Feet,Rest,55.35913896560669,0.6666666666666666,0.9107142857142856,"(84, 64, 1000)","(112, 64, 1000)",1234,567,0.6547619047619048
3,Tongue,Rest,56.86307096481323,0.75,0.8660714285714286,"(84, 64, 1000)","(112, 64, 1000)",1234,567,0.6904761904761905
3,Mis,Rest,58.11136198043823,0.8452380952380952,0.9107142857142857,"(84, 64, 1000)","(112, 64, 1000)",1234,567,0.8452380952380952
