participant,class1,class2,running_time,test_acc,train_acc,test_size,train_size,train_block,test_block,test_acc_vote
11,Hand,Rest,54.93968343734741,0.7767857142857143,0.9955357142857144,"(112, 64, 500)","(224, 64, 500)",1234,67,0.7946428571428572
11,Feet,Rest,56.38780331611633,0.8035714285714286,1.0,"(112, 64, 500)","(224, 64, 500)",1234,67,0.8303571428571428
11,Tongue,Rest,54.81481909751892,0.625,1.0,"(112, 64, 500)","(224, 64, 500)",1234,67,0.6160714285714286
11,Mis,Rest,56.08760476112366,0.7232142857142857,1.0,"(112, 64, 500)","(224, 64, 500)",1234,67,0.6964285714285714
