participant,class1,class2,running_time,test_acc,train_acc,test_size,train_size,train_block,test_block,test_acc_vote
3,Hand,Rest,36.55913329124451,0.7053571428571429,1.0,"(112, 64, 1000)","(84, 64, 1000)",123,4567,0.6517857142857143
3,Feet,Rest,37.004868507385254,0.6785714285714286,1.0,"(112, 64, 1000)","(84, 64, 1000)",123,4567,0.6964285714285714
3,Tongue,Rest,37.59044361114502,0.7232142857142857,0.988095238095238,"(112, 64, 1000)","(84, 64, 1000)",123,4567,0.6517857142857143
3,Mis,Rest,37.306997776031494,0.8035714285714286,1.0,"(112, 64, 1000)","(84, 64, 1000)",123,4567,0.7589285714285714
