participant,class1,class2,running_time,test_acc,train_acc,test_size,train_size,train_block,test_block,test_acc_vote
4,Hand,Rest,36.3380982875824,0.9017857142857144,1.0,"(112, 64, 1000)","(84, 64, 1000)",123,4567,0.9017857142857144
4,Feet,Rest,36.498318910598755,0.7410714285714286,1.0,"(112, 64, 1000)","(84, 64, 1000)",123,4567,0.7410714285714286
4,Tongue,Rest,37.93063426017761,0.8482142857142857,1.0,"(112, 64, 1000)","(84, 64, 1000)",123,4567,0.8125
4,Mis,Rest,37.75654435157776,0.7410714285714286,0.9880952380952381,"(112, 64, 1000)","(84, 64, 1000)",123,4567,0.6696428571428572
