participant,class1,class2,running_time,test_acc,train_acc,test_size,train_size,train_block,test_block,test_acc_vote
5,Hand,Rest,36.52186727523804,0.5803571428571429,1.0,"(112, 64, 1000)","(84, 64, 1000)",123,4567,0.5892857142857143
5,Feet,Rest,36.4977490901947,0.7232142857142857,1.0,"(112, 64, 1000)","(84, 64, 1000)",123,4567,0.6785714285714286
5,Tongue,Rest,37.983559131622314,0.7767857142857143,1.0,"(112, 64, 1000)","(84, 64, 1000)",123,4567,0.7142857142857143
5,Mis,Rest,37.40676474571228,0.7410714285714286,1.0,"(112, 64, 1000)","(84, 64, 1000)",123,4567,0.7053571428571428
