participant,class1,class2,running_time,test_acc,train_acc,test_size,train_size,train_block,test_block,test_acc_vote
10,Hand,Rest,85.30511999130249,0.5214067278287462,1.0,"(654, 64, 1000)","(109, 64, 1000)",1,234567,0.5244648318042813
10,Feet,Rest,82.58333587646484,0.536697247706422,1.0,"(654, 64, 1000)","(109, 64, 1000)",1,234567,0.5458715596330275
10,Tongue,Rest,82.42962741851807,0.5519877675840978,1.0,"(654, 64, 1000)","(109, 64, 1000)",1,234567,0.5565749235474007
10,Mis,Rest,84.28167939186096,0.6223241590214067,1.0,"(654, 64, 1000)","(109, 64, 1000)",1,234567,0.636085626911315
