participant,class1,class2,running_time,test_acc,train_acc,test_size,train_size,train_block,test_block,test_acc_vote
11,Hand,Rest,82.6643877029419,0.4862385321100917,1.0,"(654, 64, 1000)","(109, 64, 1000)",1,234567,0.4877675840978593
11,Feet,Rest,82.50484323501587,0.8256880733944955,1.0,"(654, 64, 1000)","(109, 64, 1000)",1,234567,0.8394495412844036
11,Tongue,Rest,88.5282506942749,0.5581039755351682,1.0,"(654, 64, 1000)","(109, 64, 1000)",1,234567,0.5596330275229358
11,Mis,Rest,83.69408822059631,0.5305810397553516,1.0,"(654, 64, 1000)","(109, 64, 1000)",1,234567,0.5305810397553516
