participant,class1,class2,running_time,test_acc,train_acc,test_size,train_size,train_block,test_block,test_acc_vote
13,Hand,Rest,83.24816417694092,0.5076452599388379,1.0,"(654, 64, 1000)","(109, 64, 1000)",1,234567,0.5045871559633027
13,Feet,Rest,84.38667249679565,0.6406727828746177,1.0,"(654, 64, 1000)","(109, 64, 1000)",1,234567,0.6207951070336392
13,Tongue,Rest,85.1686794757843,0.6009174311926605,1.0,"(654, 64, 1000)","(109, 64, 1000)",1,234567,0.6162079510703364
13,Mis,Rest,85.85693597793579,0.5351681957186545,1.0,"(654, 64, 1000)","(109, 64, 1000)",1,234567,0.5244648318042813
