participant,class1,class2,running_time,test_acc,train_acc,test_size,train_size,train_block,test_block,test_acc_vote
14,Hand,Rest,85.32379651069641,0.5474006116207951,1.0,"(654, 64, 1000)","(109, 64, 1000)",1,234567,0.5474006116207951
14,Feet,Rest,82.21460390090942,0.5963302752293578,1.0,"(654, 64, 1000)","(109, 64, 1000)",1,234567,0.591743119266055
14,Tongue,Rest,83.06752014160156,0.4694189602446483,1.0,"(654, 64, 1000)","(109, 64, 1000)",1,234567,0.4648318042813455
14,Mis,Rest,84.05216884613037,0.5244648318042814,1.0,"(654, 64, 1000)","(109, 64, 1000)",1,234567,0.5244648318042813
