participant,class1,class2,running_time,test_acc,train_acc,test_size,train_size,train_block,test_block,test_acc_vote
4,Hand,Rest,81.80873370170593,0.6223241590214067,1.0,"(654, 64, 1000)","(109, 64, 1000)",1,234567,0.617737003058104
4,Feet,Rest,81.63527798652649,0.5779816513761468,1.0,"(654, 64, 1000)","(109, 64, 1000)",1,234567,0.5703363914373089
4,Tongue,Rest,84.67217206954956,0.6498470948012233,1.0,"(654, 64, 1000)","(109, 64, 1000)",1,234567,0.6391437308868502
4,Mis,Rest,83.04481816291809,0.5382262996941896,1.0,"(654, 64, 1000)","(109, 64, 1000)",1,234567,0.5351681957186545
