participant,class1,class2,running_time,test_acc,train_acc,test_size,train_size,train_block,test_block,test_acc_vote
5,Hand,Rest,83.22708702087402,0.5321100917431193,1.0,"(654, 64, 1000)","(109, 64, 1000)",1,234567,0.5290519877675841
5,Feet,Rest,82.78049421310425,0.5214067278287462,1.0,"(654, 64, 1000)","(109, 64, 1000)",1,234567,0.5198776758409787
5,Tongue,Rest,85.02920985221863,0.555045871559633,1.0,"(654, 64, 1000)","(109, 64, 1000)",1,234567,0.5504587155963303
5,Mis,Rest,86.70177626609802,0.5412844036697247,1.0,"(654, 64, 1000)","(109, 64, 1000)",1,234567,0.5474006116207951
