participant,class1,class2,running_time,test_acc,train_acc,test_size,train_size,train_block,test_block,test_acc_vote
6,Hand,Rest,86.47877430915833,0.5382262996941896,1.0,"(654, 64, 1000)","(109, 64, 1000)",1,234567,0.5305810397553516
6,Feet,Rest,85.96832227706909,0.5076452599388379,1.0,"(654, 64, 1000)","(109, 64, 1000)",1,234567,0.5015290519877675
6,Tongue,Rest,83.96760296821594,0.5688073394495413,1.0,"(654, 64, 1000)","(109, 64, 1000)",1,234567,0.5657492354740061
6,Mis,Rest,86.4252381324768,0.5611620795107034,1.0,"(654, 64, 1000)","(109, 64, 1000)",1,234567,0.5596330275229358
