participant,class1,class2,running_time,test_acc,train_acc,test_size,train_size,train_block,test_block,test_acc_vote
7,Hand,Rest,82.39300966262817,0.6039755351681957,1.0,"(654, 64, 1000)","(109, 64, 1000)",1,234567,0.6131498470948012
7,Feet,Rest,82.40100955963135,0.6896024464831805,1.0,"(654, 64, 1000)","(109, 64, 1000)",1,234567,0.6957186544342507
7,Tongue,Rest,123.15801858901978,0.4923547400611621,1.0,"(654, 64, 1000)","(109, 64, 1000)",1,234567,0.4954128440366973
7,Mis,Rest,83.16532731056213,0.4984709480122324,1.0,"(654, 64, 1000)","(109, 64, 1000)",1,234567,0.4847094801223242
