participant,class1,class2,running_time,test_acc,train_acc,test_size,train_size,train_block,test_block,test_acc_vote
9,Hand,Rest,82.65765118598938,0.7920489296636085,1.0,"(654, 64, 1000)","(109, 64, 1000)",1,234567,0.7951070336391437
9,Feet,Rest,82.75049924850464,0.5856269113149847,1.0,"(654, 64, 1000)","(109, 64, 1000)",1,234567,0.5871559633027523
9,Tongue,Rest,82.69632172584534,0.4220183486238532,1.0,"(654, 64, 1000)","(109, 64, 1000)",1,234567,0.4051987767584097
9,Mis,Rest,85.87333488464355,0.5198776758409785,1.0,"(654, 64, 1000)","(109, 64, 1000)",1,234567,0.5076452599388379
