participant,class1,class2,running_time,test_acc,train_acc,test_size,train_size,train_block,test_block,test_acc_vote
10,Hand,Rest,147.57991456985474,0.6330275229357798,0.9747706422018348,"(327, 64, 1000)","(436, 64, 1000)",1234,567,0.6299694189602447
10,Feet,Rest,138.81310653686523,0.6116207951070336,0.9678899082568808,"(327, 64, 1000)","(436, 64, 1000)",1234,567,0.6024464831804281
10,Tongue,Rest,144.25725507736206,0.6636085626911316,0.9564220183486238,"(327, 64, 1000)","(436, 64, 1000)",1234,567,0.6697247706422018
10,Mis,Rest,144.17546463012695,0.8318042813455657,0.9587155963302753,"(327, 64, 1000)","(436, 64, 1000)",1234,567,0.8501529051987767
