participant,class1,class2,running_time,test_acc,train_acc,test_size,train_size,train_block,test_block,test_acc_vote
13,Hand,Rest,141.22150588035583,0.7431192660550459,0.8899082568807339,"(327, 64, 1000)","(436, 64, 1000)",1234,567,0.7400611620795108
13,Feet,Rest,150.79110598564148,0.8256880733944955,0.9403669724770642,"(327, 64, 1000)","(436, 64, 1000)",1234,567,0.8379204892966361
13,Tongue,Rest,154.13336944580078,0.764525993883792,0.9380733944954128,"(327, 64, 1000)","(436, 64, 1000)",1234,567,0.7737003058103975
13,Mis,Rest,155.92408084869385,0.7767584097859327,0.9105504587155964,"(327, 64, 1000)","(436, 64, 1000)",1234,567,0.7889908256880733
