participant,class1,class2,running_time,test_acc,train_acc,test_size,train_size,train_block,test_block,test_acc_vote
3,Hand,Rest,137.58206582069397,0.8379204892966361,0.9655963302752294,"(327, 64, 1000)","(436, 64, 1000)",1234,567,0.8379204892966361
3,Feet,Rest,138.86424899101257,0.6269113149847095,0.9288990825688074,"(327, 64, 1000)","(436, 64, 1000)",1234,567,0.6269113149847094
3,Tongue,Rest,142.2915461063385,0.7675840978593272,0.9426605504587156,"(327, 64, 1000)","(436, 64, 1000)",1234,567,0.7767584097859327
3,Mis,Rest,144.6000053882599,0.7951070336391437,0.9495412844036697,"(327, 64, 1000)","(436, 64, 1000)",1234,567,0.8134556574923547
