participant,class1,class2,running_time,test_acc,train_acc,test_size,train_size,train_block,test_block,test_acc_vote
4,Hand,Rest,141.13145685195923,0.8807339449541285,0.9747706422018348,"(327, 64, 1000)","(436, 64, 1000)",1234,567,0.8807339449541285
4,Feet,Rest,142.45464396476746,0.8318042813455657,0.9426605504587156,"(327, 64, 1000)","(436, 64, 1000)",1234,567,0.8379204892966361
4,Tongue,Rest,139.92284727096558,0.7492354740061162,0.9770642201834864,"(327, 64, 1000)","(436, 64, 1000)",1234,567,0.7400611620795108
4,Mis,Rest,143.35317873954773,0.7033639143730887,0.9701834862385321,"(327, 64, 1000)","(436, 64, 1000)",1234,567,0.7033639143730888
