participant,class1,class2,running_time,test_acc,train_acc,test_size,train_size,train_block,test_block,test_acc_vote
10,Hand,Rest,55.251755475997925,0.6875,1.0,"(112, 64, 1000)","(84, 64, 1000)",123,4567,0.6517857142857143
10,Feet,Rest,54.7230384349823,0.6875,1.0,"(112, 64, 1000)","(84, 64, 1000)",123,4567,0.6785714285714286
10,Tongue,Rest,56.538087129592896,0.6517857142857143,1.0,"(112, 64, 1000)","(84, 64, 1000)",123,4567,0.5625
10,Mis,Rest,57.05505990982056,0.75,1.0,"(112, 64, 1000)","(84, 64, 1000)",123,4567,0.6875
