participant,class1,class2,running_time,test_acc,train_acc,test_size,train_size,train_block,test_block,test_acc_vote
3,Hand,Rest,55.61762595176697,0.7053571428571429,1.0,"(112, 64, 1000)","(84, 64, 1000)",123,4567,0.6785714285714286
3,Feet,Rest,57.73478794097901,0.5892857142857143,1.0,"(112, 64, 1000)","(84, 64, 1000)",123,4567,0.5267857142857143
3,Tongue,Rest,59.577967166900635,0.7053571428571429,1.0,"(112, 64, 1000)","(84, 64, 1000)",123,4567,0.6160714285714286
3,Mis,Rest,57.38948392868042,0.8125,1.0,"(112, 64, 1000)","(84, 64, 1000)",123,4567,0.7946428571428572
