participant,class1,class2,running_time,test_acc,train_acc,test_size,train_size,train_block,test_block,test_acc_vote
9,Hand,Rest,55.088998317718506,0.8839285714285714,1.0,"(112, 64, 1000)","(84, 64, 1000)",123,4567,0.8482142857142857
9,Feet,Rest,55.06807041168213,0.875,1.0,"(112, 64, 1000)","(84, 64, 1000)",123,4567,0.875
9,Tongue,Rest,58.16481113433838,0.6785714285714286,1.0,"(112, 64, 1000)","(84, 64, 1000)",123,4567,0.6517857142857143
9,Mis,Rest,57.738614082336426,0.6517857142857143,1.0,"(112, 64, 1000)","(84, 64, 1000)",123,4567,0.6875
