participant,class1,class2,running_time,test_acc,train_acc,test_size,train_size,train_block,test_block,test_acc_vote
4,Hand,Rest,59.01031970977783,0.875,0.9785714285714284,"(56, 64, 1000)","(140, 64, 1000)",12345,67,0.8571428571428572
4,Feet,Rest,61.3323335647583,0.8571428571428571,0.9785714285714284,"(56, 64, 1000)","(140, 64, 1000)",12345,67,0.8214285714285714
4,Tongue,Rest,61.703126668930054,0.7857142857142857,0.9857142857142858,"(56, 64, 1000)","(140, 64, 1000)",12345,67,0.7678571428571428
4,Mis,Rest,61.77101516723633,0.6428571428571429,0.9714285714285714,"(56, 64, 1000)","(140, 64, 1000)",12345,67,0.625
