participant,class1,class2,running_time,test_acc,train_acc,test_size,train_size,train_block,test_block,test_acc_vote
7,Hand,Rest,62.24528121948242,0.8035714285714286,1.0,"(56, 64, 1000)","(140, 64, 1000)",12345,67,0.8392857142857143
7,Feet,Rest,61.50396800041199,0.8392857142857143,0.9928571428571428,"(56, 64, 1000)","(140, 64, 1000)",12345,67,0.8571428571428572
7,Tongue,Rest,61.14511704444885,0.7321428571428571,0.9928571428571428,"(56, 64, 1000)","(140, 64, 1000)",12345,67,0.6785714285714286
7,Mis,Rest,61.113295555114746,0.7321428571428571,0.9642857142857143,"(56, 64, 1000)","(140, 64, 1000)",12345,67,0.6964285714285714
