participant,class1,class2,running_time,test_acc,train_acc,test_size,train_size,train_block,test_block,test_acc_vote
10,Hand,Rest,36.421677350997925,0.6071428571428571,1.0,"(140, 64, 1000)","(56, 64, 1000)",12,34567,0.6071428571428572
10,Feet,Rest,35.86317253112793,0.7214285714285714,1.0,"(140, 64, 1000)","(56, 64, 1000)",12,34567,0.7285714285714286
10,Tongue,Rest,36.468199491500854,0.4785714285714286,1.0,"(140, 64, 1000)","(56, 64, 1000)",12,34567,0.4785714285714285
10,Mis,Rest,36.532782554626465,0.65,1.0,"(140, 64, 1000)","(56, 64, 1000)",12,34567,0.6428571428571428
