participant,class1,class2,running_time,test_acc,train_acc,test_size,train_size,train_block,test_block,test_acc_vote
14,Hand,Rest,36.31658577919006,0.7142857142857143,1.0,"(140, 64, 1000)","(56, 64, 1000)",12,34567,0.6857142857142857
14,Feet,Rest,35.69031381607056,0.6071428571428571,1.0,"(140, 64, 1000)","(56, 64, 1000)",12,34567,0.5642857142857143
14,Tongue,Rest,36.785969734191895,0.6214285714285714,1.0,"(140, 64, 1000)","(56, 64, 1000)",12,34567,0.6071428571428572
14,Mis,Rest,37.07076406478882,0.5928571428571429,1.0,"(140, 64, 1000)","(56, 64, 1000)",12,34567,0.6
