participant,class1,class2,running_time,test_acc,train_acc,test_size,train_size,train_block,test_block,test_acc_vote
7,Hand,Rest,35.64356732368469,0.7357142857142858,1.0,"(140, 64, 1000)","(56, 64, 1000)",12,34567,0.75
7,Feet,Rest,35.88762712478638,0.6357142857142857,1.0,"(140, 64, 1000)","(56, 64, 1000)",12,34567,0.5857142857142856
7,Tongue,Rest,36.73487710952759,0.7,1.0,"(140, 64, 1000)","(56, 64, 1000)",12,34567,0.6928571428571428
7,Mis,Rest,36.59834623336792,0.65,1.0,"(140, 64, 1000)","(56, 64, 1000)",12,34567,0.6285714285714286
