participant,class1,class2,running_time,test_acc,train_acc,test_size,train_size,train_block,test_block,test_acc_vote
16,Hand,Rest,23.444003582000732,0.5892857142857143,1.0,"(56, 64, 1000)","(28, 64, 1000)",1,67,0.5892857142857143
16,Feet,Rest,23.47468400001526,0.5714285714285714,1.0,"(56, 64, 1000)","(28, 64, 1000)",1,67,0.5178571428571428
16,Tongue,Rest,23.065431594848633,0.5892857142857143,1.0,"(56, 64, 1000)","(28, 64, 1000)",1,67,0.5357142857142857
16,Mis,Rest,23.358306169509888,0.5357142857142857,1.0,"(56, 64, 1000)","(28, 64, 1000)",1,67,0.5
