participant,class1,class2,running_time,test_acc,train_acc,test_size,train_size,train_block,test_block,test_acc_vote
3,Hand,Rest,23.3370099067688,0.6607142857142857,1.0,"(56, 64, 1000)","(28, 64, 1000)",1,67,0.6428571428571428
3,Feet,Rest,23.754064321517944,0.5535714285714286,1.0,"(56, 64, 1000)","(28, 64, 1000)",1,67,0.4821428571428571
3,Tongue,Rest,23.292977333068848,0.6071428571428571,1.0,"(56, 64, 1000)","(28, 64, 1000)",1,67,0.5535714285714286
3,Mis,Rest,23.083637952804565,0.6428571428571429,1.0,"(56, 64, 1000)","(28, 64, 1000)",1,67,0.5535714285714286
