participant,class1,class2,running_time,test_acc,train_acc,test_size,train_size,train_block,test_block,test_acc_vote
5,Hand,Rest,23.679811477661133,0.5,1.0,"(56, 64, 1000)","(28, 64, 1000)",1,67,0.4821428571428571
5,Feet,Rest,23.506561994552612,0.5357142857142857,1.0,"(56, 64, 1000)","(28, 64, 1000)",1,67,0.4821428571428571
5,Tongue,Rest,24.037529468536377,0.4642857142857143,1.0,"(56, 64, 1000)","(28, 64, 1000)",1,67,0.4642857142857143
5,Mis,Rest,23.907159566879272,0.5,1.0,"(56, 64, 1000)","(28, 64, 1000)",1,67,0.4821428571428571
