participant,class1,class2,running_time,test_acc,train_acc,test_size,train_size,train_block,test_block,test_acc_vote
10,Hand,Rest,140.80038022994995,0.7018348623853211,1.0,"(218, 64, 1000)","(545, 64, 1000)",12345,67,0.7018348623853211
10,Feet,Rest,142.92299437522888,0.6605504587155964,1.0,"(218, 64, 1000)","(545, 64, 1000)",12345,67,0.6743119266055047
10,Tongue,Rest,143.69261169433594,0.6880733944954128,1.0,"(218, 64, 1000)","(545, 64, 1000)",12345,67,0.6972477064220184
10,Mis,Rest,144.45729327201843,0.8027522935779816,1.0,"(218, 64, 1000)","(545, 64, 1000)",12345,67,0.8211009174311926
