participant,class1,class2,running_time,test_acc,train_acc,test_size,train_size,train_block,test_block,test_acc_vote
4,Hand,Rest,142.89265155792236,0.8302752293577982,1.0,"(218, 64, 1000)","(545, 64, 1000)",12345,67,0.8302752293577982
4,Feet,Rest,141.42092370986938,0.8211009174311926,1.0,"(218, 64, 1000)","(545, 64, 1000)",12345,67,0.8256880733944953
4,Tongue,Rest,144.95200777053833,0.7247706422018348,1.0,"(218, 64, 1000)","(545, 64, 1000)",12345,67,0.7293577981651376
4,Mis,Rest,144.115797996521,0.6330275229357798,1.0,"(218, 64, 1000)","(545, 64, 1000)",12345,67,0.6284403669724771
