participant,class1,class2,running_time,test_acc,train_acc,test_size,train_size,train_block,test_block,test_acc_vote
13,Hand,Rest,92.2425549030304,0.6339285714285714,0.8642857142857143,"(224, 64, 250)","(560, 64, 250)",12345,67,0.6428571428571428
13,Feet,Rest,92.17669486999512,0.7767857142857143,0.8892857142857142,"(224, 64, 250)","(560, 64, 250)",12345,67,0.8125
13,Tongue,Rest,92.48510599136353,0.75,0.9125,"(224, 64, 250)","(560, 64, 250)",12345,67,0.78125
13,Mis,Rest,93.18712902069092,0.7276785714285714,0.8678571428571429,"(224, 64, 250)","(560, 64, 250)",12345,67,0.7633928571428572
