participant,class1,class2,running_time,test_acc,train_acc,test_size,train_size,train_block,test_block,test_acc_vote
19,Hand,Rest,93.20907354354858,0.8080357142857143,0.8821428571428571,"(224, 64, 250)","(560, 64, 250)",12345,67,0.8348214285714286
19,Feet,Rest,92.28275442123412,0.6383928571428571,0.9,"(224, 64, 250)","(560, 64, 250)",12345,67,0.65625
19,Tongue,Rest,92.81826758384705,0.7901785714285714,0.8821428571428571,"(224, 64, 250)","(560, 64, 250)",12345,67,0.8258928571428572
19,Mis,Rest,93.1177659034729,0.7767857142857143,0.9107142857142857,"(224, 64, 250)","(560, 64, 250)",12345,67,0.7857142857142857
