participant,class1,class2,running_time,test_acc,train_acc,test_size,train_size,train_block,test_block,test_acc_vote
5,Hand,Rest,93.34517407417296,0.6919642857142857,0.9196428571428572,"(224, 64, 250)","(560, 64, 250)",12345,67,0.7232142857142857
5,Feet,Rest,92.44377899169922,0.6651785714285714,0.8946428571428572,"(224, 64, 250)","(560, 64, 250)",12345,67,0.6785714285714286
5,Tongue,Rest,93.42085886001588,0.7276785714285714,0.8982142857142857,"(224, 64, 250)","(560, 64, 250)",12345,67,0.7991071428571428
5,Mis,Rest,92.34306263923645,0.7723214285714286,0.9035714285714286,"(224, 64, 250)","(560, 64, 250)",12345,67,0.8348214285714286
