participant,class1,class2,running_time,test_acc,train_acc,test_size,train_size,train_block,test_block,test_acc_vote
9,Hand,Rest,91.98308539390564,0.8214285714285714,0.8928571428571429,"(224, 64, 250)","(560, 64, 250)",12345,67,0.8616071428571428
9,Feet,Rest,92.11940741539,0.8660714285714286,0.9267857142857144,"(224, 64, 250)","(560, 64, 250)",12345,67,0.8973214285714286
9,Tongue,Rest,93.59546160697936,0.7053571428571429,0.8625,"(224, 64, 250)","(560, 64, 250)",12345,67,0.7633928571428572
9,Mis,Rest,92.91677403450012,0.7410714285714286,0.8642857142857143,"(224, 64, 250)","(560, 64, 250)",12345,67,0.75
