class,test_acc,vote_acc
Hand,0.7803571428571429,0.7958333333333333
Feet,0.7494047619047619,0.7625
Tongue,0.6910714285714284,0.7029761904761904
Mis,0.7232142857142858,0.7398809523809523
