participant,class1,class2,running_time,test_acc,train_acc,test_size,train_size,train_block,test_block,test_acc_vote
10,Hand,Rest,39.93546795845032,0.6666666666666666,1.0,"(168, 64, 500)","(224, 64, 500)",1234,567,0.6547619047619048
10,Feet,Rest,39.40009546279907,0.6666666666666666,1.0,"(168, 64, 500)","(224, 64, 500)",1234,567,0.6369047619047619
10,Tongue,Rest,41.85839629173279,0.6666666666666666,1.0,"(168, 64, 500)","(224, 64, 500)",1234,567,0.7142857142857143
10,Mis,Rest,40.61161780357361,0.7440476190476191,1.0,"(168, 64, 500)","(224, 64, 500)",1234,567,0.75
