participant,class1,class2,running_time,test_acc,train_acc,test_size,train_size,train_block,test_block,test_acc_vote
14,Hand,Rest,40.08071970939636,0.8511904761904762,1.0,"(168, 64, 500)","(224, 64, 500)",1234,567,0.8392857142857143
14,Feet,Rest,39.6887001991272,0.6964285714285714,1.0,"(168, 64, 500)","(224, 64, 500)",1234,567,0.6845238095238095
14,Tongue,Rest,41.333547592163086,0.6190476190476191,1.0,"(168, 64, 500)","(224, 64, 500)",1234,567,0.6369047619047619
14,Mis,Rest,41.07292699813843,0.7321428571428571,1.0,"(168, 64, 500)","(224, 64, 500)",1234,567,0.8095238095238095
