participant,class1,class2,running_time,test_acc,train_acc,test_size,train_size,train_block,test_block,test_acc_vote
3,Hand,Rest,39.76510071754456,0.7976190476190477,1.0,"(168, 64, 500)","(224, 64, 500)",1234,567,0.8214285714285714
3,Feet,Rest,39.505260944366455,0.5892857142857143,1.0,"(168, 64, 500)","(224, 64, 500)",1234,567,0.6428571428571428
3,Tongue,Rest,40.73436784744263,0.7380952380952381,1.0,"(168, 64, 500)","(224, 64, 500)",1234,567,0.7142857142857143
3,Mis,Rest,40.7052001953125,0.8333333333333334,1.0,"(168, 64, 500)","(224, 64, 500)",1234,567,0.8333333333333334
