participant,class1,class2,running_time,test_acc,train_acc,test_size,train_size,train_block,test_block,test_acc_vote
5,Hand,Rest,40.06947731971741,0.7440476190476191,1.0,"(168, 64, 500)","(224, 64, 500)",1234,567,0.7559523809523809
5,Feet,Rest,39.46828269958496,0.6666666666666666,1.0,"(168, 64, 500)","(224, 64, 500)",1234,567,0.6726190476190477
5,Tongue,Rest,41.16040396690369,0.7202380952380952,1.0,"(168, 64, 500)","(224, 64, 500)",1234,567,0.7380952380952381
5,Mis,Rest,41.777697801589966,0.7083333333333334,1.0,"(168, 64, 500)","(224, 64, 500)",1234,567,0.7321428571428572
