participant,class1,class2,running_time,test_acc,train_acc,test_size,train_size,train_block,test_block,test_acc_vote
7,Hand,Rest,40.05919241905213,0.75,1.0,"(168, 64, 500)","(224, 64, 500)",1234,567,0.7738095238095238
7,Feet,Rest,39.453707456588745,0.8273809523809523,1.0,"(168, 64, 500)","(224, 64, 500)",1234,567,0.8690476190476191
7,Tongue,Rest,41.17138981819153,0.6547619047619048,1.0,"(168, 64, 500)","(224, 64, 500)",1234,567,0.6785714285714286
7,Mis,Rest,41.08179020881653,0.7321428571428571,1.0,"(168, 64, 500)","(224, 64, 500)",1234,567,0.7619047619047619
