participant,class1,class2,running_time,test_acc,train_acc,test_size,train_size,train_block,test_block,test_acc_vote
9,Hand,Rest,40.02784967422485,0.8214285714285714,1.0,"(168, 64, 500)","(224, 64, 500)",1234,567,0.8452380952380952
9,Feet,Rest,39.39115929603577,0.8988095238095238,1.0,"(168, 64, 500)","(224, 64, 500)",1234,567,0.9285714285714286
9,Tongue,Rest,41.07336091995239,0.7440476190476191,1.0,"(168, 64, 500)","(224, 64, 500)",1234,567,0.7440476190476191
9,Mis,Rest,40.74510312080383,0.7083333333333334,1.0,"(168, 64, 500)","(224, 64, 500)",1234,567,0.7440476190476191
