participant,class1,class2,running_time,test_acc,train_acc,test_size,train_size,train_block,test_block,test_acc_vote
11,Hand,Rest,52.94649910926819,0.8392857142857143,0.9107142857142856,"(224, 64, 250)","(448, 64, 250)",1234,67,0.8794642857142857
11,Feet,Rest,53.13089561462402,0.9107142857142856,0.9330357142857144,"(224, 64, 250)","(448, 64, 250)",1234,67,0.9285714285714286
11,Tongue,Rest,52.30581545829773,0.65625,0.9308035714285714,"(224, 64, 250)","(448, 64, 250)",1234,67,0.6517857142857143
11,Mis,Rest,52.070430517196655,0.6294642857142857,0.90625,"(224, 64, 250)","(448, 64, 250)",1234,67,0.6607142857142857
