participant,class1,class2,running_time,test_acc,train_acc,test_size,train_size,train_block,test_block,test_acc_vote
13,Hand,Rest,52.89299917221069,0.6383928571428571,0.8303571428571429,"(224, 64, 250)","(448, 64, 250)",1234,67,0.6428571428571428
13,Feet,Rest,76.37251424789429,0.7544642857142857,0.8549107142857143,"(224, 64, 250)","(448, 64, 250)",1234,67,0.7901785714285714
13,Tongue,Rest,137.80356764793396,0.6741071428571429,0.8950892857142857,"(224, 64, 250)","(448, 64, 250)",1234,67,0.6875
13,Mis,Rest,137.89077067375183,0.7232142857142857,0.8950892857142857,"(224, 64, 250)","(448, 64, 250)",1234,67,0.7544642857142857
