participant,class1,class2,running_time,test_acc,train_acc,test_size,train_size,train_block,test_block,test_acc_vote
4,Hand,Rest,52.642374992370605,0.84375,0.9241071428571428,"(224, 64, 250)","(448, 64, 250)",1234,67,0.875
4,Feet,Rest,52.81384301185608,0.7410714285714286,0.8638392857142857,"(224, 64, 250)","(448, 64, 250)",1234,67,0.7723214285714286
4,Tongue,Rest,57.18928074836731,0.71875,0.8950892857142857,"(224, 64, 250)","(448, 64, 250)",1234,67,0.7678571428571428
4,Mis,Rest,52.31430387496948,0.6964285714285714,0.8861607142857143,"(224, 64, 250)","(448, 64, 250)",1234,67,0.6785714285714286
