participant,class1,class2,running_time,test_acc,train_acc,test_size,train_size,train_block,test_block,test_acc_vote
6,Hand,Rest,52.12198853492737,0.6785714285714286,0.9084821428571428,"(224, 64, 250)","(448, 64, 250)",1234,67,0.7410714285714286
6,Feet,Rest,57.368804931640625,0.65625,0.890625,"(224, 64, 250)","(448, 64, 250)",1234,67,0.6964285714285714
6,Tongue,Rest,53.16408085823059,0.6517857142857143,0.9308035714285714,"(224, 64, 250)","(448, 64, 250)",1234,67,0.6741071428571428
6,Mis,Rest,52.82899332046509,0.6741071428571429,0.8526785714285714,"(224, 64, 250)","(448, 64, 250)",1234,67,0.6964285714285714
