participant,class1,class2,running_time,test_acc,train_acc,test_size,train_size,train_block,test_block,test_acc_vote
15,Hand,Rest,55.18458008766174,0.875,0.9694656488549618,"(56, 64, 1000)","(131, 64, 1000)",12345,67,0.8392857142857143
15,Feet,Rest,56.352367639541626,0.8392857142857143,0.9785714285714284,"(56, 64, 1000)","(140, 64, 1000)",12345,67,0.8571428571428572
15,Tongue,Rest,56.547303438186646,0.6785714285714286,0.9642857142857144,"(56, 64, 1000)","(140, 64, 1000)",12345,67,0.625
15,Mis,Rest,57.232455253601074,0.8214285714285714,0.9785714285714285,"(56, 64, 1000)","(140, 64, 1000)",12345,67,0.7857142857142857
