participant,class1,class2,running_time,test_acc,train_acc,test_size,train_size,train_block,test_block,test_acc_vote
19,Hand,Rest,57.60206937789917,0.8214285714285714,0.9357142857142856,"(56, 64, 1000)","(140, 64, 1000)",12345,67,0.7321428571428572
19,Feet,Rest,58.49264311790466,0.625,0.9714285714285714,"(56, 64, 1000)","(140, 64, 1000)",12345,67,0.5714285714285714
19,Tongue,Rest,56.22946000099182,0.8928571428571429,0.9357142857142856,"(56, 64, 1000)","(140, 64, 1000)",12345,67,0.8571428571428572
19,Mis,Rest,56.410090923309326,0.7321428571428571,0.9642857142857143,"(56, 64, 1000)","(140, 64, 1000)",12345,67,0.7142857142857143
