participant,class1,class2,running_time,test_acc,train_acc,test_size,train_size,train_block,test_block,test_acc_vote
7,Hand,Rest,57.03820204734802,0.8571428571428571,1.0,"(56, 64, 1000)","(140, 64, 1000)",12345,67,0.8571428571428572
7,Feet,Rest,56.50830006599426,0.8571428571428571,0.9642857142857144,"(56, 64, 1000)","(140, 64, 1000)",12345,67,0.875
7,Tongue,Rest,56.578845262527466,0.75,0.9714285714285714,"(56, 64, 1000)","(140, 64, 1000)",12345,67,0.7857142857142857
7,Mis,Rest,56.71076774597168,0.6785714285714286,0.9428571428571428,"(56, 64, 1000)","(140, 64, 1000)",12345,67,0.6785714285714286
