participant,class1,class2,running_time,test_acc,train_acc,test_size,train_size,train_block,test_block,test_acc_vote
11,Hand,Rest,98.75019884109496,0.8348623853211009,1.0,"(218, 64, 1000)","(545, 64, 1000)",12345,67,0.8440366972477065
11,Feet,Rest,98.88808608055116,0.9220183486238532,1.0,"(218, 64, 1000)","(545, 64, 1000)",12345,67,0.926605504587156
11,Tongue,Rest,99.4729027748108,0.6192660550458715,1.0,"(218, 64, 1000)","(545, 64, 1000)",12345,67,0.6100917431192661
11,Mis,Rest,97.72458958625793,0.7293577981651376,1.0,"(218, 64, 1000)","(545, 64, 1000)",12345,67,0.7293577981651376
