participant,class1,class2,running_time,test_acc,train_acc,test_size,train_size,train_block,test_block,test_acc_vote
3,Hand,Rest,100.35860133171082,0.8669724770642202,1.0,"(218, 64, 1000)","(545, 64, 1000)",12345,67,0.8715596330275229
3,Feet,Rest,98.7922511100769,0.6697247706422018,1.0,"(218, 64, 1000)","(545, 64, 1000)",12345,67,0.6651376146788991
3,Tongue,Rest,99.28333115577698,0.7568807339449541,1.0,"(218, 64, 1000)","(545, 64, 1000)",12345,67,0.7568807339449541
3,Mis,Rest,99.95352172851562,0.8119266055045872,1.0,"(218, 64, 1000)","(545, 64, 1000)",12345,67,0.8165137614678899
