participant,class1,class2,running_time,test_acc,train_acc,test_size,train_size,train_block,test_block,test_acc_vote
5,Hand,Rest,97.40030813217165,0.6422018348623854,1.0,"(218, 64, 1000)","(545, 64, 1000)",12345,67,0.6467889908256881
5,Feet,Rest,99.19537258148192,0.7064220183486238,1.0,"(218, 64, 1000)","(545, 64, 1000)",12345,67,0.7064220183486238
5,Tongue,Rest,98.64669942855836,0.7660550458715596,1.0,"(218, 64, 1000)","(545, 64, 1000)",12345,67,0.7706422018348624
5,Mis,Rest,99.81619477272034,0.8165137614678899,1.0,"(218, 64, 1000)","(545, 64, 1000)",12345,67,0.8119266055045872
