participant,class1,class2,running_time,test_acc,train_acc,test_size,train_size,train_block,test_block,test_acc_vote
9,Hand,Rest,96.86378955841064,0.8211009174311926,1.0,"(218, 64, 1000)","(545, 64, 1000)",12345,67,0.8119266055045872
9,Feet,Rest,97.43924856185912,0.8302752293577982,1.0,"(218, 64, 1000)","(545, 64, 1000)",12345,67,0.8532110091743119
9,Tongue,Rest,99.61533117294312,0.7660550458715596,1.0,"(218, 64, 1000)","(545, 64, 1000)",12345,67,0.7752293577981652
9,Mis,Rest,99.71333885192871,0.7477064220183486,1.0,"(218, 64, 1000)","(545, 64, 1000)",12345,67,0.7477064220183487
