participant,class1,class2,running_time,test_acc,train_acc,test_size,train_size,train_block,test_block,test_acc_vote
4,Hand,Rest,35.88382267951965,0.8571428571428571,1.0,"(112, 64, 1000)","(84, 64, 1000)",123,4567,0.8392857142857143
4,Feet,Rest,35.609928369522095,0.7232142857142857,0.988095238095238,"(112, 64, 1000)","(84, 64, 1000)",123,4567,0.7142857142857143
4,Tongue,Rest,37.51662278175354,0.7589285714285714,1.0,"(112, 64, 1000)","(84, 64, 1000)",123,4567,0.6875
4,Mis,Rest,37.509854555130005,0.75,0.9880952380952381,"(112, 64, 1000)","(84, 64, 1000)",123,4567,0.6964285714285714
