participant,class1,class2,running_time,test_acc,train_acc,test_size,train_size,train_block,test_block,test_acc_vote
5,Hand,Rest,36.18760061264038,0.5625,1.0,"(112, 64, 1000)","(84, 64, 1000)",123,4567,0.5535714285714286
5,Feet,Rest,36.13529872894287,0.7678571428571429,1.0,"(112, 64, 1000)","(84, 64, 1000)",123,4567,0.7410714285714286
5,Tongue,Rest,37.23118305206299,0.7321428571428571,1.0,"(112, 64, 1000)","(84, 64, 1000)",123,4567,0.7053571428571428
5,Mis,Rest,36.92025923728943,0.5803571428571429,1.0,"(112, 64, 1000)","(84, 64, 1000)",123,4567,0.5446428571428572
