participant,class1,class2,running_time,test_acc,train_acc,test_size,train_size,train_block,test_block,test_acc_vote
16,Hand,Rest,40.79236721992493,0.5714285714285714,1.0,"(56, 64, 1000)","(84, 64, 1000)",123,67,0.5357142857142857
16,Feet,Rest,40.74080157279968,0.6071428571428571,1.0,"(56, 64, 1000)","(84, 64, 1000)",123,67,0.5714285714285714
16,Tongue,Rest,41.00937604904175,0.6607142857142857,1.0,"(56, 64, 1000)","(84, 64, 1000)",123,67,0.625
16,Mis,Rest,41.59717607498169,0.8214285714285714,1.0,"(56, 64, 1000)","(84, 64, 1000)",123,67,0.8392857142857143
