participant,class1,class2,running_time,test_acc,train_acc,test_size,train_size,train_block,test_block,test_acc_vote
17,Hand,Rest,41.16104316711426,0.7857142857142857,1.0,"(56, 64, 1000)","(84, 64, 1000)",123,67,0.7321428571428572
17,Feet,Rest,40.91958141326904,0.6964285714285714,1.0,"(56, 64, 1000)","(84, 64, 1000)",123,67,0.6964285714285714
17,Tongue,Rest,41.15045547485352,0.7142857142857143,1.0,"(56, 64, 1000)","(84, 64, 1000)",123,67,0.6785714285714286
17,Mis,Rest,40.83444333076477,0.7678571428571429,1.0,"(56, 64, 1000)","(84, 64, 1000)",123,67,0.7321428571428572
