participant,class1,class2,running_time,test_acc,train_acc,test_size,train_size,train_block,test_block,test_acc_vote
3,Hand,Rest,40.98282337188721,0.8035714285714286,1.0,"(56, 64, 1000)","(84, 64, 1000)",123,67,0.75
3,Feet,Rest,40.077988624572754,0.5892857142857143,1.0,"(56, 64, 1000)","(84, 64, 1000)",123,67,0.5535714285714286
3,Tongue,Rest,40.731993198394775,0.7857142857142857,1.0,"(56, 64, 1000)","(84, 64, 1000)",123,67,0.6964285714285714
3,Mis,Rest,40.55983018875122,0.7857142857142857,1.0,"(56, 64, 1000)","(84, 64, 1000)",123,67,0.7857142857142857
