participant,class1,class2,running_time,test_acc,train_acc,test_size,train_size,train_block,test_block,test_acc_vote
10,Hand,Rest,68.38244318962097,0.75,1.0,"(56, 64, 1000)","(140, 64, 1000)",12345,67,0.6964285714285714
10,Feet,Rest,66.49765658378601,0.625,1.0,"(56, 64, 1000)","(140, 64, 1000)",12345,67,0.625
10,Tongue,Rest,67.64035844802856,0.5892857142857143,1.0,"(56, 64, 1000)","(140, 64, 1000)",12345,67,0.5714285714285714
10,Mis,Rest,67.34011030197144,0.9107142857142857,1.0,"(56, 64, 1000)","(140, 64, 1000)",12345,67,0.8571428571428572
