participant,class1,class2,running_time,test_acc,train_acc,test_size,train_size,train_block,test_block,test_acc_vote
11,Hand,Rest,55.799285888671875,0.8303571428571429,0.9761904761904762,"(112, 64, 1000)","(84, 64, 1000)",123,4567,0.7946428571428572
11,Feet,Rest,55.57293081283569,0.9464285714285714,1.0,"(112, 64, 1000)","(84, 64, 1000)",123,4567,0.9285714285714286
11,Tongue,Rest,56.735506534576416,0.7857142857142857,0.8809523809523809,"(112, 64, 1000)","(84, 64, 1000)",123,4567,0.75
11,Mis,Rest,57.187488079071045,0.8125,0.9761904761904762,"(112, 64, 1000)","(84, 64, 1000)",123,4567,0.7678571428571428
