participant,class1,class2,running_time,test_acc,train_acc,test_size,train_size,train_block,test_block,test_acc_vote
13,Hand,Rest,40.10744261741638,0.7857142857142857,1.0,"(56, 64, 1000)","(140, 64, 1000)",12345,67,0.7321428571428572
13,Feet,Rest,40.45142126083374,0.8392857142857143,1.0,"(56, 64, 1000)","(140, 64, 1000)",12345,67,0.8392857142857143
13,Tongue,Rest,42.058287143707275,0.7857142857142857,1.0,"(56, 64, 1000)","(140, 64, 1000)",12345,67,0.6964285714285714
13,Mis,Rest,41.96510124206543,0.75,1.0,"(56, 64, 1000)","(140, 64, 1000)",12345,67,0.6785714285714286
