participant,class1,class2,running_time,test_acc,train_acc,test_size,train_size,train_block,test_block,test_acc_vote
9,Hand,Rest,49.495343923568726,0.9285714285714286,1.0,"(56, 64, 1000)","(140, 64, 1000)",12345,67,0.8928571428571429
9,Feet,Rest,40.74193215370178,0.9642857142857144,1.0,"(56, 64, 1000)","(140, 64, 1000)",12345,67,0.9821428571428572
9,Tongue,Rest,42.06656765937805,0.8035714285714286,1.0,"(56, 64, 1000)","(140, 64, 1000)",12345,67,0.7857142857142857
9,Mis,Rest,45.478803634643555,0.8214285714285714,1.0,"(56, 64, 1000)","(140, 64, 1000)",12345,67,0.7857142857142857
