participant,class1,class2,running_time,test_acc,train_acc,test_size,train_size,train_block,test_block,test_acc_vote
4,Hand,Rest,69.89326810836792,0.8928571428571429,1.0,"(112, 64, 500)","(280, 64, 500)",12345,67,0.9196428571428572
4,Feet,Rest,69.76973462104797,0.7321428571428571,1.0,"(112, 64, 500)","(280, 64, 500)",12345,67,0.7232142857142857
4,Tongue,Rest,68.30085277557373,0.7767857142857143,1.0,"(112, 64, 500)","(280, 64, 500)",12345,67,0.8125
4,Mis,Rest,69.80692386627197,0.6428571428571429,1.0,"(112, 64, 500)","(280, 64, 500)",12345,67,0.6339285714285714
