participant,class1,class2,running_time,test_acc,train_acc,test_size,train_size,train_block,test_block,test_acc_vote
5,Hand,Rest,69.65523791313171,0.7678571428571429,1.0,"(112, 64, 500)","(280, 64, 500)",12345,67,0.7857142857142857
5,Feet,Rest,70.25698471069336,0.8125,1.0,"(112, 64, 500)","(280, 64, 500)",12345,67,0.8035714285714286
5,Tongue,Rest,68.23515582084656,0.7767857142857143,1.0,"(112, 64, 500)","(280, 64, 500)",12345,67,0.8571428571428572
5,Mis,Rest,68.96121716499329,0.7857142857142857,1.0,"(112, 64, 500)","(280, 64, 500)",12345,67,0.8125
