class,test_acc,vote_acc
Hand,0.7482142857142857,0.7276785714285713
Feet,0.76875,0.7517857142857143
Tongue,0.6991071428571429,0.6723214285714286
Mis,0.7000000000000001,0.6758928571428572
