participant,class1,class2,running_time,test_acc,train_acc,test_size,train_size,train_block,test_block,test_acc_vote
4,Hand,Rest,53.44069218635559,0.9017857142857144,1.0,"(112, 64, 1000)","(84, 64, 1000)",123,4567,0.9107142857142856
4,Feet,Rest,53.150511264801025,0.7678571428571429,1.0,"(112, 64, 1000)","(84, 64, 1000)",123,4567,0.7142857142857143
4,Tongue,Rest,54.92853593826294,0.8303571428571429,1.0,"(112, 64, 1000)","(84, 64, 1000)",123,4567,0.7767857142857143
4,Mis,Rest,56.18827438354492,0.7232142857142857,1.0,"(112, 64, 1000)","(84, 64, 1000)",123,4567,0.6964285714285714
