participant,class1,class2,running_time,test_acc,train_acc,test_size,train_size,train_block,test_block,test_acc_vote
15,Hand,Rest,72.63084197044373,0.7544642857142857,0.9927184466019418,"(224, 64, 250)","(412, 64, 250)",1234,67,0.7857142857142857
15,Feet,Rest,77.12824511528015,0.7008928571428571,0.9866071428571428,"(224, 64, 250)","(448, 64, 250)",1234,67,0.6919642857142857
15,Tongue,Rest,76.5732433795929,0.71875,0.9821428571428572,"(224, 64, 250)","(448, 64, 250)",1234,67,0.7276785714285714
15,Mis,Rest,77.19285440444946,0.6339285714285714,0.9866071428571429,"(224, 64, 250)","(448, 64, 250)",1234,67,0.6160714285714286
