participant,class1,class2,running_time,test_acc,train_acc,test_size,train_size,train_block,test_block,test_acc_vote
16,Hand,Rest,76.71962237358093,0.6383928571428571,0.9642857142857144,"(224, 64, 250)","(448, 64, 250)",1234,67,0.6696428571428572
16,Feet,Rest,77.30726671218872,0.6383928571428571,0.9866071428571428,"(224, 64, 250)","(448, 64, 250)",1234,67,0.6205357142857143
16,Tongue,Rest,77.23587393760681,0.7946428571428571,0.9285714285714286,"(224, 64, 250)","(448, 64, 250)",1234,67,0.8705357142857143
16,Mis,Rest,76.33737373352051,0.7633928571428571,0.8727678571428571,"(224, 64, 250)","(448, 64, 250)",1234,67,0.7901785714285714
