participant,class1,class2,running_time,test_acc,train_acc,test_size,train_size,train_block,test_block,test_acc_vote
18,Hand,Rest,76.91516900062561,0.6607142857142857,0.9375,"(224, 64, 250)","(448, 64, 250)",1234,67,0.7053571428571428
18,Feet,Rest,77.4794054031372,0.6785714285714286,0.9486607142857144,"(224, 64, 250)","(448, 64, 250)",1234,67,0.7098214285714286
18,Tongue,Rest,77.55752611160278,0.78125,0.9910714285714286,"(224, 64, 250)","(448, 64, 250)",1234,67,0.8303571428571428
18,Mis,Rest,76.62372946739197,0.7455357142857143,0.96875,"(224, 64, 250)","(448, 64, 250)",1234,67,0.7678571428571428
