participant,class1,class2,running_time,test_acc,train_acc,test_size,train_size,train_block,test_block,test_acc_vote
5,Hand,Rest,76.09704184532166,0.6517857142857143,1.0,"(224, 64, 250)","(448, 64, 250)",1234,67,0.6517857142857143
5,Feet,Rest,77.78664565086365,0.7321428571428571,0.9955357142857144,"(224, 64, 250)","(448, 64, 250)",1234,67,0.75
5,Tongue,Rest,77.9034435749054,0.65625,0.9910714285714286,"(224, 64, 250)","(448, 64, 250)",1234,67,0.6607142857142857
5,Mis,Rest,76.88548016548157,0.6071428571428571,1.0,"(224, 64, 250)","(448, 64, 250)",1234,67,0.6160714285714286
