participant,class1,class2,running_time,test_acc,train_acc,test_size,train_size,train_block,test_block,test_acc_vote
10,Hand,Rest,10.874898195266724,0.6071428571428571,1.0,"(28, 64, 1000)","(56, 64, 1000)",12,28 randomly chosen!,0.6071428571428572
10,Feet,Rest,11.571644067764282,0.5,1.0,"(28, 64, 1000)","(56, 64, 1000)",12,28 randomly chosen!,0.5714285714285714
10,Tongue,Rest,10.984538078308104,0.5714285714285714,1.0,"(28, 64, 1000)","(56, 64, 1000)",12,28 randomly chosen!,0.4285714285714286
10,Mis,Rest,11.106684446334839,0.7142857142857143,1.0,"(28, 64, 1000)","(56, 64, 1000)",12,28 randomly chosen!,0.75
