participant,class1,class2,running_time,test_acc,train_acc,test_size,train_size,train_block,test_block,test_acc_vote
11,Hand,Rest,11.08444356918335,0.6428571428571429,1.0,"(28, 64, 1000)","(56, 64, 1000)",12,28 randomly chosen!,0.6428571428571428
11,Feet,Rest,11.41178822517395,0.75,0.9821428571428572,"(28, 64, 1000)","(56, 64, 1000)",12,28 randomly chosen!,0.7857142857142857
11,Tongue,Rest,10.976784944534302,0.5357142857142857,0.9285714285714286,"(28, 64, 1000)","(56, 64, 1000)",12,28 randomly chosen!,0.6071428571428572
11,Mis,Rest,11.180595397949219,0.5714285714285714,0.9464285714285714,"(28, 64, 1000)","(56, 64, 1000)",12,28 randomly chosen!,0.7142857142857143
