participant,class1,class2,running_time,test_acc,train_acc,test_size,train_size,train_block,test_block,test_acc_vote
12,Hand,Rest,11.572692632675173,0.7857142857142857,1.0,"(28, 64, 1000)","(56, 64, 1000)",12,28 randomly chosen!,0.7857142857142857
12,Feet,Rest,11.507766008377075,0.75,1.0,"(28, 64, 1000)","(56, 64, 1000)",12,28 randomly chosen!,0.8214285714285714
12,Tongue,Rest,11.170670986175535,0.75,1.0,"(28, 64, 1000)","(56, 64, 1000)",12,28 randomly chosen!,0.7857142857142857
12,Mis,Rest,11.521703481674194,0.6785714285714286,1.0,"(28, 64, 1000)","(56, 64, 1000)",12,28 randomly chosen!,0.6785714285714286
