participant,class1,class2,running_time,test_acc,train_acc,test_size,train_size,train_block,test_block,test_acc_vote
7,Hand,Rest,11.324422121047974,0.9285714285714286,1.0,"(28, 64, 1000)","(56, 64, 1000)",12,28 randomly chosen!,0.9285714285714286
7,Feet,Rest,11.580122470855711,0.9285714285714286,1.0,"(28, 64, 1000)","(56, 64, 1000)",12,28 randomly chosen!,0.8928571428571429
7,Tongue,Rest,11.73142385482788,0.8928571428571429,1.0,"(28, 64, 1000)","(56, 64, 1000)",12,28 randomly chosen!,1.0
7,Mis,Rest,11.176077604293823,0.9285714285714286,1.0,"(28, 64, 1000)","(56, 64, 1000)",12,28 randomly chosen!,0.9642857142857143
