class,test_acc,vote_acc
Hand,0.7982142857142857,0.7785714285714286
Feet,0.7642857142857142,0.7464285714285714
Tongue,0.7232142857142857,0.6964285714285714
Mis,0.725,0.6892857142857143
