participant,class1,class2,running_time,test_acc,train_acc,test_size,train_size,train_block,test_block,test_acc_vote
10,Hand,Rest,41.57344079017639,0.5714285714285714,1.0,"(56, 64, 1000)","(140, 64, 1000)",12345,67,0.5178571428571428
10,Feet,Rest,40.85611605644226,0.6964285714285714,1.0,"(56, 64, 1000)","(140, 64, 1000)",12345,67,0.6071428571428572
10,Tongue,Rest,42.47890210151672,0.6785714285714286,1.0,"(56, 64, 1000)","(140, 64, 1000)",12345,67,0.6785714285714286
10,Mis,Rest,42.81197261810303,0.9107142857142857,1.0,"(56, 64, 1000)","(140, 64, 1000)",12345,67,0.8928571428571429
