participant,class1,class2,running_time,test_acc,train_acc,test_size,train_size,train_block,test_block,test_acc_vote
13,Hand,Rest,41.55232071876526,0.625,1.0,"(56, 64, 1000)","(140, 64, 1000)",12345,67,0.6071428571428572
13,Feet,Rest,41.21856451034546,0.7321428571428571,1.0,"(56, 64, 1000)","(140, 64, 1000)",12345,67,0.75
13,Tongue,Rest,42.67696905136109,0.8392857142857143,1.0,"(56, 64, 1000)","(140, 64, 1000)",12345,67,0.8392857142857143
13,Mis,Rest,42.2411572933197,0.7678571428571429,1.0,"(56, 64, 1000)","(140, 64, 1000)",12345,67,0.75
