participant,class1,class2,running_time,test_acc,train_acc,test_size,train_size,train_block,test_block,test_acc_vote
3,Hand,Rest,43.43825078010559,0.9285714285714286,1.0,"(56, 64, 1000)","(140, 64, 1000)",12345,67,0.9464285714285714
3,Feet,Rest,41.28111958503723,0.6964285714285714,1.0,"(56, 64, 1000)","(140, 64, 1000)",12345,67,0.7142857142857143
3,Tongue,Rest,41.87678861618042,0.8214285714285714,1.0,"(56, 64, 1000)","(140, 64, 1000)",12345,67,0.7678571428571428
3,Mis,Rest,42.116127252578735,0.8214285714285714,1.0,"(56, 64, 1000)","(140, 64, 1000)",12345,67,0.7857142857142857
