participant,class1,class2,running_time,test_acc,train_acc,test_size,train_size,train_block,test_block,test_acc_vote
11,Hand,Rest,13.273311376571655,0.75,0.9821428571428572,"(28, 64, 1123)","(56, 64, 1123)",12,28 randomly chosen!,0.75
11,Feet,Rest,13.12140679359436,0.7857142857142857,1.0,"(28, 64, 1123)","(56, 64, 1123)",12,28 randomly chosen!,0.8928571428571429
11,Tongue,Rest,12.744442701339722,0.7142857142857143,0.9285714285714286,"(28, 64, 1123)","(56, 64, 1123)",12,28 randomly chosen!,0.8214285714285714
11,Mis,Rest,13.242048263549805,0.5714285714285714,0.9107142857142857,"(28, 64, 1123)","(56, 64, 1123)",12,28 randomly chosen!,0.6071428571428572
