participant,class1,class2,running_time,test_acc,train_acc,test_size,train_size,train_block,test_block,test_acc_vote
13,Hand,Rest,12.59468412399292,1.0,1.0,"(28, 64, 1123)","(56, 64, 1123)",12,28 randomly chosen!,1.0
13,Feet,Rest,12.619855403900146,1.0,1.0,"(28, 64, 1123)","(56, 64, 1123)",12,28 randomly chosen!,1.0
13,Tongue,Rest,12.859293460845947,0.8928571428571429,1.0,"(28, 64, 1123)","(56, 64, 1123)",12,28 randomly chosen!,0.8571428571428572
13,Mis,Rest,12.599698066711426,0.8928571428571429,1.0,"(28, 64, 1123)","(56, 64, 1123)",12,28 randomly chosen!,0.9642857142857143
