participant,class1,class2,running_time,test_acc,train_acc,test_size,train_size,train_block,test_block,test_acc_vote
8,Hand,Rest,12.692024946212769,0.75,1.0,"(28, 64, 1123)","(56, 64, 1123)",12,28 randomly chosen!,0.7857142857142857
8,Feet,Rest,13.06484580039978,0.6428571428571429,0.9821428571428572,"(28, 64, 1123)","(56, 64, 1123)",12,28 randomly chosen!,0.6785714285714286
8,Tongue,Rest,13.072548627853394,0.6785714285714286,1.0,"(28, 64, 1123)","(56, 64, 1123)",12,28 randomly chosen!,0.7142857142857143
8,Mis,Rest,13.094509840011597,0.8928571428571429,1.0,"(28, 64, 1123)","(56, 64, 1123)",12,28 randomly chosen!,0.9285714285714286
