participant,class1,class2,running_time,test_acc,train_acc,test_size,train_size,train_block,test_block,test_acc_vote
3,Hand,Rest,60.400779247283936,0.8571428571428571,1.0,"(84, 64, 1000)","(112, 64, 1000)",1234,567,0.8214285714285714
3,Feet,Rest,59.11928582191467,0.6190476190476191,0.9642857142857144,"(84, 64, 1000)","(112, 64, 1000)",1234,567,0.5714285714285714
3,Tongue,Rest,60.08260488510132,0.6428571428571429,1.0,"(84, 64, 1000)","(112, 64, 1000)",1234,567,0.5714285714285714
3,Mis,Rest,62.26031422615051,0.8571428571428571,1.0,"(84, 64, 1000)","(112, 64, 1000)",1234,567,0.8333333333333334
