participant,class1,class2,running_time,test_acc,train_acc,test_size,train_size,train_block,test_block,test_acc_vote
5,Hand,Rest,60.37196373939514,0.6904761904761905,1.0,"(84, 64, 1000)","(112, 64, 1000)",1234,567,0.6904761904761905
5,Feet,Rest,60.002023458480835,0.8333333333333334,1.0,"(84, 64, 1000)","(112, 64, 1000)",1234,567,0.7619047619047619
5,Tongue,Rest,61.16378831863403,0.7976190476190477,1.0,"(84, 64, 1000)","(112, 64, 1000)",1234,567,0.7738095238095238
5,Mis,Rest,60.64112973213196,0.7619047619047619,1.0,"(84, 64, 1000)","(112, 64, 1000)",1234,567,0.7023809523809523
