participant,class1,class2,running_time,test_acc,train_acc,test_size,train_size,train_block,test_block,test_acc_vote
10,Hand,Rest,132.5446174144745,0.6422018348623854,0.963302752293578,"(327, 64, 1000)","(436, 64, 1000)",1234,567,0.6422018348623852
10,Feet,Rest,133.49434399604797,0.6085626911314985,0.9197247706422018,"(327, 64, 1000)","(436, 64, 1000)",1234,567,0.6024464831804281
10,Tongue,Rest,136.35328459739685,0.6513761467889908,0.9495412844036696,"(327, 64, 1000)","(436, 64, 1000)",1234,567,0.6452599388379205
10,Mis,Rest,134.77763414382935,0.7920489296636085,0.9220183486238532,"(327, 64, 1000)","(436, 64, 1000)",1234,567,0.7951070336391437
