participant,class1,class2,running_time,test_acc,train_acc,test_size,train_size,train_block,test_block,test_acc_vote
5,Hand,Rest,132.29037475585938,0.7828746177370031,0.926605504587156,"(327, 64, 1000)","(436, 64, 1000)",1234,567,0.7889908256880733
5,Feet,Rest,195.40151286125183,0.6605504587155964,0.926605504587156,"(327, 64, 1000)","(436, 64, 1000)",1234,567,0.6697247706422018
5,Tongue,Rest,134.0715367794037,0.8073394495412844,0.9403669724770642,"(327, 64, 1000)","(436, 64, 1000)",1234,567,0.8103975535168195
5,Mis,Rest,133.61859440803528,0.8532110091743119,0.963302752293578,"(327, 64, 1000)","(436, 64, 1000)",1234,567,0.8746177370030581
