participant,class1,class2,running_time,test_acc,train_acc,test_size,train_size,train_block,test_block,test_acc_vote
6,Hand,Rest,132.34892344474792,0.6697247706422018,0.9472477064220184,"(327, 64, 1000)","(436, 64, 1000)",1234,567,0.6666666666666667
6,Feet,Rest,132.08066987991333,0.6207951070336392,0.9036697247706422,"(327, 64, 1000)","(436, 64, 1000)",1234,567,0.617737003058104
6,Tongue,Rest,140.80914878845215,0.7828746177370031,0.9311926605504588,"(327, 64, 1000)","(436, 64, 1000)",1234,567,0.8012232415902141
6,Mis,Rest,134.07839941978455,0.6269113149847095,0.944954128440367,"(327, 64, 1000)","(436, 64, 1000)",1234,567,0.6422018348623852
