participant,class1,class2,running_time,test_acc,train_acc,test_size,train_size,train_block,test_block,test_acc_vote
7,Hand,Rest,132.09106731414795,0.8256880733944955,0.9564220183486238,"(327, 64, 1000)","(436, 64, 1000)",1234,567,0.8409785932721713
7,Feet,Rest,133.12224435806274,0.8318042813455657,0.9564220183486238,"(327, 64, 1000)","(436, 64, 1000)",1234,567,0.8379204892966361
7,Tongue,Rest,136.20090556144714,0.746177370030581,0.9564220183486238,"(327, 64, 1000)","(436, 64, 1000)",1234,567,0.7614678899082569
7,Mis,Rest,135.65366864204407,0.7400611620795107,0.9334862385321101,"(327, 64, 1000)","(436, 64, 1000)",1234,567,0.746177370030581
