class,test_acc,vote_acc
Hand,0.5866071428571428,0.5700892857142857
Feet,0.6107142857142857,0.6071428571428571
Tongue,0.5558035714285714,0.5495535714285714
Mis,0.603125,0.6044642857142857
