participant,class1,class2,running_time,test_acc,train_acc,test_size,train_size,train_block,test_block,test_acc_vote
13,Hand,Rest,75.71830201148987,0.5223214285714286,1.0,"(224, 64, 500)","(168, 64, 500)",123,4567,0.5089285714285714
13,Feet,Rest,72.49106001853943,0.5982142857142857,1.0,"(224, 64, 500)","(168, 64, 500)",123,4567,0.5669642857142857
13,Tongue,Rest,73.10425448417664,0.5803571428571429,1.0,"(224, 64, 500)","(168, 64, 500)",123,4567,0.5803571428571428
13,Mis,Rest,71.6379406452179,0.6205357142857143,1.0,"(224, 64, 500)","(168, 64, 500)",123,4567,0.6339285714285714
