participant,class1,class2,running_time,test_acc,train_acc,test_size,train_size,train_block,test_block,test_acc_vote
4,Hand,Rest,72.24937009811401,0.7321428571428571,1.0,"(224, 64, 500)","(168, 64, 500)",123,4567,0.7276785714285714
4,Feet,Rest,79.33034062385559,0.7276785714285714,1.0,"(224, 64, 500)","(168, 64, 500)",123,4567,0.7366071428571428
4,Tongue,Rest,74.2105004787445,0.7142857142857143,1.0,"(224, 64, 500)","(168, 64, 500)",123,4567,0.7098214285714286
4,Mis,Rest,78.06705021858215,0.6696428571428571,1.0,"(224, 64, 500)","(168, 64, 500)",123,4567,0.6473214285714286
