participant,class1,class2,running_time,test_acc,train_acc,test_size,train_size,train_block,test_block,test_acc_vote
6,Hand,Rest,75.34674739837646,0.6696428571428571,1.0,"(224, 64, 500)","(168, 64, 500)",123,4567,0.6383928571428572
6,Feet,Rest,73.47373557090759,0.5982142857142857,1.0,"(224, 64, 500)","(168, 64, 500)",123,4567,0.5892857142857143
6,Tongue,Rest,72.28059554100037,0.5491071428571429,1.0,"(224, 64, 500)","(168, 64, 500)",123,4567,0.5357142857142857
6,Mis,Rest,69.4101493358612,0.6428571428571429,1.0,"(224, 64, 500)","(168, 64, 500)",123,4567,0.6160714285714286
