participant,class1,class2,running_time,test_acc,train_acc,test_size,train_size,train_block,test_block,test_acc_vote
15,Hand,Rest,138.14359998703003,0.8532110091743119,0.9764243614931236,"(218, 64, 1000)","(509, 64, 1000)",12345,67,0.8486238532110092
15,Feet,Rest,146.8860158920288,0.7339449541284404,0.981651376146789,"(218, 64, 1000)","(545, 64, 1000)",12345,67,0.7293577981651376
15,Tongue,Rest,144.16393184661865,0.7110091743119266,0.9724770642201837,"(218, 64, 1000)","(545, 64, 1000)",12345,67,0.7201834862385321
15,Mis,Rest,145.10617351531982,0.7477064220183486,0.981651376146789,"(218, 64, 1000)","(545, 64, 1000)",12345,67,0.7477064220183487
