participant,class1,class2,running_time,test_acc,train_acc,test_size,train_size,train_block,test_block,test_acc_vote
4,Hand,Rest,145.25017523765564,0.8073394495412844,0.943119266055046,"(218, 64, 1000)","(545, 64, 1000)",12345,67,0.8073394495412844
4,Feet,Rest,146.44292426109314,0.7706422018348624,0.9688073394495412,"(218, 64, 1000)","(545, 64, 1000)",12345,67,0.7614678899082569
4,Tongue,Rest,145.30432772636414,0.7614678899082569,0.9541284403669724,"(218, 64, 1000)","(545, 64, 1000)",12345,67,0.7614678899082569
4,Mis,Rest,145.30116844177246,0.6376146788990825,0.9669724770642202,"(218, 64, 1000)","(545, 64, 1000)",12345,67,0.6467889908256881
