participant,class1,class2,running_time,test_acc,train_acc,test_size,train_size,train_block,test_block,test_acc_vote
7,Hand,Rest,145.37639617919922,0.8119266055045872,0.9706422018348624,"(218, 64, 1000)","(545, 64, 1000)",12345,67,0.8256880733944953
7,Feet,Rest,147.07226538658142,0.8119266055045872,0.979816513761468,"(218, 64, 1000)","(545, 64, 1000)",12345,67,0.8165137614678899
7,Tongue,Rest,147.18068480491638,0.7339449541284404,0.9761467889908256,"(218, 64, 1000)","(545, 64, 1000)",12345,67,0.7339449541284404
7,Mis,Rest,146.9214472770691,0.7155963302752294,0.9614678899082569,"(218, 64, 1000)","(545, 64, 1000)",12345,67,0.7155963302752293
