participant,class1,class2,running_time,test_acc,train_acc,test_size,train_size,train_block,test_block,test_acc_vote
18,Hand,Rest,36.906658411026,0.5225225225225225,1.0,"(222, 64, 500)","(111, 64, 500)",1,67,0.5225225225225225
18,Feet,Rest,36.45720195770264,0.6216216216216216,1.0,"(222, 64, 500)","(111, 64, 500)",1,67,0.6216216216216216
18,Tongue,Rest,36.28547978401184,0.6801801801801802,1.0,"(222, 64, 500)","(111, 64, 500)",1,67,0.6891891891891893
18,Mis,Rest,37.819634199142456,0.581081081081081,1.0,"(222, 64, 500)","(111, 64, 500)",1,67,0.5540540540540541
