participant,class1,class2,running_time,test_acc,train_acc,test_size,train_size,train_block,test_block,test_acc_vote
19,Hand,Rest,37.101027965545654,0.4774774774774775,1.0,"(222, 64, 500)","(111, 64, 500)",1,67,0.4819819819819819
19,Feet,Rest,37.415143966674805,0.5495495495495496,1.0,"(222, 64, 500)","(111, 64, 500)",1,67,0.545045045045045
19,Tongue,Rest,37.62004065513611,0.5540540540540541,1.0,"(222, 64, 500)","(111, 64, 500)",1,67,0.5540540540540541
19,Mis,Rest,37.23755598068237,0.6576576576576577,1.0,"(222, 64, 500)","(111, 64, 500)",1,67,0.7162162162162162
