participant,class1,class2,running_time,test_acc,train_acc,test_size,train_size,train_block,test_block,test_acc_vote
3,Hand,Rest,92.58928656578064,0.8103975535168195,1.0,"(327, 64, 1000)","(436, 64, 1000)",1234,567,0.8165137614678899
3,Feet,Rest,92.54068446159364,0.6666666666666666,1.0,"(327, 64, 1000)","(436, 64, 1000)",1234,567,0.691131498470948
3,Tongue,Rest,93.35525345802309,0.7737003058103975,1.0,"(327, 64, 1000)","(436, 64, 1000)",1234,567,0.7859327217125383
3,Mis,Rest,93.91888761520386,0.7981651376146789,1.0,"(327, 64, 1000)","(436, 64, 1000)",1234,567,0.8134556574923547
