participant,class1,class2,running_time,test_acc,train_acc,test_size,train_size,train_block,test_block,test_acc_vote
14,Hand,Rest,26.471202850341797,0.7410714285714286,1.0,"(112, 64, 500)","(56, 64, 500)",1,67,0.7410714285714286
14,Feet,Rest,27.01883625984192,0.6964285714285714,1.0,"(112, 64, 500)","(56, 64, 500)",1,67,0.6517857142857143
14,Tongue,Rest,26.924901723861694,0.5267857142857143,1.0,"(112, 64, 500)","(56, 64, 500)",1,67,0.4732142857142857
14,Mis,Rest,26.74888825416565,0.5357142857142857,1.0,"(112, 64, 500)","(56, 64, 500)",1,67,0.5535714285714286
