participant,class1,class2,running_time,test_acc,train_acc,test_size,train_size,train_block,test_block,test_acc_vote
16,Hand,Rest,26.454021453857425,0.5803571428571429,1.0,"(112, 64, 500)","(56, 64, 500)",1,67,0.5892857142857143
16,Feet,Rest,26.25384283065796,0.5446428571428571,1.0,"(112, 64, 500)","(56, 64, 500)",1,67,0.5892857142857143
16,Tongue,Rest,26.044102907180783,0.625,1.0,"(112, 64, 500)","(56, 64, 500)",1,67,0.6517857142857143
16,Mis,Rest,26.290592193603516,0.5982142857142857,1.0,"(112, 64, 500)","(56, 64, 500)",1,67,0.625
