participant,class1,class2,running_time,test_acc,train_acc,test_size,train_size,train_block,test_block,test_acc_vote
18,Hand,Rest,26.305457830429077,0.5178571428571429,1.0,"(112, 64, 500)","(56, 64, 500)",1,67,0.5
18,Feet,Rest,26.573853015899655,0.5714285714285714,1.0,"(112, 64, 500)","(56, 64, 500)",1,67,0.5625
18,Tongue,Rest,26.266563653945923,0.6517857142857143,1.0,"(112, 64, 500)","(56, 64, 500)",1,67,0.6696428571428572
18,Mis,Rest,26.224685668945312,0.625,1.0,"(112, 64, 500)","(56, 64, 500)",1,67,0.5803571428571428
