participant,class1,class2,running_time,test_acc,train_acc,test_size,train_size,train_block,test_block,test_acc_vote
3,Hand,Rest,26.11368227005005,0.4732142857142857,1.0,"(112, 64, 500)","(56, 64, 500)",1,67,0.4375
3,Feet,Rest,26.394352197647095,0.5446428571428571,1.0,"(112, 64, 500)","(56, 64, 500)",1,67,0.5178571428571428
3,Tongue,Rest,26.324316263198853,0.4821428571428571,1.0,"(112, 64, 500)","(56, 64, 500)",1,67,0.4910714285714286
3,Mis,Rest,26.04944682121277,0.5892857142857143,1.0,"(112, 64, 500)","(56, 64, 500)",1,67,0.5803571428571428
