participant,class1,class2,running_time,test_acc,train_acc,test_size,train_size,train_block,test_block,test_acc_vote
11,Hand,Rest,65.73591136932373,0.9107142857142856,1.0,"(56, 64, 1000)","(140, 64, 1000)",12345,67,0.9107142857142856
11,Feet,Rest,63.07318043708801,0.9464285714285714,1.0,"(56, 64, 1000)","(140, 64, 1000)",12345,67,0.9464285714285714
11,Tongue,Rest,62.789910554885864,0.6785714285714286,1.0,"(56, 64, 1000)","(140, 64, 1000)",12345,67,0.5892857142857143
11,Mis,Rest,63.85513186454773,0.7142857142857143,1.0,"(56, 64, 1000)","(140, 64, 1000)",12345,67,0.6607142857142857
