participant,class1,class2,running_time,test_acc,train_acc,test_size,train_size,train_block,test_block,test_acc_vote
4,Hand,Rest,67.56640076637268,0.875,1.0,"(56, 64, 1000)","(140, 64, 1000)",12345,67,0.875
4,Feet,Rest,64.22665882110596,0.8571428571428571,1.0,"(56, 64, 1000)","(140, 64, 1000)",12345,67,0.7857142857142857
4,Tongue,Rest,63.722291707992554,0.7678571428571429,1.0,"(56, 64, 1000)","(140, 64, 1000)",12345,67,0.75
4,Mis,Rest,64.34356570243835,0.625,1.0,"(56, 64, 1000)","(140, 64, 1000)",12345,67,0.6071428571428572
