participant,class1,class2,running_time,test_acc,train_acc,test_size,train_size,train_block,test_block,test_acc_vote
7,Hand,Rest,65.74866557121277,0.7321428571428571,1.0,"(56, 64, 1000)","(140, 64, 1000)",12345,67,0.6964285714285714
7,Feet,Rest,65.26496839523315,0.9285714285714286,1.0,"(56, 64, 1000)","(140, 64, 1000)",12345,67,0.9285714285714286
7,Tongue,Rest,63.58686876296997,0.6607142857142857,1.0,"(56, 64, 1000)","(140, 64, 1000)",12345,67,0.625
7,Mis,Rest,64.63624238967896,0.6785714285714286,1.0,"(56, 64, 1000)","(140, 64, 1000)",12345,67,0.6964285714285714
