participant,class1,class2,running_time,test_acc,train_acc,test_size,train_size,train_block,test_block,test_acc_vote
10,Hand,Rest,68.60975456237793,0.6785714285714286,1.0,"(140, 64, 1000)","(56, 64, 1000)",12,67,0.6428571428571428
10,Feet,Rest,68.1991331577301,0.6785714285714286,1.0,"(140, 64, 1000)","(56, 64, 1000)",12,67,0.6571428571428571
10,Tongue,Rest,67.19028639793396,0.5285714285714286,1.0,"(140, 64, 1000)","(56, 64, 1000)",12,67,0.5214285714285714
10,Mis,Rest,67.22506475448608,0.7357142857142858,1.0,"(140, 64, 1000)","(56, 64, 1000)",12,67,0.7142857142857143
