participant,class1,class2,running_time,test_acc,train_acc,test_size,train_size,train_block,test_block,test_acc_vote
13,Hand,Rest,68.15997052192688,0.75,1.0,"(140, 64, 1000)","(56, 64, 1000)",12,67,0.7071428571428571
13,Feet,Rest,67.0227460861206,0.7071428571428572,1.0,"(140, 64, 1000)","(56, 64, 1000)",12,67,0.6785714285714286
13,Tongue,Rest,67.37202978134155,0.75,1.0,"(140, 64, 1000)","(56, 64, 1000)",12,67,0.6642857142857144
13,Mis,Rest,68.34886384010315,0.7071428571428572,1.0,"(140, 64, 1000)","(56, 64, 1000)",12,67,0.6714285714285715
