participant,class1,class2,running_time,test_acc,train_acc,test_size,train_size,train_block,test_block,test_acc_vote
14,Hand,Rest,68.66424107551575,0.7928571428571428,1.0,"(140, 64, 1000)","(56, 64, 1000)",12,67,0.7571428571428571
14,Feet,Rest,68.23543810844421,0.6,1.0,"(140, 64, 1000)","(56, 64, 1000)",12,67,0.5857142857142856
14,Tongue,Rest,69.4495837688446,0.5928571428571429,1.0,"(140, 64, 1000)","(56, 64, 1000)",12,67,0.5714285714285714
14,Mis,Rest,67.88795256614685,0.5428571428571428,1.0,"(140, 64, 1000)","(56, 64, 1000)",12,67,0.47857142857142854
