participant,class1,class2,running_time,test_acc,train_acc,test_size,train_size,train_block,test_block,test_acc_vote
15,Hand,Rest,65.09797668457031,0.8320610687022901,1.0,"(131, 64, 1000)","(56, 64, 1000)",12,67,0.8015267175572519
15,Feet,Rest,68.62038469314575,0.6571428571428571,1.0,"(140, 64, 1000)","(56, 64, 1000)",12,67,0.6285714285714286
15,Tongue,Rest,67.81310749053955,0.6357142857142857,1.0,"(140, 64, 1000)","(56, 64, 1000)",12,67,0.5928571428571429
15,Mis,Rest,66.8301362991333,0.6357142857142857,1.0,"(140, 64, 1000)","(56, 64, 1000)",12,67,0.6214285714285714
