participant,class1,class2,running_time,test_acc,train_acc,test_size,train_size,train_block,test_block,test_acc_vote
16,Hand,Rest,66.79422116279602,0.5928571428571429,1.0,"(140, 64, 1000)","(56, 64, 1000)",12,67,0.5928571428571429
16,Feet,Rest,67.94200205802917,0.6071428571428571,1.0,"(140, 64, 1000)","(56, 64, 1000)",12,67,0.6142857142857143
16,Tongue,Rest,66.49712419509888,0.6785714285714286,1.0,"(140, 64, 1000)","(56, 64, 1000)",12,67,0.6357142857142857
16,Mis,Rest,66.14233756065369,0.7571428571428571,1.0,"(140, 64, 1000)","(56, 64, 1000)",12,67,0.6928571428571428
