participant,class1,class2,running_time,test_acc,train_acc,test_size,train_size,train_block,test_block,test_acc_vote
6,Hand,Rest,67.06262302398682,0.7071428571428572,1.0,"(140, 64, 1000)","(56, 64, 1000)",12,67,0.6357142857142857
6,Feet,Rest,68.43168377876282,0.65,1.0,"(140, 64, 1000)","(56, 64, 1000)",12,67,0.6214285714285714
6,Tongue,Rest,69.3155472278595,0.5928571428571429,0.9642857142857144,"(140, 64, 1000)","(56, 64, 1000)",12,67,0.5571428571428572
6,Mis,Rest,68.6863226890564,0.6285714285714286,0.9642857142857143,"(140, 64, 1000)","(56, 64, 1000)",12,67,0.6214285714285714
