participant,class1,class2,running_time,test_acc,train_acc,test_size,train_size,train_block,test_block,test_acc_vote
9,Hand,Rest,66.88912963867188,0.8071428571428572,0.9821428571428572,"(140, 64, 1000)","(56, 64, 1000)",12,67,0.7642857142857142
9,Feet,Rest,68.87925219535828,0.8928571428571429,1.0,"(140, 64, 1000)","(56, 64, 1000)",12,67,0.8857142857142857
9,Tongue,Rest,68.88563370704651,0.55,1.0,"(140, 64, 1000)","(56, 64, 1000)",12,67,0.5
9,Mis,Rest,67.70748543739319,0.5642857142857143,1.0,"(140, 64, 1000)","(56, 64, 1000)",12,67,0.5428571428571429
