participant,class1,class2,running_time,test_acc,train_acc,test_size,train_size,train_block,test_block,test_acc_vote
3,Hand,Rest,112.60508394241332,0.6311926605504588,0.963302752293578,"(545, 64, 1000)","(218, 64, 1000)",12,34567,0.6275229357798164
3,Feet,Rest,111.79777574539185,0.634862385321101,0.9541284403669724,"(545, 64, 1000)","(218, 64, 1000)",12,34567,0.6440366972477064
3,Tongue,Rest,114.75146842002869,0.5596330275229358,0.963302752293578,"(545, 64, 1000)","(218, 64, 1000)",12,34567,0.5559633027522936
3,Mis,Rest,114.82731795310974,0.7321100917431193,0.9724770642201835,"(545, 64, 1000)","(218, 64, 1000)",12,34567,0.7339449541284404
