participant,class1,class2,running_time,test_acc,train_acc,test_size,train_size,train_block,test_block,test_acc_vote
5,Hand,Rest,112.5348618030548,0.6513761467889908,0.9770642201834864,"(545, 64, 1000)","(218, 64, 1000)",12,34567,0.655045871559633
5,Feet,Rest,112.16726779937744,0.7229357798165138,0.9862385321100916,"(545, 64, 1000)","(218, 64, 1000)",12,34567,0.7321100917431193
5,Tongue,Rest,114.50727272033691,0.6660550458715596,0.9724770642201837,"(545, 64, 1000)","(218, 64, 1000)",12,34567,0.6660550458715596
5,Mis,Rest,113.50386261940002,0.7669724770642202,0.9862385321100917,"(545, 64, 1000)","(218, 64, 1000)",12,34567,0.7724770642201835
