participant,class1,class2,running_time,test_acc,train_acc,test_size,train_size,train_block,test_block,test_acc_vote
6,Hand,Rest,112.70721936225893,0.634862385321101,0.981651376146789,"(545, 64, 1000)","(218, 64, 1000)",12,34567,0.636697247706422
6,Feet,Rest,113.25825428962708,0.6844036697247706,0.9403669724770642,"(545, 64, 1000)","(218, 64, 1000)",12,34567,0.6990825688073394
6,Tongue,Rest,113.58290600776672,0.6091743119266055,0.9357798165137616,"(545, 64, 1000)","(218, 64, 1000)",12,34567,0.6055045871559632
6,Mis,Rest,115.56267547607422,0.5467889908256881,0.963302752293578,"(545, 64, 1000)","(218, 64, 1000)",12,34567,0.5559633027522936
