participant,class1,class2,running_time,test_acc,train_acc,test_size,train_size,train_block,test_block,test_acc_vote
3,Hand,Rest,65.42031121253967,0.8928571428571429,0.9857142857142858,"(56, 64, 1000)","(140, 64, 1000)",12345,67,0.9107142857142856
3,Feet,Rest,62.13530135154724,0.6785714285714286,0.9571428571428572,"(56, 64, 1000)","(140, 64, 1000)",12345,67,0.625
3,Tongue,Rest,64.35599708557129,0.6785714285714286,0.9785714285714284,"(56, 64, 1000)","(140, 64, 1000)",12345,67,0.625
3,Mis,Rest,63.46479272842407,0.8214285714285714,0.9642857142857143,"(56, 64, 1000)","(140, 64, 1000)",12345,67,0.8035714285714286
