participant,class1,class2,running_time,test_acc,train_acc,test_size,train_size,train_block,test_block,test_acc_vote
9,Hand,Rest,64.21317553520203,0.9642857142857144,0.9928571428571428,"(56, 64, 1000)","(140, 64, 1000)",12345,67,0.9464285714285714
9,Feet,Rest,61.91846251487732,0.9464285714285714,0.9928571428571428,"(56, 64, 1000)","(140, 64, 1000)",12345,67,0.9642857142857144
9,Tongue,Rest,62.92276477813721,0.8035714285714286,1.0,"(56, 64, 1000)","(140, 64, 1000)",12345,67,0.7857142857142857
9,Mis,Rest,62.42278480529785,0.7678571428571429,0.9785714285714285,"(56, 64, 1000)","(140, 64, 1000)",12345,67,0.7321428571428572
