participant,class1,class2,running_time,test_acc,train_acc,test_size,train_size,train_block,test_block,test_acc_vote
15,Hand,Rest,76.65527868270874,0.8018018018018018,0.903660886319846,"(222, 64, 500)","(519, 64, 500)",12345,67,0.8063063063063063
15,Feet,Rest,80.56032085418701,0.7522522522522522,0.90990990990991,"(222, 64, 500)","(555, 64, 500)",12345,67,0.7792792792792793
15,Tongue,Rest,80.0997850894928,0.6486486486486487,0.8918918918918919,"(222, 64, 500)","(555, 64, 500)",12345,67,0.6576576576576576
15,Mis,Rest,79.32735776901245,0.7522522522522522,0.8918918918918919,"(222, 64, 500)","(555, 64, 500)",12345,67,0.7747747747747747
