participant,class1,class2,running_time,test_acc,train_acc,test_size,train_size,train_block,test_block,test_acc_vote
17,Hand,Rest,91.24372577667236,0.7657657657657657,0.8648648648648649,"(222, 64, 500)","(555, 64, 500)",12345,67,0.7747747747747747
17,Feet,Rest,92.47845149040222,0.7162162162162162,0.8486486486486486,"(222, 64, 500)","(555, 64, 500)",12345,67,0.7252252252252251
17,Tongue,Rest,85.96859836578369,0.8603603603603603,0.8594594594594595,"(222, 64, 500)","(555, 64, 500)",12345,67,0.8648648648648649
17,Mis,Rest,80.93838667869568,0.7702702702702703,0.8828828828828829,"(222, 64, 500)","(555, 64, 500)",12345,67,0.7747747747747747
