participant,class1,class2,running_time,test_acc,train_acc,test_size,train_size,train_block,test_block,test_acc_vote
4,Hand,Rest,91.25677013397215,0.8243243243243243,0.8954954954954955,"(222, 64, 500)","(555, 64, 500)",12345,67,0.8513513513513513
4,Feet,Rest,80.70549511909485,0.7657657657657657,0.872072072072072,"(222, 64, 500)","(555, 64, 500)",12345,67,0.7837837837837838
4,Tongue,Rest,95.1068835258484,0.7792792792792793,0.8702702702702703,"(222, 64, 500)","(555, 64, 500)",12345,67,0.8018018018018018
4,Mis,Rest,109.46832180023193,0.6216216216216216,0.8882882882882883,"(222, 64, 500)","(555, 64, 500)",12345,67,0.6216216216216216
