participant,class1,class2,running_time,test_acc,train_acc,test_size,train_size,train_block,test_block,test_acc_vote
5,Hand,Rest,82.55955624580383,0.7207207207207207,0.9171171171171172,"(222, 64, 500)","(555, 64, 500)",12345,67,0.7252252252252251
5,Feet,Rest,82.18488550186157,0.6756756756756757,0.918918918918919,"(222, 64, 500)","(555, 64, 500)",12345,67,0.6711711711711712
5,Tongue,Rest,88.37918162345886,0.7747747747747747,0.8972972972972973,"(222, 64, 500)","(555, 64, 500)",12345,67,0.7792792792792793
5,Mis,Rest,89.62078642845154,0.7342342342342343,0.9243243243243243,"(222, 64, 500)","(555, 64, 500)",12345,67,0.7567567567567568
