participant,class1,class2,running_time,test_acc,train_acc,test_size,train_size,train_block,test_block,test_acc_vote
6,Hand,Rest,84.45602560043335,0.7117117117117117,0.9063063063063064,"(222, 64, 500)","(555, 64, 500)",12345,67,0.7432432432432432
6,Feet,Rest,81.17570400238037,0.6936936936936937,0.9117117117117116,"(222, 64, 500)","(555, 64, 500)",12345,67,0.7027027027027026
6,Tongue,Rest,101.57256555557252,0.7117117117117117,0.9153153153153152,"(222, 64, 500)","(555, 64, 500)",12345,67,0.6981981981981982
6,Mis,Rest,83.6218569278717,0.7522522522522522,0.9063063063063063,"(222, 64, 500)","(555, 64, 500)",12345,67,0.7657657657657657
