participant,class1,class2,running_time,test_acc,train_acc,test_size,train_size,train_block,test_block,test_acc_vote
7,Hand,Rest,86.6153724193573,0.7927927927927928,0.9045045045045044,"(222, 64, 500)","(555, 64, 500)",12345,67,0.8198198198198199
7,Feet,Rest,89.53304958343506,0.8153153153153153,0.9009009009009008,"(222, 64, 500)","(555, 64, 500)",12345,67,0.8423423423423424
7,Tongue,Rest,80.18205142021179,0.6351351351351351,0.8954954954954955,"(222, 64, 500)","(555, 64, 500)",12345,67,0.6756756756756757
7,Mis,Rest,81.60450673103333,0.7117117117117117,0.8918918918918919,"(222, 64, 500)","(555, 64, 500)",12345,67,0.7612612612612613
