participant,class1,class2,running_time,test_acc,train_acc,test_size,train_size,train_block,test_block,test_acc_vote
14,Hand,Rest,121.37272548675536,0.8165137614678899,0.981651376146789,"(218, 64, 1000)","(436, 64, 1000)",1234,67,0.8119266055045872
14,Feet,Rest,122.35880708694458,0.6559633027522935,0.9862385321100916,"(218, 64, 1000)","(436, 64, 1000)",1234,67,0.6467889908256881
14,Tongue,Rest,122.80216717720032,0.7110091743119266,0.993119266055046,"(218, 64, 1000)","(436, 64, 1000)",1234,67,0.7018348623853211
14,Mis,Rest,122.1007764339447,0.6880733944954128,0.9770642201834863,"(218, 64, 1000)","(436, 64, 1000)",1234,67,0.6788990825688073
