participant,class1,class2,running_time,test_acc,train_acc,test_size,train_size,train_block,test_block,test_acc_vote
16,Hand,Rest,122.1410779953003,0.6743119266055045,0.9655963302752294,"(218, 64, 1000)","(436, 64, 1000)",1234,67,0.6880733944954128
16,Feet,Rest,121.7826144695282,0.7064220183486238,0.9724770642201837,"(218, 64, 1000)","(436, 64, 1000)",1234,67,0.7110091743119267
16,Tongue,Rest,121.99068474769592,0.8348623853211009,0.9610091743119266,"(218, 64, 1000)","(436, 64, 1000)",1234,67,0.8486238532110092
16,Mis,Rest,122.74563670158386,0.7981651376146789,0.9151376146788991,"(218, 64, 1000)","(436, 64, 1000)",1234,67,0.7935779816513762
