participant,class1,class2,running_time,test_acc,train_acc,test_size,train_size,train_block,test_block,test_acc_vote
17,Hand,Rest,121.4081048965454,0.7752293577981652,0.9426605504587156,"(218, 64, 1000)","(436, 64, 1000)",1234,67,0.7660550458715596
17,Feet,Rest,121.71037673950195,0.7247706422018348,0.9128440366972476,"(218, 64, 1000)","(436, 64, 1000)",1234,67,0.7155963302752293
17,Tongue,Rest,121.52118635177612,0.7889908256880734,0.9541284403669724,"(218, 64, 1000)","(436, 64, 1000)",1234,67,0.7935779816513762
17,Mis,Rest,122.09549331665039,0.7844036697247706,0.9334862385321101,"(218, 64, 1000)","(436, 64, 1000)",1234,67,0.7889908256880733
