participant,class1,class2,running_time,test_acc,train_acc,test_size,train_size,train_block,test_block,test_acc_vote
18,Hand,Rest,122.71223711967468,0.6972477064220184,0.9472477064220184,"(218, 64, 1000)","(436, 64, 1000)",1234,67,0.7110091743119267
18,Feet,Rest,122.7563042640686,0.6422018348623854,0.9655963302752294,"(218, 64, 1000)","(436, 64, 1000)",1234,67,0.6513761467889908
18,Tongue,Rest,122.5829463005066,0.8440366972477065,0.9747706422018348,"(218, 64, 1000)","(436, 64, 1000)",1234,67,0.8486238532110092
18,Mis,Rest,121.43456816673279,0.7981651376146789,0.9518348623853211,"(218, 64, 1000)","(436, 64, 1000)",1234,67,0.7935779816513762
