participant,class1,class2,running_time,test_acc,train_acc,test_size,train_size,train_block,test_block,test_acc_vote
3,Hand,Rest,123.11494135856628,0.8165137614678899,0.9770642201834864,"(218, 64, 1000)","(436, 64, 1000)",1234,67,0.8211009174311926
3,Feet,Rest,121.52934503555298,0.6192660550458715,0.9357798165137616,"(218, 64, 1000)","(436, 64, 1000)",1234,67,0.6284403669724771
3,Tongue,Rest,120.6426441669464,0.7752293577981652,0.9655963302752294,"(218, 64, 1000)","(436, 64, 1000)",1234,67,0.7844036697247706
3,Mis,Rest,120.95830345153809,0.7385321100917431,0.9701834862385321,"(218, 64, 1000)","(436, 64, 1000)",1234,67,0.7431192660550459
