participant,class1,class2,running_time,test_acc,train_acc,test_size,train_size,train_block,test_block,test_acc_vote
6,Hand,Rest,122.64307689666748,0.7293577981651376,0.9839449541284404,"(218, 64, 1000)","(436, 64, 1000)",1234,67,0.7385321100917431
6,Feet,Rest,121.29838228225708,0.591743119266055,0.9770642201834864,"(218, 64, 1000)","(436, 64, 1000)",1234,67,0.591743119266055
6,Tongue,Rest,121.62981605529784,0.7385321100917431,0.9724770642201837,"(218, 64, 1000)","(436, 64, 1000)",1234,67,0.7339449541284404
6,Mis,Rest,121.45520210266113,0.6880733944954128,0.9770642201834863,"(218, 64, 1000)","(436, 64, 1000)",1234,67,0.6834862385321101
