participant,class1,class2,running_time,test_acc,train_acc,test_size,train_size,train_block,test_block,test_acc_vote
6,Hand,Rest,52.92656230926514,0.6428571428571429,0.9107142857142856,"(140, 64, 1000)","(56, 64, 1000)",12,34567,0.6357142857142857
6,Feet,Rest,52.94145917892456,0.65,0.9464285714285714,"(140, 64, 1000)","(56, 64, 1000)",12,34567,0.6428571428571428
6,Tongue,Rest,54.36941576004028,0.5571428571428572,1.0,"(140, 64, 1000)","(56, 64, 1000)",12,34567,0.5285714285714286
6,Mis,Rest,54.43586349487305,0.5285714285714286,0.9642857142857143,"(140, 64, 1000)","(56, 64, 1000)",12,34567,0.5214285714285714
