participant,class1,class2,running_time,test_acc,train_acc,test_size,train_size,train_block,test_block,test_acc_vote
10,Hand,Rest,69.59019994735718,0.6964285714285714,0.9642857142857144,"(112, 64, 500)","(280, 64, 500)",12345,67,0.7232142857142857
10,Feet,Rest,69.16656136512756,0.6517857142857143,0.9964285714285714,"(112, 64, 500)","(280, 64, 500)",12345,67,0.6160714285714286
10,Tongue,Rest,70.14656805992126,0.6607142857142857,0.9714285714285714,"(112, 64, 500)","(280, 64, 500)",12345,67,0.6964285714285714
10,Mis,Rest,68.9979157447815,0.6875,0.9785714285714285,"(112, 64, 500)","(280, 64, 500)",12345,67,0.6607142857142857
