participant,class1,class2,running_time,test_acc,train_acc,test_size,train_size,train_block,test_block,test_acc_vote
13,Hand,Rest,68.8861517906189,0.6607142857142857,0.8964285714285715,"(112, 64, 500)","(280, 64, 500)",12345,67,0.6160714285714286
13,Feet,Rest,69.20393919944763,0.7857142857142857,0.9642857142857144,"(112, 64, 500)","(280, 64, 500)",12345,67,0.8035714285714286
13,Tongue,Rest,70.21701741218567,0.7321428571428571,0.9607142857142856,"(112, 64, 500)","(280, 64, 500)",12345,67,0.7232142857142857
13,Mis,Rest,68.97034955024719,0.7678571428571429,0.9142857142857143,"(112, 64, 500)","(280, 64, 500)",12345,67,0.7946428571428572
