participant,class1,class2,running_time,test_acc,train_acc,test_size,train_size,train_block,test_block,test_acc_vote
16,Hand,Rest,69.17984890937805,0.6875,0.95,"(112, 64, 500)","(280, 64, 500)",12345,67,0.7142857142857143
16,Feet,Rest,68.88348174095154,0.6607142857142857,0.9678571428571427,"(112, 64, 500)","(280, 64, 500)",12345,67,0.6428571428571428
16,Tongue,Rest,69.39759063720703,0.8482142857142857,0.9535714285714286,"(112, 64, 500)","(280, 64, 500)",12345,67,0.9285714285714286
16,Mis,Rest,69.97389721870422,0.8035714285714286,0.925,"(112, 64, 500)","(280, 64, 500)",12345,67,0.8392857142857143
