participant,class1,class2,running_time,test_acc,train_acc,test_size,train_size,train_block,test_block,test_acc_vote
18,Hand,Rest,70.44776177406311,0.7321428571428571,0.9607142857142856,"(112, 64, 500)","(280, 64, 500)",12345,67,0.7678571428571428
18,Feet,Rest,69.08013343811035,0.6785714285714286,0.975,"(112, 64, 500)","(280, 64, 500)",12345,67,0.6696428571428572
18,Tongue,Rest,68.9531180858612,0.8125,0.9928571428571428,"(112, 64, 500)","(280, 64, 500)",12345,67,0.8125
18,Mis,Rest,70.41098117828369,0.7767857142857143,0.9714285714285714,"(112, 64, 500)","(280, 64, 500)",12345,67,0.8214285714285714
