participant,class1,class2,running_time,test_acc,train_acc,test_size,train_size,train_block,test_block,test_acc_vote
6,Hand,Rest,68.76061367988586,0.7321428571428571,0.9892857142857144,"(112, 64, 500)","(280, 64, 500)",12345,67,0.7142857142857143
6,Feet,Rest,68.91186451911926,0.7410714285714286,1.0,"(112, 64, 500)","(280, 64, 500)",12345,67,0.75
6,Tongue,Rest,69.60728907585144,0.7321428571428571,0.9857142857142858,"(112, 64, 500)","(280, 64, 500)",12345,67,0.7678571428571428
6,Mis,Rest,68.92396235466003,0.7589285714285714,0.9785714285714285,"(112, 64, 500)","(280, 64, 500)",12345,67,0.75
