participant,class1,class2,running_time,test_acc,train_acc,test_size,train_size,train_block,test_block,test_acc_vote
7,Hand,Rest,69.12926650047302,0.8035714285714286,1.0,"(112, 64, 500)","(280, 64, 500)",12345,67,0.8214285714285714
7,Feet,Rest,70.78639817237854,0.7767857142857143,0.9928571428571428,"(112, 64, 500)","(280, 64, 500)",12345,67,0.7946428571428572
7,Tongue,Rest,68.99438452720642,0.625,0.9678571428571427,"(112, 64, 500)","(280, 64, 500)",12345,67,0.6607142857142857
7,Mis,Rest,69.1030011177063,0.6339285714285714,0.9642857142857143,"(112, 64, 500)","(280, 64, 500)",12345,67,0.625
