participant,class1,class2,running_time,test_acc,train_acc,test_size,train_size,train_block,test_block,test_acc_vote
9,Hand,Rest,68.83230805397034,0.8928571428571429,0.9428571428571428,"(112, 64, 500)","(280, 64, 500)",12345,67,0.9107142857142856
9,Feet,Rest,69.65179014205933,0.875,0.9964285714285714,"(112, 64, 500)","(280, 64, 500)",12345,67,0.8928571428571429
9,Tongue,Rest,68.71028518676758,0.75,0.9321428571428572,"(112, 64, 500)","(280, 64, 500)",12345,67,0.7589285714285714
9,Mis,Rest,69.02597117424011,0.7232142857142857,0.8892857142857142,"(112, 64, 500)","(280, 64, 500)",12345,67,0.7321428571428572
