participant,class1,class2,running_time,test_acc,train_acc,test_size,train_size,train_block,test_block,test_acc_vote
10,Hand,Rest,36.613056659698486,0.6285714285714286,1.0,"(140, 64, 1000)","(56, 64, 1000)",12,34567,0.5928571428571429
10,Feet,Rest,36.68867182731629,0.5142857142857142,1.0,"(140, 64, 1000)","(56, 64, 1000)",12,34567,0.5571428571428572
10,Tongue,Rest,37.352335929870605,0.55,1.0,"(140, 64, 1000)","(56, 64, 1000)",12,34567,0.5428571428571429
10,Mis,Rest,37.466766357421875,0.6,1.0,"(140, 64, 1000)","(56, 64, 1000)",12,34567,0.5785714285714285
