participant,class1,class2,running_time,test_acc,train_acc,test_size,train_size,train_block,test_block,test_acc_vote
3,Hand,Rest,41.64406108856201,0.5857142857142857,1.0,"(140, 64, 1000)","(56, 64, 1000)",12,34567,0.5285714285714286
3,Feet,Rest,34.59735631942749,0.5785714285714286,1.0,"(140, 64, 1000)","(56, 64, 1000)",12,34567,0.5357142857142857
3,Tongue,Rest,35.29234218597412,0.6071428571428571,1.0,"(140, 64, 1000)","(56, 64, 1000)",12,34567,0.5571428571428572
3,Mis,Rest,35.452088356018066,0.6642857142857143,1.0,"(140, 64, 1000)","(56, 64, 1000)",12,34567,0.6071428571428572
