participant,class1,class2,running_time,test_acc,train_acc,test_size,train_size,train_block,test_block,test_acc_vote
10,Hand,Rest,39.60296082496643,0.6964285714285714,1.0,"(56, 64, 1000)","(84, 64, 1000)",123,67,0.6964285714285714
10,Feet,Rest,40.11844348907471,0.5,1.0,"(56, 64, 1000)","(84, 64, 1000)",123,67,0.4285714285714286
10,Tongue,Rest,40.324244022369385,0.5535714285714286,1.0,"(56, 64, 1000)","(84, 64, 1000)",123,67,0.5535714285714286
10,Mis,Rest,39.48893857002258,0.6607142857142857,1.0,"(56, 64, 1000)","(84, 64, 1000)",123,67,0.625
