participant,class1,class2,running_time,test_acc,train_acc,test_size,train_size,train_block,test_block,test_acc_vote
14,Hand,Rest,39.77935862541199,0.8571428571428571,1.0,"(56, 64, 1000)","(84, 64, 1000)",123,67,0.8035714285714286
14,Feet,Rest,40.59402418136597,0.6785714285714286,1.0,"(56, 64, 1000)","(84, 64, 1000)",123,67,0.6607142857142857
14,Tongue,Rest,40.584816455841064,0.5892857142857143,1.0,"(56, 64, 1000)","(84, 64, 1000)",123,67,0.5357142857142857
14,Mis,Rest,39.60046982765198,0.6428571428571429,1.0,"(56, 64, 1000)","(84, 64, 1000)",123,67,0.5892857142857143
