participant,class1,class2,running_time,test_acc,train_acc,test_size,train_size,train_block,test_block,test_acc_vote
19,Hand,Rest,39.916600942611694,0.8035714285714286,1.0,"(56, 64, 1000)","(84, 64, 1000)",123,67,0.7678571428571428
19,Feet,Rest,40.20283770561218,0.6964285714285714,1.0,"(56, 64, 1000)","(84, 64, 1000)",123,67,0.6607142857142857
19,Tongue,Rest,40.3040132522583,0.7857142857142857,1.0,"(56, 64, 1000)","(84, 64, 1000)",123,67,0.7321428571428572
19,Mis,Rest,39.88178896903992,0.6785714285714286,1.0,"(56, 64, 1000)","(84, 64, 1000)",123,67,0.6607142857142857
