participant,class1,class2,running_time,test_acc,train_acc,test_size,train_size,train_block,test_block,test_acc_vote
3,Hand,Rest,39.355570793151855,0.8035714285714286,1.0,"(56, 64, 1000)","(84, 64, 1000)",123,67,0.7678571428571428
3,Feet,Rest,41.1366069316864,0.5178571428571429,1.0,"(56, 64, 1000)","(84, 64, 1000)",123,67,0.4464285714285714
3,Tongue,Rest,39.77484893798828,0.5714285714285714,1.0,"(56, 64, 1000)","(84, 64, 1000)",123,67,0.5714285714285714
3,Mis,Rest,39.48197841644287,0.8214285714285714,1.0,"(56, 64, 1000)","(84, 64, 1000)",123,67,0.8035714285714286
