participant,class1,class2,running_time,test_acc,train_acc,test_size,train_size,train_block,test_block,test_acc_vote
5,Hand,Rest,41.33084797859192,0.4821428571428571,1.0,"(56, 64, 1000)","(84, 64, 1000)",123,67,0.4821428571428571
5,Feet,Rest,40.824912548065186,0.6964285714285714,1.0,"(56, 64, 1000)","(84, 64, 1000)",123,67,0.6607142857142857
5,Tongue,Rest,40.86147165298462,0.7857142857142857,1.0,"(56, 64, 1000)","(84, 64, 1000)",123,67,0.7142857142857143
5,Mis,Rest,40.43549919128418,0.8035714285714286,1.0,"(56, 64, 1000)","(84, 64, 1000)",123,67,0.7857142857142857
