participant,class1,class2,running_time,test_acc,train_acc,test_size,train_size,train_block,test_block,test_acc_vote
9,Hand,Rest,39.703335762023926,0.8392857142857143,1.0,"(56, 64, 1000)","(84, 64, 1000)",123,67,0.7678571428571428
9,Feet,Rest,40.04072690010071,0.9821428571428572,1.0,"(56, 64, 1000)","(84, 64, 1000)",123,67,0.9821428571428572
9,Tongue,Rest,41.50683331489563,0.75,1.0,"(56, 64, 1000)","(84, 64, 1000)",123,67,0.7142857142857143
9,Mis,Rest,39.69986343383789,0.6964285714285714,1.0,"(56, 64, 1000)","(84, 64, 1000)",123,67,0.6785714285714286
