participant,class1,class2,running_time,test_acc,train_acc,test_size,train_size,train_block,test_block,test_acc_vote
13,Hand,Rest,60.42112708091736,0.7857142857142857,1.0,"(56, 64, 1000)","(140, 64, 1000)",12345,67,0.7857142857142857
13,Feet,Rest,59.20261001586914,0.8928571428571429,1.0,"(56, 64, 1000)","(140, 64, 1000)",12345,67,0.8928571428571429
13,Tongue,Rest,60.863672733306885,0.8392857142857143,1.0,"(56, 64, 1000)","(140, 64, 1000)",12345,67,0.7857142857142857
13,Mis,Rest,61.12356376647949,0.75,1.0,"(56, 64, 1000)","(140, 64, 1000)",12345,67,0.6785714285714286
