participant,class1,class2,running_time,test_acc,train_acc,test_size,train_size,train_block,test_block,test_acc_vote
9,Hand,Rest,51.79858493804931,0.7387387387387387,0.9954954954954957,"(222, 64, 500)","(222, 64, 500)",12,67,0.7567567567567568
9,Feet,Rest,52.17194485664368,0.6441441441441441,1.0,"(222, 64, 500)","(222, 64, 500)",12,67,0.6576576576576576
9,Tongue,Rest,52.37866830825806,0.5900900900900901,1.0,"(222, 64, 500)","(222, 64, 500)",12,67,0.6081081081081081
9,Mis,Rest,52.27247762680054,0.5630630630630631,1.0,"(222, 64, 500)","(222, 64, 500)",12,67,0.5630630630630631
