participant,class1,class2,running_time,test_acc,train_acc,test_size,train_size,train_block,test_block,test_acc_vote
11,Hand,Rest,69.59110236167908,0.9285714285714286,1.0,"(56, 64, 1000)","(140, 64, 1000)",12345,67,0.9464285714285714
11,Feet,Rest,69.58381700515747,0.9464285714285714,1.0,"(56, 64, 1000)","(140, 64, 1000)",12345,67,0.9464285714285714
11,Tongue,Rest,71.74251651763916,0.6428571428571429,1.0,"(56, 64, 1000)","(140, 64, 1000)",12345,67,0.625
11,Mis,Rest,70.78648924827576,0.7142857142857143,1.0,"(56, 64, 1000)","(140, 64, 1000)",12345,67,0.7321428571428572
