participant,class1,class2,running_time,test_acc,train_acc,test_size,train_size,train_block,test_block,test_acc_vote
19,Hand,Rest,36.91826057434082,0.5491071428571429,1.0,"(224, 64, 250)","(112, 64, 250)",1,67,0.5848214285714286
19,Feet,Rest,36.90188002586365,0.59375,1.0,"(224, 64, 250)","(112, 64, 250)",1,67,0.6294642857142857
19,Tongue,Rest,37.30715346336365,0.5491071428571429,1.0,"(224, 64, 250)","(112, 64, 250)",1,67,0.5669642857142857
19,Mis,Rest,37.06415414810181,0.6339285714285714,1.0,"(224, 64, 250)","(112, 64, 250)",1,67,0.6651785714285714
