participant,class1,class2,running_time,test_acc,train_acc,test_size,train_size,train_block,test_block,test_acc_vote
4,Hand,Rest,36.55595517158508,0.7232142857142857,1.0,"(224, 64, 250)","(112, 64, 250)",1,67,0.78125
4,Feet,Rest,36.400577545166016,0.6160714285714286,1.0,"(224, 64, 250)","(112, 64, 250)",1,67,0.6875
4,Tongue,Rest,36.36432909965515,0.6473214285714286,1.0,"(224, 64, 250)","(112, 64, 250)",1,67,0.5982142857142857
4,Mis,Rest,37.5111403465271,0.6651785714285714,1.0,"(224, 64, 250)","(112, 64, 250)",1,67,0.6830357142857143
