participant,class1,class2,running_time,test_acc,train_acc,test_size,train_size,train_block,test_block,test_acc_vote
5,Hand,Rest,37.50246548652649,0.5446428571428571,1.0,"(224, 64, 250)","(112, 64, 250)",1,67,0.53125
5,Feet,Rest,36.901886224746704,0.5446428571428571,1.0,"(224, 64, 250)","(112, 64, 250)",1,67,0.5133928571428572
5,Tongue,Rest,36.612773180007935,0.4821428571428571,1.0,"(224, 64, 250)","(112, 64, 250)",1,67,0.4776785714285714
5,Mis,Rest,36.59481978416443,0.4955357142857143,1.0,"(224, 64, 250)","(112, 64, 250)",1,67,0.4776785714285714
