participant,class1,class2,running_time,test_acc,train_acc,test_size,train_size,train_block,test_block,test_acc_vote
10,Hand,Rest,56.76662802696228,0.6666666666666666,1.0,"(84, 64, 1000)","(112, 64, 1000)",1234,567,0.6071428571428572
10,Feet,Rest,55.95099902153015,0.6428571428571429,1.0,"(84, 64, 1000)","(112, 64, 1000)",1234,567,0.5952380952380952
10,Tongue,Rest,58.15350961685181,0.6428571428571429,1.0,"(84, 64, 1000)","(112, 64, 1000)",1234,567,0.6309523809523809
10,Mis,Rest,57.543293476104736,0.7738095238095238,1.0,"(84, 64, 1000)","(112, 64, 1000)",1234,567,0.75
