participant,class1,class2,running_time,test_acc,train_acc,test_size,train_size,train_block,test_block,test_acc_vote
10,Hand,Rest,8.23150086402893,0.4642857142857143,1.0,"(28, 64, 1000)","(28, 64, 1000)",1,28 randomly chosen!,0.3928571428571429
10,Feet,Rest,8.056809425354004,0.4642857142857143,1.0,"(28, 64, 1000)","(28, 64, 1000)",1,28 randomly chosen!,0.5
10,Tongue,Rest,8.04673433303833,0.5,1.0,"(28, 64, 1000)","(28, 64, 1000)",1,28 randomly chosen!,0.5357142857142857
10,Mis,Rest,8.098960638046265,0.6071428571428571,1.0,"(28, 64, 1000)","(28, 64, 1000)",1,28 randomly chosen!,0.6071428571428572
