participant,class1,class2,running_time,test_acc,train_acc,test_size,train_size,train_block,test_block,test_acc_vote
13,Hand,Rest,59.78229236602783,0.7142857142857143,0.8928571428571429,"(56, 64, 1000)","(140, 64, 1000)",12345,67,0.6785714285714286
13,Feet,Rest,59.94986009597778,0.7678571428571429,0.9214285714285714,"(56, 64, 1000)","(140, 64, 1000)",12345,67,0.7321428571428572
13,Tongue,Rest,59.721943855285645,0.8214285714285714,0.9142857142857144,"(56, 64, 1000)","(140, 64, 1000)",12345,67,0.8214285714285714
13,Mis,Rest,59.95057916641235,0.7678571428571429,0.9142857142857143,"(56, 64, 1000)","(140, 64, 1000)",12345,67,0.6964285714285714
