participant,class1,class2,running_time,test_acc,train_acc,test_size,train_size,train_block,test_block,test_acc_vote
7,Hand,Rest,58.25171661376953,0.8214285714285714,0.9571428571428572,"(56, 64, 1000)","(140, 64, 1000)",12345,67,0.8392857142857143
7,Feet,Rest,59.79051351547241,0.8214285714285714,0.9142857142857144,"(56, 64, 1000)","(140, 64, 1000)",12345,67,0.8392857142857143
7,Tongue,Rest,59.96024036407471,0.6964285714285714,0.8714285714285714,"(56, 64, 1000)","(140, 64, 1000)",12345,67,0.7321428571428572
7,Mis,Rest,61.415390729904175,0.6785714285714286,0.85,"(56, 64, 1000)","(140, 64, 1000)",12345,67,0.6785714285714286
