participant,class1,class2,running_time,test_acc,train_acc,test_size,train_size,train_block,test_block,test_acc_vote
9,Hand,Rest,59.8271050453186,0.9464285714285714,0.9285714285714286,"(56, 64, 1000)","(140, 64, 1000)",12345,67,0.9285714285714286
9,Feet,Rest,58.61423468589783,0.9642857142857144,0.9428571428571428,"(56, 64, 1000)","(140, 64, 1000)",12345,67,0.9464285714285714
9,Tongue,Rest,59.91931581497192,0.7678571428571429,0.8571428571428571,"(56, 64, 1000)","(140, 64, 1000)",12345,67,0.75
9,Mis,Rest,61.58484244346619,0.7678571428571429,0.8785714285714286,"(56, 64, 1000)","(140, 64, 1000)",12345,67,0.75
