participant,class1,class2,running_time,test_acc,train_acc,test_size,train_size,train_block,test_block,test_acc_vote
11,Hand,Rest,69.57134222984314,0.7702702702702703,1.0,"(222, 64, 500)","(333, 64, 500)",123,67,0.7837837837837838
11,Feet,Rest,69.89624643325806,0.8738738738738738,1.0,"(222, 64, 500)","(333, 64, 500)",123,67,0.8828828828828829
11,Tongue,Rest,71.16732692718506,0.5900900900900901,1.0,"(222, 64, 500)","(333, 64, 500)",123,67,0.5990990990990991
11,Mis,Rest,71.23326683044434,0.6441441441441441,1.0,"(222, 64, 500)","(333, 64, 500)",123,67,0.6621621621621622
