participant,class1,class2,running_time,test_acc,train_acc,test_size,train_size,train_block,test_block,test_acc_vote
13,Hand,Rest,69.9807481765747,0.6081081081081081,1.0,"(222, 64, 500)","(333, 64, 500)",123,67,0.6171171171171171
13,Feet,Rest,70.09310746192932,0.7477477477477478,1.0,"(222, 64, 500)","(333, 64, 500)",123,67,0.8018018018018018
13,Tongue,Rest,70.07246923446655,0.7297297297297297,1.0,"(222, 64, 500)","(333, 64, 500)",123,67,0.7477477477477478
13,Mis,Rest,69.95767736434937,0.6936936936936937,1.0,"(222, 64, 500)","(333, 64, 500)",123,67,0.6981981981981982
