participant,class1,class2,running_time,test_acc,train_acc,test_size,train_size,train_block,test_block,test_acc_vote
14,Hand,Rest,69.51346492767334,0.7657657657657657,1.0,"(222, 64, 500)","(333, 64, 500)",123,67,0.7972972972972973
14,Feet,Rest,69.99519062042236,0.6261261261261262,1.0,"(222, 64, 500)","(333, 64, 500)",123,67,0.6171171171171171
14,Tongue,Rest,70.25154399871826,0.6666666666666666,1.0,"(222, 64, 500)","(333, 64, 500)",123,67,0.6711711711711712
14,Mis,Rest,69.78082370758057,0.6081081081081081,1.0,"(222, 64, 500)","(333, 64, 500)",123,67,0.6171171171171171
