participant,class1,class2,running_time,test_acc,train_acc,test_size,train_size,train_block,test_block,test_acc_vote
18,Hand,Rest,69.85341501235962,0.6666666666666666,1.0,"(222, 64, 500)","(333, 64, 500)",123,67,0.6801801801801801
18,Feet,Rest,70.57554268836975,0.6306306306306306,1.0,"(222, 64, 500)","(333, 64, 500)",123,67,0.6351351351351351
18,Tongue,Rest,70.50011277198792,0.7297297297297297,1.0,"(222, 64, 500)","(333, 64, 500)",123,67,0.7432432432432432
18,Mis,Rest,71.64065408706665,0.7387387387387387,1.0,"(222, 64, 500)","(333, 64, 500)",123,67,0.7567567567567568
