participant,class1,class2,running_time,test_acc,train_acc,test_size,train_size,train_block,test_block,test_acc_vote
3,Hand,Rest,70.14305543899536,0.7657657657657657,1.0,"(222, 64, 500)","(333, 64, 500)",123,67,0.8108108108108107
3,Feet,Rest,71.15373754501343,0.581081081081081,1.0,"(222, 64, 500)","(333, 64, 500)",123,67,0.5990990990990991
3,Tongue,Rest,70.70204854011536,0.6936936936936937,1.0,"(222, 64, 500)","(333, 64, 500)",123,67,0.7342342342342343
3,Mis,Rest,70.27119970321655,0.7342342342342343,1.0,"(222, 64, 500)","(333, 64, 500)",123,67,0.7612612612612613
