participant,class1,class2,running_time,test_acc,train_acc,test_size,train_size,train_block,test_block,test_acc_vote
7,Hand,Rest,141.36431574821472,0.8027522935779816,1.0,"(218, 64, 1000)","(545, 64, 1000)",12345,67,0.8073394495412844
7,Feet,Rest,143.4572777748108,0.8073394495412844,1.0,"(218, 64, 1000)","(545, 64, 1000)",12345,67,0.8302752293577982
7,Tongue,Rest,143.1542730331421,0.6422018348623854,1.0,"(218, 64, 1000)","(545, 64, 1000)",12345,67,0.6422018348623852
7,Mis,Rest,143.1576178073883,0.6926605504587156,1.0,"(218, 64, 1000)","(545, 64, 1000)",12345,67,0.6972477064220184
