participant,class1,class2,running_time,test_acc,train_acc,test_size,train_size,train_block,test_block,test_acc_vote
13,Hand,Rest,60.45278239250183,0.6428571428571429,0.9357142857142856,"(56, 64, 1000)","(140, 64, 1000)",12345,67,0.6071428571428572
13,Feet,Rest,60.12090158462525,0.7678571428571429,1.0,"(56, 64, 1000)","(140, 64, 1000)",12345,67,0.7857142857142857
13,Tongue,Rest,61.11167860031128,0.8035714285714286,0.9928571428571428,"(56, 64, 1000)","(140, 64, 1000)",12345,67,0.8214285714285714
13,Mis,Rest,62.615229845047,0.75,0.9714285714285714,"(56, 64, 1000)","(140, 64, 1000)",12345,67,0.6785714285714286
