participant,class1,class2,running_time,test_acc,train_acc,test_size,train_size,train_block,test_block,test_acc_vote
5,Hand,Rest,60.5398850440979,0.7321428571428571,1.0,"(56, 64, 1000)","(140, 64, 1000)",12345,67,0.6964285714285714
5,Feet,Rest,59.318352699279785,0.8214285714285714,1.0,"(56, 64, 1000)","(140, 64, 1000)",12345,67,0.7857142857142857
5,Tongue,Rest,61.97186470031738,0.8035714285714286,0.9928571428571428,"(56, 64, 1000)","(140, 64, 1000)",12345,67,0.8214285714285714
5,Mis,Rest,61.645999908447266,0.875,1.0,"(56, 64, 1000)","(140, 64, 1000)",12345,67,0.875
