participant,class1,class2,running_time,test_acc,train_acc,test_size,train_size,train_block,test_block,test_acc_vote
6,Hand,Rest,61.33604907989502,0.75,0.9928571428571428,"(56, 64, 1000)","(140, 64, 1000)",12345,67,0.7321428571428572
6,Feet,Rest,59.94505310058594,0.7857142857142857,1.0,"(56, 64, 1000)","(140, 64, 1000)",12345,67,0.6964285714285714
6,Tongue,Rest,60.82005786895752,0.8392857142857143,0.9857142857142858,"(56, 64, 1000)","(140, 64, 1000)",12345,67,0.8214285714285714
6,Mis,Rest,61.12583613395691,0.75,0.9928571428571429,"(56, 64, 1000)","(140, 64, 1000)",12345,67,0.7857142857142857
