participant,class1,class2,running_time,test_acc,train_acc,test_size,train_size,train_block,test_block,test_acc_vote
13,Hand,Rest,59.46907877922058,0.6071428571428571,0.9928571428571428,"(56, 64, 1000)","(140, 64, 1000)",12345,67,0.5714285714285714
13,Feet,Rest,58.30781841278076,0.7321428571428571,1.0,"(56, 64, 1000)","(140, 64, 1000)",12345,67,0.7142857142857143
13,Tongue,Rest,59.59133338928223,0.7142857142857143,0.9857142857142858,"(56, 64, 1000)","(140, 64, 1000)",12345,67,0.6964285714285714
13,Mis,Rest,61.37922215461731,0.6785714285714286,0.9928571428571429,"(56, 64, 1000)","(140, 64, 1000)",12345,67,0.6428571428571428
