participant,class1,class2,running_time,test_acc,train_acc,test_size,train_size,train_block,test_block,test_acc_vote
5,Hand,Rest,58.09482479095459,0.7142857142857143,0.9928571428571428,"(56, 64, 1000)","(140, 64, 1000)",12345,67,0.75
5,Feet,Rest,58.49992561340332,0.5892857142857143,0.9928571428571428,"(56, 64, 1000)","(140, 64, 1000)",12345,67,0.5535714285714286
5,Tongue,Rest,61.25217151641846,0.75,1.0,"(56, 64, 1000)","(140, 64, 1000)",12345,67,0.7142857142857143
5,Mis,Rest,61.745917558670044,0.6071428571428571,1.0,"(56, 64, 1000)","(140, 64, 1000)",12345,67,0.6607142857142857
