participant,class1,class2,running_time,test_acc,train_acc,test_size,train_size,train_block,test_block,test_acc_vote
11,Hand,Rest,69.09740543365479,0.875,0.9392857142857144,"(112, 64, 500)","(280, 64, 500)",12345,67,0.8928571428571429
11,Feet,Rest,68.82985186576843,0.9285714285714286,0.95,"(112, 64, 500)","(280, 64, 500)",12345,67,0.9196428571428572
11,Tongue,Rest,70.36401319503784,0.7232142857142857,0.9285714285714286,"(112, 64, 500)","(280, 64, 500)",12345,67,0.7053571428571428
11,Mis,Rest,70.96277618408203,0.6875,0.9821428571428571,"(112, 64, 500)","(280, 64, 500)",12345,67,0.6875
