participant,class1,class2,running_time,test_acc,train_acc,test_size,train_size,train_block,test_block,test_acc_vote
4,Hand,Rest,70.36313676834106,0.8571428571428571,0.95,"(112, 64, 500)","(280, 64, 500)",12345,67,0.8482142857142857
4,Feet,Rest,68.78958630561829,0.7857142857142857,0.9392857142857144,"(112, 64, 500)","(280, 64, 500)",12345,67,0.7589285714285714
4,Tongue,Rest,69.00024175643921,0.7767857142857143,0.9392857142857144,"(112, 64, 500)","(280, 64, 500)",12345,67,0.7767857142857143
4,Mis,Rest,69.98432087898254,0.6696428571428571,0.9285714285714286,"(112, 64, 500)","(280, 64, 500)",12345,67,0.6517857142857143
