participant,class1,class2,running_time,test_acc,train_acc,test_size,train_size,train_block,test_block,test_acc_vote
7,Hand,Rest,68.69966626167297,0.7946428571428571,0.9428571428571428,"(112, 64, 500)","(280, 64, 500)",12345,67,0.8303571428571428
7,Feet,Rest,69.47824811935425,0.8392857142857143,0.925,"(112, 64, 500)","(280, 64, 500)",12345,67,0.9017857142857144
7,Tongue,Rest,69.20054173469543,0.6696428571428571,0.9428571428571428,"(112, 64, 500)","(280, 64, 500)",12345,67,0.7053571428571428
7,Mis,Rest,68.9083604812622,0.6875,0.9285714285714286,"(112, 64, 500)","(280, 64, 500)",12345,67,0.6607142857142857
