participant,class1,class2,running_time,test_acc,train_acc,test_size,train_size,train_block,test_block,test_acc_vote
14,Hand,Rest,135.48010754585266,0.8562691131498471,0.9724770642201837,"(327, 64, 1000)","(436, 64, 1000)",1234,567,0.8470948012232415
14,Feet,Rest,137.44322538375854,0.7859327217125383,0.9747706422018348,"(327, 64, 1000)","(436, 64, 1000)",1234,567,0.7920489296636086
14,Tongue,Rest,137.44644045829773,0.5932721712538226,0.9655963302752294,"(327, 64, 1000)","(436, 64, 1000)",1234,567,0.599388379204893
14,Mis,Rest,136.4671413898468,0.672782874617737,0.9724770642201835,"(327, 64, 1000)","(436, 64, 1000)",1234,567,0.6972477064220184
