participant,class1,class2,running_time,test_acc,train_acc,test_size,train_size,train_block,test_block,test_acc_vote
10,Hand,Rest,121.1737937927246,0.7064220183486238,0.9610091743119266,"(218, 64, 1000)","(436, 64, 1000)",1234,67,0.7201834862385321
10,Feet,Rest,122.31968402862547,0.536697247706422,0.93348623853211,"(218, 64, 1000)","(436, 64, 1000)",1234,67,0.5091743119266054
10,Tongue,Rest,122.1531662940979,0.6880733944954128,0.9610091743119266,"(218, 64, 1000)","(436, 64, 1000)",1234,67,0.7018348623853211
10,Mis,Rest,122.78053569793701,0.7568807339449541,0.9541284403669725,"(218, 64, 1000)","(436, 64, 1000)",1234,67,0.7568807339449541
