participant,class1,class2,running_time,test_acc,train_acc,test_size,train_size,train_block,test_block,test_acc_vote
11,Hand,Rest,122.93922328948976,0.908256880733945,0.944954128440367,"(218, 64, 1000)","(436, 64, 1000)",1234,67,0.9174311926605504
11,Feet,Rest,122.40184259414671,0.8990825688073395,0.9564220183486238,"(218, 64, 1000)","(436, 64, 1000)",1234,67,0.9036697247706422
11,Tongue,Rest,121.99995565414427,0.6651376146788991,0.9610091743119266,"(218, 64, 1000)","(436, 64, 1000)",1234,67,0.6697247706422018
11,Mis,Rest,122.92484831809998,0.7018348623853211,0.963302752293578,"(218, 64, 1000)","(436, 64, 1000)",1234,67,0.6926605504587156
