participant,class1,class2,running_time,test_acc,train_acc,test_size,train_size,train_block,test_block,test_acc_vote
13,Hand,Rest,122.08379697799684,0.6146788990825688,0.8990825688073395,"(218, 64, 1000)","(436, 64, 1000)",1234,67,0.6100917431192661
13,Feet,Rest,122.6148886680603,0.8394495412844036,0.9472477064220184,"(218, 64, 1000)","(436, 64, 1000)",1234,67,0.8440366972477065
13,Tongue,Rest,121.81290888786316,0.7155963302752294,0.93348623853211,"(218, 64, 1000)","(436, 64, 1000)",1234,67,0.7155963302752293
13,Mis,Rest,123.20124530792236,0.6972477064220184,0.9197247706422018,"(218, 64, 1000)","(436, 64, 1000)",1234,67,0.7018348623853211
