participant,class1,class2,running_time,test_acc,train_acc,test_size,train_size,train_block,test_block,test_acc_vote
16,Hand,Rest,121.72697925567628,0.6192660550458715,0.9587155963302753,"(218, 64, 1000)","(436, 64, 1000)",1234,67,0.6238532110091743
16,Feet,Rest,122.90868592262268,0.7247706422018348,0.9518348623853212,"(218, 64, 1000)","(436, 64, 1000)",1234,67,0.7201834862385321
16,Tongue,Rest,122.21185374259947,0.7752293577981652,0.9403669724770642,"(218, 64, 1000)","(436, 64, 1000)",1234,67,0.7889908256880733
16,Mis,Rest,123.18391633033752,0.8256880733944955,0.9128440366972477,"(218, 64, 1000)","(436, 64, 1000)",1234,67,0.8394495412844036
