participant,class1,class2,running_time,test_acc,train_acc,test_size,train_size,train_block,test_block,test_acc_vote
18,Hand,Rest,123.16734910011292,0.6880733944954128,0.9357798165137616,"(218, 64, 1000)","(436, 64, 1000)",1234,67,0.6972477064220184
18,Feet,Rest,122.49194407463074,0.7018348623853211,0.9380733944954128,"(218, 64, 1000)","(436, 64, 1000)",1234,67,0.6880733944954128
18,Tongue,Rest,122.82339119911194,0.8440366972477065,0.93348623853211,"(218, 64, 1000)","(436, 64, 1000)",1234,67,0.8394495412844036
18,Mis,Rest,122.8628671169281,0.8256880733944955,0.9426605504587156,"(218, 64, 1000)","(436, 64, 1000)",1234,67,0.8440366972477065
