participant,class1,class2,running_time,test_acc,train_acc,test_size,train_size,train_block,test_block,test_acc_vote
7,Hand,Rest,121.69614005088806,0.7844036697247706,0.9655963302752294,"(218, 64, 1000)","(436, 64, 1000)",1234,67,0.7981651376146789
7,Feet,Rest,122.23939061164856,0.8532110091743119,0.9678899082568808,"(218, 64, 1000)","(436, 64, 1000)",1234,67,0.8669724770642202
7,Tongue,Rest,122.97612977027892,0.7018348623853211,0.970183486238532,"(218, 64, 1000)","(436, 64, 1000)",1234,67,0.7110091743119267
7,Mis,Rest,121.58540797233582,0.7339449541284404,0.9472477064220184,"(218, 64, 1000)","(436, 64, 1000)",1234,67,0.7568807339449541
