participant,class1,class2,running_time,test_acc,train_acc,test_size,train_size,train_block,test_block,test_acc_vote
9,Hand,Rest,121.5795693397522,0.8899082568807339,0.9426605504587156,"(218, 64, 1000)","(436, 64, 1000)",1234,67,0.8944954128440367
9,Feet,Rest,122.34297513961792,0.8944954128440367,0.963302752293578,"(218, 64, 1000)","(436, 64, 1000)",1234,67,0.8990825688073394
9,Tongue,Rest,121.79474711418152,0.7568807339449541,0.926605504587156,"(218, 64, 1000)","(436, 64, 1000)",1234,67,0.7614678899082569
9,Mis,Rest,122.66153001785278,0.7431192660550459,0.944954128440367,"(218, 64, 1000)","(436, 64, 1000)",1234,67,0.7477064220183487
