participant,class1,class2,running_time,test_acc,train_acc,test_size,train_size,train_block,test_block,test_acc_vote
3,Hand,Rest,56.08619546890259,0.8452380952380952,1.0,"(84, 64, 1000)","(112, 64, 1000)",1234,567,0.8214285714285714
3,Feet,Rest,55.574870347976685,0.6190476190476191,1.0,"(84, 64, 1000)","(112, 64, 1000)",1234,567,0.5952380952380952
3,Tongue,Rest,58.591103076934814,0.7619047619047619,1.0,"(84, 64, 1000)","(112, 64, 1000)",1234,567,0.7738095238095238
3,Mis,Rest,57.05432152748108,0.8452380952380952,1.0,"(84, 64, 1000)","(112, 64, 1000)",1234,567,0.8095238095238095
