participant,class1,class2,running_time,test_acc,train_acc,test_size,train_size,train_block,test_block,test_acc_vote
6,Hand,Rest,57.06409955024719,0.7142857142857143,1.0,"(84, 64, 1000)","(112, 64, 1000)",1234,567,0.7380952380952381
6,Feet,Rest,56.23774695396423,0.7619047619047619,1.0,"(84, 64, 1000)","(112, 64, 1000)",1234,567,0.7738095238095238
6,Tongue,Rest,57.32731795310974,0.7857142857142857,1.0,"(84, 64, 1000)","(112, 64, 1000)",1234,567,0.7738095238095238
6,Mis,Rest,56.867599964141846,0.7261904761904762,1.0,"(84, 64, 1000)","(112, 64, 1000)",1234,567,0.6547619047619048
