participant,class1,class2,running_time,test_acc,train_acc,test_size,train_size,train_block,test_block,test_acc_vote
9,Hand,Rest,40.79253268241882,0.9821428571428572,1.0,"(56, 64, 1000)","(140, 64, 1000)",12345,67,0.9821428571428572
9,Feet,Rest,39.939640522003174,0.9285714285714286,1.0,"(56, 64, 1000)","(140, 64, 1000)",12345,67,0.8928571428571429
9,Tongue,Rest,41.196048974990845,0.6964285714285714,1.0,"(56, 64, 1000)","(140, 64, 1000)",12345,67,0.6428571428571428
9,Mis,Rest,41.34996676445007,0.7678571428571429,1.0,"(56, 64, 1000)","(140, 64, 1000)",12345,67,0.7857142857142857
