participant,class1,class2,running_time,test_acc,train_acc,test_size,train_size,train_block,test_block,test_acc_vote
10,Hand,Rest,104.72237610816956,0.5321100917431193,0.981651376146789,"(654, 64, 1000)","(109, 64, 1000)",1,234567,0.5458715596330275
10,Feet,Rest,104.4142713546753,0.5489296636085627,0.9908256880733946,"(654, 64, 1000)","(109, 64, 1000)",1,234567,0.5474006116207951
10,Tongue,Rest,106.58790230751038,0.6269113149847095,1.0,"(654, 64, 1000)","(109, 64, 1000)",1,234567,0.6330275229357798
10,Mis,Rest,106.69867014884949,0.5397553516819572,1.0,"(654, 64, 1000)","(109, 64, 1000)",1,234567,0.5305810397553516
