participant,class1,class2,running_time,test_acc,train_acc,test_size,train_size,train_block,test_block,test_acc_vote
13,Hand,Rest,105.81606602668762,0.5489296636085627,0.9908256880733946,"(654, 64, 1000)","(109, 64, 1000)",1,234567,0.5535168195718654
13,Feet,Rest,105.3317141532898,0.6055045871559633,0.9908256880733946,"(654, 64, 1000)","(109, 64, 1000)",1,234567,0.6070336391437309
13,Tongue,Rest,108.14679980278017,0.5871559633027523,1.0,"(654, 64, 1000)","(109, 64, 1000)",1,234567,0.5825688073394495
13,Mis,Rest,106.28206753730774,0.5825688073394495,0.981651376146789,"(654, 64, 1000)","(109, 64, 1000)",1,234567,0.5611620795107033
