participant,class1,class2,running_time,test_acc,train_acc,test_size,train_size,train_block,test_block,test_acc_vote
4,Hand,Rest,127.4098379611969,0.8501529051987767,1.0,"(327, 64, 1000)","(436, 64, 1000)",1234,567,0.8593272171253823
4,Feet,Rest,128.69256353378296,0.8318042813455657,1.0,"(327, 64, 1000)","(436, 64, 1000)",1234,567,0.8318042813455657
4,Tongue,Rest,133.08766961097717,0.7308868501529052,1.0,"(327, 64, 1000)","(436, 64, 1000)",1234,567,0.7522935779816513
4,Mis,Rest,128.26733946800232,0.7003058103975535,1.0,"(327, 64, 1000)","(436, 64, 1000)",1234,567,0.7033639143730888
