participant,class1,class2,running_time,test_acc,train_acc,test_size,train_size,train_block,test_block,test_acc_vote
13,Hand,Rest,53.718831062316895,0.7678571428571429,0.988095238095238,"(112, 64, 1000)","(84, 64, 1000)",123,4567,0.75
13,Feet,Rest,53.426809310913086,0.7410714285714286,1.0,"(112, 64, 1000)","(84, 64, 1000)",123,4567,0.7053571428571428
13,Tongue,Rest,54.731717586517334,0.7232142857142857,0.9761904761904762,"(112, 64, 1000)","(84, 64, 1000)",123,4567,0.6964285714285714
13,Mis,Rest,55.400283098220825,0.8392857142857143,1.0,"(112, 64, 1000)","(84, 64, 1000)",123,4567,0.7857142857142857
