participant,class1,class2,running_time,test_acc,train_acc,test_size,train_size,train_block,test_block,test_acc_vote
14,Hand,Rest,53.78847861289978,0.875,1.0,"(112, 64, 1000)","(84, 64, 1000)",123,4567,0.8035714285714286
14,Feet,Rest,53.83659505844116,0.6339285714285714,0.988095238095238,"(112, 64, 1000)","(84, 64, 1000)",123,4567,0.6071428571428572
14,Tongue,Rest,56.3906466960907,0.4642857142857143,1.0,"(112, 64, 1000)","(84, 64, 1000)",123,4567,0.4642857142857143
14,Mis,Rest,55.027503967285156,0.6339285714285714,0.9761904761904762,"(112, 64, 1000)","(84, 64, 1000)",123,4567,0.6696428571428572
