participant,class1,class2,running_time,test_acc,train_acc,test_size,train_size,train_block,test_block,test_acc_vote
14,Hand,Rest,51.202757835388184,0.7023809523809523,1.0,"(168, 64, 1000)","(28, 64, 1000)",1,67,0.6666666666666667
14,Feet,Rest,51.01139283180237,0.6011904761904762,1.0,"(168, 64, 1000)","(28, 64, 1000)",1,67,0.5654761904761905
14,Tongue,Rest,50.84384298324585,0.5119047619047619,1.0,"(168, 64, 1000)","(28, 64, 1000)",1,67,0.4880952380952381
14,Mis,Rest,50.35323739051819,0.6369047619047619,1.0,"(168, 64, 1000)","(28, 64, 1000)",1,67,0.6130952380952381
