participant,class1,class2,running_time,test_acc,train_acc,test_size,train_size,train_block,test_block,test_acc_vote
6,Hand,Rest,51.03391361236572,0.6547619047619048,1.0,"(168, 64, 1000)","(28, 64, 1000)",1,67,0.6726190476190477
6,Feet,Rest,50.887049436569214,0.6190476190476191,1.0,"(168, 64, 1000)","(28, 64, 1000)",1,67,0.5654761904761905
6,Tongue,Rest,50.728185176849365,0.5892857142857143,1.0,"(168, 64, 1000)","(28, 64, 1000)",1,67,0.5952380952380952
6,Mis,Rest,49.85330390930176,0.6190476190476191,1.0,"(168, 64, 1000)","(28, 64, 1000)",1,67,0.6011904761904762
