participant,class1,class2,running_time,test_acc,train_acc,test_size,train_size,train_block,test_block,test_acc_vote
9,Hand,Rest,51.05065989494324,0.8333333333333334,1.0,"(168, 64, 1000)","(28, 64, 1000)",1,67,0.8273809523809523
9,Feet,Rest,50.2361958026886,0.5773809523809523,1.0,"(168, 64, 1000)","(28, 64, 1000)",1,67,0.5833333333333333
9,Tongue,Rest,50.953084230422974,0.5952380952380952,1.0,"(168, 64, 1000)","(28, 64, 1000)",1,67,0.5892857142857143
9,Mis,Rest,49.95914363861084,0.5595238095238095,1.0,"(168, 64, 1000)","(28, 64, 1000)",1,67,0.5535714285714286
