participant,class1,class2,running_time,test_acc,train_acc,test_size,train_size,train_block,test_block,test_acc_vote
6,Hand,Rest,111.58092880249023,0.5981651376146789,1.0,"(545, 64, 1000)","(218, 64, 1000)",12,34567,0.6055045871559632
6,Feet,Rest,112.12900733947754,0.5981651376146789,1.0,"(545, 64, 1000)","(218, 64, 1000)",12,34567,0.6055045871559632
6,Tongue,Rest,113.00584530830383,0.5688073394495413,1.0,"(545, 64, 1000)","(218, 64, 1000)",12,34567,0.563302752293578
6,Mis,Rest,115.19414591789246,0.5706422018348624,1.0,"(545, 64, 1000)","(218, 64, 1000)",12,34567,0.5614678899082568
