participant,class1,class2,running_time,test_acc,train_acc,test_size,train_size,train_block,test_block,test_acc_vote
11,Hand,Rest,64.55383563041687,0.8169642857142857,0.9583333333333334,"(224, 64, 250)","(336, 64, 250)",123,67,0.8571428571428572
11,Feet,Rest,64.63133597373962,0.8705357142857143,0.9523809523809524,"(224, 64, 250)","(336, 64, 250)",123,67,0.8973214285714286
11,Tongue,Rest,63.47534132003784,0.6830357142857143,0.9523809523809524,"(224, 64, 250)","(336, 64, 250)",123,67,0.6696428571428572
11,Mis,Rest,63.84685730934143,0.6741071428571429,0.9494047619047619,"(224, 64, 250)","(336, 64, 250)",123,67,0.6964285714285714
