participant,class1,class2,running_time,test_acc,train_acc,test_size,train_size,train_block,test_block,test_acc_vote
13,Hand,Rest,63.48939108848572,0.6071428571428571,0.8958333333333334,"(224, 64, 250)","(336, 64, 250)",123,67,0.6116071428571428
13,Feet,Rest,63.75784540176392,0.7098214285714286,0.9404761904761904,"(224, 64, 250)","(336, 64, 250)",123,67,0.7366071428571428
13,Tongue,Rest,63.501704931259155,0.6473214285714286,0.9375,"(224, 64, 250)","(336, 64, 250)",123,67,0.6339285714285714
13,Mis,Rest,63.57305383682251,0.71875,0.9107142857142857,"(224, 64, 250)","(336, 64, 250)",123,67,0.7589285714285714
