participant,class1,class2,running_time,test_acc,train_acc,test_size,train_size,train_block,test_block,test_acc_vote
14,Hand,Rest,63.28591179847717,0.8125,0.9523809523809524,"(224, 64, 250)","(336, 64, 250)",123,67,0.8214285714285714
14,Feet,Rest,62.99086689949035,0.6071428571428571,0.9583333333333334,"(224, 64, 250)","(336, 64, 250)",123,67,0.5803571428571428
14,Tongue,Rest,64.22728371620178,0.5892857142857143,0.949404761904762,"(224, 64, 250)","(336, 64, 250)",123,67,0.6116071428571428
14,Mis,Rest,64.48319292068481,0.59375,0.9732142857142857,"(224, 64, 250)","(336, 64, 250)",123,67,0.6026785714285714
