participant,class1,class2,running_time,test_acc,train_acc,test_size,train_size,train_block,test_block,test_acc_vote
3,Hand,Rest,64.18658709526062,0.7366071428571429,0.9434523809523808,"(224, 64, 250)","(336, 64, 250)",123,67,0.7723214285714286
3,Feet,Rest,63.240246057510376,0.5892857142857143,0.9285714285714286,"(224, 64, 250)","(336, 64, 250)",123,67,0.6428571428571428
3,Tongue,Rest,63.74618339538574,0.6830357142857143,0.9107142857142856,"(224, 64, 250)","(336, 64, 250)",123,67,0.6875
3,Mis,Rest,63.06823492050171,0.6830357142857143,0.9315476190476191,"(224, 64, 250)","(336, 64, 250)",123,67,0.6919642857142857
