participant,class1,class2,running_time,test_acc,train_acc,test_size,train_size,train_block,test_block,test_acc_vote
10,Hand,Rest,70.85604429244995,0.6351351351351351,1.0,"(222, 64, 500)","(333, 64, 500)",123,67,0.6576576576576576
10,Feet,Rest,69.93250250816345,0.6036036036036037,1.0,"(222, 64, 500)","(333, 64, 500)",123,67,0.6171171171171171
10,Tongue,Rest,71.29653739929199,0.6441441441441441,1.0,"(222, 64, 500)","(333, 64, 500)",123,67,0.6621621621621622
10,Mis,Rest,71.08063960075378,0.6936936936936937,1.0,"(222, 64, 500)","(333, 64, 500)",123,67,0.7072072072072072
