participant,class1,class2,running_time,test_acc,train_acc,test_size,train_size,train_block,test_block,test_acc_vote
15,Hand,Rest,70.09498357772827,0.7432432432432432,1.0,"(222, 64, 500)","(333, 64, 500)",123,67,0.7612612612612613
15,Feet,Rest,71.03595781326294,0.6306306306306306,1.0,"(222, 64, 500)","(333, 64, 500)",123,67,0.6126126126126126
15,Tongue,Rest,71.59243321418762,0.6846846846846847,1.0,"(222, 64, 500)","(333, 64, 500)",123,67,0.7117117117117118
15,Mis,Rest,71.05880308151245,0.6396396396396397,1.0,"(222, 64, 500)","(333, 64, 500)",123,67,0.6621621621621622
