participant,class1,class2,running_time,test_acc,train_acc,test_size,train_size,train_block,test_block,test_acc_vote
18,Hand,Rest,71.54302716255188,0.6666666666666666,1.0,"(222, 64, 500)","(333, 64, 500)",123,67,0.6891891891891893
18,Feet,Rest,70.85961627960205,0.6981981981981982,1.0,"(222, 64, 500)","(333, 64, 500)",123,67,0.7297297297297297
18,Tongue,Rest,70.73410177230835,0.7972972972972973,1.0,"(222, 64, 500)","(333, 64, 500)",123,67,0.8288288288288288
18,Mis,Rest,70.04276418685913,0.7657657657657657,1.0,"(222, 64, 500)","(333, 64, 500)",123,67,0.7972972972972973
