participant,class1,class2,running_time,test_acc,train_acc,test_size,train_size,train_block,test_block,test_acc_vote
3,Hand,Rest,69.75308561325073,0.7432432432432432,1.0,"(222, 64, 500)","(333, 64, 500)",123,67,0.7747747747747747
3,Feet,Rest,70.20317792892456,0.536036036036036,1.0,"(222, 64, 500)","(333, 64, 500)",123,67,0.5405405405405406
3,Tongue,Rest,69.4053328037262,0.6396396396396397,1.0,"(222, 64, 500)","(333, 64, 500)",123,67,0.6576576576576576
3,Mis,Rest,69.56223583221436,0.6891891891891891,1.0,"(222, 64, 500)","(333, 64, 500)",123,67,0.6981981981981982
