participant,class1,class2,running_time,test_acc,train_acc,test_size,train_size,train_block,test_block,test_acc_vote
7,Hand,Rest,70.06695556640625,0.6126126126126126,1.0,"(222, 64, 500)","(333, 64, 500)",123,67,0.6261261261261262
7,Feet,Rest,69.88268566131592,0.6846846846846847,1.0,"(222, 64, 500)","(333, 64, 500)",123,67,0.7162162162162162
7,Tongue,Rest,71.30114126205444,0.6216216216216216,1.0,"(222, 64, 500)","(333, 64, 500)",123,67,0.6351351351351351
7,Mis,Rest,70.0518147945404,0.6711711711711712,1.0,"(222, 64, 500)","(333, 64, 500)",123,67,0.6846846846846847
