participant,class1,class2,running_time,test_acc,train_acc,test_size,train_size,train_block,test_block,test_acc_vote
14,Hand,Rest,110.6669111251831,0.8761467889908257,0.9357798165137616,"(218, 64, 1000)","(545, 64, 1000)",12345,67,0.8761467889908257
14,Feet,Rest,108.94439315795898,0.8348623853211009,0.8880733944954129,"(218, 64, 1000)","(545, 64, 1000)",12345,67,0.8486238532110092
14,Tongue,Rest,110.44451951980592,0.7522935779816514,0.8110091743119267,"(218, 64, 1000)","(545, 64, 1000)",12345,67,0.7614678899082569
14,Mis,Rest,111.22347259521484,0.6467889908256881,0.8091743119266055,"(218, 64, 1000)","(545, 64, 1000)",12345,67,0.6651376146788991
