participant,class1,class2,running_time,test_acc,train_acc,test_size,train_size,train_block,test_block,test_acc_vote
13,Hand,Rest,56.28681969642639,0.7142857142857143,0.9196428571428572,"(84, 64, 1000)","(112, 64, 1000)",1234,567,0.6428571428571428
13,Feet,Rest,56.4586124420166,0.9047619047619048,0.9910714285714286,"(84, 64, 1000)","(112, 64, 1000)",1234,567,0.8809523809523809
13,Tongue,Rest,58.7743878364563,0.8214285714285714,0.9910714285714286,"(84, 64, 1000)","(112, 64, 1000)",1234,567,0.7738095238095238
13,Mis,Rest,57.737781047821045,0.8333333333333334,0.9375,"(84, 64, 1000)","(112, 64, 1000)",1234,567,0.7738095238095238
