participant,class1,class2,running_time,test_acc,train_acc,test_size,train_size,train_block,test_block,test_acc_vote
3,Hand,Rest,57.14302086830139,0.8571428571428571,0.9821428571428572,"(84, 64, 1000)","(112, 64, 1000)",1234,567,0.8333333333333334
3,Feet,Rest,57.29777908325195,0.6309523809523809,0.9196428571428572,"(84, 64, 1000)","(112, 64, 1000)",1234,567,0.6309523809523809
3,Tongue,Rest,59.37998127937317,0.8095238095238095,0.9285714285714286,"(84, 64, 1000)","(112, 64, 1000)",1234,567,0.7619047619047619
3,Mis,Rest,57.972665548324585,0.8690476190476191,0.9732142857142857,"(84, 64, 1000)","(112, 64, 1000)",1234,567,0.8690476190476191
