participant,class1,class2,running_time,test_acc,train_acc,test_size,train_size,train_block,test_block,test_acc_vote
4,Hand,Rest,56.992594718933105,0.8690476190476191,1.0,"(84, 64, 1000)","(112, 64, 1000)",1234,567,0.8571428571428572
4,Feet,Rest,57.213460206985474,0.8095238095238095,0.9732142857142856,"(84, 64, 1000)","(112, 64, 1000)",1234,567,0.7261904761904762
4,Tongue,Rest,59.17304444313049,0.7142857142857143,0.9910714285714286,"(84, 64, 1000)","(112, 64, 1000)",1234,567,0.6666666666666667
4,Mis,Rest,58.40189266204834,0.6904761904761905,0.9910714285714286,"(84, 64, 1000)","(112, 64, 1000)",1234,567,0.7142857142857143
