participant,class1,class2,running_time,test_acc,train_acc,test_size,train_size,train_block,test_block,test_acc_vote
10,Hand,Rest,35.83306694030762,0.6130952380952381,1.0,"(168, 64, 1000)","(28, 64, 1000)",1,234567,0.6071428571428572
10,Feet,Rest,36.04644989967346,0.5773809523809523,1.0,"(168, 64, 1000)","(28, 64, 1000)",1,234567,0.5535714285714286
10,Tongue,Rest,36.93164134025574,0.5178571428571429,1.0,"(168, 64, 1000)","(28, 64, 1000)",1,234567,0.5059523809523809
10,Mis,Rest,36.40958786010742,0.6011904761904762,1.0,"(168, 64, 1000)","(28, 64, 1000)",1,234567,0.5833333333333333
