participant,class1,class2,running_time,test_acc,train_acc,test_size,train_size,train_block,test_block,test_acc_vote
5,Hand,Rest,40.653502464294434,0.8035714285714286,1.0,"(56, 64, 1000)","(140, 64, 1000)",12345,67,0.7857142857142857
5,Feet,Rest,41.2608585357666,0.8035714285714286,1.0,"(56, 64, 1000)","(140, 64, 1000)",12345,67,0.8392857142857143
5,Tongue,Rest,44.212491512298584,0.8035714285714286,1.0,"(56, 64, 1000)","(140, 64, 1000)",12345,67,0.8035714285714286
5,Mis,Rest,42.642661571502686,0.9107142857142857,1.0,"(56, 64, 1000)","(140, 64, 1000)",12345,67,0.8928571428571429
