participant,class1,class2,running_time,test_acc,train_acc,test_size,train_size,train_block,test_block,test_acc_vote
7,Hand,Rest,40.86842203140259,0.7678571428571429,1.0,"(56, 64, 1000)","(140, 64, 1000)",12345,67,0.7321428571428572
7,Feet,Rest,44.15002465248108,0.9285714285714286,1.0,"(56, 64, 1000)","(140, 64, 1000)",12345,67,0.9285714285714286
7,Tongue,Rest,49.998066425323486,0.6785714285714286,1.0,"(56, 64, 1000)","(140, 64, 1000)",12345,67,0.6607142857142857
7,Mis,Rest,45.967862367630005,0.6607142857142857,1.0,"(56, 64, 1000)","(140, 64, 1000)",12345,67,0.6428571428571428
