participant,class1,class2,running_time,test_acc,train_acc,test_size,train_size,train_block,test_block,test_acc_vote
14,Hand,Rest,20.56121253967285,0.7321428571428571,1.0,"(112, 64, 500)","(56, 64, 500)",1,67,0.7232142857142857
14,Feet,Rest,30.51642918586731,0.7232142857142857,1.0,"(112, 64, 500)","(56, 64, 500)",1,67,0.7678571428571428
14,Tongue,Rest,31.15897250175476,0.4910714285714285,1.0,"(112, 64, 500)","(56, 64, 500)",1,67,0.4464285714285714
14,Mis,Rest,27.912214040756226,0.5178571428571429,1.0,"(112, 64, 500)","(56, 64, 500)",1,67,0.4821428571428571
