participant,class1,class2,running_time,test_acc,train_acc,test_size,train_size,train_block,test_block,test_acc_vote
17,Hand,Rest,21.15704870223999,0.6964285714285714,1.0,"(112, 64, 500)","(56, 64, 500)",1,67,0.7142857142857143
17,Feet,Rest,22.92856812477112,0.5982142857142857,0.9642857142857144,"(112, 64, 500)","(56, 64, 500)",1,67,0.5446428571428572
17,Tongue,Rest,26.108899354934692,0.5446428571428571,1.0,"(112, 64, 500)","(56, 64, 500)",1,67,0.5178571428571428
17,Mis,Rest,20.296000957489014,0.5357142857142857,1.0,"(112, 64, 500)","(56, 64, 500)",1,67,0.5178571428571428
