participant,class1,class2,running_time,test_acc,train_acc,test_size,train_size,train_block,test_block,test_acc_vote
5,Hand,Rest,21.010961055755615,0.5178571428571429,1.0,"(112, 64, 500)","(56, 64, 500)",1,67,0.4910714285714286
5,Feet,Rest,21.019633054733276,0.5357142857142857,1.0,"(112, 64, 500)","(56, 64, 500)",1,67,0.5535714285714286
5,Tongue,Rest,20.628501892089844,0.5,1.0,"(112, 64, 500)","(56, 64, 500)",1,67,0.5089285714285714
5,Mis,Rest,20.384552240371704,0.5267857142857143,1.0,"(112, 64, 500)","(56, 64, 500)",1,67,0.5357142857142857
