participant,class1,class2,running_time,test_acc,train_acc,test_size,train_size,train_block,test_block,test_acc_vote
11,Hand,Rest,38.01984453201294,0.9761904761904762,1.0,"(84, 64, 1000)","(112, 64, 1000)",1234,567,0.9761904761904762
11,Feet,Rest,38.44490265846253,0.9285714285714286,1.0,"(84, 64, 1000)","(112, 64, 1000)",1234,567,0.9166666666666666
11,Tongue,Rest,46.355170011520386,0.6547619047619048,1.0,"(84, 64, 1000)","(112, 64, 1000)",1234,567,0.6071428571428572
11,Mis,Rest,40.78889489173889,0.6309523809523809,1.0,"(84, 64, 1000)","(112, 64, 1000)",1234,567,0.5952380952380952
