participant,class1,class2,running_time,test_acc,train_acc,test_size,train_size,train_block,test_block,test_acc_vote
3,Hand,Rest,38.31908702850342,0.8571428571428571,1.0,"(84, 64, 1000)","(112, 64, 1000)",1234,567,0.8333333333333334
3,Feet,Rest,38.91099739074707,0.5714285714285714,1.0,"(84, 64, 1000)","(112, 64, 1000)",1234,567,0.5833333333333333
3,Tongue,Rest,39.96355080604553,0.7142857142857143,1.0,"(84, 64, 1000)","(112, 64, 1000)",1234,567,0.6666666666666667
3,Mis,Rest,39.810346841812134,0.9047619047619048,1.0,"(84, 64, 1000)","(112, 64, 1000)",1234,567,0.9047619047619048
