participant,class1,class2,running_time,test_acc,train_acc,test_size,train_size,train_block,test_block,test_acc_vote
6,Hand,Rest,44.82167911529541,0.7619047619047619,1.0,"(84, 64, 1000)","(112, 64, 1000)",1234,567,0.75
6,Feet,Rest,39.98970079421997,0.6071428571428571,1.0,"(84, 64, 1000)","(112, 64, 1000)",1234,567,0.5714285714285714
6,Tongue,Rest,40.61338829994202,0.7619047619047619,1.0,"(84, 64, 1000)","(112, 64, 1000)",1234,567,0.75
6,Mis,Rest,40.826969623565674,0.6547619047619048,1.0,"(84, 64, 1000)","(112, 64, 1000)",1234,567,0.6190476190476191
