participant,class1,class2,running_time,test_acc,train_acc,test_size,train_size,train_block,test_block,test_acc_vote
3,Hand,Rest,149.39696955680847,0.5137614678899083,0.9926605504587156,"(218, 64, 1000)","(545, 64, 1000)",12345,67,0.5091743119266054
3,Feet,Rest,186.03549480438232,0.5045871559633027,0.9834862385321101,"(218, 64, 1000)","(545, 64, 1000)",12345,67,0.5
