class,test_acc,vote_acc
Hand,0.5692857142857143,0.5560714285714285
Feet,0.5542857142857143,0.5421428571428571
Tongue,0.5303571428571429,0.5275
Mis,0.5246428571428571,0.5225
