participant,class1,class2,running_time,test_acc,train_acc,test_size,train_size,train_block,test_block,test_acc_vote
10,Hand,Rest,93.25559520721436,0.5214285714285715,1.0,"(280, 64, 500)","(112, 64, 500)",12,34567,0.5392857142857144
10,Feet,Rest,92.09834957122804,0.5035714285714286,1.0,"(280, 64, 500)","(112, 64, 500)",12,34567,0.5142857142857142
10,Tongue,Rest,87.81488084793091,0.5035714285714286,1.0,"(280, 64, 500)","(112, 64, 500)",12,34567,0.5071428571428571
10,Mis,Rest,71.71633529663086,0.5285714285714286,1.0,"(280, 64, 500)","(112, 64, 500)",12,34567,0.5214285714285714
