participant,class1,class2,running_time,test_acc,train_acc,test_size,train_size,train_block,test_block,test_acc_vote
14,Hand,Rest,75.28642344474792,0.6071428571428571,1.0,"(280, 64, 500)","(112, 64, 500)",12,34567,0.5964285714285714
14,Feet,Rest,76.10337257385254,0.5464285714285714,1.0,"(280, 64, 500)","(112, 64, 500)",12,34567,0.5392857142857144
14,Tongue,Rest,72.67793703079224,0.5714285714285714,1.0,"(280, 64, 500)","(112, 64, 500)",12,34567,0.5392857142857144
14,Mis,Rest,80.41438865661621,0.4642857142857143,1.0,"(280, 64, 500)","(112, 64, 500)",12,34567,0.4642857142857143
