participant,class1,class2,running_time,test_acc,train_acc,test_size,train_size,train_block,test_block,test_acc_vote
5,Hand,Rest,72.75662803649902,0.5071428571428571,1.0,"(280, 64, 500)","(112, 64, 500)",12,34567,0.4964285714285714
5,Feet,Rest,70.43280339241028,0.5785714285714286,1.0,"(280, 64, 500)","(112, 64, 500)",12,34567,0.6
5,Tongue,Rest,74.70863556861877,0.5178571428571429,1.0,"(280, 64, 500)","(112, 64, 500)",12,34567,0.5142857142857142
5,Mis,Rest,75.38721489906311,0.5142857142857142,1.0,"(280, 64, 500)","(112, 64, 500)",12,34567,0.5107142857142857
