participant,class1,class2,running_time,test_acc,train_acc,test_size,train_size,train_block,test_block,test_acc_vote
6,Hand,Rest,69.94467401504517,0.625,1.0,"(280, 64, 500)","(112, 64, 500)",12,34567,0.5964285714285714
6,Feet,Rest,72.98847913742065,0.5321428571428571,1.0,"(280, 64, 500)","(112, 64, 500)",12,34567,0.5142857142857142
6,Tongue,Rest,75.20932841300964,0.5035714285714286,1.0,"(280, 64, 500)","(112, 64, 500)",12,34567,0.5107142857142857
6,Mis,Rest,74.12014698982239,0.5178571428571429,1.0,"(280, 64, 500)","(112, 64, 500)",12,34567,0.5357142857142857
