participant,class1,class2,running_time,test_acc,train_acc,test_size,train_size,train_block,test_block,test_acc_vote
7,Hand,Rest,72.66519808769226,0.5678571428571428,1.0,"(280, 64, 500)","(112, 64, 500)",12,34567,0.55
7,Feet,Rest,91.8390610218048,0.5464285714285714,1.0,"(280, 64, 500)","(112, 64, 500)",12,34567,0.5464285714285715
7,Tongue,Rest,95.47107195854188,0.525,1.0,"(280, 64, 500)","(112, 64, 500)",12,34567,0.5285714285714286
7,Mis,Rest,94.12246775627136,0.5071428571428571,1.0,"(280, 64, 500)","(112, 64, 500)",12,34567,0.5071428571428571
