participant,class1,class2,running_time,test_acc,train_acc,test_size,train_size,train_block,test_block,test_acc_vote
9,Hand,Rest,92.8221881389618,0.5214285714285715,1.0,"(280, 64, 500)","(112, 64, 500)",12,34567,0.5107142857142857
9,Feet,Rest,92.24411034584044,0.5142857142857142,1.0,"(280, 64, 500)","(112, 64, 500)",12,34567,0.4928571428571429
9,Tongue,Rest,94.03922724723816,0.4964285714285714,1.0,"(280, 64, 500)","(112, 64, 500)",12,34567,0.4928571428571429
9,Mis,Rest,94.04436445236206,0.5214285714285715,1.0,"(280, 64, 500)","(112, 64, 500)",12,34567,0.5107142857142857
