participant,class1,class2,running_time,test_acc,train_acc,test_size,train_size,train_block,test_block,test_acc_vote
10,Hand,Rest,72.32064127922058,0.6192660550458715,0.9954128440366972,"(218, 64, 1000)","(218, 64, 1000)",12,67,0.6009174311926606
10,Feet,Rest,71.46953320503235,0.6284403669724771,1.0,"(218, 64, 1000)","(218, 64, 1000)",12,67,0.6192660550458715
10,Tongue,Rest,71.5320360660553,0.5688073394495413,0.9862385321100916,"(218, 64, 1000)","(218, 64, 1000)",12,67,0.5596330275229358
10,Mis,Rest,71.32333326339722,0.5963302752293578,0.9862385321100917,"(218, 64, 1000)","(218, 64, 1000)",12,67,0.6009174311926606
