participant,class1,class2,running_time,test_acc,train_acc,test_size,train_size,train_block,test_block,test_acc_vote
13,Hand,Rest,72.2337121963501,0.6238532110091743,0.963302752293578,"(218, 64, 1000)","(218, 64, 1000)",12,67,0.6284403669724771
13,Feet,Rest,71.357173204422,0.8119266055045872,0.9862385321100916,"(218, 64, 1000)","(218, 64, 1000)",12,67,0.8119266055045872
13,Tongue,Rest,72.42375540733337,0.6376146788990825,0.9678899082568808,"(218, 64, 1000)","(218, 64, 1000)",12,67,0.6422018348623852
13,Mis,Rest,71.44931483268738,0.6467889908256881,0.9724770642201835,"(218, 64, 1000)","(218, 64, 1000)",12,67,0.6467889908256881
