participant,class1,class2,running_time,test_acc,train_acc,test_size,train_size,train_block,test_block,test_acc_vote
15,Hand,Rest,72.77125883102417,0.6880733944954128,0.9862385321100916,"(218, 64, 1000)","(218, 64, 1000)",12,67,0.6834862385321101
15,Feet,Rest,71.96793937683105,0.6651376146788991,1.0,"(218, 64, 1000)","(218, 64, 1000)",12,67,0.6788990825688073
15,Tongue,Rest,71.6613941192627,0.6743119266055045,0.9770642201834864,"(218, 64, 1000)","(218, 64, 1000)",12,67,0.6788990825688073
15,Mis,Rest,71.95139646530151,0.6972477064220184,0.9908256880733946,"(218, 64, 1000)","(218, 64, 1000)",12,67,0.7018348623853211
