participant,class1,class2,running_time,test_acc,train_acc,test_size,train_size,train_block,test_block,test_acc_vote
16,Hand,Rest,71.74848413467407,0.6284403669724771,0.9954128440366972,"(218, 64, 1000)","(218, 64, 1000)",12,67,0.6238532110091743
16,Feet,Rest,71.99477744102478,0.7110091743119266,0.9908256880733946,"(218, 64, 1000)","(218, 64, 1000)",12,67,0.7110091743119267
16,Tongue,Rest,71.56741690635681,0.7844036697247706,0.9770642201834864,"(218, 64, 1000)","(218, 64, 1000)",12,67,0.7935779816513762
16,Mis,Rest,71.1915123462677,0.7293577981651376,0.9862385321100917,"(218, 64, 1000)","(218, 64, 1000)",12,67,0.7339449541284404
