participant,class1,class2,running_time,test_acc,train_acc,test_size,train_size,train_block,test_block,test_acc_vote
17,Hand,Rest,71.3970685005188,0.7064220183486238,0.9311926605504588,"(218, 64, 1000)","(218, 64, 1000)",12,67,0.7110091743119267
17,Feet,Rest,71.69724559783936,0.7110091743119266,0.9220183486238532,"(218, 64, 1000)","(218, 64, 1000)",12,67,0.7064220183486238
17,Tongue,Rest,72.5227460861206,0.6513761467889908,0.963302752293578,"(218, 64, 1000)","(218, 64, 1000)",12,67,0.6422018348623852
17,Mis,Rest,71.40066266059875,0.5825688073394495,0.9587155963302753,"(218, 64, 1000)","(218, 64, 1000)",12,67,0.5779816513761468
