participant,class1,class2,running_time,test_acc,train_acc,test_size,train_size,train_block,test_block,test_acc_vote
6,Hand,Rest,72.53698706626892,0.6926605504587156,0.9862385321100916,"(218, 64, 1000)","(218, 64, 1000)",12,67,0.7018348623853211
6,Feet,Rest,71.4689109325409,0.591743119266055,0.9770642201834864,"(218, 64, 1000)","(218, 64, 1000)",12,67,0.6009174311926606
6,Tongue,Rest,71.38301038742065,0.536697247706422,0.9678899082568808,"(218, 64, 1000)","(218, 64, 1000)",12,67,0.5229357798165137
6,Mis,Rest,71.99438452720642,0.6834862385321101,0.9678899082568807,"(218, 64, 1000)","(218, 64, 1000)",12,67,0.6788990825688073
