participant,class1,class2,running_time,test_acc,train_acc,test_size,train_size,train_block,test_block,test_acc_vote
7,Hand,Rest,71.50688195228577,0.7889908256880734,0.9908256880733946,"(218, 64, 1000)","(218, 64, 1000)",12,67,0.8119266055045872
7,Feet,Rest,72.3268175125122,0.7477064220183486,0.9954128440366972,"(218, 64, 1000)","(218, 64, 1000)",12,67,0.7568807339449541
7,Tongue,Rest,71.30825424194336,0.7110091743119266,1.0,"(218, 64, 1000)","(218, 64, 1000)",12,67,0.7293577981651376
7,Mis,Rest,71.9557113647461,0.5825688073394495,0.9770642201834863,"(218, 64, 1000)","(218, 64, 1000)",12,67,0.5779816513761468
