participant,class1,class2,running_time,test_acc,train_acc,test_size,train_size,train_block,test_block,test_acc_vote
9,Hand,Rest,72.44311165809631,0.7798165137614679,0.9541284403669724,"(218, 64, 1000)","(218, 64, 1000)",12,67,0.7889908256880733
9,Feet,Rest,71.62910962104797,0.8027522935779816,0.9724770642201837,"(218, 64, 1000)","(218, 64, 1000)",12,67,0.8027522935779816
9,Tongue,Rest,71.59174036979675,0.7752293577981652,0.9862385321100916,"(218, 64, 1000)","(218, 64, 1000)",12,67,0.7752293577981652
9,Mis,Rest,72.05085802078247,0.7431192660550459,0.981651376146789,"(218, 64, 1000)","(218, 64, 1000)",12,67,0.7293577981651376
