participant,class1,class2,running_time,test_acc,train_acc,test_size,train_size,train_block,test_block,test_acc_vote
11,Hand,Rest,89.91866040229797,0.710091743119266,0.9128440366972476,"(545, 64, 1000)","(218, 64, 1000)",12,34567,0.7027522935779816
11,Feet,Rest,90.3412425518036,0.8623853211009175,0.9541284403669724,"(545, 64, 1000)","(218, 64, 1000)",12,34567,0.8660550458715597
11,Tongue,Rest,92.12341284751892,0.6330275229357798,0.9036697247706422,"(545, 64, 1000)","(218, 64, 1000)",12,34567,0.6458715596330276
11,Mis,Rest,90.64530491828918,0.5412844036697247,0.9311926605504587,"(545, 64, 1000)","(218, 64, 1000)",12,34567,0.5412844036697247
