participant,class1,class2,running_time,test_acc,train_acc,test_size,train_size,train_block,test_block,test_acc_vote
10,Hand,Rest,60.23433017730713,0.75,1.0,"(56, 32, 1000)","(140, 32, 1000)",12345,67,0.7678571428571428
10,Feet,Rest,62.87637209892273,0.5357142857142857,1.0,"(56, 32, 1000)","(140, 32, 1000)",12345,67,0.5714285714285714
10,Tongue,Rest,62.785245418548584,0.7142857142857143,1.0,"(56, 32, 1000)","(140, 32, 1000)",12345,67,0.6785714285714286
10,Mis,Rest,59.669212102890015,0.875,1.0,"(56, 32, 1000)","(140, 32, 1000)",12345,67,0.8392857142857143
