participant,class1,class2,running_time,test_acc,train_acc,test_size,train_size,train_block,test_block,test_acc_vote
11,Hand,Rest,54.11975455284119,0.875,1.0,"(56, 32, 1000)","(140, 32, 1000)",12345,67,0.9107142857142856
11,Feet,Rest,62.0847761631012,0.8928571428571429,1.0,"(56, 32, 1000)","(140, 32, 1000)",12345,67,0.8928571428571429
11,Tongue,Rest,58.63336443901062,0.7142857142857143,1.0,"(56, 32, 1000)","(140, 32, 1000)",12345,67,0.6607142857142857
11,Mis,Rest,51.26272797584534,0.7321428571428571,1.0,"(56, 32, 1000)","(140, 32, 1000)",12345,67,0.7321428571428572
