participant,class1,class2,running_time,test_acc,train_acc,test_size,train_size,train_block,test_block,test_acc_vote
13,Hand,Rest,62.09973359107971,0.8035714285714286,1.0,"(56, 32, 1000)","(140, 32, 1000)",12345,67,0.75
13,Feet,Rest,60.26174736022949,0.7857142857142857,1.0,"(56, 32, 1000)","(140, 32, 1000)",12345,67,0.7857142857142857
13,Tongue,Rest,61.70859098434448,0.7321428571428571,1.0,"(56, 32, 1000)","(140, 32, 1000)",12345,67,0.7321428571428572
13,Mis,Rest,53.12736225128174,0.8392857142857143,1.0,"(56, 32, 1000)","(140, 32, 1000)",12345,67,0.7857142857142857
