participant,class1,class2,running_time,test_acc,train_acc,test_size,train_size,train_block,test_block,test_acc_vote
14,Hand,Rest,60.04254937171936,0.9107142857142856,1.0,"(56, 32, 1000)","(140, 32, 1000)",12345,67,0.875
14,Feet,Rest,61.31067895889282,0.875,1.0,"(56, 32, 1000)","(140, 32, 1000)",12345,67,0.8392857142857143
14,Tongue,Rest,62.15828990936279,0.75,1.0,"(56, 32, 1000)","(140, 32, 1000)",12345,67,0.6071428571428572
14,Mis,Rest,58.056586027145386,0.625,1.0,"(56, 32, 1000)","(140, 32, 1000)",12345,67,0.625
