participant,class1,class2,running_time,test_acc,train_acc,test_size,train_size,train_block,test_block,test_acc_vote
3,Hand,Rest,54.00987243652344,0.8928571428571429,1.0,"(56, 32, 1000)","(140, 32, 1000)",12345,67,0.875
3,Feet,Rest,56.80930280685425,0.6964285714285714,1.0,"(56, 32, 1000)","(140, 32, 1000)",12345,67,0.6607142857142857
3,Tongue,Rest,53.09245085716248,0.7857142857142857,1.0,"(56, 32, 1000)","(140, 32, 1000)",12345,67,0.7142857142857143
3,Mis,Rest,60.310428857803345,0.875,1.0,"(56, 32, 1000)","(140, 32, 1000)",12345,67,0.8571428571428572
