participant,class1,class2,running_time,test_acc,train_acc,test_size,train_size,train_block,test_block,test_acc_vote
5,Hand,Rest,63.644690990448,0.7321428571428571,1.0,"(56, 32, 1000)","(140, 32, 1000)",12345,67,0.6428571428571428
5,Feet,Rest,62.064574241638184,0.6785714285714286,1.0,"(56, 32, 1000)","(140, 32, 1000)",12345,67,0.5892857142857143
5,Tongue,Rest,58.9702570438385,0.7321428571428571,1.0,"(56, 32, 1000)","(140, 32, 1000)",12345,67,0.7857142857142857
5,Mis,Rest,60.49928689002991,0.7142857142857143,1.0,"(56, 32, 1000)","(140, 32, 1000)",12345,67,0.6428571428571428
