participant,class1,class2,running_time,test_acc,train_acc,test_size,train_size,train_block,test_block,test_acc_vote
6,Hand,Rest,56.77023959159851,0.8035714285714286,1.0,"(56, 32, 1000)","(140, 32, 1000)",12345,67,0.75
6,Feet,Rest,57.34187459945679,0.7321428571428571,1.0,"(56, 32, 1000)","(140, 32, 1000)",12345,67,0.7321428571428572
6,Tongue,Rest,61.16526746749878,0.7678571428571429,1.0,"(56, 32, 1000)","(140, 32, 1000)",12345,67,0.7321428571428572
6,Mis,Rest,54.25110459327698,0.6964285714285714,1.0,"(56, 32, 1000)","(140, 32, 1000)",12345,67,0.6964285714285714
