participant,class1,class2,running_time,test_acc,train_acc,test_size,train_size,train_block,test_block,test_acc_vote
9,Hand,Rest,58.901493072509766,0.8928571428571429,1.0,"(56, 32, 1000)","(140, 32, 1000)",12345,67,0.8392857142857143
9,Feet,Rest,50.57174110412598,0.875,1.0,"(56, 32, 1000)","(140, 32, 1000)",12345,67,0.8571428571428572
9,Tongue,Rest,54.05931544303894,0.7678571428571429,1.0,"(56, 32, 1000)","(140, 32, 1000)",12345,67,0.7678571428571428
9,Mis,Rest,61.58313035964966,0.75,1.0,"(56, 32, 1000)","(140, 32, 1000)",12345,67,0.75
