participant,class1,class2,running_time,test_acc,train_acc,test_size,train_size,train_block,test_block,test_acc_vote
11,Hand,Rest,78.25511240959167,0.8511904761904762,1.0,"(168, 64, 500)","(224, 64, 500)",1234,567,0.8630952380952381
11,Feet,Rest,79.17465710639954,0.9166666666666666,1.0,"(168, 64, 500)","(224, 64, 500)",1234,567,0.9226190476190476
11,Tongue,Rest,80.51839447021484,0.6666666666666666,1.0,"(168, 64, 500)","(224, 64, 500)",1234,567,0.6309523809523809
11,Mis,Rest,85.67748045921326,0.6904761904761905,1.0,"(168, 64, 500)","(224, 64, 500)",1234,567,0.6666666666666667
