participant,class1,class2,running_time,test_acc,train_acc,test_size,train_size,train_block,test_block,test_acc_vote
14,Hand,Rest,106.1032063961029,0.8511904761904762,1.0,"(168, 64, 500)","(224, 64, 500)",1234,567,0.8095238095238095
14,Feet,Rest,109.29631066322328,0.6964285714285714,1.0,"(168, 64, 500)","(224, 64, 500)",1234,567,0.6904761904761905
14,Tongue,Rest,80.48975205421448,0.6190476190476191,1.0,"(168, 64, 500)","(224, 64, 500)",1234,567,0.6071428571428572
14,Mis,Rest,109.68685698509216,0.7321428571428571,1.0,"(168, 64, 500)","(224, 64, 500)",1234,567,0.75
