participant,class1,class2,running_time,test_acc,train_acc,test_size,train_size,train_block,test_block,test_acc_vote
3,Hand,Rest,80.96193766593933,0.7976190476190477,1.0,"(168, 64, 500)","(224, 64, 500)",1234,567,0.7916666666666666
3,Feet,Rest,80.69132590293884,0.5892857142857143,1.0,"(168, 64, 500)","(224, 64, 500)",1234,567,0.625
3,Tongue,Rest,80.06622099876404,0.7380952380952381,1.0,"(168, 64, 500)","(224, 64, 500)",1234,567,0.7261904761904762
3,Mis,Rest,75.0042974948883,0.8333333333333334,1.0,"(168, 64, 500)","(224, 64, 500)",1234,567,0.8214285714285714
