participant,class1,class2,running_time,test_acc,train_acc,test_size,train_size,train_block,test_block,test_acc_vote
5,Hand,Rest,89.5897285938263,0.7440476190476191,1.0,"(168, 64, 500)","(224, 64, 500)",1234,567,0.7619047619047619
5,Feet,Rest,72.32059860229492,0.6666666666666666,1.0,"(168, 64, 500)","(224, 64, 500)",1234,567,0.6666666666666667
5,Tongue,Rest,77.42190265655518,0.7202380952380952,1.0,"(168, 64, 500)","(224, 64, 500)",1234,567,0.75
5,Mis,Rest,80.16255855560303,0.7083333333333334,1.0,"(168, 64, 500)","(224, 64, 500)",1234,567,0.7440476190476191
