participant,class1,class2,running_time,test_acc,train_acc,test_size,train_size,train_block,test_block,test_acc_vote
7,Hand,Rest,92.93477940559389,0.75,1.0,"(168, 64, 500)","(224, 64, 500)",1234,567,0.7797619047619048
7,Feet,Rest,105.89407563209534,0.8273809523809523,1.0,"(168, 64, 500)","(224, 64, 500)",1234,567,0.8571428571428572
7,Tongue,Rest,90.29311633110046,0.6547619047619048,1.0,"(168, 64, 500)","(224, 64, 500)",1234,567,0.6607142857142857
7,Mis,Rest,83.49851441383362,0.7321428571428571,1.0,"(168, 64, 500)","(224, 64, 500)",1234,567,0.7559523809523809
