participant,class1,class2,running_time,test_acc,train_acc,test_size,train_size,train_block,test_block,test_acc_vote
16,Hand,Rest,44.43895101547241,0.6339285714285714,1.0,"(112, 64, 1000)","(84, 64, 1000)",123,4567,0.6428571428571428
16,Feet,Rest,45.21031832695007,0.6428571428571429,1.0,"(112, 64, 1000)","(84, 64, 1000)",123,4567,0.5982142857142857
16,Tongue,Rest,46.86456751823425,0.7232142857142857,1.0,"(112, 64, 1000)","(84, 64, 1000)",123,4567,0.6607142857142857
