participant,class1,class2,running_time,test_acc,train_acc,test_size,train_size,train_block,test_block,test_acc_vote
13,Hand,Rest,62.13528347015381,0.6428571428571429,0.9285714285714286,"(56, 64, 1000)","(140, 64, 1000)",12345,67,0.6071428571428572
13,Feet,Rest,62.774221420288086,0.875,0.9714285714285714,"(56, 64, 1000)","(140, 64, 1000)",12345,67,0.875
13,Tongue,Rest,62.30718517303467,0.7678571428571429,0.9857142857142858,"(56, 64, 1000)","(140, 64, 1000)",12345,67,0.7321428571428572
13,Mis,Rest,61.99571347236633,0.7857142857142857,0.9714285714285714,"(56, 64, 1000)","(140, 64, 1000)",12345,67,0.7321428571428572
