participant,class1,class2,running_time,test_acc,train_acc,test_size,train_size,train_block,test_block,test_acc_vote
7,Hand,Rest,63.20010495185852,0.8035714285714286,1.0,"(56, 64, 1000)","(140, 64, 1000)",12345,67,0.8392857142857143
7,Feet,Rest,63.15153932571411,0.8392857142857143,0.9857142857142858,"(56, 64, 1000)","(140, 64, 1000)",12345,67,0.8571428571428572
7,Tongue,Rest,63.170164585113525,0.6964285714285714,0.9785714285714284,"(56, 64, 1000)","(140, 64, 1000)",12345,67,0.6785714285714286
7,Mis,Rest,63.321789503097534,0.6428571428571429,0.9428571428571428,"(56, 64, 1000)","(140, 64, 1000)",12345,67,0.625
