participant,class1,class2,running_time,test_acc,train_acc,test_size,train_size,train_block,test_block,test_acc_vote
11,Hand,Rest,98.13229513168336,0.8165137614678899,1.0,"(218, 64, 1000)","(327, 64, 1000)",123,67,0.8256880733944953
11,Feet,Rest,98.99702215194702,0.8944954128440367,1.0,"(218, 64, 1000)","(327, 64, 1000)",123,67,0.8990825688073394
11,Tongue,Rest,97.6544418334961,0.6284403669724771,1.0,"(218, 64, 1000)","(327, 64, 1000)",123,67,0.6467889908256881
11,Mis,Rest,97.8760826587677,0.7018348623853211,1.0,"(218, 64, 1000)","(327, 64, 1000)",123,67,0.7201834862385321
