participant,class1,class2,running_time,test_acc,train_acc,test_size,train_size,train_block,test_block,test_acc_vote
14,Hand,Rest,97.31732368469238,0.8211009174311926,1.0,"(218, 64, 1000)","(327, 64, 1000)",123,67,0.8302752293577982
14,Feet,Rest,97.8511312007904,0.6697247706422018,1.0,"(218, 64, 1000)","(327, 64, 1000)",123,67,0.6788990825688073
14,Tongue,Rest,98.24125170707704,0.6284403669724771,1.0,"(218, 64, 1000)","(327, 64, 1000)",123,67,0.6238532110091743
14,Mis,Rest,98.12355279922485,0.6100917431192661,1.0,"(218, 64, 1000)","(327, 64, 1000)",123,67,0.6055045871559632
