participant,class1,class2,running_time,test_acc,train_acc,test_size,train_size,train_block,test_block,test_acc_vote
6,Hand,Rest,99.3075351715088,0.6284403669724771,1.0,"(218, 64, 1000)","(327, 64, 1000)",123,67,0.6238532110091743
6,Feet,Rest,98.2860188484192,0.6559633027522935,1.0,"(218, 64, 1000)","(327, 64, 1000)",123,67,0.6697247706422018
6,Tongue,Rest,98.28385901451112,0.7018348623853211,1.0,"(218, 64, 1000)","(327, 64, 1000)",123,67,0.7110091743119267
6,Mis,Rest,98.09519100189209,0.6422018348623854,1.0,"(218, 64, 1000)","(327, 64, 1000)",123,67,0.6513761467889908
