participant,class1,class2,running_time,test_acc,train_acc,test_size,train_size,train_block,test_block,test_acc_vote
10,Hand,Rest,55.14696383476257,0.6309523809523809,0.9821428571428572,"(84, 64, 1000)","(112, 64, 1000)",1234,67,0.6190476190476191
10,Feet,Rest,53.434504985809326,0.6428571428571429,0.9910714285714286,"(84, 64, 1000)","(112, 64, 1000)",1234,67,0.6071428571428572
10,Tongue,Rest,53.626675844192505,0.7380952380952381,0.9553571428571428,"(84, 64, 1000)","(112, 64, 1000)",1234,67,0.6785714285714286
10,Mis,Rest,53.484909534454346,0.7738095238095238,0.9732142857142857,"(84, 64, 1000)","(112, 64, 1000)",1234,67,0.7142857142857143
