participant,class1,class2,running_time,test_acc,train_acc,test_size,train_size,train_block,test_block,test_acc_vote
11,Hand,Rest,54.240148067474365,0.9285714285714286,0.9910714285714286,"(84, 64, 1000)","(112, 64, 1000)",1234,67,0.9166666666666666
11,Feet,Rest,54.53298211097717,0.9523809523809524,1.0,"(84, 64, 1000)","(112, 64, 1000)",1234,67,0.9523809523809524
11,Tongue,Rest,53.698219776153564,0.7142857142857143,0.9910714285714286,"(84, 64, 1000)","(112, 64, 1000)",1234,67,0.6785714285714286
11,Mis,Rest,54.655322790145874,0.8333333333333334,0.9910714285714286,"(84, 64, 1000)","(112, 64, 1000)",1234,67,0.8095238095238095
