participant,class1,class2,running_time,test_acc,train_acc,test_size,train_size,train_block,test_block,test_acc_vote
13,Hand,Rest,55.09681439399719,0.7023809523809523,0.9375,"(84, 64, 1000)","(112, 64, 1000)",1234,67,0.6785714285714286
13,Feet,Rest,53.763479471206665,0.8214285714285714,0.9553571428571428,"(84, 64, 1000)","(112, 64, 1000)",1234,67,0.8214285714285714
13,Tongue,Rest,54.391183376312256,0.8095238095238095,0.9910714285714286,"(84, 64, 1000)","(112, 64, 1000)",1234,67,0.8095238095238095
13,Mis,Rest,53.79507875442505,0.8333333333333334,0.9553571428571429,"(84, 64, 1000)","(112, 64, 1000)",1234,67,0.7857142857142857
