participant,class1,class2,running_time,test_acc,train_acc,test_size,train_size,train_block,test_block,test_acc_vote
14,Hand,Rest,54.39856028556824,0.9404761904761904,0.9910714285714286,"(84, 64, 1000)","(112, 64, 1000)",1234,67,0.9285714285714286
14,Feet,Rest,53.76325702667236,0.8333333333333334,1.0,"(84, 64, 1000)","(112, 64, 1000)",1234,67,0.7976190476190477
14,Tongue,Rest,53.72186017036438,0.6428571428571429,0.9910714285714286,"(84, 64, 1000)","(112, 64, 1000)",1234,67,0.6071428571428572
14,Mis,Rest,54.8652822971344,0.7976190476190477,0.9821428571428571,"(84, 64, 1000)","(112, 64, 1000)",1234,67,0.8095238095238095
