participant,class1,class2,running_time,test_acc,train_acc,test_size,train_size,train_block,test_block,test_acc_vote
15,Hand,Rest,53.045897245407104,0.9047619047619048,1.0,"(84, 64, 1000)","(103, 64, 1000)",1234,67,0.8571428571428572
15,Feet,Rest,54.74375104904175,0.7738095238095238,0.9910714285714286,"(84, 64, 1000)","(112, 64, 1000)",1234,67,0.7738095238095238
15,Tongue,Rest,53.79576396942139,0.7023809523809523,0.9553571428571428,"(84, 64, 1000)","(112, 64, 1000)",1234,67,0.7023809523809523
15,Mis,Rest,54.31905174255371,0.7142857142857143,0.9821428571428571,"(84, 64, 1000)","(112, 64, 1000)",1234,67,0.7142857142857143
