participant,class1,class2,running_time,test_acc,train_acc,test_size,train_size,train_block,test_block,test_acc_vote
16,Hand,Rest,54.32891917228699,0.7023809523809523,0.9553571428571428,"(84, 64, 1000)","(112, 64, 1000)",1234,67,0.7261904761904762
16,Feet,Rest,54.073660373687744,0.7261904761904762,1.0,"(84, 64, 1000)","(112, 64, 1000)",1234,67,0.7023809523809523
16,Tongue,Rest,53.91314697265625,0.8095238095238095,0.9910714285714286,"(84, 64, 1000)","(112, 64, 1000)",1234,67,0.7857142857142857
16,Mis,Rest,53.90872311592102,0.8214285714285714,0.9285714285714286,"(84, 64, 1000)","(112, 64, 1000)",1234,67,0.8333333333333334
