participant,class1,class2,running_time,test_acc,train_acc,test_size,train_size,train_block,test_block,test_acc_vote
17,Hand,Rest,55.12373471260071,0.8690476190476191,0.9553571428571428,"(84, 64, 1000)","(112, 64, 1000)",1234,67,0.8333333333333334
17,Feet,Rest,53.941895723342896,0.7142857142857143,0.9375,"(84, 64, 1000)","(112, 64, 1000)",1234,67,0.7023809523809523
17,Tongue,Rest,53.658788204193115,0.8928571428571429,0.9285714285714286,"(84, 64, 1000)","(112, 64, 1000)",1234,67,0.8690476190476191
17,Mis,Rest,53.82327723503113,0.8809523809523809,1.0,"(84, 64, 1000)","(112, 64, 1000)",1234,67,0.8690476190476191
