participant,class1,class2,running_time,test_acc,train_acc,test_size,train_size,train_block,test_block,test_acc_vote
18,Hand,Rest,53.85962414741516,0.6904761904761905,0.9464285714285714,"(84, 64, 1000)","(112, 64, 1000)",1234,67,0.6666666666666667
18,Feet,Rest,53.72760891914368,0.7142857142857143,0.9732142857142856,"(84, 64, 1000)","(112, 64, 1000)",1234,67,0.6428571428571428
18,Tongue,Rest,53.23140549659729,0.7619047619047619,0.9553571428571428,"(84, 64, 1000)","(112, 64, 1000)",1234,67,0.7023809523809523
18,Mis,Rest,53.575584411621094,0.7380952380952381,0.9821428571428571,"(84, 64, 1000)","(112, 64, 1000)",1234,67,0.7261904761904762
