participant,class1,class2,running_time,test_acc,train_acc,test_size,train_size,train_block,test_block,test_acc_vote
19,Hand,Rest,53.88119173049927,0.8928571428571429,0.9732142857142856,"(84, 64, 1000)","(112, 64, 1000)",1234,67,0.8571428571428572
19,Feet,Rest,53.84940147399902,0.7023809523809523,0.9821428571428572,"(84, 64, 1000)","(112, 64, 1000)",1234,67,0.6428571428571428
19,Tongue,Rest,53.19362664222717,0.8690476190476191,0.9464285714285714,"(84, 64, 1000)","(112, 64, 1000)",1234,67,0.8095238095238095
19,Mis,Rest,53.71125340461731,0.7857142857142857,0.9732142857142857,"(84, 64, 1000)","(112, 64, 1000)",1234,67,0.7380952380952381
