participant,class1,class2,running_time,test_acc,train_acc,test_size,train_size,train_block,test_block,test_acc_vote
3,Hand,Rest,56.33298397064209,0.8333333333333334,0.9732142857142856,"(84, 64, 1000)","(112, 64, 1000)",1234,67,0.7976190476190477
3,Feet,Rest,53.11684441566467,0.6428571428571429,0.9375,"(84, 64, 1000)","(112, 64, 1000)",1234,67,0.5595238095238095
3,Tongue,Rest,53.79958724975586,0.7023809523809523,0.9375,"(84, 64, 1000)","(112, 64, 1000)",1234,67,0.7023809523809523
3,Mis,Rest,53.68181228637695,0.8333333333333334,0.9732142857142857,"(84, 64, 1000)","(112, 64, 1000)",1234,67,0.8333333333333334
