participant,class1,class2,running_time,test_acc,train_acc,test_size,train_size,train_block,test_block,test_acc_vote
4,Hand,Rest,54.45922136306763,0.9047619047619048,1.0,"(84, 64, 1000)","(112, 64, 1000)",1234,67,0.9047619047619048
4,Feet,Rest,53.67252445220947,0.7976190476190477,0.9553571428571428,"(84, 64, 1000)","(112, 64, 1000)",1234,67,0.7380952380952381
4,Tongue,Rest,53.6771137714386,0.7738095238095238,1.0,"(84, 64, 1000)","(112, 64, 1000)",1234,67,0.7380952380952381
4,Mis,Rest,53.59686589241028,0.75,0.9910714285714286,"(84, 64, 1000)","(112, 64, 1000)",1234,67,0.6904761904761905
