participant,class1,class2,running_time,test_acc,train_acc,test_size,train_size,train_block,test_block,test_acc_vote
9,Hand,Rest,54.11595726013184,0.8333333333333334,0.9821428571428572,"(84, 64, 1000)","(112, 64, 1000)",1234,67,0.8095238095238095
9,Feet,Rest,53.90917110443115,0.9285714285714286,0.9910714285714286,"(84, 64, 1000)","(112, 64, 1000)",1234,67,0.8928571428571429
9,Tongue,Rest,53.88365530967712,0.7738095238095238,0.9910714285714286,"(84, 64, 1000)","(112, 64, 1000)",1234,67,0.75
9,Mis,Rest,53.694395542144775,0.6904761904761905,0.9642857142857143,"(84, 64, 1000)","(112, 64, 1000)",1234,67,0.6666666666666667
