class,test_acc,vote_acc
Hand,0.8517857142857143,0.8321428571428573
Feet,0.7964285714285715,0.7821428571428571
Tongue,0.7839285714285714,0.7607142857142857
Mis,0.775,0.7428571428571428
