participant,class1,class2,running_time,test_acc,train_acc,test_size,train_size,train_block,test_block,test_acc_vote
14,Hand,Rest,62.52646279335022,0.9107142857142856,1.0,"(56, 64, 1000)","(140, 64, 1000)",12345,67,0.875
14,Feet,Rest,61.52647066116333,0.8035714285714286,1.0,"(56, 64, 1000)","(140, 64, 1000)",12345,67,0.7321428571428572
14,Tongue,Rest,65.16690492630005,0.7857142857142857,1.0,"(56, 64, 1000)","(140, 64, 1000)",12345,67,0.7857142857142857
14,Mis,Rest,66.94139099121094,0.7678571428571429,1.0,"(56, 64, 1000)","(140, 64, 1000)",12345,67,0.6785714285714286
