participant,class1,class2,running_time,test_acc,train_acc,test_size,train_size,train_block,test_block,test_acc_vote
6,Hand,Rest,64.94755101203918,0.8035714285714286,1.0,"(56, 64, 1000)","(140, 64, 1000)",12345,67,0.75
6,Feet,Rest,66.04640078544617,0.7678571428571429,1.0,"(56, 64, 1000)","(140, 64, 1000)",12345,67,0.75
6,Tongue,Rest,65.96792984008789,0.8571428571428571,1.0,"(56, 64, 1000)","(140, 64, 1000)",12345,67,0.875
6,Mis,Rest,67.4650936126709,0.7678571428571429,1.0,"(56, 64, 1000)","(140, 64, 1000)",12345,67,0.7857142857142857
