participant,class1,class2,running_time,test_acc,train_acc,test_size,train_size,train_block,test_block,test_acc_vote
10,Hand,Rest,51.8627815246582,0.6571428571428571,1.0,"(140, 64, 1000)","(56, 64, 1000)",12,34567,0.6214285714285714
10,Feet,Rest,54.081401348114014,0.5428571428571428,1.0,"(140, 64, 1000)","(56, 64, 1000)",12,34567,0.5142857142857142
10,Tongue,Rest,54.45790076255798,0.5357142857142857,1.0,"(140, 64, 1000)","(56, 64, 1000)",12,34567,0.5142857142857142
10,Mis,Rest,53.088056802749634,0.6285714285714286,1.0,"(140, 64, 1000)","(56, 64, 1000)",12,34567,0.5928571428571429
