participant,class1,class2,running_time,test_acc,train_acc,test_size,train_size,train_block,test_block,test_acc_vote
11,Hand,Rest,52.20607900619507,0.6785714285714286,1.0,"(140, 64, 1000)","(56, 64, 1000)",12,34567,0.6285714285714286
11,Feet,Rest,51.945626735687256,0.9428571428571428,1.0,"(140, 64, 1000)","(56, 64, 1000)",12,34567,0.9071428571428573
11,Tongue,Rest,54.255608558654785,0.5285714285714286,1.0,"(140, 64, 1000)","(56, 64, 1000)",12,34567,0.5214285714285714
11,Mis,Rest,53.72267174720764,0.6071428571428571,1.0,"(140, 64, 1000)","(56, 64, 1000)",12,34567,0.6142857142857143
