participant,class1,class2,running_time,test_acc,train_acc,test_size,train_size,train_block,test_block,test_acc_vote
13,Hand,Rest,51.6976375579834,0.7857142857142857,1.0,"(140, 64, 1000)","(56, 64, 1000)",12,34567,0.7071428571428571
13,Feet,Rest,54.10978841781616,0.6071428571428571,1.0,"(140, 64, 1000)","(56, 64, 1000)",12,34567,0.55
13,Tongue,Rest,56.82305192947388,0.7071428571428572,1.0,"(140, 64, 1000)","(56, 64, 1000)",12,34567,0.6428571428571428
13,Mis,Rest,54.906617403030396,0.6785714285714286,1.0,"(140, 64, 1000)","(56, 64, 1000)",12,34567,0.5928571428571429
