participant,class1,class2,running_time,test_acc,train_acc,test_size,train_size,train_block,test_block,test_acc_vote
14,Hand,Rest,52.60807752609253,0.8785714285714286,1.0,"(140, 64, 1000)","(56, 64, 1000)",12,34567,0.8428571428571429
14,Feet,Rest,51.549782276153564,0.6714285714285714,1.0,"(140, 64, 1000)","(56, 64, 1000)",12,34567,0.6428571428571428
14,Tongue,Rest,56.87015151977539,0.55,1.0,"(140, 64, 1000)","(56, 64, 1000)",12,34567,0.5571428571428572
14,Mis,Rest,55.295594930648804,0.5928571428571429,1.0,"(140, 64, 1000)","(56, 64, 1000)",12,34567,0.5785714285714285
