participant,class1,class2,running_time,test_acc,train_acc,test_size,train_size,train_block,test_block,test_acc_vote
3,Hand,Rest,53.68249154090881,0.6071428571428571,1.0,"(140, 64, 1000)","(56, 64, 1000)",12,34567,0.5214285714285714
3,Feet,Rest,50.57922077178955,0.5857142857142857,1.0,"(140, 64, 1000)","(56, 64, 1000)",12,34567,0.5357142857142857
3,Tongue,Rest,53.11255717277527,0.5285714285714286,1.0,"(140, 64, 1000)","(56, 64, 1000)",12,34567,0.5
3,Mis,Rest,53.5569806098938,0.6,1.0,"(140, 64, 1000)","(56, 64, 1000)",12,34567,0.5928571428571429
