participant,class1,class2,running_time,test_acc,train_acc,test_size,train_size,train_block,test_block,test_acc_vote
4,Hand,Rest,52.80875539779663,0.9071428571428573,1.0,"(140, 64, 1000)","(56, 64, 1000)",12,34567,0.8642857142857143
4,Feet,Rest,52.909950971603394,0.7214285714285714,1.0,"(140, 64, 1000)","(56, 64, 1000)",12,34567,0.6571428571428571
4,Tongue,Rest,51.70315480232239,0.7428571428571429,1.0,"(140, 64, 1000)","(56, 64, 1000)",12,34567,0.6571428571428571
4,Mis,Rest,52.69528675079346,0.6285714285714286,1.0,"(140, 64, 1000)","(56, 64, 1000)",12,34567,0.5928571428571429
