participant,class1,class2,running_time,test_acc,train_acc,test_size,train_size,train_block,test_block,test_acc_vote
5,Hand,Rest,50.86436581611633,0.5214285714285715,1.0,"(140, 64, 1000)","(56, 64, 1000)",12,34567,0.4928571428571429
5,Feet,Rest,55.648799657821655,0.7571428571428571,1.0,"(140, 64, 1000)","(56, 64, 1000)",12,34567,0.6928571428571428
5,Tongue,Rest,53.66058611869812,0.7428571428571429,1.0,"(140, 64, 1000)","(56, 64, 1000)",12,34567,0.6785714285714286
5,Mis,Rest,53.82294154167175,0.4785714285714286,1.0,"(140, 64, 1000)","(56, 64, 1000)",12,34567,0.5
