participant,class1,class2,running_time,test_acc,train_acc,test_size,train_size,train_block,test_block,test_acc_vote
6,Hand,Rest,53.986149072647095,0.6339285714285714,1.0,"(112, 64, 1000)","(84, 64, 1000)",123,4567,0.625
6,Feet,Rest,53.80454230308533,0.7946428571428571,1.0,"(112, 64, 1000)","(84, 64, 1000)",123,4567,0.7946428571428572
6,Tongue,Rest,55.63539981842041,0.7053571428571429,1.0,"(112, 64, 1000)","(84, 64, 1000)",123,4567,0.7142857142857143
6,Mis,Rest,56.4589478969574,0.6696428571428571,1.0,"(112, 64, 1000)","(84, 64, 1000)",123,4567,0.6160714285714286
