participant,class1,class2,running_time,test_acc,train_acc,test_size,train_size,train_block,test_block,test_acc_vote
11,Hand,Rest,50.941086769104,0.5952380952380952,1.0,"(672, 64, 250)","(112, 64, 250)",1,234567,0.59375
11,Feet,Rest,50.26021409034729,0.8125,1.0,"(672, 64, 250)","(112, 64, 250)",1,234567,0.8497023809523809
11,Tongue,Rest,51.570103883743286,0.5208333333333334,1.0,"(672, 64, 250)","(112, 64, 250)",1,234567,0.5089285714285714
11,Mis,Rest,51.52322459220886,0.5773809523809523,1.0,"(672, 64, 250)","(112, 64, 250)",1,234567,0.5907738095238095
