participant,class1,class2,running_time,test_acc,train_acc,test_size,train_size,train_block,test_block,test_acc_vote
14,Hand,Rest,50.371543645858765,0.6339285714285714,1.0,"(672, 64, 250)","(112, 64, 250)",1,234567,0.6011904761904762
14,Feet,Rest,50.54886174201965,0.5892857142857143,1.0,"(672, 64, 250)","(112, 64, 250)",1,234567,0.5952380952380952
14,Tongue,Rest,52.00744915008545,0.4910714285714285,1.0,"(672, 64, 250)","(112, 64, 250)",1,234567,0.4970238095238095
14,Mis,Rest,51.96299171447754,0.5148809523809523,1.0,"(672, 64, 250)","(112, 64, 250)",1,234567,0.5133928571428572
