participant,class1,class2,running_time,test_acc,train_acc,test_size,train_size,train_block,test_block,test_acc_vote
4,Hand,Rest,50.27252149581909,0.7425595238095238,1.0,"(672, 64, 250)","(112, 64, 250)",1,234567,0.7886904761904762
4,Feet,Rest,50.67575454711914,0.6130952380952381,1.0,"(672, 64, 250)","(112, 64, 250)",1,234567,0.6607142857142857
4,Tongue,Rest,51.72098779678345,0.6160714285714286,1.0,"(672, 64, 250)","(112, 64, 250)",1,234567,0.59375
4,Mis,Rest,51.83583641052246,0.6607142857142857,1.0,"(672, 64, 250)","(112, 64, 250)",1,234567,0.6860119047619048
