participant,class1,class2,running_time,test_acc,train_acc,test_size,train_size,train_block,test_block,test_acc_vote
5,Hand,Rest,50.99454712867737,0.5059523809523809,1.0,"(672, 64, 250)","(112, 64, 250)",1,234567,0.4985119047619047
5,Feet,Rest,50.40027856826782,0.5863095238095238,1.0,"(672, 64, 250)","(112, 64, 250)",1,234567,0.59375
5,Tongue,Rest,52.55334186553955,0.5014880952380952,1.0,"(672, 64, 250)","(112, 64, 250)",1,234567,0.5
5,Mis,Rest,52.23611259460449,0.49702380952380953,1.0,"(672, 64, 250)","(112, 64, 250)",1,234567,0.4866071428571429
