participant,class1,class2,running_time,test_acc,train_acc,test_size,train_size,train_block,test_block,test_acc_vote
6,Hand,Rest,50.353336572647095,0.5877976190476191,1.0,"(672, 64, 250)","(112, 64, 250)",1,234567,0.6011904761904762
6,Feet,Rest,50.31331467628479,0.6324404761904762,1.0,"(672, 64, 250)","(112, 64, 250)",1,234567,0.6636904761904762
6,Tongue,Rest,51.972670555114746,0.5223214285714286,1.0,"(672, 64, 250)","(112, 64, 250)",1,234567,0.5193452380952381
6,Mis,Rest,51.62400722503662,0.5922619047619048,1.0,"(672, 64, 250)","(112, 64, 250)",1,234567,0.6220238095238095
