participant,class1,class2,running_time,test_acc,train_acc,test_size,train_size,train_block,test_block,test_acc_vote
3,Hand,Rest,51.89538240432739,0.6190476190476191,1.0,"(168, 64, 1000)","(28, 64, 1000)",1,234567,0.6011904761904762
3,Feet,Rest,51.284751176834106,0.6130952380952381,1.0,"(168, 64, 1000)","(28, 64, 1000)",1,234567,0.5654761904761905
3,Tongue,Rest,52.49860453605652,0.5595238095238095,1.0,"(168, 64, 1000)","(28, 64, 1000)",1,234567,0.5297619047619048
3,Mis,Rest,53.115596771240234,0.6309523809523809,1.0,"(168, 64, 1000)","(28, 64, 1000)",1,234567,0.5476190476190477
