participant,class1,class2,running_time,test_acc,train_acc,test_size,train_size,train_block,test_block,test_acc_vote
9,Hand,Rest,55.02701473236084,0.8648648648648649,0.921921921921922,"(222, 64, 500)","(333, 64, 500)",123,67,0.8918918918918919
9,Feet,Rest,54.99082684516907,0.8468468468468469,0.954954954954955,"(222, 64, 500)","(333, 64, 500)",123,67,0.8648648648648649
9,Tongue,Rest,56.45756673812866,0.6126126126126126,0.9129129129129128,"(222, 64, 500)","(333, 64, 500)",123,67,0.6261261261261262
9,Mis,Rest,51.01232600212097,0.6531531531531531,0.9279279279279279,"(222, 64, 500)","(333, 64, 500)",123,67,0.6801801801801801
