participant,class1,class2,running_time,test_acc,train_acc,test_size,train_size,train_block,test_block,test_acc_vote
7,Hand,Rest,52.75619697570801,0.5119047619047619,0.9642857142857144,"(168, 64, 1000)","(28, 64, 1000)",1,234567,0.5119047619047619
7,Feet,Rest,52.678266286849976,0.5178571428571429,1.0,"(168, 64, 1000)","(28, 64, 1000)",1,234567,0.4821428571428571
7,Tongue,Rest,53.30035972595215,0.5119047619047619,1.0,"(168, 64, 1000)","(28, 64, 1000)",1,234567,0.5
7,Mis,Rest,54.38270807266235,0.625,0.9642857142857143,"(168, 64, 1000)","(28, 64, 1000)",1,234567,0.6845238095238095
