participant,class1,class2,running_time,test_acc,train_acc,test_size,train_size,train_block,test_block,test_acc_vote
13,Hand,Rest,54.070924520492554,0.8071428571428572,1.0,"(140, 64, 1000)","(56, 64, 1000)",12,34567,0.7571428571428571
13,Feet,Rest,53.41671633720398,0.6214285714285714,1.0,"(140, 64, 1000)","(56, 64, 1000)",12,34567,0.5714285714285714
13,Tongue,Rest,55.31764030456543,0.7357142857142858,1.0,"(140, 64, 1000)","(56, 64, 1000)",12,34567,0.7071428571428571
13,Mis,Rest,56.186628103256226,0.6571428571428571,1.0,"(140, 64, 1000)","(56, 64, 1000)",12,34567,0.6071428571428572
