participant,class1,class2,running_time,test_acc,train_acc,test_size,train_size,train_block,test_block,test_acc_vote
3,Hand,Rest,37.86873269081116,0.8809523809523809,1.0,"(84, 64, 1000)","(112, 64, 1000)",1234,567,0.8690476190476191
3,Feet,Rest,37.47994828224182,0.6071428571428571,1.0,"(84, 64, 1000)","(112, 64, 1000)",1234,567,0.5714285714285714
3,Tongue,Rest,37.66737937927246,0.7857142857142857,1.0,"(84, 64, 1000)","(112, 64, 1000)",1234,567,0.75
3,Mis,Rest,37.41440296173096,0.8452380952380952,1.0,"(84, 64, 1000)","(112, 64, 1000)",1234,567,0.8095238095238095
