participant,class1,class2,running_time,test_acc,train_acc,test_size,train_size,train_block,test_block,test_acc_vote
5,Hand,Rest,36.211440086364746,0.8095238095238095,1.0,"(84, 64, 1000)","(112, 64, 1000)",1234,567,0.7857142857142857
5,Feet,Rest,36.249247789382935,0.6309523809523809,1.0,"(84, 64, 1000)","(112, 64, 1000)",1234,567,0.5833333333333333
5,Tongue,Rest,37.276209115982056,0.7380952380952381,1.0,"(84, 64, 1000)","(112, 64, 1000)",1234,567,0.7023809523809523
5,Mis,Rest,37.25396728515625,0.7857142857142857,1.0,"(84, 64, 1000)","(112, 64, 1000)",1234,567,0.75
