participant,class1,class2,running_time,test_acc,train_acc,test_size,train_size,train_block,test_block,test_acc_vote
9,Hand,Rest,37.60783410072327,0.8333333333333334,1.0,"(84, 64, 1000)","(112, 64, 1000)",1234,567,0.8214285714285714
9,Feet,Rest,36.08908462524414,0.9285714285714286,1.0,"(84, 64, 1000)","(112, 64, 1000)",1234,567,0.9166666666666666
9,Tongue,Rest,37.128153562545776,0.7619047619047619,1.0,"(84, 64, 1000)","(112, 64, 1000)",1234,567,0.75
9,Mis,Rest,37.44502592086792,0.7857142857142857,1.0,"(84, 64, 1000)","(112, 64, 1000)",1234,567,0.75
