participant,class1,class2,running_time,test_acc,train_acc,test_size,train_size,train_block,test_block,test_acc_vote
4,Hand,Rest,36.29679322242737,0.8642857142857143,1.0,"(140, 64, 1000)","(56, 64, 1000)",12,34567,0.8571428571428572
4,Feet,Rest,36.10029458999634,0.7285714285714285,1.0,"(140, 64, 1000)","(56, 64, 1000)",12,34567,0.7285714285714286
4,Tongue,Rest,37.203187704086304,0.7571428571428571,1.0,"(140, 64, 1000)","(56, 64, 1000)",12,34567,0.7
4,Mis,Rest,36.88298439979553,0.6785714285714286,1.0,"(140, 64, 1000)","(56, 64, 1000)",12,34567,0.6285714285714286
