participant,class1,class2,running_time,test_acc,train_acc,test_size,train_size,train_block,test_block,test_acc_vote
10,Hand,Rest,68.86900019645691,0.6846846846846847,0.9144144144144144,"(222, 64, 500)","(444, 64, 500)",1234,67,0.6981981981981982
10,Feet,Rest,68.91388440132141,0.6171171171171171,0.9301801801801802,"(222, 64, 500)","(444, 64, 500)",1234,67,0.6036036036036037
10,Tongue,Rest,68.42411541938782,0.6531531531531531,0.8783783783783784,"(222, 64, 500)","(444, 64, 500)",1234,67,0.6756756756756757
10,Mis,Rest,72.44511985778809,0.7342342342342343,0.9324324324324325,"(222, 64, 500)","(444, 64, 500)",1234,67,0.7477477477477478
