participant,class1,class2,running_time,test_acc,train_acc,test_size,train_size,train_block,test_block,test_acc_vote
11,Hand,Rest,71.57926416397095,0.8783783783783784,0.918918918918919,"(222, 64, 500)","(444, 64, 500)",1234,67,0.9054054054054054
11,Feet,Rest,96.45213866233826,0.8693693693693694,0.9256756756756755,"(222, 64, 500)","(444, 64, 500)",1234,67,0.8738738738738738
11,Tongue,Rest,69.72818613052368,0.6396396396396397,0.9572072072072072,"(222, 64, 500)","(444, 64, 500)",1234,67,0.6576576576576576
11,Mis,Rest,78.49040460586548,0.6711711711711712,0.9594594594594594,"(222, 64, 500)","(444, 64, 500)",1234,67,0.6891891891891893
