participant,class1,class2,running_time,test_acc,train_acc,test_size,train_size,train_block,test_block,test_acc_vote
13,Hand,Rest,75.3128912448883,0.6171171171171171,0.8378378378378378,"(222, 64, 500)","(444, 64, 500)",1234,67,0.6126126126126126
13,Feet,Rest,67.89648866653442,0.7702702702702703,0.8851351351351351,"(222, 64, 500)","(444, 64, 500)",1234,67,0.7747747747747747
13,Tongue,Rest,68.72352075576782,0.7432432432432432,0.9144144144144144,"(222, 64, 500)","(444, 64, 500)",1234,67,0.7612612612612613
13,Mis,Rest,76.48881483078003,0.6846846846846847,0.8828828828828829,"(222, 64, 500)","(444, 64, 500)",1234,67,0.6666666666666667
