participant,class1,class2,running_time,test_acc,train_acc,test_size,train_size,train_block,test_block,test_acc_vote
14,Hand,Rest,84.88129949569702,0.8198198198198198,0.945945945945946,"(222, 64, 500)","(444, 64, 500)",1234,67,0.8513513513513513
14,Feet,Rest,70.08122944831848,0.7342342342342343,0.9346846846846848,"(222, 64, 500)","(444, 64, 500)",1234,67,0.7432432432432432
14,Tongue,Rest,68.79910826683044,0.7072072072072072,0.9076576576576576,"(222, 64, 500)","(444, 64, 500)",1234,67,0.7387387387387387
14,Mis,Rest,67.51913070678711,0.6261261261261262,0.9324324324324325,"(222, 64, 500)","(444, 64, 500)",1234,67,0.6396396396396397
