participant,class1,class2,running_time,test_acc,train_acc,test_size,train_size,train_block,test_block,test_acc_vote
17,Hand,Rest,96.85669422149658,0.7477477477477478,0.8738738738738738,"(222, 64, 500)","(444, 64, 500)",1234,67,0.7567567567567568
17,Feet,Rest,67.83794260025024,0.7162162162162162,0.8513513513513513,"(222, 64, 500)","(444, 64, 500)",1234,67,0.7612612612612613
17,Tongue,Rest,68.77480816841125,0.7747747747747747,0.8896396396396397,"(222, 64, 500)","(444, 64, 500)",1234,67,0.7972972972972973
17,Mis,Rest,71.04007911682129,0.7567567567567568,0.8828828828828829,"(222, 64, 500)","(444, 64, 500)",1234,67,0.7612612612612613
