participant,class1,class2,running_time,test_acc,train_acc,test_size,train_size,train_block,test_block,test_acc_vote
3,Hand,Rest,69.20017719268799,0.8198198198198198,0.9054054054054054,"(222, 64, 500)","(444, 64, 500)",1234,67,0.8243243243243243
3,Feet,Rest,68.79020524024963,0.6306306306306306,0.8671171171171171,"(222, 64, 500)","(444, 64, 500)",1234,67,0.6441441441441442
3,Tongue,Rest,70.69770407676697,0.6756756756756757,0.9324324324324323,"(222, 64, 500)","(444, 64, 500)",1234,67,0.6981981981981982
3,Mis,Rest,86.60153770446777,0.8153153153153153,0.9031531531531531,"(222, 64, 500)","(444, 64, 500)",1234,67,0.8468468468468469
