participant,class1,class2,running_time,test_acc,train_acc,test_size,train_size,train_block,test_block,test_acc_vote
18,Hand,Rest,68.5347580909729,0.6936936936936937,0.996996996996997,"(222, 64, 500)","(333, 64, 500)",123,67,0.7027027027027026
18,Feet,Rest,68.69132041931152,0.5630630630630631,0.981981981981982,"(222, 64, 500)","(333, 64, 500)",123,67,0.5810810810810811
18,Tongue,Rest,69.74703478813171,0.6486486486486487,0.996996996996997,"(222, 64, 500)","(333, 64, 500)",123,67,0.6126126126126126
18,Mis,Rest,68.49600648880005,0.6486486486486487,0.990990990990991,"(222, 64, 500)","(333, 64, 500)",123,67,0.6756756756756757
