participant,class1,class2,running_time,test_acc,train_acc,test_size,train_size,train_block,test_block,test_acc_vote
5,Hand,Rest,69.25221347808838,0.509009009009009,0.990990990990991,"(222, 64, 500)","(333, 64, 500)",123,67,0.5495495495495495
5,Feet,Rest,68.32026553153992,0.6846846846846847,1.0,"(222, 64, 500)","(333, 64, 500)",123,67,0.6981981981981982
5,Tongue,Rest,69.6100287437439,0.536036036036036,1.0,"(222, 64, 500)","(333, 64, 500)",123,67,0.5405405405405406
5,Mis,Rest,69.42728281021118,0.6261261261261262,1.0,"(222, 64, 500)","(333, 64, 500)",123,67,0.6216216216216216
