participant,class1,class2,running_time,test_acc,train_acc,test_size,train_size,train_block,test_block,test_acc_vote
10,Hand,Rest,173.04192757606506,0.6207951070336392,1.0,"(327, 64, 1000)","(436, 64, 1000)",1234,567,0.6330275229357798
10,Feet,Rest,211.2209918498993,0.6207951070336392,1.0,"(327, 64, 1000)","(436, 64, 1000)",1234,567,0.6238532110091743
10,Tongue,Rest,186.17214703559875,0.6605504587155964,1.0,"(327, 64, 1000)","(436, 64, 1000)",1234,567,0.6483180428134556
10,Mis,Rest,211.09526896476746,0.8103975535168195,1.0,"(327, 64, 1000)","(436, 64, 1000)",1234,567,0.8256880733944953
