participant,class1,class2,running_time,test_acc,train_acc,test_size,train_size,train_block,test_block,test_acc_vote
13,Hand,Rest,137.08925461769104,0.7003058103975535,1.0,"(327, 64, 1000)","(436, 64, 1000)",1234,567,0.6972477064220184
13,Feet,Rest,189.077397108078,0.8501529051987767,1.0,"(327, 64, 1000)","(436, 64, 1000)",1234,567,0.8593272171253823
13,Tongue,Rest,230.3377799987793,0.7584097859327217,1.0,"(327, 64, 1000)","(436, 64, 1000)",1234,567,0.7767584097859327
13,Mis,Rest,218.6076521873474,0.7614678899082569,1.0,"(327, 64, 1000)","(436, 64, 1000)",1234,567,0.764525993883792
