participant,class1,class2,running_time,test_acc,train_acc,test_size,train_size,train_block,test_block,test_acc_vote
14,Hand,Rest,180.8645257949829,0.8470948012232415,1.0,"(327, 64, 1000)","(436, 64, 1000)",1234,567,0.8532110091743119
14,Feet,Rest,221.28782725334167,0.7492354740061162,1.0,"(327, 64, 1000)","(436, 64, 1000)",1234,567,0.7492354740061162
14,Tongue,Rest,208.5898883342743,0.6666666666666666,1.0,"(327, 64, 1000)","(436, 64, 1000)",1234,567,0.6850152905198776
14,Mis,Rest,143.79185795783997,0.7033639143730887,1.0,"(327, 64, 1000)","(436, 64, 1000)",1234,567,0.7217125382262997
