participant,class1,class2,running_time,test_acc,train_acc,test_size,train_size,train_block,test_block,test_acc_vote
4,Hand,Rest,149.64229345321655,0.8654434250764526,1.0,"(327, 64, 1000)","(436, 64, 1000)",1234,567,0.8746177370030581
4,Feet,Rest,179.02637696266174,0.8501529051987767,1.0,"(327, 64, 1000)","(436, 64, 1000)",1234,567,0.8562691131498471
4,Tongue,Rest,200.06159090995789,0.7614678899082569,1.0,"(327, 64, 1000)","(436, 64, 1000)",1234,567,0.764525993883792
4,Mis,Rest,184.69901728630066,0.6941896024464832,1.0,"(327, 64, 1000)","(436, 64, 1000)",1234,567,0.6880733944954128
