participant,class1,class2,running_time,test_acc,train_acc,test_size,train_size,train_block,test_block,test_acc_vote
6,Hand,Rest,161.79369711875916,0.691131498470948,1.0,"(327, 64, 1000)","(436, 64, 1000)",1234,567,0.7033639143730888
6,Feet,Rest,173.8801786899567,0.7186544342507645,1.0,"(327, 64, 1000)","(436, 64, 1000)",1234,567,0.7339449541284404
6,Tongue,Rest,185.726557970047,0.7737003058103975,1.0,"(327, 64, 1000)","(436, 64, 1000)",1234,567,0.7981651376146789
6,Mis,Rest,195.54116296768188,0.6697247706422018,1.0,"(327, 64, 1000)","(436, 64, 1000)",1234,567,0.691131498470948
