participant,class1,class2,running_time,test_acc,train_acc,test_size,train_size,train_block,test_block,test_acc_vote
7,Hand,Rest,121.22054505348206,0.7889908256880734,1.0,"(327, 64, 1000)","(436, 64, 1000)",1234,567,0.8073394495412844
7,Feet,Rest,129.53421664237976,0.8134556574923547,1.0,"(327, 64, 1000)","(436, 64, 1000)",1234,567,0.8226299694189603
7,Tongue,Rest,265.9918637275696,0.7186544342507645,1.0,"(327, 64, 1000)","(436, 64, 1000)",1234,567,0.7339449541284404
7,Mis,Rest,265.57630443573,0.7737003058103975,1.0,"(327, 64, 1000)","(436, 64, 1000)",1234,567,0.8012232415902141
