participant,class1,class2,running_time,test_acc,train_acc,test_size,train_size,train_block,test_block,test_acc_vote
9,Hand,Rest,262.65107893943787,0.8348623853211009,1.0,"(327, 64, 1000)","(436, 64, 1000)",1234,567,0.8348623853211009
9,Feet,Rest,242.71344542503357,0.8654434250764526,1.0,"(327, 64, 1000)","(436, 64, 1000)",1234,567,0.8715596330275229
9,Tongue,Rest,214.9235932826996,0.7492354740061162,1.0,"(327, 64, 1000)","(436, 64, 1000)",1234,567,0.7584097859327217
9,Mis,Rest,207.50466585159302,0.7370030581039755,1.0,"(327, 64, 1000)","(436, 64, 1000)",1234,567,0.7584097859327217
