participant,class1,class2,running_time,test_acc,train_acc,test_size,train_size,train_block,test_block,test_acc_vote
5,Hand,Rest,61.90056681632995,0.875,1.0,"(56, 64, 1000)","(140, 64, 1000)",12345,67,0.8928571428571429
5,Feet,Rest,62.4605073928833,0.7142857142857143,1.0,"(56, 64, 1000)","(140, 64, 1000)",12345,67,0.7321428571428572
5,Tongue,Rest,62.64665675163269,0.7678571428571429,1.0,"(56, 64, 1000)","(140, 64, 1000)",12345,67,0.7678571428571428
5,Mis,Rest,62.89579629898071,0.875,1.0,"(56, 64, 1000)","(140, 64, 1000)",12345,67,0.8571428571428572
