participant,class1,class2,running_time,test_acc,train_acc,test_size,train_size,train_block,test_block,test_acc_vote
7,Hand,Rest,63.02352690696716,0.75,1.0,"(56, 64, 1000)","(140, 64, 1000)",12345,67,0.7678571428571428
7,Feet,Rest,61.85823273658752,0.875,1.0,"(56, 64, 1000)","(140, 64, 1000)",12345,67,0.875
7,Tongue,Rest,62.93946719169617,0.6964285714285714,1.0,"(56, 64, 1000)","(140, 64, 1000)",12345,67,0.6607142857142857
7,Mis,Rest,62.81755018234253,0.6785714285714286,1.0,"(56, 64, 1000)","(140, 64, 1000)",12345,67,0.7142857142857143
