participant,class1,class2,running_time,test_acc,train_acc,test_size,train_size,train_block,test_block,test_acc_vote
11,Hand,Rest,72.67531156539917,0.7844036697247706,0.9908256880733946,"(218, 64, 1000)","(218, 64, 1000)",12,67,0.7798165137614679
11,Feet,Rest,72.51214098930359,0.7844036697247706,0.9908256880733946,"(218, 64, 1000)","(218, 64, 1000)",12,67,0.7981651376146789
11,Tongue,Rest,72.59177303314209,0.6697247706422018,1.0,"(218, 64, 1000)","(218, 64, 1000)",12,67,0.6697247706422018
11,Mis,Rest,72.38308382034302,0.5688073394495413,0.9862385321100917,"(218, 64, 1000)","(218, 64, 1000)",12,67,0.5688073394495412
