participant,class1,class2,running_time,test_acc,train_acc,test_size,train_size,train_block,test_block,test_acc_vote
4,Hand,Rest,72.26335883140564,0.7889908256880734,0.9908256880733946,"(218, 64, 1000)","(218, 64, 1000)",12,67,0.7889908256880733
4,Feet,Rest,71.89071154594421,0.6467889908256881,0.9770642201834864,"(218, 64, 1000)","(218, 64, 1000)",12,67,0.6330275229357798
4,Tongue,Rest,71.19693779945374,0.7155963302752294,0.9908256880733946,"(218, 64, 1000)","(218, 64, 1000)",12,67,0.7110091743119267
4,Mis,Rest,71.48733806610107,0.6743119266055045,0.963302752293578,"(218, 64, 1000)","(218, 64, 1000)",12,67,0.6651376146788991
