participant,class1,class2,running_time,test_acc,train_acc,test_size,train_size,train_block,test_block,test_acc_vote
5,Hand,Rest,71.43611359596252,0.5045871559633027,1.0,"(218, 64, 1000)","(218, 64, 1000)",12,67,0.5
5,Feet,Rest,71.4071593284607,0.7844036697247706,1.0,"(218, 64, 1000)","(218, 64, 1000)",12,67,0.7844036697247706
5,Tongue,Rest,71.16113615036011,0.8486238532110092,0.9954128440366972,"(218, 64, 1000)","(218, 64, 1000)",12,67,0.8486238532110092
5,Mis,Rest,72.55393290519714,0.8119266055045872,1.0,"(218, 64, 1000)","(218, 64, 1000)",12,67,0.8256880733944953
