participant,class1,class2,running_time,test_acc,train_acc,test_size,train_size,train_block,test_block,test_acc_vote
11,Hand,Rest,62.701510190963745,0.9285714285714286,1.0,"(84, 64, 1000)","(112, 64, 1000)",1234,567,0.9285714285714286
11,Feet,Rest,63.55487513542175,0.9285714285714286,1.0,"(84, 64, 1000)","(112, 64, 1000)",1234,567,0.9166666666666666
11,Tongue,Rest,62.723021030426025,0.6785714285714286,1.0,"(84, 64, 1000)","(112, 64, 1000)",1234,567,0.6428571428571428
11,Mis,Rest,64.81046223640442,0.6190476190476191,1.0,"(84, 64, 1000)","(112, 64, 1000)",1234,567,0.6071428571428572
