participant,class1,class2,running_time,test_acc,train_acc,test_size,train_size,train_block,test_block,test_acc_vote
13,Hand,Rest,106.01838231086732,0.6284403669724771,1.0,"(654, 64, 1000)","(109, 64, 1000)",1,234567,0.6330275229357798
13,Feet,Rest,104.51889085769652,0.6636085626911316,1.0,"(654, 64, 1000)","(109, 64, 1000)",1,234567,0.672782874617737
13,Tongue,Rest,108.83777594566344,0.6865443425076453,1.0,"(654, 64, 1000)","(109, 64, 1000)",1,234567,0.7033639143730888
13,Mis,Rest,106.53034949302673,0.6345565749235474,1.0,"(654, 64, 1000)","(109, 64, 1000)",1,234567,0.6483180428134556
