participant,class1,class2,running_time,test_acc,train_acc,test_size,train_size,train_block,test_block,test_acc_vote
3,Hand,Rest,106.165424823761,0.5596330275229358,1.0,"(654, 64, 1000)","(109, 64, 1000)",1,234567,0.555045871559633
3,Feet,Rest,104.70438623428343,0.6055045871559633,1.0,"(654, 64, 1000)","(109, 64, 1000)",1,234567,0.6100917431192661
3,Tongue,Rest,106.34041094779968,0.4801223241590214,1.0,"(654, 64, 1000)","(109, 64, 1000)",1,234567,0.481651376146789
3,Mis,Rest,105.73580026626587,0.6223241590214067,1.0,"(654, 64, 1000)","(109, 64, 1000)",1,234567,0.6269113149847094
