class,test_acc,vote_acc
Hand,0.694642857142857,0.7180803571428572
Feet,0.6825892857142858,0.7051339285714286
Tongue,0.6430803571428572,0.6625
Mis,0.6439732142857143,0.6553571428571429
