participant,class1,class2,running_time,test_acc,train_acc,test_size,train_size,train_block,test_block,test_acc_vote
10,Hand,Rest,106.38007855415344,0.65625,1.0,"(448, 64, 250)","(336, 64, 250)",123,4567,0.6629464285714286
10,Feet,Rest,91.42108225822447,0.6763392857142857,1.0,"(448, 64, 250)","(336, 64, 250)",123,4567,0.6964285714285714
10,Tongue,Rest,103.4061403274536,0.6138392857142857,1.0,"(448, 64, 250)","(336, 64, 250)",123,4567,0.6160714285714286
10,Mis,Rest,97.22625041007996,0.6517857142857143,1.0,"(448, 64, 250)","(336, 64, 250)",123,4567,0.6383928571428572
