participant,class1,class2,running_time,test_acc,train_acc,test_size,train_size,train_block,test_block,test_acc_vote
3,Hand,Rest,94.9843521118164,0.6696428571428571,1.0,"(448, 64, 250)","(336, 64, 250)",123,4567,0.6986607142857143
3,Feet,Rest,106.02807950973512,0.6183035714285714,1.0,"(448, 64, 250)","(336, 64, 250)",123,4567,0.640625
3,Tongue,Rest,129.1374578475952,0.6584821428571429,1.0,"(448, 64, 250)","(336, 64, 250)",123,4567,0.6852678571428572
3,Mis,Rest,106.24740386009216,0.703125,1.0,"(448, 64, 250)","(336, 64, 250)",123,4567,0.7120535714285714
