participant,class1,class2,running_time,test_acc,train_acc,test_size,train_size,train_block,test_block,test_acc_vote
4,Hand,Rest,93.26491379737854,0.8013392857142857,1.0,"(448, 64, 250)","(336, 64, 250)",123,4567,0.8325892857142857
4,Feet,Rest,100.16147303581238,0.6919642857142857,1.0,"(448, 64, 250)","(336, 64, 250)",123,4567,0.71875
4,Tongue,Rest,113.7933120727539,0.71875,1.0,"(448, 64, 250)","(336, 64, 250)",123,4567,0.7633928571428572
4,Mis,Rest,102.69207167625427,0.6986607142857143,1.0,"(448, 64, 250)","(336, 64, 250)",123,4567,0.7098214285714286
