participant,class1,class2,running_time,test_acc,train_acc,test_size,train_size,train_block,test_block,test_acc_vote
6,Hand,Rest,97.69800138473512,0.6383928571428571,1.0,"(448, 64, 250)","(336, 64, 250)",123,4567,0.6517857142857143
6,Feet,Rest,91.03474450111388,0.5825892857142857,1.0,"(448, 64, 250)","(336, 64, 250)",123,4567,0.59375
6,Tongue,Rest,90.99787926673888,0.5848214285714286,1.0,"(448, 64, 250)","(336, 64, 250)",123,4567,0.5848214285714286
6,Mis,Rest,99.1616439819336,0.6272321428571429,1.0,"(448, 64, 250)","(336, 64, 250)",123,4567,0.6450892857142857
