participant,class1,class2,running_time,test_acc,train_acc,test_size,train_size,train_block,test_block,test_acc_vote
7,Hand,Rest,98.09508609771729,0.671875,1.0,"(448, 64, 250)","(336, 64, 250)",123,4567,0.7321428571428572
7,Feet,Rest,106.73396372795104,0.6785714285714286,1.0,"(448, 64, 250)","(336, 64, 250)",123,4567,0.7299107142857143
7,Tongue,Rest,97.57814145088196,0.609375,1.0,"(448, 64, 250)","(336, 64, 250)",123,4567,0.640625
7,Mis,Rest,105.10010194778442,0.5803571428571429,1.0,"(448, 64, 250)","(336, 64, 250)",123,4567,0.6071428571428572
