participant,class1,class2,running_time,test_acc,train_acc,test_size,train_size,train_block,test_block,test_acc_vote
9,Hand,Rest,104.42208433151244,0.765625,1.0,"(448, 64, 250)","(336, 64, 250)",123,4567,0.8236607142857143
9,Feet,Rest,101.99346423149107,0.8147321428571429,1.0,"(448, 64, 250)","(336, 64, 250)",123,4567,0.8370535714285714
9,Tongue,Rest,100.51479196548462,0.6584821428571429,1.0,"(448, 64, 250)","(336, 64, 250)",123,4567,0.7053571428571428
9,Mis,Rest,103.8149254322052,0.6852678571428571,1.0,"(448, 64, 250)","(336, 64, 250)",123,4567,0.7209821428571428
