participant,class1,class2,running_time,test_acc,train_acc,test_size,train_size,train_block,test_block,test_acc_vote
10,Hand,Rest,38.91007375717163,0.5785714285714286,1.0,"(280, 64, 500)","(112, 64, 500)",12,34567,0.5607142857142857
10,Feet,Rest,38.41988754272461,0.6321428571428571,1.0,"(280, 64, 500)","(112, 64, 500)",12,34567,0.6571428571428571
10,Tongue,Rest,40.04287004470825,0.5285714285714286,1.0,"(280, 64, 500)","(112, 64, 500)",12,34567,0.5214285714285714
10,Mis,Rest,40.3389036655426,0.625,1.0,"(280, 64, 500)","(112, 64, 500)",12,34567,0.625
