participant,class1,class2,running_time,test_acc,train_acc,test_size,train_size,train_block,test_block,test_acc_vote
14,Hand,Rest,38.78398156166077,0.7714285714285715,1.0,"(280, 64, 500)","(112, 64, 500)",12,34567,0.7571428571428571
14,Feet,Rest,38.83780550956726,0.6285714285714286,1.0,"(280, 64, 500)","(112, 64, 500)",12,34567,0.6
14,Tongue,Rest,40.60165858268738,0.5214285714285715,1.0,"(280, 64, 500)","(112, 64, 500)",12,34567,0.5071428571428571
14,Mis,Rest,39.99721360206604,0.5071428571428571,1.0,"(280, 64, 500)","(112, 64, 500)",12,34567,0.525
