participant,class1,class2,running_time,test_acc,train_acc,test_size,train_size,train_block,test_block,test_acc_vote
3,Hand,Rest,38.831419229507446,0.5464285714285714,1.0,"(280, 64, 500)","(112, 64, 500)",12,34567,0.5142857142857142
3,Feet,Rest,38.82665705680847,0.5357142857142857,1.0,"(280, 64, 500)","(112, 64, 500)",12,34567,0.5321428571428571
3,Tongue,Rest,40.170979499816895,0.6321428571428571,1.0,"(280, 64, 500)","(112, 64, 500)",12,34567,0.625
3,Mis,Rest,39.9383749961853,0.5928571428571429,1.0,"(280, 64, 500)","(112, 64, 500)",12,34567,0.5964285714285714
