participant,class1,class2,running_time,test_acc,train_acc,test_size,train_size,train_block,test_block,test_acc_vote
6,Hand,Rest,38.670881032943726,0.6928571428571428,1.0,"(280, 64, 500)","(112, 64, 500)",12,34567,0.6892857142857143
6,Feet,Rest,38.63304090499878,0.6285714285714286,1.0,"(280, 64, 500)","(112, 64, 500)",12,34567,0.6357142857142857
6,Tongue,Rest,39.980056047439575,0.6,1.0,"(280, 64, 500)","(112, 64, 500)",12,34567,0.5821428571428571
6,Mis,Rest,40.316001892089844,0.525,1.0,"(280, 64, 500)","(112, 64, 500)",12,34567,0.525
