participant,class1,class2,running_time,test_acc,train_acc,test_size,train_size,train_block,test_block,test_acc_vote
7,Hand,Rest,38.838000774383545,0.6857142857142857,1.0,"(280, 64, 500)","(112, 64, 500)",12,34567,0.7214285714285714
7,Feet,Rest,38.67636275291443,0.6392857142857142,1.0,"(280, 64, 500)","(112, 64, 500)",12,34567,0.6785714285714286
7,Tongue,Rest,40.23838686943054,0.5642857142857143,1.0,"(280, 64, 500)","(112, 64, 500)",12,34567,0.5607142857142857
7,Mis,Rest,40.018726110458374,0.5464285714285714,1.0,"(280, 64, 500)","(112, 64, 500)",12,34567,0.55
