participant,class1,class2,running_time,test_acc,train_acc,test_size,train_size,train_block,test_block,test_acc_vote
9,Hand,Rest,38.75664710998535,0.7321428571428571,1.0,"(280, 64, 500)","(112, 64, 500)",12,34567,0.725
9,Feet,Rest,39.18205428123474,0.7535714285714286,1.0,"(280, 64, 500)","(112, 64, 500)",12,34567,0.7285714285714286
9,Tongue,Rest,40.441689014434814,0.4464285714285714,1.0,"(280, 64, 500)","(112, 64, 500)",12,34567,0.4035714285714286
9,Mis,Rest,40.64468455314636,0.5,1.0,"(280, 64, 500)","(112, 64, 500)",12,34567,0.5
