participant,class1,class2,running_time,test_acc,train_acc,test_size,train_size,train_block,test_block,test_acc_vote
10,Hand,Rest,32.3724160194397,0.7142857142857143,1.0,"(56, 64, 1000)","(56, 64, 1000)",12,67,0.6785714285714286
10,Feet,Rest,31.98772549629211,0.5178571428571429,1.0,"(56, 64, 1000)","(56, 64, 1000)",12,67,0.5714285714285714
10,Tongue,Rest,32.59418845176697,0.5,1.0,"(56, 64, 1000)","(56, 64, 1000)",12,67,0.5
10,Mis,Rest,32.32274794578552,0.6607142857142857,1.0,"(56, 64, 1000)","(56, 64, 1000)",12,67,0.6428571428571428
