participant,class1,class2,running_time,test_acc,train_acc,test_size,train_size,train_block,test_block,test_acc_vote
13,Hand,Rest,32.18844723701477,0.5892857142857143,1.0,"(56, 64, 1000)","(56, 64, 1000)",12,67,0.5535714285714286
13,Feet,Rest,32.060362100601196,0.6428571428571429,1.0,"(56, 64, 1000)","(56, 64, 1000)",12,67,0.5535714285714286
13,Tongue,Rest,32.20724320411682,0.6428571428571429,1.0,"(56, 64, 1000)","(56, 64, 1000)",12,67,0.5714285714285714
13,Mis,Rest,31.468215227127075,0.6071428571428571,1.0,"(56, 64, 1000)","(56, 64, 1000)",12,67,0.625
