participant,class1,class2,running_time,test_acc,train_acc,test_size,train_size,train_block,test_block,test_acc_vote
14,Hand,Rest,31.3729305267334,0.8928571428571429,1.0,"(56, 64, 1000)","(56, 64, 1000)",12,67,0.8571428571428572
14,Feet,Rest,31.375457286834717,0.7857142857142857,1.0,"(56, 64, 1000)","(56, 64, 1000)",12,67,0.7321428571428572
14,Tongue,Rest,31.760860681533813,0.6785714285714286,1.0,"(56, 64, 1000)","(56, 64, 1000)",12,67,0.6785714285714286
14,Mis,Rest,32.388431787490845,0.5178571428571429,1.0,"(56, 64, 1000)","(56, 64, 1000)",12,67,0.5178571428571428
