participant,class1,class2,running_time,test_acc,train_acc,test_size,train_size,train_block,test_block,test_acc_vote
16,Hand,Rest,32.275630235672,0.5357142857142857,1.0,"(56, 64, 1000)","(56, 64, 1000)",12,67,0.5178571428571428
16,Feet,Rest,32.33016562461853,0.5714285714285714,1.0,"(56, 64, 1000)","(56, 64, 1000)",12,67,0.6071428571428572
16,Tongue,Rest,31.774885654449463,0.6428571428571429,1.0,"(56, 64, 1000)","(56, 64, 1000)",12,67,0.625
16,Mis,Rest,32.305726051330566,0.42857142857142855,1.0,"(56, 64, 1000)","(56, 64, 1000)",12,67,0.4464285714285714
