participant,class1,class2,running_time,test_acc,train_acc,test_size,train_size,train_block,test_block,test_acc_vote
18,Hand,Rest,31.58761310577393,0.5,1.0,"(56, 64, 1000)","(56, 64, 1000)",12,67,0.5
18,Feet,Rest,31.798086404800415,0.5357142857142857,1.0,"(56, 64, 1000)","(56, 64, 1000)",12,67,0.4821428571428571
18,Tongue,Rest,31.694570302963257,0.6428571428571429,1.0,"(56, 64, 1000)","(56, 64, 1000)",12,67,0.6071428571428572
18,Mis,Rest,31.651305198669434,0.7142857142857143,1.0,"(56, 64, 1000)","(56, 64, 1000)",12,67,0.6964285714285714
