participant,class1,class2,running_time,test_acc,train_acc,test_size,train_size,train_block,test_block,test_acc_vote
3,Hand,Rest,31.238474369049072,0.6785714285714286,1.0,"(56, 64, 1000)","(56, 64, 1000)",12,67,0.625
3,Feet,Rest,31.11705446243286,0.5178571428571429,1.0,"(56, 64, 1000)","(56, 64, 1000)",12,67,0.4464285714285714
3,Tongue,Rest,31.121506690979004,0.5357142857142857,1.0,"(56, 64, 1000)","(56, 64, 1000)",12,67,0.5178571428571428
3,Mis,Rest,31.82234811782837,0.7142857142857143,1.0,"(56, 64, 1000)","(56, 64, 1000)",12,67,0.6607142857142857
