class,test_acc,vote_acc
Hand,0.7428571428571429,0.778125
Feet,0.7308035714285714,0.7553571428571428
Tongue,0.6879464285714286,0.7254464285714286
Mis,0.6915178571428572,0.7191964285714285
