participant,class1,class2,running_time,test_acc,train_acc,test_size,train_size,train_block,test_block,test_acc_vote
11,Hand,Rest,159.6825931072235,0.7901785714285714,1.0,"(224, 64, 250)","(560, 64, 250)",12345,67,0.8303571428571428
11,Feet,Rest,169.5480523109436,0.8883928571428571,1.0,"(224, 64, 250)","(560, 64, 250)",12345,67,0.9196428571428572
11,Tongue,Rest,136.7362813949585,0.6696428571428571,1.0,"(224, 64, 250)","(560, 64, 250)",12345,67,0.6830357142857143
11,Mis,Rest,176.2964563369751,0.6607142857142857,1.0,"(224, 64, 250)","(560, 64, 250)",12345,67,0.7276785714285714
