participant,class1,class2,running_time,test_acc,train_acc,test_size,train_size,train_block,test_block,test_acc_vote
13,Hand,Rest,182.1692934036255,0.65625,1.0,"(224, 64, 250)","(560, 64, 250)",12345,67,0.6383928571428572
13,Feet,Rest,173.53139805793762,0.7544642857142857,1.0,"(224, 64, 250)","(560, 64, 250)",12345,67,0.7767857142857143
13,Tongue,Rest,160.08322620391846,0.7678571428571429,1.0,"(224, 64, 250)","(560, 64, 250)",12345,67,0.7857142857142857
13,Mis,Rest,172.76491832733154,0.7098214285714286,1.0,"(224, 64, 250)","(560, 64, 250)",12345,67,0.7589285714285714
