participant,class1,class2,running_time,test_acc,train_acc,test_size,train_size,train_block,test_block,test_acc_vote
14,Hand,Rest,159.9627604484558,0.8303571428571429,1.0,"(224, 64, 250)","(560, 64, 250)",12345,67,0.8526785714285714
14,Feet,Rest,142.22228503227234,0.71875,1.0,"(224, 64, 250)","(560, 64, 250)",12345,67,0.7455357142857143
14,Tongue,Rest,157.69824814796448,0.6607142857142857,1.0,"(224, 64, 250)","(560, 64, 250)",12345,67,0.7098214285714286
14,Mis,Rest,165.93360042572021,0.6428571428571429,1.0,"(224, 64, 250)","(560, 64, 250)",12345,67,0.7053571428571428
