participant,class1,class2,running_time,test_acc,train_acc,test_size,train_size,train_block,test_block,test_acc_vote
3,Hand,Rest,118.9055745601654,0.7098214285714286,1.0,"(224, 64, 250)","(560, 64, 250)",12345,67,0.7901785714285714
3,Feet,Rest,142.52621459960938,0.6071428571428571,1.0,"(224, 64, 250)","(560, 64, 250)",12345,67,0.6160714285714286
3,Tongue,Rest,133.82274436950684,0.6383928571428571,1.0,"(224, 64, 250)","(560, 64, 250)",12345,67,0.6428571428571428
3,Mis,Rest,128.19299411773682,0.78125,1.0,"(224, 64, 250)","(560, 64, 250)",12345,67,0.8303571428571428
