participant,class1,class2,running_time,test_acc,train_acc,test_size,train_size,train_block,test_block,test_acc_vote
6,Hand,Rest,97.17083477973938,0.7008928571428571,1.0,"(224, 64, 250)","(560, 64, 250)",12345,67,0.7455357142857143
6,Feet,Rest,119.16519355773926,0.6875,1.0,"(224, 64, 250)","(560, 64, 250)",12345,67,0.7232142857142857
6,Tongue,Rest,142.4270098209381,0.6741071428571429,1.0,"(224, 64, 250)","(560, 64, 250)",12345,67,0.7232142857142857
6,Mis,Rest,116.74701690673828,0.6383928571428571,1.0,"(224, 64, 250)","(560, 64, 250)",12345,67,0.6741071428571428
