participant,class1,class2,running_time,test_acc,train_acc,test_size,train_size,train_block,test_block,test_acc_vote
7,Hand,Rest,127.76860332489014,0.7455357142857143,1.0,"(224, 64, 250)","(560, 64, 250)",12345,67,0.7946428571428572
7,Feet,Rest,101.6245265007019,0.7589285714285714,1.0,"(224, 64, 250)","(560, 64, 250)",12345,67,0.8169642857142857
7,Tongue,Rest,134.43154430389404,0.6919642857142857,1.0,"(224, 64, 250)","(560, 64, 250)",12345,67,0.7633928571428572
7,Mis,Rest,141.89206314086914,0.6205357142857143,1.0,"(224, 64, 250)","(560, 64, 250)",12345,67,0.625
