participant,class1,class2,running_time,test_acc,train_acc,test_size,train_size,train_block,test_block,test_acc_vote
9,Hand,Rest,144.477130651474,0.7901785714285714,1.0,"(224, 64, 250)","(560, 64, 250)",12345,67,0.84375
9,Feet,Rest,150.40635561943054,0.8348214285714286,1.0,"(224, 64, 250)","(560, 64, 250)",12345,67,0.8571428571428572
9,Tongue,Rest,157.8256254196167,0.71875,1.0,"(224, 64, 250)","(560, 64, 250)",12345,67,0.7767857142857143
9,Mis,Rest,158.49540781974792,0.7321428571428571,1.0,"(224, 64, 250)","(560, 64, 250)",12345,67,0.7366071428571428
