participant,class1,class2,running_time,test_acc,train_acc,test_size,train_size,train_block,test_block,test_acc_vote
10,Hand,Rest,59.53646183013916,0.7857142857142857,0.8142857142857143,"(56, 64, 1000)","(140, 64, 1000)",12345,67,0.75
10,Feet,Rest,59.091339349746704,0.6607142857142857,0.8928571428571429,"(56, 64, 1000)","(140, 64, 1000)",12345,67,0.6607142857142857
10,Tongue,Rest,59.86285591125488,0.6607142857142857,0.9285714285714286,"(56, 64, 1000)","(140, 64, 1000)",12345,67,0.5892857142857143
10,Mis,Rest,59.88634657859802,0.75,0.9071428571428571,"(56, 64, 1000)","(140, 64, 1000)",12345,67,0.7142857142857143
