participant,class1,class2,running_time,test_acc,train_acc,test_size,train_size,train_block,test_block,test_acc_vote
4,Hand,Rest,58.105916023254395,0.875,0.9428571428571428,"(56, 64, 1000)","(140, 64, 1000)",12345,67,0.8392857142857143
4,Feet,Rest,57.81633138656616,0.8571428571428571,0.8642857142857143,"(56, 64, 1000)","(140, 64, 1000)",12345,67,0.8035714285714286
4,Tongue,Rest,61.20537281036377,0.7857142857142857,0.9,"(56, 64, 1000)","(140, 64, 1000)",12345,67,0.7321428571428572
4,Mis,Rest,59.78759264945984,0.6607142857142857,0.8857142857142857,"(56, 64, 1000)","(140, 64, 1000)",12345,67,0.625
