participant,class1,class2,running_time,test_acc,train_acc,test_size,train_size,train_block,test_block,test_acc_vote
11,Hand,Rest,140.30901217460632,0.7706422018348624,1.0,"(218, 64, 1000)","(545, 64, 1000)",12345,67,0.7844036697247706
11,Feet,Rest,141.57208108901978,0.8807339449541285,1.0,"(218, 64, 1000)","(545, 64, 1000)",12345,67,0.8807339449541285
11,Tongue,Rest,142.33886671066284,0.6605504587155964,1.0,"(218, 64, 1000)","(545, 64, 1000)",12345,67,0.6880733944954128
11,Mis,Rest,142.0600712299347,0.6055045871559633,1.0,"(218, 64, 1000)","(545, 64, 1000)",12345,67,0.6284403669724771
