participant,class1,class2,running_time,test_acc,train_acc,test_size,train_size,train_block,test_block,test_acc_vote
9,Hand,Rest,141.2965567111969,0.8577981651376146,1.0,"(218, 64, 1000)","(545, 64, 1000)",12345,67,0.8669724770642202
9,Feet,Rest,139.68799114227295,0.8027522935779816,1.0,"(218, 64, 1000)","(545, 64, 1000)",12345,67,0.8165137614678899
9,Tongue,Rest,142.50699257850647,0.6788990825688074,0.9944954128440368,"(218, 64, 1000)","(545, 64, 1000)",12345,67,0.6788990825688073
9,Mis,Rest,144.0278468132019,0.7155963302752294,0.9926605504587156,"(218, 64, 1000)","(545, 64, 1000)",12345,67,0.7293577981651376
