participant,class1,class2,running_time,test_acc,train_acc,test_size,train_size,train_block,test_block,test_acc_vote
4,Hand,Rest,57.53334426879883,0.8035714285714286,0.9928571428571428,"(56, 64, 1000)","(140, 64, 1000)",12345,67,0.75
4,Feet,Rest,56.19967436790466,0.9285714285714286,1.0,"(56, 64, 1000)","(140, 64, 1000)",12345,67,0.9107142857142856
4,Tongue,Rest,56.970672607421875,0.7857142857142857,1.0,"(56, 64, 1000)","(140, 64, 1000)",12345,67,0.75
4,Mis,Rest,59.26887226104736,0.6428571428571429,1.0,"(56, 64, 1000)","(140, 64, 1000)",12345,67,0.6071428571428572
