participant,class1,class2,running_time,test_acc,train_acc,test_size,train_size,train_block,test_block,test_acc_vote
9,Hand,Rest,56.51524257659912,0.9285714285714286,1.0,"(56, 64, 1000)","(140, 64, 1000)",12345,67,0.8928571428571429
9,Feet,Rest,55.894365072250366,0.9285714285714286,1.0,"(56, 64, 1000)","(140, 64, 1000)",12345,67,0.875
9,Tongue,Rest,56.21605896949768,0.8214285714285714,1.0,"(56, 64, 1000)","(140, 64, 1000)",12345,67,0.6964285714285714
9,Mis,Rest,57.79256057739258,0.7857142857142857,1.0,"(56, 64, 1000)","(140, 64, 1000)",12345,67,0.7678571428571428
