class,test_acc,vote_acc
Hand,0.7075892857142856,0.6982142857142857
Feet,0.7165178571428571,0.7080357142857142
Tongue,0.646875,0.6441964285714286
Mis,0.6549107142857142,0.6544642857142856
