participant,class1,class2,running_time,test_acc,train_acc,test_size,train_size,train_block,test_block,test_acc_vote
10,Hand,Rest,77.98052453994751,0.59375,1.0,"(224, 64, 500)","(168, 64, 500)",123,4567,0.5758928571428572
10,Feet,Rest,77.88638758659363,0.59375,1.0,"(224, 64, 500)","(168, 64, 500)",123,4567,0.5982142857142857
10,Tongue,Rest,83.8595621585846,0.5089285714285714,1.0,"(224, 64, 500)","(168, 64, 500)",123,4567,0.5089285714285714
10,Mis,Rest,82.90966176986694,0.6339285714285714,1.0,"(224, 64, 500)","(168, 64, 500)",123,4567,0.6116071428571428
