participant,class1,class2,running_time,test_acc,train_acc,test_size,train_size,train_block,test_block,test_acc_vote
14,Hand,Rest,87.2481369972229,0.8258928571428571,1.0,"(224, 64, 500)","(168, 64, 500)",123,4567,0.78125
14,Feet,Rest,83.87713122367859,0.6294642857142857,1.0,"(224, 64, 500)","(168, 64, 500)",123,4567,0.5758928571428572
14,Tongue,Rest,81.6598858833313,0.5625,1.0,"(224, 64, 500)","(168, 64, 500)",123,4567,0.5357142857142857
14,Mis,Rest,80.74995183944702,0.6026785714285714,1.0,"(224, 64, 500)","(168, 64, 500)",123,4567,0.6383928571428572
