participant,class1,class2,running_time,test_acc,train_acc,test_size,train_size,train_block,test_block,test_acc_vote
5,Hand,Rest,83.44421768188477,0.5892857142857143,1.0,"(224, 64, 500)","(168, 64, 500)",123,4567,0.5892857142857143
5,Feet,Rest,78.56051778793335,0.6607142857142857,1.0,"(224, 64, 500)","(168, 64, 500)",123,4567,0.6205357142857143
5,Tongue,Rest,76.50727391242981,0.8080357142857143,1.0,"(224, 64, 500)","(168, 64, 500)",123,4567,0.8348214285714286
5,Mis,Rest,78.59879755973816,0.5,1.0,"(224, 64, 500)","(168, 64, 500)",123,4567,0.5089285714285714
