participant,class1,class2,running_time,test_acc,train_acc,test_size,train_size,train_block,test_block,test_acc_vote
6,Hand,Rest,79.6234941482544,0.6875,1.0,"(224, 64, 500)","(168, 64, 500)",123,4567,0.7053571428571428
6,Feet,Rest,73.82219982147217,0.6651785714285714,1.0,"(224, 64, 500)","(168, 64, 500)",123,4567,0.6696428571428572
6,Tongue,Rest,86.8135416507721,0.5714285714285714,1.0,"(224, 64, 500)","(168, 64, 500)",123,4567,0.5625
6,Mis,Rest,75.91945004463196,0.6160714285714286,1.0,"(224, 64, 500)","(168, 64, 500)",123,4567,0.59375
