participant,class1,class2,running_time,test_acc,train_acc,test_size,train_size,train_block,test_block,test_acc_vote
9,Hand,Rest,75.74523568153381,0.8392857142857143,1.0,"(224, 64, 500)","(168, 64, 500)",123,4567,0.8258928571428572
9,Feet,Rest,74.44418978691101,0.8928571428571429,1.0,"(224, 64, 500)","(168, 64, 500)",123,4567,0.8883928571428571
9,Tongue,Rest,79.6856369972229,0.6919642857142857,1.0,"(224, 64, 500)","(168, 64, 500)",123,4567,0.7098214285714286
9,Mis,Rest,82.50927352905273,0.6026785714285714,1.0,"(224, 64, 500)","(168, 64, 500)",123,4567,0.6160714285714286
