participant,class1,class2,running_time,test_acc,train_acc,test_size,train_size,train_block,test_block,test_acc_vote
13,Hand,Rest,51.567145586013794,0.5059523809523809,1.0,"(168, 64, 1000)","(28, 64, 1000)",1,234567,0.494047619047619
13,Feet,Rest,52.913641929626465,0.4821428571428571,1.0,"(168, 64, 1000)","(28, 64, 1000)",1,234567,0.5059523809523809
13,Tongue,Rest,54.11767840385437,0.5357142857142857,1.0,"(168, 64, 1000)","(28, 64, 1000)",1,234567,0.5476190476190477
13,Mis,Rest,53.7610809803009,0.5714285714285714,1.0,"(168, 64, 1000)","(28, 64, 1000)",1,234567,0.5476190476190477
