participant,class1,class2,running_time,test_acc,train_acc,test_size,train_size,train_block,test_block,test_acc_vote
13,Hand,Rest,36.48595452308655,0.5848214285714286,1.0,"(224, 64, 250)","(112, 64, 250)",1,67,0.6160714285714286
13,Feet,Rest,36.566386699676514,0.6205357142857143,1.0,"(224, 64, 250)","(112, 64, 250)",1,67,0.6205357142857143
13,Tongue,Rest,36.29880976676941,0.5357142857142857,1.0,"(224, 64, 250)","(112, 64, 250)",1,67,0.5491071428571428
13,Mis,Rest,36.54639148712158,0.5044642857142857,1.0,"(224, 64, 250)","(112, 64, 250)",1,67,0.5089285714285714
