participant,class1,class2,running_time,test_acc,train_acc,test_size,train_size,train_block,test_block,test_acc_vote
19,Hand,Rest,37.26164174079895,0.4910714285714285,1.0,"(224, 64, 250)","(112, 64, 250)",1,67,0.4910714285714286
19,Feet,Rest,36.53497076034546,0.5446428571428571,1.0,"(224, 64, 250)","(112, 64, 250)",1,67,0.5580357142857143
19,Tongue,Rest,36.3525505065918,0.53125,1.0,"(224, 64, 250)","(112, 64, 250)",1,67,0.53125
19,Mis,Rest,36.33979272842407,0.5357142857142857,1.0,"(224, 64, 250)","(112, 64, 250)",1,67,0.5401785714285714
