participant,class1,class2,running_time,test_acc,train_acc,test_size,train_size,train_block,test_block,test_acc_vote
5,Hand,Rest,36.251978397369385,0.5,1.0,"(224, 64, 250)","(112, 64, 250)",1,67,0.4955357142857143
5,Feet,Rest,36.699480056762695,0.5535714285714286,1.0,"(224, 64, 250)","(112, 64, 250)",1,67,0.5267857142857143
5,Tongue,Rest,36.37999224662781,0.5758928571428571,1.0,"(224, 64, 250)","(112, 64, 250)",1,67,0.5982142857142857
5,Mis,Rest,36.699257135391235,0.5133928571428571,1.0,"(224, 64, 250)","(112, 64, 250)",1,67,0.5089285714285714
