participant,class1,class2,running_time,test_acc,train_acc,test_size,train_size,train_block,test_block,test_acc_vote
7,Hand,Rest,36.94779944419861,0.5401785714285714,1.0,"(224, 64, 250)","(112, 64, 250)",1,67,0.5892857142857143
7,Feet,Rest,36.8850634098053,0.53125,1.0,"(224, 64, 250)","(112, 64, 250)",1,67,0.5133928571428572
7,Tongue,Rest,36.48077368736267,0.5401785714285714,1.0,"(224, 64, 250)","(112, 64, 250)",1,67,0.5089285714285714
7,Mis,Rest,36.429879903793335,0.5580357142857143,1.0,"(224, 64, 250)","(112, 64, 250)",1,67,0.5446428571428572
