participant,class1,class2,running_time,test_acc,train_acc,test_size,train_size,train_block,test_block,test_acc_vote
9,Hand,Rest,36.72912788391113,0.6160714285714286,1.0,"(224, 64, 250)","(112, 64, 250)",1,67,0.6607142857142857
9,Feet,Rest,37.063119649887085,0.5535714285714286,1.0,"(224, 64, 250)","(112, 64, 250)",1,67,0.5758928571428572
9,Tongue,Rest,36.50385808944702,0.5,1.0,"(224, 64, 250)","(112, 64, 250)",1,67,0.4732142857142857
9,Mis,Rest,37.034279584884644,0.5089285714285714,1.0,"(224, 64, 250)","(112, 64, 250)",1,67,0.5357142857142857
