participant,class1,class2,running_time,test_acc,train_acc,test_size,train_size,train_block,test_block,test_acc_vote
11,Hand,Rest,55.49501848220825,0.9404761904761904,1.0,"(84, 64, 1000)","(112, 64, 1000)",1234,567,0.9642857142857144
11,Feet,Rest,55.25729274749756,0.9285714285714286,1.0,"(84, 64, 1000)","(112, 64, 1000)",1234,567,0.9285714285714286
11,Tongue,Rest,57.12445902824402,0.6428571428571429,1.0,"(84, 64, 1000)","(112, 64, 1000)",1234,567,0.6190476190476191
11,Mis,Rest,56.735352754592896,0.7023809523809523,1.0,"(84, 64, 1000)","(112, 64, 1000)",1234,567,0.6428571428571428
