participant,class1,class2,running_time,test_acc,train_acc,test_size,train_size,train_block,test_block,test_acc_vote
13,Hand,Rest,56.35945534706116,0.6547619047619048,1.0,"(84, 64, 1000)","(112, 64, 1000)",1234,567,0.6071428571428572
13,Feet,Rest,57.233189821243286,0.7738095238095238,1.0,"(84, 64, 1000)","(112, 64, 1000)",1234,567,0.8333333333333334
13,Tongue,Rest,57.03751516342163,0.7857142857142857,1.0,"(84, 64, 1000)","(112, 64, 1000)",1234,567,0.7738095238095238
13,Mis,Rest,57.41457724571228,0.7857142857142857,1.0,"(84, 64, 1000)","(112, 64, 1000)",1234,567,0.7619047619047619
