participant,class1,class2,running_time,test_acc,train_acc,test_size,train_size,train_block,test_block,test_acc_vote
4,Hand,Rest,51.43618321418762,0.8273809523809523,1.0,"(168, 64, 1000)","(28, 64, 1000)",1,234567,0.8154761904761905
4,Feet,Rest,51.75093197822571,0.7440476190476191,1.0,"(168, 64, 1000)","(28, 64, 1000)",1,234567,0.7261904761904762
4,Tongue,Rest,53.638699769973755,0.5535714285714286,1.0,"(168, 64, 1000)","(28, 64, 1000)",1,234567,0.5595238095238095
4,Mis,Rest,52.31113600730896,0.5773809523809523,0.9642857142857143,"(168, 64, 1000)","(28, 64, 1000)",1,234567,0.5297619047619048
