participant,class1,class2,running_time,test_acc,train_acc,test_size,train_size,train_block,test_block,test_acc_vote
11,Hand,Rest,43.12598991394043,0.8243243243243243,0.963963963963964,"(222, 64, 500)","(222, 64, 500)",12,67,0.8288288288288288
11,Feet,Rest,41.82288098335266,0.8513513513513513,0.963963963963964,"(222, 64, 500)","(222, 64, 500)",12,67,0.8873873873873874
11,Tongue,Rest,42.28835606575012,0.5405405405405406,0.9864864864864864,"(222, 64, 500)","(222, 64, 500)",12,67,0.5585585585585586
11,Mis,Rest,43.415061712265015,0.6036036036036037,0.9864864864864865,"(222, 64, 500)","(222, 64, 500)",12,67,0.6126126126126126
