participant,class1,class2,running_time,test_acc,train_acc,test_size,train_size,train_block,test_block,test_acc_vote
16,Hand,Rest,57.52292227745056,0.5720720720720721,0.9954954954954957,"(222, 64, 500)","(222, 64, 500)",12,67,0.5495495495495495
16,Feet,Rest,43.19257640838623,0.6441441441441441,0.9864864864864864,"(222, 64, 500)","(222, 64, 500)",12,67,0.6801801801801801
16,Tongue,Rest,42.38010263442993,0.7117117117117117,0.9684684684684683,"(222, 64, 500)","(222, 64, 500)",12,67,0.7567567567567568
16,Mis,Rest,57.72232103347778,0.6846846846846847,0.9774774774774775,"(222, 64, 500)","(222, 64, 500)",12,67,0.7117117117117118
