participant,class1,class2,running_time,test_acc,train_acc,test_size,train_size,train_block,test_block,test_acc_vote
17,Hand,Rest,50.69766283035278,0.7252252252252253,0.9054054054054054,"(222, 64, 500)","(222, 64, 500)",12,67,0.7342342342342343
17,Feet,Rest,44.477068185806274,0.6801801801801802,0.9009009009009008,"(222, 64, 500)","(222, 64, 500)",12,67,0.6891891891891893
17,Tongue,Rest,43.584094285964966,0.7747747747747747,0.9594594594594594,"(222, 64, 500)","(222, 64, 500)",12,67,0.8153153153153153
17,Mis,Rest,42.442469358444214,0.545045045045045,0.963963963963964,"(222, 64, 500)","(222, 64, 500)",12,67,0.5675675675675675
