participant,class1,class2,running_time,test_acc,train_acc,test_size,train_size,train_block,test_block,test_acc_vote
18,Hand,Rest,42.63010334968567,0.545045045045045,0.945945945945946,"(222, 64, 500)","(222, 64, 500)",12,67,0.5405405405405406
18,Feet,Rest,42.902907609939575,0.6576576576576577,0.945945945945946,"(222, 64, 500)","(222, 64, 500)",12,67,0.6621621621621622
18,Tongue,Rest,42.06348204612732,0.7522522522522522,0.9774774774774776,"(222, 64, 500)","(222, 64, 500)",12,67,0.7927927927927928
18,Mis,Rest,43.52313494682312,0.5765765765765766,0.9864864864864865,"(222, 64, 500)","(222, 64, 500)",12,67,0.5810810810810811
