participant,class1,class2,running_time,test_acc,train_acc,test_size,train_size,train_block,test_block,test_acc_vote
19,Hand,Rest,41.847869873046875,0.7072072072072072,0.9774774774774776,"(222, 64, 500)","(222, 64, 500)",12,67,0.7432432432432432
19,Feet,Rest,42.13113880157471,0.5990990990990991,0.9774774774774776,"(222, 64, 500)","(222, 64, 500)",12,67,0.6171171171171171
19,Tongue,Rest,42.6295313835144,0.6891891891891891,0.9684684684684683,"(222, 64, 500)","(222, 64, 500)",12,67,0.7072072072072072
19,Mis,Rest,56.04419994354248,0.7117117117117117,0.972972972972973,"(222, 64, 500)","(222, 64, 500)",12,67,0.7252252252252251
