participant,class1,class2,running_time,test_acc,train_acc,test_size,train_size,train_block,test_block,test_acc_vote
3,Hand,Rest,57.3247594833374,0.6171171171171171,0.9504504504504504,"(222, 64, 500)","(222, 64, 500)",12,67,0.6306306306306306
3,Feet,Rest,46.078216791152954,0.5945945945945946,0.9774774774774776,"(222, 64, 500)","(222, 64, 500)",12,67,0.5765765765765766
3,Tongue,Rest,42.1562716960907,0.5585585585585585,0.9774774774774776,"(222, 64, 500)","(222, 64, 500)",12,67,0.5405405405405406
3,Mis,Rest,42.18342351913452,0.5855855855855856,0.9774774774774775,"(222, 64, 500)","(222, 64, 500)",12,67,0.6171171171171171
