participant,class1,class2,running_time,test_acc,train_acc,test_size,train_size,train_block,test_block,test_acc_vote
7,Hand,Rest,65.36699843406677,0.7342342342342343,0.981981981981982,"(222, 64, 500)","(222, 64, 500)",12,67,0.7387387387387387
7,Feet,Rest,48.37504291534424,0.6621621621621622,0.981981981981982,"(222, 64, 500)","(222, 64, 500)",12,67,0.6711711711711712
7,Tongue,Rest,42.42400145530701,0.5675675675675675,0.9864864864864864,"(222, 64, 500)","(222, 64, 500)",12,67,0.5900900900900901
7,Mis,Rest,41.695858001708984,0.6891891891891891,0.9504504504504504,"(222, 64, 500)","(222, 64, 500)",12,67,0.7477477477477478
