participant,class1,class2,running_time,test_acc,train_acc,test_size,train_size,train_block,test_block,test_acc_vote
9,Hand,Rest,43.07258319854736,0.8513513513513513,0.9504504504504504,"(222, 64, 500)","(222, 64, 500)",12,67,0.8873873873873874
9,Feet,Rest,42.53713321685791,0.5630630630630631,0.9864864864864864,"(222, 64, 500)","(222, 64, 500)",12,67,0.5765765765765766
9,Tongue,Rest,42.25892281532288,0.4594594594594595,0.9864864864864864,"(222, 64, 500)","(222, 64, 500)",12,67,0.4504504504504504
9,Mis,Rest,48.06547451019287,0.6666666666666666,0.9864864864864865,"(222, 64, 500)","(222, 64, 500)",12,67,0.6981981981981982
