participant,class1,class2,running_time,test_acc,train_acc,test_size,train_size,train_block,test_block,test_acc_vote
7,Hand,Rest,125.70565676689148,0.8012232415902141,1.0,"(327, 64, 1000)","(436, 64, 1000)",1234,567,0.8256880733944953
7,Feet,Rest,123.44686937332152,0.8409785932721713,1.0,"(327, 64, 1000)","(436, 64, 1000)",1234,567,0.8623853211009174
7,Tongue,Rest,135.54398012161255,0.7217125382262997,1.0,"(327, 64, 1000)","(436, 64, 1000)",1234,567,0.7370030581039755
7,Mis,Rest,132.42435956001282,0.7492354740061162,1.0,"(327, 64, 1000)","(436, 64, 1000)",1234,567,0.7584097859327217
