participant,class1,class2,running_time,test_acc,train_acc,test_size,train_size,train_block,test_block,test_acc_vote
9,Hand,Rest,123.91100239753725,0.8165137614678899,1.0,"(327, 64, 1000)","(436, 64, 1000)",1234,567,0.8287461773700306
9,Feet,Rest,126.1985514163971,0.8807339449541285,1.0,"(327, 64, 1000)","(436, 64, 1000)",1234,567,0.8807339449541285
9,Tongue,Rest,139.0928156375885,0.7308868501529052,1.0,"(327, 64, 1000)","(436, 64, 1000)",1234,567,0.7308868501529052
9,Mis,Rest,128.72194695472717,0.7522935779816514,1.0,"(327, 64, 1000)","(436, 64, 1000)",1234,567,0.7737003058103975
