participant,class1,class2,running_time,test_acc,train_acc,test_size,train_size,train_block,test_block,test_acc_vote
19,Hand,Rest,38.91319274902344,0.875,0.9732142857142856,"(56, 64, 1000)","(112, 64, 1000)",1234,67,0.8214285714285714
19,Feet,Rest,38.27035689353943,0.6607142857142857,0.9821428571428572,"(56, 64, 1000)","(112, 64, 1000)",1234,67,0.6071428571428572
19,Tongue,Rest,38.315277338027954,0.8571428571428571,0.9464285714285714,"(56, 64, 1000)","(112, 64, 1000)",1234,67,0.7857142857142857
19,Mis,Rest,38.24097919464111,0.7321428571428571,0.9732142857142857,"(56, 64, 1000)","(112, 64, 1000)",1234,67,0.6607142857142857
