participant,class1,class2,running_time,test_acc,train_acc,test_size,train_size,train_block,test_block,test_acc_vote
7,Hand,Rest,38.20469331741333,0.7678571428571429,1.0,"(56, 64, 1000)","(112, 64, 1000)",1234,67,0.7321428571428572
7,Feet,Rest,38.284677267074585,0.8214285714285714,1.0,"(56, 64, 1000)","(112, 64, 1000)",1234,67,0.8035714285714286
7,Tongue,Rest,38.962095975875854,0.6964285714285714,1.0,"(56, 64, 1000)","(112, 64, 1000)",1234,67,0.7142857142857143
7,Mis,Rest,37.75484848022461,0.7857142857142857,0.9375,"(56, 64, 1000)","(112, 64, 1000)",1234,67,0.7678571428571428
