participant,class1,class2,running_time,test_acc,train_acc,test_size,train_size,train_block,test_block,test_acc_vote
10,Hand,Rest,53.38405728340149,0.6726190476190477,1.0,"(336, 64, 250)","(448, 64, 250)",1234,567,0.7232142857142857
10,Feet,Rest,52.40023064613342,0.5803571428571429,1.0,"(336, 64, 250)","(448, 64, 250)",1234,567,0.5803571428571428
10,Tongue,Rest,54.33664560317993,0.5773809523809523,1.0,"(336, 64, 250)","(448, 64, 250)",1234,567,0.5744047619047619
10,Mis,Rest,54.16102957725525,0.5297619047619048,1.0,"(336, 64, 250)","(448, 64, 250)",1234,567,0.5267857142857143
