participant,class1,class2,running_time,test_acc,train_acc,test_size,train_size,train_block,test_block,test_acc_vote
13,Hand,Rest,53.330363512039185,0.5595238095238095,1.0,"(336, 64, 250)","(448, 64, 250)",1234,567,0.5327380952380952
13,Feet,Rest,53.09369349479675,0.5922619047619048,1.0,"(336, 64, 250)","(448, 64, 250)",1234,567,0.5714285714285714
13,Tongue,Rest,54.18540954589844,0.6369047619047619,1.0,"(336, 64, 250)","(448, 64, 250)",1234,567,0.6309523809523809
13,Mis,Rest,53.91292667388916,0.6785714285714286,1.0,"(336, 64, 250)","(448, 64, 250)",1234,567,0.7202380952380952
