participant,class1,class2,running_time,test_acc,train_acc,test_size,train_size,train_block,test_block,test_acc_vote
4,Hand,Rest,54.69941782951355,0.8154761904761905,1.0,"(336, 64, 250)","(448, 64, 250)",1234,567,0.8422619047619048
4,Feet,Rest,54.36254286766052,0.7172619047619048,1.0,"(336, 64, 250)","(448, 64, 250)",1234,567,0.7529761904761905
4,Tongue,Rest,55.90612816810608,0.7113095238095238,1.0,"(336, 64, 250)","(448, 64, 250)",1234,567,0.7559523809523809
4,Mis,Rest,55.50425934791565,0.6755952380952381,1.0,"(336, 64, 250)","(448, 64, 250)",1234,567,0.6785714285714286
