participant,class1,class2,running_time,test_acc,train_acc,test_size,train_size,train_block,test_block,test_acc_vote
5,Hand,Rest,54.7538640499115,0.7053571428571429,1.0,"(336, 64, 250)","(448, 64, 250)",1234,567,0.7410714285714286
5,Feet,Rest,54.36982846260071,0.7023809523809523,1.0,"(336, 64, 250)","(448, 64, 250)",1234,567,0.7261904761904762
5,Tongue,Rest,56.26235747337341,0.6875,1.0,"(336, 64, 250)","(448, 64, 250)",1234,567,0.6934523809523809
5,Mis,Rest,55.52584886550903,0.5982142857142857,1.0,"(336, 64, 250)","(448, 64, 250)",1234,567,0.5952380952380952
