participant,class1,class2,running_time,test_acc,train_acc,test_size,train_size,train_block,test_block,test_acc_vote
6,Hand,Rest,54.68890380859375,0.6785714285714286,1.0,"(336, 64, 250)","(448, 64, 250)",1234,567,0.7172619047619048
6,Feet,Rest,54.2519896030426,0.6994047619047619,1.0,"(336, 64, 250)","(448, 64, 250)",1234,567,0.7291666666666667
6,Tongue,Rest,55.550779819488525,0.6101190476190477,1.0,"(336, 64, 250)","(448, 64, 250)",1234,567,0.6160714285714286
6,Mis,Rest,55.572458267211914,0.5625,1.0,"(336, 64, 250)","(448, 64, 250)",1234,567,0.5446428571428572
