participant,class1,class2,running_time,test_acc,train_acc,test_size,train_size,train_block,test_block,test_acc_vote
7,Hand,Rest,55.0993070602417,0.6488095238095238,1.0,"(336, 64, 250)","(448, 64, 250)",1234,567,0.6726190476190477
7,Feet,Rest,54.713505029678345,0.6309523809523809,1.0,"(336, 64, 250)","(448, 64, 250)",1234,567,0.6369047619047619
7,Tongue,Rest,55.88850021362305,0.6279761904761905,1.0,"(336, 64, 250)","(448, 64, 250)",1234,567,0.6398809523809523
7,Mis,Rest,55.52497172355652,0.5863095238095238,1.0,"(336, 64, 250)","(448, 64, 250)",1234,567,0.6041666666666667
