participant,class1,class2,running_time,test_acc,train_acc,test_size,train_size,train_block,test_block,test_acc_vote
9,Hand,Rest,53.94046092033386,0.7797619047619048,1.0,"(336, 64, 250)","(448, 64, 250)",1234,567,0.8214285714285714
9,Feet,Rest,53.19071841239929,0.8035714285714286,1.0,"(336, 64, 250)","(448, 64, 250)",1234,567,0.8511904761904762
9,Tongue,Rest,54.36655926704407,0.6785714285714286,1.0,"(336, 64, 250)","(448, 64, 250)",1234,567,0.6994047619047619
9,Mis,Rest,54.23575973510742,0.7023809523809523,1.0,"(336, 64, 250)","(448, 64, 250)",1234,567,0.7142857142857143
