participant,class1,class2,running_time,test_acc,train_acc,test_size,train_size,train_block,test_block,test_acc_vote
10,Hand,Rest,91.24063563346864,0.6339285714285714,0.9464285714285714,"(224, 64, 250)","(560, 64, 250)",12345,67,0.6607142857142857
10,Feet,Rest,89.78715419769287,0.6294642857142857,0.9785714285714284,"(224, 64, 250)","(560, 64, 250)",12345,67,0.6339285714285714
10,Tongue,Rest,91.7823281288147,0.6383928571428571,0.9553571428571428,"(224, 64, 250)","(560, 64, 250)",12345,67,0.6517857142857143
10,Mis,Rest,91.4711639881134,0.8169642857142857,0.9410714285714286,"(224, 64, 250)","(560, 64, 250)",12345,67,0.8616071428571428
