participant,class1,class2,running_time,test_acc,train_acc,test_size,train_size,train_block,test_block,test_acc_vote
6,Hand,Rest,90.10853171348572,0.6785714285714286,0.9517857142857142,"(224, 64, 250)","(560, 64, 250)",12345,67,0.7008928571428572
6,Feet,Rest,90.17957735061646,0.65625,0.9839285714285714,"(224, 64, 250)","(560, 64, 250)",12345,67,0.6517857142857143
6,Tongue,Rest,89.65470910072327,0.6339285714285714,0.9357142857142856,"(224, 64, 250)","(560, 64, 250)",12345,67,0.6919642857142857
6,Mis,Rest,89.83635568618774,0.6696428571428571,0.9446428571428571,"(224, 64, 250)","(560, 64, 250)",12345,67,0.6785714285714286
