participant,class1,class2,running_time,test_acc,train_acc,test_size,train_size,train_block,test_block,test_acc_vote
11,Hand,Rest,69.23295617103577,0.5684523809523809,1.0,"(336, 64, 500)","(56, 64, 500)",1,234567,0.5535714285714286
11,Feet,Rest,75.55701470375061,0.7797619047619048,1.0,"(336, 64, 500)","(56, 64, 500)",1,234567,0.75
11,Tongue,Rest,71.7161660194397,0.5089285714285714,1.0,"(336, 64, 500)","(56, 64, 500)",1,234567,0.5059523809523809
11,Mis,Rest,74.14567613601685,0.5952380952380952,1.0,"(336, 64, 500)","(56, 64, 500)",1,234567,0.6041666666666667
