participant,class1,class2,running_time,test_acc,train_acc,test_size,train_size,train_block,test_block,test_acc_vote
13,Hand,Rest,71.83762311935425,0.5327380952380952,1.0,"(336, 64, 500)","(56, 64, 500)",1,234567,0.5119047619047619
13,Feet,Rest,71.55118107795715,0.6130952380952381,1.0,"(336, 64, 500)","(56, 64, 500)",1,234567,0.5773809523809523
13,Tongue,Rest,69.85828828811646,0.4821428571428571,1.0,"(336, 64, 500)","(56, 64, 500)",1,234567,0.4910714285714286
13,Mis,Rest,82.95855069160461,0.5654761904761905,1.0,"(336, 64, 500)","(56, 64, 500)",1,234567,0.5327380952380952
