participant,class1,class2,running_time,test_acc,train_acc,test_size,train_size,train_block,test_block,test_acc_vote
14,Hand,Rest,70.96439599990845,0.7470238095238095,1.0,"(336, 64, 500)","(56, 64, 500)",1,234567,0.7142857142857143
14,Feet,Rest,72.97477889060974,0.5952380952380952,1.0,"(336, 64, 500)","(56, 64, 500)",1,234567,0.5803571428571428
14,Tongue,Rest,70.03394889831543,0.5119047619047619,1.0,"(336, 64, 500)","(56, 64, 500)",1,234567,0.5208333333333333
14,Mis,Rest,81.70507097244263,0.5595238095238095,1.0,"(336, 64, 500)","(56, 64, 500)",1,234567,0.5684523809523809
