participant,class1,class2,running_time,test_acc,train_acc,test_size,train_size,train_block,test_block,test_acc_vote
3,Hand,Rest,74.705007314682,0.5446428571428571,1.0,"(336, 64, 500)","(56, 64, 500)",1,234567,0.5327380952380952
3,Feet,Rest,77.02687096595764,0.5357142857142857,1.0,"(336, 64, 500)","(56, 64, 500)",1,234567,0.5238095238095238
3,Tongue,Rest,67.48695611953735,0.5892857142857143,1.0,"(336, 64, 500)","(56, 64, 500)",1,234567,0.5625
3,Mis,Rest,75.29808473587036,0.47619047619047616,1.0,"(336, 64, 500)","(56, 64, 500)",1,234567,0.46130952380952384
