participant,class1,class2,running_time,test_acc,train_acc,test_size,train_size,train_block,test_block,test_acc_vote
4,Hand,Rest,71.64306426048279,0.8095238095238095,1.0,"(336, 64, 500)","(56, 64, 500)",1,234567,0.8065476190476191
4,Feet,Rest,75.64881467819214,0.5714285714285714,1.0,"(336, 64, 500)","(56, 64, 500)",1,234567,0.5505952380952381
4,Tongue,Rest,70.76934099197388,0.5416666666666666,1.0,"(336, 64, 500)","(56, 64, 500)",1,234567,0.5238095238095238
4,Mis,Rest,70.74553775787354,0.5267857142857143,1.0,"(336, 64, 500)","(56, 64, 500)",1,234567,0.5267857142857143
