participant,class1,class2,running_time,test_acc,train_acc,test_size,train_size,train_block,test_block,test_acc_vote
5,Hand,Rest,70.7427704334259,0.5327380952380952,1.0,"(336, 64, 500)","(56, 64, 500)",1,234567,0.5178571428571428
5,Feet,Rest,73.7217025756836,0.5773809523809523,1.0,"(336, 64, 500)","(56, 64, 500)",1,234567,0.5744047619047619
5,Tongue,Rest,71.02469396591187,0.5,1.0,"(336, 64, 500)","(56, 64, 500)",1,234567,0.5059523809523809
5,Mis,Rest,69.27643132209778,0.49702380952380953,1.0,"(336, 64, 500)","(56, 64, 500)",1,234567,0.5059523809523809
