participant,class1,class2,running_time,test_acc,train_acc,test_size,train_size,train_block,test_block,test_acc_vote
6,Hand,Rest,71.94255876541138,0.5952380952380952,1.0,"(336, 64, 500)","(56, 64, 500)",1,234567,0.5833333333333333
6,Feet,Rest,71.14898490905762,0.6011904761904762,1.0,"(336, 64, 500)","(56, 64, 500)",1,234567,0.5982142857142857
6,Tongue,Rest,86.68553638458252,0.5535714285714286,1.0,"(336, 64, 500)","(56, 64, 500)",1,234567,0.5267857142857143
6,Mis,Rest,76.8881185054779,0.5208333333333334,1.0,"(336, 64, 500)","(56, 64, 500)",1,234567,0.5148809523809523
