participant,class1,class2,running_time,test_acc,train_acc,test_size,train_size,train_block,test_block,test_acc_vote
7,Hand,Rest,74.92355966567993,0.5892857142857143,1.0,"(336, 64, 500)","(56, 64, 500)",1,234567,0.5803571428571428
7,Feet,Rest,70.39206981658936,0.4613095238095238,1.0,"(336, 64, 500)","(56, 64, 500)",1,234567,0.4761904761904761
7,Tongue,Rest,71.52089262008667,0.5297619047619048,1.0,"(336, 64, 500)","(56, 64, 500)",1,234567,0.5029761904761905
7,Mis,Rest,76.06522870063782,0.49107142857142855,1.0,"(336, 64, 500)","(56, 64, 500)",1,234567,0.48809523809523814
