participant,class1,class2,running_time,test_acc,train_acc,test_size,train_size,train_block,test_block,test_acc_vote
10,Hand,Rest,54.108969926834106,0.6696428571428571,1.0,"(112, 64, 1000)","(84, 64, 1000)",123,4567,0.6428571428571428
10,Feet,Rest,54.90364909172058,0.6428571428571429,1.0,"(112, 64, 1000)","(84, 64, 1000)",123,4567,0.6428571428571428
10,Tongue,Rest,57.424142837524414,0.7321428571428571,1.0,"(112, 64, 1000)","(84, 64, 1000)",123,4567,0.6964285714285714
10,Mis,Rest,56.39740228652954,0.7410714285714286,1.0,"(112, 64, 1000)","(84, 64, 1000)",123,4567,0.7321428571428572
