participant,class1,class2,running_time,test_acc,train_acc,test_size,train_size,train_block,test_block,test_acc_vote
13,Hand,Rest,54.253884077072144,0.6875,1.0,"(112, 64, 1000)","(84, 64, 1000)",123,4567,0.6339285714285714
13,Feet,Rest,54.807220458984375,0.8392857142857143,1.0,"(112, 64, 1000)","(84, 64, 1000)",123,4567,0.8392857142857143
13,Tongue,Rest,55.94010877609253,0.8303571428571429,1.0,"(112, 64, 1000)","(84, 64, 1000)",123,4567,0.7946428571428572
13,Mis,Rest,55.665154457092285,0.75,1.0,"(112, 64, 1000)","(84, 64, 1000)",123,4567,0.6964285714285714
