participant,class1,class2,running_time,test_acc,train_acc,test_size,train_size,train_block,test_block,test_acc_vote
4,Hand,Rest,54.72019672393799,0.9196428571428572,1.0,"(112, 64, 1000)","(84, 64, 1000)",123,4567,0.9196428571428572
4,Feet,Rest,53.67130160331726,0.75,1.0,"(112, 64, 1000)","(84, 64, 1000)",123,4567,0.6964285714285714
4,Tongue,Rest,57.2631049156189,0.8303571428571429,1.0,"(112, 64, 1000)","(84, 64, 1000)",123,4567,0.7767857142857143
4,Mis,Rest,55.65632104873657,0.7767857142857143,1.0,"(112, 64, 1000)","(84, 64, 1000)",123,4567,0.7678571428571428
