participant,class1,class2,running_time,test_acc,train_acc,test_size,train_size,train_block,test_block,test_acc_vote
11,Hand,Rest,55.54832196235657,0.9404761904761904,0.9732142857142856,"(84, 64, 1000)","(112, 64, 1000)",1234,567,0.9285714285714286
11,Feet,Rest,55.55278635025024,0.9285714285714286,0.9910714285714286,"(84, 64, 1000)","(112, 64, 1000)",1234,567,0.9166666666666666
11,Tongue,Rest,58.38201117515564,0.6666666666666666,0.9464285714285714,"(84, 64, 1000)","(112, 64, 1000)",1234,567,0.5952380952380952
11,Mis,Rest,58.436840295791626,0.7976190476190477,0.9375,"(84, 64, 1000)","(112, 64, 1000)",1234,567,0.7738095238095238
