participant,class1,class2,running_time,test_acc,train_acc,test_size,train_size,train_block,test_block,test_acc_vote
5,Hand,Rest,55.37421560287475,0.6071428571428571,0.9464285714285714,"(84, 64, 1000)","(112, 64, 1000)",1234,567,0.5595238095238095
5,Feet,Rest,57.470497369766235,0.7380952380952381,0.9642857142857144,"(84, 64, 1000)","(112, 64, 1000)",1234,567,0.7619047619047619
5,Tongue,Rest,56.790698528289795,0.7976190476190477,0.9375,"(84, 64, 1000)","(112, 64, 1000)",1234,567,0.7619047619047619
5,Mis,Rest,57.038989543914795,0.6428571428571429,0.9464285714285714,"(84, 64, 1000)","(112, 64, 1000)",1234,567,0.6428571428571428
