participant,class1,class2,running_time,test_acc,train_acc,test_size,train_size,train_block,test_block,test_acc_vote
7,Hand,Rest,55.49130725860596,0.8809523809523809,0.9910714285714286,"(84, 64, 1000)","(112, 64, 1000)",1234,567,0.8690476190476191
7,Feet,Rest,56.234939098358154,0.8571428571428571,0.9285714285714286,"(84, 64, 1000)","(112, 64, 1000)",1234,567,0.8690476190476191
7,Tongue,Rest,57.10603404045105,0.7142857142857143,0.8839285714285714,"(84, 64, 1000)","(112, 64, 1000)",1234,567,0.7380952380952381
7,Mis,Rest,58.277371883392334,0.7738095238095238,0.875,"(84, 64, 1000)","(112, 64, 1000)",1234,567,0.7738095238095238
