participant,class1,class2,running_time,test_acc,train_acc,test_size,train_size,train_block,test_block,test_acc_vote
15,Hand,Rest,36.2803373336792,0.6696428571428571,1.0,"(224, 64, 250)","(112, 64, 250)",1,67,0.7008928571428572
15,Feet,Rest,37.35869574546814,0.5446428571428571,1.0,"(224, 64, 250)","(112, 64, 250)",1,67,0.5580357142857143
15,Tongue,Rest,36.53838658332825,0.6294642857142857,1.0,"(224, 64, 250)","(112, 64, 250)",1,67,0.6205357142857143
15,Mis,Rest,36.535269021987915,0.5446428571428571,1.0,"(224, 64, 250)","(112, 64, 250)",1,67,0.5446428571428572
