participant,class1,class2,running_time,test_acc,train_acc,test_size,train_size,train_block,test_block,test_acc_vote
4,Hand,Rest,36.805439710617065,0.7366071428571429,1.0,"(224, 64, 250)","(112, 64, 250)",1,67,0.7410714285714286
4,Feet,Rest,37.08596301078797,0.6919642857142857,1.0,"(224, 64, 250)","(112, 64, 250)",1,67,0.7098214285714286
4,Tongue,Rest,37.33395719528198,0.71875,1.0,"(224, 64, 250)","(112, 64, 250)",1,67,0.71875
4,Mis,Rest,37.58648943901062,0.6383928571428571,1.0,"(224, 64, 250)","(112, 64, 250)",1,67,0.6651785714285714
