participant,class1,class2,running_time,test_acc,train_acc,test_size,train_size,train_block,test_block,test_acc_vote
13,Hand,Rest,72.24319005012512,0.6100917431192661,0.944954128440367,"(218, 64, 1000)","(218, 64, 1000)",12,67,0.6009174311926606
13,Feet,Rest,71.67753887176514,0.7660550458715596,0.9724770642201837,"(218, 64, 1000)","(218, 64, 1000)",12,67,0.7660550458715596
13,Tongue,Rest,71.30084538459778,0.7018348623853211,0.9724770642201837,"(218, 64, 1000)","(218, 64, 1000)",12,67,0.6926605504587156
13,Mis,Rest,71.8114287853241,0.6788990825688074,0.9724770642201835,"(218, 64, 1000)","(218, 64, 1000)",12,67,0.6788990825688073
