participant,class1,class2,running_time,test_acc,train_acc,test_size,train_size,train_block,test_block,test_acc_vote
17,Hand,Rest,71.75038981437683,0.7155963302752294,0.9357798165137616,"(218, 64, 1000)","(218, 64, 1000)",12,67,0.7155963302752293
17,Feet,Rest,71.59731531143188,0.6743119266055045,0.9220183486238532,"(218, 64, 1000)","(218, 64, 1000)",12,67,0.6697247706422018
17,Tongue,Rest,71.65940451622009,0.6697247706422018,0.981651376146789,"(218, 64, 1000)","(218, 64, 1000)",12,67,0.6651376146788991
17,Mis,Rest,72.80292415618896,0.555045871559633,0.9495412844036697,"(218, 64, 1000)","(218, 64, 1000)",12,67,0.5412844036697247
