participant,class1,class2,running_time,test_acc,train_acc,test_size,train_size,train_block,test_block,test_acc_vote
19,Hand,Rest,72.63496780395508,0.6651376146788991,0.9724770642201837,"(218, 64, 1000)","(218, 64, 1000)",12,67,0.6743119266055047
19,Feet,Rest,72.79397106170654,0.5642201834862385,0.9678899082568808,"(218, 64, 1000)","(218, 64, 1000)",12,67,0.5779816513761468
19,Tongue,Rest,71.34792590141296,0.7752293577981652,0.9908256880733946,"(218, 64, 1000)","(218, 64, 1000)",12,67,0.7798165137614679
19,Mis,Rest,71.78370952606201,0.7293577981651376,0.963302752293578,"(218, 64, 1000)","(218, 64, 1000)",12,67,0.7385321100917431
