participant,class1,class2,running_time,test_acc,train_acc,test_size,train_size,train_block,test_block,test_acc_vote
6,Hand,Rest,71.87792992591858,0.6834862385321101,0.9770642201834864,"(218, 64, 1000)","(218, 64, 1000)",12,67,0.6880733944954128
6,Feet,Rest,71.46220993995667,0.5871559633027523,0.9724770642201837,"(218, 64, 1000)","(218, 64, 1000)",12,67,0.591743119266055
6,Tongue,Rest,71.94008898735046,0.5963302752293578,0.9541284403669724,"(218, 64, 1000)","(218, 64, 1000)",12,67,0.6009174311926606
6,Mis,Rest,71.6324028968811,0.6422018348623854,0.9678899082568807,"(218, 64, 1000)","(218, 64, 1000)",12,67,0.6513761467889908
