class,test_acc,vote_acc
Hand,0.7334821428571429,0.7625
Feet,0.6964285714285714,0.7209821428571428
Tongue,0.65,0.6611607142857142
Mis,0.6272321428571428,0.6357142857142856
