participant,class1,class2,running_time,test_acc,train_acc,test_size,train_size,train_block,test_block,test_acc_vote
10,Hand,Rest,203.27945685386655,0.6785714285714286,1.0,"(224, 64, 250)","(560, 64, 250)",12345,67,0.6875
10,Feet,Rest,205.7395565509796,0.5669642857142857,1.0,"(224, 64, 250)","(560, 64, 250)",12345,67,0.5446428571428572
10,Tongue,Rest,197.2825756072998,0.6741071428571429,1.0,"(224, 64, 250)","(560, 64, 250)",12345,67,0.6830357142857143
10,Mis,Rest,165.3072566986084,0.5401785714285714,1.0,"(224, 64, 250)","(560, 64, 250)",12345,67,0.5401785714285714
