participant,class1,class2,running_time,test_acc,train_acc,test_size,train_size,train_block,test_block,test_acc_vote
4,Hand,Rest,157.41603422164917,0.8169642857142857,1.0,"(224, 64, 250)","(560, 64, 250)",12345,67,0.8571428571428572
4,Feet,Rest,176.13050532341003,0.7053571428571429,1.0,"(224, 64, 250)","(560, 64, 250)",12345,67,0.7366071428571428
4,Tongue,Rest,173.54843735694885,0.7276785714285714,1.0,"(224, 64, 250)","(560, 64, 250)",12345,67,0.7589285714285714
4,Mis,Rest,182.22717761993408,0.6785714285714286,1.0,"(224, 64, 250)","(560, 64, 250)",12345,67,0.6741071428571428
