participant,class1,class2,running_time,test_acc,train_acc,test_size,train_size,train_block,test_block,test_acc_vote
6,Hand,Rest,179.02959370613098,0.7232142857142857,1.0,"(224, 64, 250)","(560, 64, 250)",12345,67,0.7723214285714286
6,Feet,Rest,162.97074699401855,0.6875,1.0,"(224, 64, 250)","(560, 64, 250)",12345,67,0.7410714285714286
6,Tongue,Rest,145.15043234825134,0.6339285714285714,1.0,"(224, 64, 250)","(560, 64, 250)",12345,67,0.6651785714285714
6,Mis,Rest,174.3271884918213,0.6339285714285714,1.0,"(224, 64, 250)","(560, 64, 250)",12345,67,0.6116071428571428
