participant,class1,class2,running_time,test_acc,train_acc,test_size,train_size,train_block,test_block,test_acc_vote
7,Hand,Rest,183.11069893836975,0.7276785714285714,1.0,"(224, 64, 250)","(560, 64, 250)",12345,67,0.7767857142857143
7,Feet,Rest,178.3787214756012,0.7544642857142857,1.0,"(224, 64, 250)","(560, 64, 250)",12345,67,0.8125
7,Tongue,Rest,193.7821204662323,0.5892857142857143,1.0,"(224, 64, 250)","(560, 64, 250)",12345,67,0.5848214285714286
7,Mis,Rest,176.2326204776764,0.5982142857142857,1.0,"(224, 64, 250)","(560, 64, 250)",12345,67,0.5982142857142857
