participant,class1,class2,running_time,test_acc,train_acc,test_size,train_size,train_block,test_block,test_acc_vote
11,Hand,Rest,44.89691758155823,0.9464285714285714,1.0,"(56, 64, 1000)","(140, 64, 1000)",12345,67,0.9642857142857144
11,Feet,Rest,47.453654050827026,0.9464285714285714,1.0,"(56, 64, 1000)","(140, 64, 1000)",12345,67,0.9464285714285714
11,Tongue,Rest,46.2060329914093,0.625,1.0,"(56, 64, 1000)","(140, 64, 1000)",12345,67,0.5357142857142857
11,Mis,Rest,80.4795835018158,0.7142857142857143,1.0,"(56, 64, 1000)","(140, 64, 1000)",12345,67,0.6607142857142857
