participant,class1,class2,running_time,test_acc,train_acc,test_size,train_size,train_block,test_block,test_acc_vote
3,Hand,Rest,60.75120377540589,0.9285714285714286,1.0,"(56, 64, 1000)","(140, 64, 1000)",12345,67,0.9107142857142856
3,Feet,Rest,61.09042286872864,0.6964285714285714,1.0,"(56, 64, 1000)","(140, 64, 1000)",12345,67,0.625
3,Tongue,Rest,64.06620836257935,0.7857142857142857,1.0,"(56, 64, 1000)","(140, 64, 1000)",12345,67,0.6785714285714286
3,Mis,Rest,63.47274470329285,0.8035714285714286,1.0,"(56, 64, 1000)","(140, 64, 1000)",12345,67,0.7857142857142857
