participant,class1,class2,running_time,test_acc,train_acc,test_size,train_size,train_block,test_block,test_acc_vote
4,Hand,Rest,132.3488209247589,0.8470948012232415,0.9724770642201837,"(327, 64, 1000)","(436, 64, 1000)",1234,567,0.8501529051987767
4,Feet,Rest,134.06207013130188,0.7706422018348624,0.9151376146788992,"(327, 64, 1000)","(436, 64, 1000)",1234,567,0.764525993883792
4,Tongue,Rest,135.13006567955017,0.709480122324159,0.9472477064220184,"(327, 64, 1000)","(436, 64, 1000)",1234,567,0.7155963302752293
4,Mis,Rest,135.06254839897156,0.7247706422018348,0.9541284403669725,"(327, 64, 1000)","(436, 64, 1000)",1234,567,0.7186544342507646
