participant,class1,class2,running_time,test_acc,train_acc,test_size,train_size,train_block,test_block,test_acc_vote
9,Hand,Rest,135.22125887870789,0.8990825688073395,0.9311926605504588,"(327, 64, 1000)","(436, 64, 1000)",1234,567,0.9021406727828746
9,Feet,Rest,132.06478810310364,0.8837920489296636,0.944954128440367,"(327, 64, 1000)","(436, 64, 1000)",1234,567,0.8868501529051988
9,Tongue,Rest,134.20446920394895,0.7308868501529052,0.9105504587155964,"(327, 64, 1000)","(436, 64, 1000)",1234,567,0.7247706422018348
9,Mis,Rest,133.99207878112793,0.72782874617737,0.9334862385321101,"(327, 64, 1000)","(436, 64, 1000)",1234,567,0.72782874617737
