participant,class1,class2,running_time,test_acc,train_acc,test_size,train_size,train_block,test_block,test_acc_vote
3,Hand,Rest,113.69776129722597,0.6697247706422018,0.9862385321100916,"(545, 64, 1000)","(218, 64, 1000)",12,34567,0.6862385321100917
3,Feet,Rest,113.908509016037,0.6862385321100918,0.9862385321100916,"(545, 64, 1000)","(218, 64, 1000)",12,34567,0.6844036697247706
3,Tongue,Rest,116.69042229652403,0.5467889908256881,0.9770642201834864,"(545, 64, 1000)","(218, 64, 1000)",12,34567,0.5357798165137615
3,Mis,Rest,116.04924297332764,0.7412844036697248,0.9908256880733946,"(545, 64, 1000)","(218, 64, 1000)",12,34567,0.7486238532110092
