class,test_acc,vote_acc
Hand,0.7,0.6807142857142857
Feet,0.6857142857142857,0.6528571428571428
Tongue,0.6428571428571428,0.6178571428571429
Mis,0.6478571428571429,0.605
