participant,class1,class2,running_time,test_acc,train_acc,test_size,train_size,train_block,test_block,test_acc_vote
11,Hand,Rest,53.144896030426025,0.7714285714285715,1.0,"(140, 64, 1000)","(56, 64, 1000)",12,34567,0.7285714285714286
11,Feet,Rest,52.54129433631897,0.7714285714285715,1.0,"(140, 64, 1000)","(56, 64, 1000)",12,34567,0.7285714285714286
11,Tongue,Rest,53.38968634605408,0.5857142857142857,1.0,"(140, 64, 1000)","(56, 64, 1000)",12,34567,0.5785714285714285
11,Mis,Rest,53.8691828250885,0.6785714285714286,1.0,"(140, 64, 1000)","(56, 64, 1000)",12,34567,0.6285714285714286
