participant,class1,class2,running_time,test_acc,train_acc,test_size,train_size,train_block,test_block,test_acc_vote
14,Hand,Rest,57.035815715789795,0.7642857142857142,1.0,"(140, 64, 1000)","(56, 64, 1000)",12,34567,0.7571428571428571
14,Feet,Rest,53.89073586463928,0.6428571428571429,1.0,"(140, 64, 1000)","(56, 64, 1000)",12,34567,0.6357142857142857
14,Tongue,Rest,54.920658826828,0.6428571428571429,1.0,"(140, 64, 1000)","(56, 64, 1000)",12,34567,0.6142857142857143
14,Mis,Rest,54.12406611442566,0.65,1.0,"(140, 64, 1000)","(56, 64, 1000)",12,34567,0.5714285714285714
