participant,class1,class2,running_time,test_acc,train_acc,test_size,train_size,train_block,test_block,test_acc_vote
10,Hand,Rest,53.727752447128296,0.6,1.0,"(140, 64, 1000)","(56, 64, 1000)",12,34567,0.5642857142857143
10,Feet,Rest,56.65149903297424,0.65,1.0,"(140, 64, 1000)","(56, 64, 1000)",12,34567,0.6142857142857143
10,Tongue,Rest,55.80043005943298,0.4642857142857143,1.0,"(140, 64, 1000)","(56, 64, 1000)",12,34567,0.4785714285714285
10,Mis,Rest,55.82064485549927,0.5785714285714286,1.0,"(140, 64, 1000)","(56, 64, 1000)",12,34567,0.55
