participant,class1,class2,running_time,test_acc,train_acc,test_size,train_size,train_block,test_block,test_acc_vote
3,Hand,Rest,54.76513934135437,0.5785714285714286,1.0,"(140, 64, 1000)","(56, 64, 1000)",12,34567,0.5714285714285714
3,Feet,Rest,53.00106430053711,0.6357142857142857,1.0,"(140, 64, 1000)","(56, 64, 1000)",12,34567,0.6428571428571428
3,Tongue,Rest,55.81984114646912,0.6428571428571429,1.0,"(140, 64, 1000)","(56, 64, 1000)",12,34567,0.6928571428571428
3,Mis,Rest,57.68380260467529,0.7142857142857143,1.0,"(140, 64, 1000)","(56, 64, 1000)",12,34567,0.7214285714285714
