participant,class1,class2,running_time,test_acc,train_acc,test_size,train_size,train_block,test_block,test_acc_vote
9,Hand,Rest,54.52704071998596,0.8857142857142857,1.0,"(140, 64, 1000)","(56, 64, 1000)",12,34567,0.8571428571428572
9,Feet,Rest,53.15696430206299,0.7142857142857143,1.0,"(140, 64, 1000)","(56, 64, 1000)",12,34567,0.6428571428571428
9,Tongue,Rest,55.41422891616821,0.5357142857142857,1.0,"(140, 64, 1000)","(56, 64, 1000)",12,34567,0.5214285714285714
9,Mis,Rest,55.45665669441223,0.6214285714285714,1.0,"(140, 64, 1000)","(56, 64, 1000)",12,34567,0.5928571428571429
