participant,class1,class2,running_time,test_acc,train_acc,test_size,train_size,train_block,test_block,test_acc_vote
11,Hand,Rest,53.42067003250122,0.7767857142857143,0.9642857142857144,"(112, 64, 1000)","(84, 64, 1000)",123,4567,0.7678571428571428
11,Feet,Rest,53.43458032608032,0.9375,0.988095238095238,"(112, 64, 1000)","(84, 64, 1000)",123,4567,0.9375
11,Tongue,Rest,54.76570701599121,0.6964285714285714,0.9166666666666666,"(112, 64, 1000)","(84, 64, 1000)",123,4567,0.6428571428571428
11,Mis,Rest,55.326910734176636,0.7142857142857143,0.9404761904761905,"(112, 64, 1000)","(84, 64, 1000)",123,4567,0.6785714285714286
