participant,class1,class2,running_time,test_acc,train_acc,test_size,train_size,train_block,test_block,test_acc_vote
13,Hand,Rest,53.499332904815674,0.7946428571428571,0.8928571428571429,"(112, 64, 1000)","(84, 64, 1000)",123,4567,0.7857142857142857
13,Feet,Rest,53.29030704498291,0.75,0.9523809523809524,"(112, 64, 1000)","(84, 64, 1000)",123,4567,0.7232142857142857
13,Tongue,Rest,56.461261510849,0.7142857142857143,0.9404761904761904,"(112, 64, 1000)","(84, 64, 1000)",123,4567,0.6964285714285714
13,Mis,Rest,57.064754486083984,0.8303571428571429,0.9166666666666666,"(112, 64, 1000)","(84, 64, 1000)",123,4567,0.8125
