participant,class1,class2,running_time,test_acc,train_acc,test_size,train_size,train_block,test_block,test_acc_vote
4,Hand,Rest,53.377983808517456,0.8035714285714286,0.9761904761904762,"(112, 64, 1000)","(84, 64, 1000)",123,4567,0.7946428571428572
4,Feet,Rest,53.397228479385376,0.8125,0.9285714285714286,"(112, 64, 1000)","(84, 64, 1000)",123,4567,0.7857142857142857
4,Tongue,Rest,54.98015093803406,0.8303571428571429,0.9404761904761904,"(112, 64, 1000)","(84, 64, 1000)",123,4567,0.8125
4,Mis,Rest,55.317519187927246,0.7321428571428571,0.9523809523809523,"(112, 64, 1000)","(84, 64, 1000)",123,4567,0.6964285714285714
