participant,class1,class2,running_time,test_acc,train_acc,test_size,train_size,train_block,test_block,test_acc_vote
9,Hand,Rest,54.35291314125061,0.9196428571428572,0.9285714285714286,"(112, 64, 1000)","(84, 64, 1000)",123,4567,0.9017857142857144
9,Feet,Rest,53.854663133621216,0.9017857142857144,0.9761904761904762,"(112, 64, 1000)","(84, 64, 1000)",123,4567,0.8839285714285714
9,Tongue,Rest,54.979294300079346,0.7321428571428571,0.9047619047619048,"(112, 64, 1000)","(84, 64, 1000)",123,4567,0.7946428571428572
9,Mis,Rest,57.2210431098938,0.5892857142857143,0.8928571428571429,"(112, 64, 1000)","(84, 64, 1000)",123,4567,0.6339285714285714
