participant,class1,class2,running_time,test_acc,train_acc,test_size,train_size,train_block,test_block,test_acc_vote
14,Hand,Rest,124.04530191421507,0.8738532110091743,0.9602446483180428,"(436, 64, 1000)","(327, 64, 1000)",123,4567,0.8738532110091743
14,Feet,Rest,123.8915240764618,0.5986238532110092,0.9724770642201837,"(436, 64, 1000)","(327, 64, 1000)",123,4567,0.5825688073394495
14,Tongue,Rest,125.8291997909546,0.6077981651376146,0.9755351681957186,"(436, 64, 1000)","(327, 64, 1000)",123,4567,0.6169724770642202
14,Mis,Rest,126.0563952922821,0.6444954128440367,0.9541284403669725,"(436, 64, 1000)","(327, 64, 1000)",123,4567,0.6490825688073394
