participant,class1,class2,running_time,test_acc,train_acc,test_size,train_size,train_block,test_block,test_acc_vote
3,Hand,Rest,125.53487658500671,0.7844036697247706,0.9541284403669724,"(436, 64, 1000)","(327, 64, 1000)",123,4567,0.7935779816513762
3,Feet,Rest,124.9909679889679,0.6307339449541285,0.9021406727828746,"(436, 64, 1000)","(327, 64, 1000)",123,4567,0.6422018348623852
3,Tongue,Rest,128.18003821372986,0.6467889908256881,0.963302752293578,"(436, 64, 1000)","(327, 64, 1000)",123,4567,0.6490825688073394
3,Mis,Rest,127.78375244140625,0.7522935779816514,0.963302752293578,"(436, 64, 1000)","(327, 64, 1000)",123,4567,0.7568807339449541
