participant,class1,class2,running_time,test_acc,train_acc,test_size,train_size,train_block,test_block,test_acc_vote
5,Hand,Rest,124.86273717880248,0.6926605504587156,0.9602446483180428,"(436, 64, 1000)","(327, 64, 1000)",123,4567,0.7018348623853211
5,Feet,Rest,123.40353322029114,0.7454128440366973,0.9724770642201837,"(436, 64, 1000)","(327, 64, 1000)",123,4567,0.7591743119266054
5,Tongue,Rest,126.2106864452362,0.7958715596330275,0.9480122324159022,"(436, 64, 1000)","(327, 64, 1000)",123,4567,0.7981651376146789
5,Mis,Rest,126.02259540557861,0.5756880733944955,0.9510703363914373,"(436, 64, 1000)","(327, 64, 1000)",123,4567,0.5756880733944953
