participant,class1,class2,running_time,test_acc,train_acc,test_size,train_size,train_block,test_block,test_acc_vote
9,Hand,Rest,126.2729709148407,0.9105504587155964,0.9235474006116208,"(436, 64, 1000)","(327, 64, 1000)",123,4567,0.9128440366972476
9,Feet,Rest,125.35985898971558,0.9036697247706422,0.9755351681957186,"(436, 64, 1000)","(327, 64, 1000)",123,4567,0.9059633027522936
9,Tongue,Rest,126.7780213356018,0.6972477064220184,0.9480122324159022,"(436, 64, 1000)","(327, 64, 1000)",123,4567,0.6972477064220184
9,Mis,Rest,125.85673999786377,0.7568807339449541,0.9541284403669725,"(436, 64, 1000)","(327, 64, 1000)",123,4567,0.7706422018348624
