participant,class1,class2,running_time,test_acc,train_acc,test_size,train_size,train_block,test_block,test_acc_vote
11,Hand,Rest,70.57016110420227,0.8243243243243243,0.945945945945946,"(222, 64, 500)","(333, 64, 500)",123,67,0.8423423423423424
11,Feet,Rest,70.45250082015991,0.8153153153153153,0.960960960960961,"(222, 64, 500)","(333, 64, 500)",123,67,0.8333333333333334
11,Tongue,Rest,71.28059554100037,0.6396396396396397,0.972972972972973,"(222, 64, 500)","(333, 64, 500)",123,67,0.6441441441441442
11,Mis,Rest,71.48480200767517,0.6981981981981982,0.984984984984985,"(222, 64, 500)","(333, 64, 500)",123,67,0.7027027027027026
