participant,class1,class2,running_time,test_acc,train_acc,test_size,train_size,train_block,test_block,test_acc_vote
14,Hand,Rest,51.19548225402832,0.9285714285714286,0.9928571428571428,"(56, 64, 1000)","(140, 64, 1000)",12345,67,0.9107142857142856
14,Feet,Rest,50.37116718292236,0.875,0.9785714285714284,"(56, 64, 1000)","(140, 64, 1000)",12345,67,0.8571428571428572
14,Tongue,Rest,50.43650245666504,0.7321428571428571,0.9857142857142858,"(56, 64, 1000)","(140, 64, 1000)",12345,67,0.7142857142857143
14,Mis,Rest,50.51146841049194,0.75,0.9785714285714285,"(56, 64, 1000)","(140, 64, 1000)",12345,67,0.8214285714285714
