participant,class1,class2,running_time,test_acc,train_acc,test_size,train_size,train_block,test_block,test_acc_vote
19,Hand,Rest,51.97890567779541,0.7857142857142857,0.9142857142857144,"(56, 64, 1000)","(140, 64, 1000)",12345,67,0.75
19,Feet,Rest,51.30763864517212,0.625,0.9714285714285714,"(56, 64, 1000)","(140, 64, 1000)",12345,67,0.6607142857142857
19,Tongue,Rest,51.294837474823,0.875,0.95,"(56, 64, 1000)","(140, 64, 1000)",12345,67,0.8571428571428572
19,Mis,Rest,45.896039962768555,0.7142857142857143,0.9571428571428572,"(56, 64, 1000)","(140, 64, 1000)",12345,67,0.6785714285714286
