participant,class1,class2,running_time,test_acc,train_acc,test_size,train_size,train_block,test_block,test_acc_vote
3,Hand,Rest,54.26577830314636,0.9107142857142856,0.9357142857142856,"(56, 64, 1000)","(140, 64, 1000)",12345,67,0.9464285714285714
3,Feet,Rest,51.9274206161499,0.6964285714285714,0.9714285714285714,"(56, 64, 1000)","(140, 64, 1000)",12345,67,0.6607142857142857
3,Tongue,Rest,52.65583705902099,0.7678571428571429,0.9071428571428573,"(56, 64, 1000)","(140, 64, 1000)",12345,67,0.6964285714285714
3,Mis,Rest,51.52107858657837,0.875,0.9428571428571428,"(56, 64, 1000)","(140, 64, 1000)",12345,67,0.8571428571428572
