participant,class1,class2,running_time,test_acc,train_acc,test_size,train_size,train_block,test_block,test_acc_vote
4,Hand,Rest,52.50728726387024,0.8928571428571429,0.9714285714285714,"(56, 64, 1000)","(140, 64, 1000)",12345,67,0.875
4,Feet,Rest,52.82650637626648,0.9107142857142856,0.9571428571428572,"(56, 64, 1000)","(140, 64, 1000)",12345,67,0.875
4,Tongue,Rest,54.2349271774292,0.8392857142857143,0.9642857142857144,"(56, 64, 1000)","(140, 64, 1000)",12345,67,0.8035714285714286
4,Mis,Rest,55.69534754753113,0.6607142857142857,0.95,"(56, 64, 1000)","(140, 64, 1000)",12345,67,0.6607142857142857
