participant,class1,class2,running_time,test_acc,train_acc,test_size,train_size,train_block,test_block,test_acc_vote
13,Hand,Rest,40.76345467567444,0.8571428571428571,1.0,"(56, 64, 1000)","(140, 64, 1000)",12345,67,0.8035714285714286
13,Feet,Rest,40.01893138885498,0.8035714285714286,1.0,"(56, 64, 1000)","(140, 64, 1000)",12345,67,0.7857142857142857
13,Tongue,Rest,40.62174701690674,0.7678571428571429,1.0,"(56, 64, 1000)","(140, 64, 1000)",12345,67,0.75
13,Mis,Rest,40.741769313812256,0.6964285714285714,1.0,"(56, 64, 1000)","(140, 64, 1000)",12345,67,0.625
