participant,class1,class2,running_time,test_acc,train_acc,test_size,train_size,train_block,test_block,test_acc_vote
4,Hand,Rest,39.70663857460022,0.8928571428571429,1.0,"(56, 64, 1000)","(140, 64, 1000)",12345,67,0.875
4,Feet,Rest,39.58976650238037,0.8571428571428571,1.0,"(56, 64, 1000)","(140, 64, 1000)",12345,67,0.75
4,Tongue,Rest,40.245861768722534,0.8035714285714286,1.0,"(56, 64, 1000)","(140, 64, 1000)",12345,67,0.7678571428571428
4,Mis,Rest,40.70187711715698,0.625,1.0,"(56, 64, 1000)","(140, 64, 1000)",12345,67,0.625
