participant,class1,class2,running_time,test_acc,train_acc,test_size,train_size,train_block,test_block,test_acc_vote
9,Hand,Rest,39.57066321372986,0.9285714285714286,1.0,"(56, 64, 1000)","(140, 64, 1000)",12345,67,0.9107142857142856
9,Feet,Rest,39.44909930229187,0.9464285714285714,1.0,"(56, 64, 1000)","(140, 64, 1000)",12345,67,0.9285714285714286
9,Tongue,Rest,40.441505432128906,0.7857142857142857,1.0,"(56, 64, 1000)","(140, 64, 1000)",12345,67,0.75
9,Mis,Rest,40.56058883666992,0.8035714285714286,1.0,"(56, 64, 1000)","(140, 64, 1000)",12345,67,0.7678571428571428
