participant,class1,class2,running_time,test_acc,train_acc,test_size,train_size,train_block,test_block,test_acc_vote
13,Hand,Rest,36.44813895225525,0.53125,0.9821428571428572,"(224, 64, 250)","(112, 64, 250)",1,67,0.5267857142857143
13,Feet,Rest,36.886364698410034,0.65625,1.0,"(224, 64, 250)","(112, 64, 250)",1,67,0.65625
13,Tongue,Rest,37.08833003044128,0.65625,1.0,"(224, 64, 250)","(112, 64, 250)",1,67,0.6785714285714286
13,Mis,Rest,37.21545696258545,0.5267857142857143,1.0,"(224, 64, 250)","(112, 64, 250)",1,67,0.5267857142857143
