participant,class1,class2,running_time,test_acc,train_acc,test_size,train_size,train_block,test_block,test_acc_vote
14,Hand,Rest,36.94205117225647,0.625,1.0,"(224, 64, 250)","(112, 64, 250)",1,67,0.6116071428571428
14,Feet,Rest,36.81250643730163,0.5669642857142857,1.0,"(224, 64, 250)","(112, 64, 250)",1,67,0.5491071428571428
14,Tongue,Rest,36.44714069366455,0.5357142857142857,1.0,"(224, 64, 250)","(112, 64, 250)",1,67,0.5
14,Mis,Rest,36.64942169189453,0.5625,1.0,"(224, 64, 250)","(112, 64, 250)",1,67,0.5982142857142857
