participant,class1,class2,running_time,test_acc,train_acc,test_size,train_size,train_block,test_block,test_acc_vote
17,Hand,Rest,37.011207818984985,0.6383928571428571,0.9553571428571428,"(224, 64, 250)","(112, 64, 250)",1,67,0.625
17,Feet,Rest,36.696630001068115,0.5848214285714286,0.9732142857142856,"(224, 64, 250)","(112, 64, 250)",1,67,0.5758928571428572
17,Tongue,Rest,37.21221923828125,0.7098214285714286,1.0,"(224, 64, 250)","(112, 64, 250)",1,67,0.7008928571428572
17,Mis,Rest,36.85401630401611,0.5535714285714286,1.0,"(224, 64, 250)","(112, 64, 250)",1,67,0.5357142857142857
