participant,class1,class2,running_time,test_acc,train_acc,test_size,train_size,train_block,test_block,test_acc_vote
18,Hand,Rest,36.71001482009888,0.5892857142857143,1.0,"(224, 64, 250)","(112, 64, 250)",1,67,0.5982142857142857
18,Feet,Rest,36.67148494720459,0.5758928571428571,1.0,"(224, 64, 250)","(112, 64, 250)",1,67,0.5535714285714286
18,Tongue,Rest,36.641984939575195,0.7053571428571429,1.0,"(224, 64, 250)","(112, 64, 250)",1,67,0.7321428571428572
18,Mis,Rest,36.547856092453,0.6205357142857143,1.0,"(224, 64, 250)","(112, 64, 250)",1,67,0.6205357142857143
