participant,class1,class2,running_time,test_acc,train_acc,test_size,train_size,train_block,test_block,test_acc_vote
19,Hand,Rest,36.467758893966675,0.65625,1.0,"(224, 64, 250)","(112, 64, 250)",1,67,0.6607142857142857
19,Feet,Rest,36.70632219314575,0.6071428571428571,1.0,"(224, 64, 250)","(112, 64, 250)",1,67,0.6071428571428572
19,Tongue,Rest,36.58122515678406,0.6071428571428571,1.0,"(224, 64, 250)","(112, 64, 250)",1,67,0.6026785714285714
19,Mis,Rest,37.08267521858215,0.7008928571428571,1.0,"(224, 64, 250)","(112, 64, 250)",1,67,0.6919642857142857
