participant,class1,class2,running_time,test_acc,train_acc,test_size,train_size,train_block,test_block,test_acc_vote
3,Hand,Rest,36.378013372421265,0.5044642857142857,1.0,"(224, 64, 250)","(112, 64, 250)",1,67,0.4955357142857143
3,Feet,Rest,36.258856534957886,0.5267857142857143,1.0,"(224, 64, 250)","(112, 64, 250)",1,67,0.53125
3,Tongue,Rest,36.386661529541016,0.6116071428571429,1.0,"(224, 64, 250)","(112, 64, 250)",1,67,0.6339285714285714
3,Mis,Rest,36.54584074020386,0.5982142857142857,1.0,"(224, 64, 250)","(112, 64, 250)",1,67,0.5714285714285714
