participant,class1,class2,running_time,test_acc,train_acc,test_size,train_size,train_block,test_block,test_acc_vote
15,Hand,Rest,32.072412967681885,0.7857142857142857,1.0,"(56, 64, 1000)","(56, 64, 1000)",12,67,0.7857142857142857
15,Feet,Rest,31.67703914642334,0.5714285714285714,1.0,"(56, 64, 1000)","(56, 64, 1000)",12,67,0.5357142857142857
15,Tongue,Rest,31.783358812332153,0.5892857142857143,1.0,"(56, 64, 1000)","(56, 64, 1000)",12,67,0.5714285714285714
15,Mis,Rest,31.25617480278015,0.6071428571428571,1.0,"(56, 64, 1000)","(56, 64, 1000)",12,67,0.5535714285714286
