participant,class1,class2,running_time,test_acc,train_acc,test_size,train_size,train_block,test_block,test_acc_vote
19,Hand,Rest,31.04255533218384,0.7142857142857143,1.0,"(56, 64, 1000)","(56, 64, 1000)",12,67,0.6071428571428572
19,Feet,Rest,31.52742052078247,0.6785714285714286,1.0,"(56, 64, 1000)","(56, 64, 1000)",12,67,0.5892857142857143
19,Tongue,Rest,31.757030487060547,0.6964285714285714,1.0,"(56, 64, 1000)","(56, 64, 1000)",12,67,0.625
19,Mis,Rest,31.734188556671143,0.6785714285714286,1.0,"(56, 64, 1000)","(56, 64, 1000)",12,67,0.6071428571428572
