participant,class1,class2,running_time,test_acc,train_acc,test_size,train_size,train_block,test_block,test_acc_vote
3,Hand,Rest,30.767105102539062,0.6071428571428571,1.0,"(56, 64, 1000)","(56, 64, 1000)",12,67,0.625
3,Feet,Rest,30.65652298927307,0.625,0.9821428571428572,"(56, 64, 1000)","(56, 64, 1000)",12,67,0.5535714285714286
3,Tongue,Rest,31.671464443206787,0.625,0.9821428571428572,"(56, 64, 1000)","(56, 64, 1000)",12,67,0.6071428571428572
3,Mis,Rest,31.891854524612427,0.6964285714285714,1.0,"(56, 64, 1000)","(56, 64, 1000)",12,67,0.6428571428571428
