participant,class1,class2,running_time,test_acc,train_acc,test_size,train_size,train_block,test_block,test_acc_vote
6,Hand,Rest,31.70026469230652,0.6964285714285714,1.0,"(56, 64, 1000)","(56, 64, 1000)",12,67,0.6607142857142857
6,Feet,Rest,31.95842719078064,0.6607142857142857,1.0,"(56, 64, 1000)","(56, 64, 1000)",12,67,0.6428571428571428
6,Tongue,Rest,32.317054271698,0.625,0.9642857142857144,"(56, 64, 1000)","(56, 64, 1000)",12,67,0.5714285714285714
6,Mis,Rest,31.715195655822754,0.6964285714285714,0.9642857142857143,"(56, 64, 1000)","(56, 64, 1000)",12,67,0.7321428571428572
