participant,class1,class2,running_time,test_acc,train_acc,test_size,train_size,train_block,test_block,test_acc_vote
7,Hand,Rest,31.38639116287231,0.7321428571428571,1.0,"(56, 64, 1000)","(56, 64, 1000)",12,67,0.6964285714285714
7,Feet,Rest,31.07173466682434,0.6964285714285714,1.0,"(56, 64, 1000)","(56, 64, 1000)",12,67,0.6964285714285714
7,Tongue,Rest,31.06275415420532,0.625,1.0,"(56, 64, 1000)","(56, 64, 1000)",12,67,0.625
7,Mis,Rest,31.318746328353882,0.5535714285714286,1.0,"(56, 64, 1000)","(56, 64, 1000)",12,67,0.5714285714285714
