participant,class1,class2,running_time,test_acc,train_acc,test_size,train_size,train_block,test_block,test_acc_vote
10,Hand,Rest,53.70282697677612,0.7232142857142857,1.0,"(112, 64, 1000)","(84, 64, 1000)",123,4567,0.7232142857142857
10,Feet,Rest,55.08206129074097,0.625,1.0,"(112, 64, 1000)","(84, 64, 1000)",123,4567,0.5982142857142857
10,Tongue,Rest,56.09554147720337,0.5625,1.0,"(112, 64, 1000)","(84, 64, 1000)",123,4567,0.5535714285714286
10,Mis,Rest,55.33630633354187,0.7410714285714286,1.0,"(112, 64, 1000)","(84, 64, 1000)",123,4567,0.7053571428571428
