participant,class1,class2,running_time,test_acc,train_acc,test_size,train_size,train_block,test_block,test_acc_vote
14,Hand,Rest,51.436283826828,0.9017857142857144,1.0,"(112, 64, 1000)","(84, 64, 1000)",123,4567,0.8482142857142857
14,Feet,Rest,51.43043327331543,0.6517857142857143,1.0,"(112, 64, 1000)","(84, 64, 1000)",123,4567,0.6071428571428572
14,Tongue,Rest,52.153863191604614,0.5625,1.0,"(112, 64, 1000)","(84, 64, 1000)",123,4567,0.5089285714285714
14,Mis,Rest,52.97795844078064,0.6607142857142857,1.0,"(112, 64, 1000)","(84, 64, 1000)",123,4567,0.625
