participant,class1,class2,running_time,test_acc,train_acc,test_size,train_size,train_block,test_block,test_acc_vote
5,Hand,Rest,53.175297021865845,0.6339285714285714,1.0,"(112, 64, 1000)","(84, 64, 1000)",123,4567,0.6160714285714286
5,Feet,Rest,54.25977802276611,0.6785714285714286,1.0,"(112, 64, 1000)","(84, 64, 1000)",123,4567,0.6428571428571428
5,Tongue,Rest,55.25590991973877,0.7321428571428571,1.0,"(112, 64, 1000)","(84, 64, 1000)",123,4567,0.6964285714285714
5,Mis,Rest,56.58383369445801,0.5357142857142857,1.0,"(112, 64, 1000)","(84, 64, 1000)",123,4567,0.5267857142857143
