class,test_acc,vote_acc
Hand,0.6964285714285714,0.6964285714285714
Feet,0.6375,0.6267857142857142
Tongue,0.6214285714285714,0.6187499999999999
Mis,0.5910714285714287,0.5848214285714286
