participant,class1,class2,running_time,test_acc,train_acc,test_size,train_size,train_block,test_block,test_acc_vote
14,Hand,Rest,98.5927038192749,0.8392857142857143,1.0,"(112, 64, 500)","(280, 64, 500)",12345,67,0.8392857142857143
14,Feet,Rest,105.1972484588623,0.6428571428571429,1.0,"(112, 64, 500)","(280, 64, 500)",12345,67,0.5982142857142857
14,Tongue,Rest,106.0806531906128,0.5446428571428571,1.0,"(112, 64, 500)","(280, 64, 500)",12345,67,0.5357142857142857
14,Mis,Rest,93.82025456428528,0.5178571428571429,1.0,"(112, 64, 500)","(280, 64, 500)",12345,67,0.5
