participant,class1,class2,running_time,test_acc,train_acc,test_size,train_size,train_block,test_block,test_acc_vote
6,Hand,Rest,109.1760790348053,0.6071428571428571,1.0,"(112, 64, 500)","(280, 64, 500)",12345,67,0.6339285714285714
6,Feet,Rest,107.95077681541444,0.5892857142857143,1.0,"(112, 64, 500)","(280, 64, 500)",12345,67,0.5535714285714286
6,Tongue,Rest,111.76388478279114,0.6517857142857143,1.0,"(112, 64, 500)","(280, 64, 500)",12345,67,0.6785714285714286
6,Mis,Rest,112.21589159965515,0.6428571428571429,1.0,"(112, 64, 500)","(280, 64, 500)",12345,67,0.6785714285714286
