participant,class1,class2,running_time,test_acc,train_acc,test_size,train_size,train_block,test_block,test_acc_vote
7,Hand,Rest,96.104825258255,0.6696428571428571,1.0,"(112, 64, 500)","(280, 64, 500)",12345,67,0.6785714285714286
7,Feet,Rest,110.22299480438232,0.7142857142857143,1.0,"(112, 64, 500)","(280, 64, 500)",12345,67,0.7232142857142857
7,Tongue,Rest,107.80092787742616,0.5267857142857143,1.0,"(112, 64, 500)","(280, 64, 500)",12345,67,0.5267857142857143
7,Mis,Rest,112.15174126625061,0.5982142857142857,1.0,"(112, 64, 500)","(280, 64, 500)",12345,67,0.6071428571428572
