participant,class1,class2,running_time,test_acc,train_acc,test_size,train_size,train_block,test_block,test_acc_vote
13,Hand,Rest,18.540833473205566,0.5714285714285714,1.0,"(56, 64, 1000)","(28, 64, 1000)",1,67,0.5357142857142857
13,Feet,Rest,18.549986600875854,0.6964285714285714,1.0,"(56, 64, 1000)","(28, 64, 1000)",1,67,0.6071428571428572
13,Tongue,Rest,19.228760480880737,0.6607142857142857,1.0,"(56, 64, 1000)","(28, 64, 1000)",1,67,0.7321428571428572
13,Mis,Rest,18.520155906677246,0.5892857142857143,1.0,"(56, 64, 1000)","(28, 64, 1000)",1,67,0.5535714285714286
