participant,class1,class2,running_time,test_acc,train_acc,test_size,train_size,train_block,test_block,test_acc_vote
7,Hand,Rest,18.57302212715149,0.6607142857142857,1.0,"(56, 64, 1000)","(28, 64, 1000)",1,67,0.6428571428571428
7,Feet,Rest,18.783466339111328,0.5535714285714286,1.0,"(56, 64, 1000)","(28, 64, 1000)",1,67,0.5
7,Tongue,Rest,18.43210768699646,0.4642857142857143,1.0,"(56, 64, 1000)","(28, 64, 1000)",1,67,0.4642857142857143
7,Mis,Rest,18.523196935653687,0.5535714285714286,1.0,"(56, 64, 1000)","(28, 64, 1000)",1,67,0.5892857142857143
