participant,class1,class2,running_time,test_acc,train_acc,test_size,train_size,train_block,test_block,test_acc_vote
18,Hand,Rest,41.11086916923523,0.6785714285714286,1.0,"(56, 64, 1000)","(84, 64, 1000)",123,67,0.7142857142857143
18,Feet,Rest,42.102322816848755,0.5714285714285714,1.0,"(56, 64, 1000)","(84, 64, 1000)",123,67,0.5178571428571428
18,Tongue,Rest,42.23513078689575,0.8035714285714286,1.0,"(56, 64, 1000)","(84, 64, 1000)",123,67,0.7678571428571428
18,Mis,Rest,42.13382816314697,0.6785714285714286,1.0,"(56, 64, 1000)","(84, 64, 1000)",123,67,0.5892857142857143
