participant,class1,class2,running_time,test_acc,train_acc,test_size,train_size,train_block,test_block,test_acc_vote
4,Hand,Rest,41.129767179489136,0.875,1.0,"(56, 64, 1000)","(84, 64, 1000)",123,67,0.875
4,Feet,Rest,40.56540012359619,0.8035714285714286,1.0,"(56, 64, 1000)","(84, 64, 1000)",123,67,0.6964285714285714
4,Tongue,Rest,40.68343138694763,0.8392857142857143,1.0,"(56, 64, 1000)","(84, 64, 1000)",123,67,0.8035714285714286
4,Mis,Rest,41.90400958061218,0.6964285714285714,1.0,"(56, 64, 1000)","(84, 64, 1000)",123,67,0.6607142857142857
