participant,class1,class2,running_time,test_acc,train_acc,test_size,train_size,train_block,test_block,test_acc_vote
9,Hand,Rest,40.69325804710388,0.8571428571428571,1.0,"(56, 64, 1000)","(84, 64, 1000)",123,67,0.7857142857142857
9,Feet,Rest,41.51849293708801,0.9285714285714286,1.0,"(56, 64, 1000)","(84, 64, 1000)",123,67,0.9285714285714286
9,Tongue,Rest,42.37065291404724,0.75,1.0,"(56, 64, 1000)","(84, 64, 1000)",123,67,0.7857142857142857
9,Mis,Rest,41.64779090881348,0.7321428571428571,1.0,"(56, 64, 1000)","(84, 64, 1000)",123,67,0.7678571428571428
