participant,class1,class2,running_time,test_acc,train_acc,test_size,train_size,train_block,test_block,test_acc_vote
10,Hand,Rest,91.64631986618042,0.7008928571428571,0.9517857142857142,"(224, 64, 250)","(560, 64, 250)",12345,67,0.6875
10,Feet,Rest,92.3554027080536,0.6830357142857143,0.9910714285714286,"(224, 64, 250)","(560, 64, 250)",12345,67,0.65625
10,Tongue,Rest,92.13577485084534,0.6607142857142857,0.9589285714285716,"(224, 64, 250)","(560, 64, 250)",12345,67,0.6875
10,Mis,Rest,91.11279797554016,0.6205357142857143,0.9678571428571429,"(224, 64, 250)","(560, 64, 250)",12345,67,0.6205357142857143
