participant,class1,class2,running_time,test_acc,train_acc,test_size,train_size,train_block,test_block,test_acc_vote
17,Hand,Rest,92.36859679222108,0.7723214285714286,0.9035714285714286,"(224, 64, 250)","(560, 64, 250)",12345,67,0.7901785714285714
17,Feet,Rest,93.09235906600952,0.6919642857142857,0.8785714285714286,"(224, 64, 250)","(560, 64, 250)",12345,67,0.7053571428571428
17,Tongue,Rest,92.65854048728944,0.875,0.8982142857142857,"(224, 64, 250)","(560, 64, 250)",12345,67,0.8705357142857143
17,Mis,Rest,91.96600079536438,0.7946428571428571,0.9321428571428572,"(224, 64, 250)","(560, 64, 250)",12345,67,0.8080357142857143
