participant,class1,class2,running_time,test_acc,train_acc,test_size,train_size,train_block,test_block,test_acc_vote
18,Hand,Rest,91.75445103645325,0.6607142857142857,0.9303571428571428,"(224, 64, 250)","(560, 64, 250)",12345,67,0.6964285714285714
18,Feet,Rest,91.07714581489564,0.6875,0.9464285714285714,"(224, 64, 250)","(560, 64, 250)",12345,67,0.7232142857142857
18,Tongue,Rest,91.07703924179076,0.8571428571428571,0.9625,"(224, 64, 250)","(560, 64, 250)",12345,67,0.875
18,Mis,Rest,91.4825689792633,0.7678571428571429,0.9660714285714286,"(224, 64, 250)","(560, 64, 250)",12345,67,0.7901785714285714
