participant,class1,class2,running_time,test_acc,train_acc,test_size,train_size,train_block,test_block,test_acc_vote
19,Hand,Rest,92.19732761383057,0.7901785714285714,0.9196428571428572,"(224, 64, 250)","(560, 64, 250)",12345,67,0.8392857142857143
19,Feet,Rest,92.60965180397034,0.6294642857142857,0.9857142857142858,"(224, 64, 250)","(560, 64, 250)",12345,67,0.6473214285714286
19,Tongue,Rest,91.92035841941832,0.8303571428571429,0.9482142857142856,"(224, 64, 250)","(560, 64, 250)",12345,67,0.8794642857142857
19,Mis,Rest,91.97265267372131,0.6875,0.9785714285714285,"(224, 64, 250)","(560, 64, 250)",12345,67,0.6875
