participant,class1,class2,running_time,test_acc,train_acc,test_size,train_size,train_block,test_block,test_acc_vote
5,Hand,Rest,91.81479954719543,0.6875,1.0,"(224, 64, 250)","(560, 64, 250)",12345,67,0.7053571428571428
5,Feet,Rest,91.7718744277954,0.7901785714285714,0.9821428571428572,"(224, 64, 250)","(560, 64, 250)",12345,67,0.8303571428571428
5,Tongue,Rest,91.3465096950531,0.78125,0.975,"(224, 64, 250)","(560, 64, 250)",12345,67,0.8214285714285714
5,Mis,Rest,91.82595181465149,0.78125,0.9928571428571429,"(224, 64, 250)","(560, 64, 250)",12345,67,0.8080357142857143
