participant,class1,class2,running_time,test_acc,train_acc,test_size,train_size,train_block,test_block,test_acc_vote
7,Hand,Rest,92.19391965866087,0.7410714285714286,0.9857142857142858,"(224, 64, 250)","(560, 64, 250)",12345,67,0.7589285714285714
7,Feet,Rest,92.57221174240112,0.7321428571428571,0.9821428571428572,"(224, 64, 250)","(560, 64, 250)",12345,67,0.7633928571428572
7,Tongue,Rest,91.63256859779358,0.6339285714285714,0.9446428571428572,"(224, 64, 250)","(560, 64, 250)",12345,67,0.6651785714285714
7,Mis,Rest,91.90050554275513,0.6160714285714286,0.9071428571428571,"(224, 64, 250)","(560, 64, 250)",12345,67,0.5848214285714286
