participant,class1,class2,running_time,test_acc,train_acc,test_size,train_size,train_block,test_block,test_acc_vote
9,Hand,Rest,92.90184903144836,0.8348214285714286,0.9142857142857144,"(224, 64, 250)","(560, 64, 250)",12345,67,0.8839285714285714
9,Feet,Rest,92.5684130191803,0.8526785714285714,0.9785714285714284,"(224, 64, 250)","(560, 64, 250)",12345,67,0.875
9,Tongue,Rest,91.75787091255188,0.7321428571428571,0.8875,"(224, 64, 250)","(560, 64, 250)",12345,67,0.7723214285714286
9,Mis,Rest,91.28635144233704,0.7053571428571429,0.8839285714285714,"(224, 64, 250)","(560, 64, 250)",12345,67,0.71875
