participant,class1,class2,running_time,test_acc,train_acc,test_size,train_size,train_block,test_block,test_acc_vote
3,Hand,Rest,123.55182933807372,0.8532110091743119,1.0,"(218, 64, 1000)","(545, 64, 1000)",12345,67,0.8623853211009174
3,Feet,Rest,123.91050148010254,0.6926605504587156,1.0,"(218, 64, 1000)","(545, 64, 1000)",12345,67,0.6926605504587156
3,Tongue,Rest,124.46509337425232,0.7339449541284404,1.0,"(218, 64, 1000)","(545, 64, 1000)",12345,67,0.7477064220183487
3,Mis,Rest,124.851393699646,0.8348623853211009,1.0,"(218, 64, 1000)","(545, 64, 1000)",12345,67,0.8394495412844036
