participant,class1,class2,running_time,test_acc,train_acc,test_size,train_size,train_block,test_block,test_acc_vote
10,Hand,Rest,23.39624285697937,0.625,1.0,"(56, 64, 1000)","(84, 64, 1000)",123,56,0.6071428571428572
10,Feet,Rest,28.5080246925354,0.6071428571428571,1.0,"(56, 64, 1000)","(84, 64, 1000)",123,56,0.6785714285714286
10,Tongue,Rest,25.62628746032715,0.6071428571428571,1.0,"(56, 64, 1000)","(84, 64, 1000)",123,56,0.6428571428571428
10,Mis,Rest,26.645437479019165,0.6071428571428571,1.0,"(56, 64, 1000)","(84, 64, 1000)",123,56,0.7142857142857143
