participant,class1,class2,running_time,test_acc,train_acc,test_size,train_size,train_block,test_block,test_acc_vote
11,Hand,Rest,28.74289846420288,0.75,1.0,"(56, 64, 1000)","(84, 64, 1000)",123,56,0.8214285714285714
11,Feet,Rest,22.74156188964844,0.7857142857142857,1.0,"(56, 64, 1000)","(84, 64, 1000)",123,56,0.8928571428571429
11,Tongue,Rest,29.48691725730896,0.6785714285714286,1.0,"(56, 64, 1000)","(84, 64, 1000)",123,56,0.7678571428571428
11,Mis,Rest,26.180066108703613,0.5714285714285714,1.0,"(56, 64, 1000)","(84, 64, 1000)",123,56,0.5714285714285714
