participant,class1,class2,running_time,test_acc,train_acc,test_size,train_size,train_block,test_block,test_acc_vote
13,Hand,Rest,24.058608770370483,0.9821428571428572,1.0,"(56, 64, 1000)","(84, 64, 1000)",123,56,1.0
13,Feet,Rest,26.223365306854248,0.9642857142857144,1.0,"(56, 64, 1000)","(84, 64, 1000)",123,56,0.9642857142857144
13,Tongue,Rest,26.186631679534912,0.8363636363636363,1.0,"(55, 64, 1000)","(84, 64, 1000)",123,55,0.9818181818181818
13,Mis,Rest,23.144460439682007,0.9272727272727272,1.0,"(55, 64, 1000)","(84, 64, 1000)",123,55,0.9454545454545454
