participant,class1,class2,running_time,test_acc,train_acc,test_size,train_size,train_block,test_block,test_acc_vote
14,Hand,Rest,27.93919253349304,1.0,1.0,"(56, 64, 1000)","(84, 64, 1000)",123,56,1.0
14,Feet,Rest,24.077122926712036,0.9821428571428572,1.0,"(56, 64, 1000)","(84, 64, 1000)",123,56,1.0
14,Tongue,Rest,27.422890186309814,0.9464285714285714,1.0,"(56, 64, 1000)","(84, 64, 1000)",123,56,1.0
14,Mis,Rest,26.609045267105103,0.9285714285714286,1.0,"(56, 64, 1000)","(84, 64, 1000)",123,56,0.9821428571428571
