participant,class1,class2,running_time,test_acc,train_acc,test_size,train_size,train_block,test_block,test_acc_vote
3,Hand,Rest,24.607227325439453,0.8928571428571429,1.0,"(56, 64, 1000)","(84, 64, 1000)",123,56,0.9285714285714286
3,Feet,Rest,27.102754592895508,0.7818181818181819,1.0,"(55, 64, 1000)","(84, 64, 1000)",123,55,0.8181818181818181
3,Tongue,Rest,24.19908452033997,0.875,1.0,"(56, 64, 1000)","(84, 64, 1000)",123,56,0.9285714285714286
3,Mis,Rest,29.05629253387451,0.8928571428571429,1.0,"(56, 64, 1000)","(84, 64, 1000)",123,56,0.9821428571428571
