participant,class1,class2,running_time,test_acc,train_acc,test_size,train_size,train_block,test_block,test_acc_vote
4,Hand,Rest,24.18171262741089,0.6964285714285714,1.0,"(56, 64, 1000)","(84, 64, 1000)",123,56,0.7678571428571428
4,Feet,Rest,28.33042287826538,0.5178571428571429,1.0,"(56, 64, 1000)","(84, 64, 1000)",123,56,0.4642857142857143
4,Tongue,Rest,24.64006757736206,0.6428571428571429,1.0,"(56, 64, 1000)","(84, 64, 1000)",123,56,0.6964285714285714
4,Mis,Rest,23.03166961669922,0.6607142857142857,1.0,"(56, 64, 1000)","(84, 64, 1000)",123,56,0.7321428571428572
