participant,class1,class2,running_time,test_acc,train_acc,test_size,train_size,train_block,test_block,test_acc_vote
5,Hand,Rest,28.94105887413025,0.6785714285714286,1.0,"(56, 64, 1000)","(84, 64, 1000)",123,56,0.75
5,Feet,Rest,22.343673706054688,0.8928571428571429,1.0,"(56, 64, 1000)","(84, 64, 1000)",123,56,0.9821428571428572
5,Tongue,Rest,28.836692094802856,0.7321428571428571,1.0,"(56, 64, 1000)","(84, 64, 1000)",123,56,0.7857142857142857
5,Mis,Rest,27.104032516479492,0.8571428571428571,1.0,"(56, 64, 1000)","(84, 64, 1000)",123,56,0.9642857142857143
