participant,class1,class2,running_time,test_acc,train_acc,test_size,train_size,train_block,test_block,test_acc_vote
6,Hand,Rest,24.090071201324463,0.8571428571428571,1.0,"(56, 64, 1000)","(84, 64, 1000)",123,56,0.9285714285714286
6,Feet,Rest,28.93093228340149,0.6964285714285714,1.0,"(56, 64, 1000)","(84, 64, 1000)",123,56,0.7857142857142857
6,Tongue,Rest,23.84457778930664,0.6785714285714286,1.0,"(56, 64, 1000)","(84, 64, 1000)",123,56,0.7142857142857143
6,Mis,Rest,27.72548270225525,0.7857142857142857,1.0,"(56, 64, 1000)","(84, 64, 1000)",123,56,0.8392857142857143
