class,test_acc,vote_acc
Hand,0.6828571428571428,0.6685714285714285
Feet,0.6835714285714285,0.65
Tongue,0.6321428571428571,0.6114285714285714
Mis,0.6171428571428572,0.5985714285714285
