participant,class1,class2,running_time,test_acc,train_acc,test_size,train_size,train_block,test_block,test_acc_vote
13,Hand,Rest,52.86155867576599,0.7214285714285714,1.0,"(140, 64, 1000)","(56, 64, 1000)",12,34567,0.7142857142857143
13,Feet,Rest,53.05689001083374,0.75,1.0,"(140, 64, 1000)","(56, 64, 1000)",12,34567,0.7
13,Tongue,Rest,53.84978485107422,0.8142857142857143,1.0,"(140, 64, 1000)","(56, 64, 1000)",12,34567,0.7571428571428571
13,Mis,Rest,55.397021770477295,0.6642857142857143,1.0,"(140, 64, 1000)","(56, 64, 1000)",12,34567,0.6357142857142857
