participant,class1,class2,running_time,test_acc,train_acc,test_size,train_size,train_block,test_block,test_acc_vote
14,Hand,Rest,52.859551429748535,0.7714285714285715,1.0,"(140, 64, 1000)","(56, 64, 1000)",12,34567,0.7571428571428571
14,Feet,Rest,52.889708518981934,0.6142857142857143,1.0,"(140, 64, 1000)","(56, 64, 1000)",12,34567,0.5714285714285714
14,Tongue,Rest,53.87915349006653,0.5714285714285714,1.0,"(140, 64, 1000)","(56, 64, 1000)",12,34567,0.55
14,Mis,Rest,54.26176857948303,0.6357142857142857,1.0,"(140, 64, 1000)","(56, 64, 1000)",12,34567,0.5857142857142856
