participant,class1,class2,running_time,test_acc,train_acc,test_size,train_size,train_block,test_block,test_acc_vote
13,Hand,Rest,97.71358966827393,0.6192660550458715,1.0,"(218, 64, 1000)","(327, 64, 1000)",123,67,0.6100917431192661
13,Feet,Rest,99.2546842098236,0.8073394495412844,1.0,"(218, 64, 1000)","(327, 64, 1000)",123,67,0.8165137614678899
13,Tongue,Rest,98.27563834190369,0.7339449541284404,1.0,"(218, 64, 1000)","(327, 64, 1000)",123,67,0.7477064220183487
13,Mis,Rest,98.58269619941711,0.6834862385321101,1.0,"(218, 64, 1000)","(327, 64, 1000)",123,67,0.6880733944954128
