participant,class1,class2,running_time,test_acc,train_acc,test_size,train_size,train_block,test_block,test_acc_vote
15,Hand,Rest,98.28737926483154,0.8486238532110092,1.0,"(218, 64, 1000)","(327, 64, 1000)",123,67,0.8440366972477065
15,Feet,Rest,99.0508930683136,0.6651376146788991,1.0,"(218, 64, 1000)","(327, 64, 1000)",123,67,0.6651376146788991
15,Tongue,Rest,96.78564167022704,0.6376146788990825,1.0,"(218, 64, 1000)","(327, 64, 1000)",123,67,0.6376146788990826
15,Mis,Rest,98.61755180358887,0.6513761467889908,1.0,"(218, 64, 1000)","(327, 64, 1000)",123,67,0.6467889908256881
