participant,class1,class2,running_time,test_acc,train_acc,test_size,train_size,train_block,test_block,test_acc_vote
17,Hand,Rest,98.2895622253418,0.7660550458715596,1.0,"(218, 64, 1000)","(327, 64, 1000)",123,67,0.7614678899082569
17,Feet,Rest,97.23586511611938,0.7110091743119266,1.0,"(218, 64, 1000)","(327, 64, 1000)",123,67,0.7155963302752293
17,Tongue,Rest,97.9623839855194,0.6422018348623854,1.0,"(218, 64, 1000)","(327, 64, 1000)",123,67,0.6330275229357798
17,Mis,Rest,97.08970713615417,0.7889908256880734,1.0,"(218, 64, 1000)","(327, 64, 1000)",123,67,0.7935779816513762
