participant,class1,class2,running_time,test_acc,train_acc,test_size,train_size,train_block,test_block,test_acc_vote
18,Hand,Rest,96.93452501296996,0.6651376146788991,1.0,"(218, 64, 1000)","(327, 64, 1000)",123,67,0.6697247706422018
18,Feet,Rest,98.53698325157166,0.6146788990825688,1.0,"(218, 64, 1000)","(327, 64, 1000)",123,67,0.6284403669724771
18,Tongue,Rest,96.63249015808104,0.7201834862385321,1.0,"(218, 64, 1000)","(327, 64, 1000)",123,67,0.7201834862385321
18,Mis,Rest,98.09627604484558,0.6880733944954128,1.0,"(218, 64, 1000)","(327, 64, 1000)",123,67,0.6834862385321101
