participant,class1,class2,running_time,test_acc,train_acc,test_size,train_size,train_block,test_block,test_acc_vote
3,Hand,Rest,98.7185046672821,0.8577981651376146,1.0,"(218, 64, 1000)","(327, 64, 1000)",123,67,0.8577981651376146
3,Feet,Rest,96.504549741745,0.6743119266055045,1.0,"(218, 64, 1000)","(327, 64, 1000)",123,67,0.7018348623853211
3,Tongue,Rest,96.58756589889526,0.6834862385321101,1.0,"(218, 64, 1000)","(327, 64, 1000)",123,67,0.6834862385321101
3,Mis,Rest,97.30952429771423,0.7385321100917431,1.0,"(218, 64, 1000)","(327, 64, 1000)",123,67,0.7431192660550459
