participant,class1,class2,running_time,test_acc,train_acc,test_size,train_size,train_block,test_block,test_acc_vote
4,Hand,Rest,97.66998600959778,0.8990825688073395,1.0,"(218, 64, 1000)","(327, 64, 1000)",123,67,0.8990825688073394
4,Feet,Rest,98.2416446208954,0.7522935779816514,1.0,"(218, 64, 1000)","(327, 64, 1000)",123,67,0.7477064220183487
4,Tongue,Rest,98.06306862831116,0.7339449541284404,1.0,"(218, 64, 1000)","(327, 64, 1000)",123,67,0.7339449541284404
4,Mis,Rest,97.63580536842346,0.6192660550458715,1.0,"(218, 64, 1000)","(327, 64, 1000)",123,67,0.6146788990825688
