participant,class1,class2,running_time,test_acc,train_acc,test_size,train_size,train_block,test_block,test_acc_vote
5,Hand,Rest,97.83415699005128,0.5229357798165137,1.0,"(218, 64, 1000)","(327, 64, 1000)",123,67,0.5137614678899083
5,Feet,Rest,98.78705143928528,0.6192660550458715,1.0,"(218, 64, 1000)","(327, 64, 1000)",123,67,0.6238532110091743
5,Tongue,Rest,97.0650942325592,0.7247706422018348,1.0,"(218, 64, 1000)","(327, 64, 1000)",123,67,0.7339449541284404
5,Mis,Rest,96.94020342826843,0.536697247706422,1.0,"(218, 64, 1000)","(327, 64, 1000)",123,67,0.5412844036697247
