participant,class1,class2,running_time,test_acc,train_acc,test_size,train_size,train_block,test_block,test_acc_vote
14,Hand,Rest,54.049405336380005,0.875,1.0,"(112, 64, 1000)","(84, 64, 1000)",123,4567,0.8214285714285714
14,Feet,Rest,54.55042481422424,0.6071428571428571,1.0,"(112, 64, 1000)","(84, 64, 1000)",123,4567,0.5714285714285714
14,Tongue,Rest,56.88572120666504,0.6517857142857143,1.0,"(112, 64, 1000)","(84, 64, 1000)",123,4567,0.6160714285714286
14,Mis,Rest,54.355430364608765,0.5982142857142857,1.0,"(112, 64, 1000)","(84, 64, 1000)",123,4567,0.5535714285714286
