participant,class1,class2,running_time,test_acc,train_acc,test_size,train_size,train_block,test_block,test_acc_vote
3,Hand,Rest,54.0668511390686,0.8125,1.0,"(112, 64, 1000)","(84, 64, 1000)",123,4567,0.7767857142857143
3,Feet,Rest,54.04348874092102,0.5357142857142857,1.0,"(112, 64, 1000)","(84, 64, 1000)",123,4567,0.5267857142857143
3,Tongue,Rest,55.313445806503296,0.8035714285714286,1.0,"(112, 64, 1000)","(84, 64, 1000)",123,4567,0.7410714285714286
3,Mis,Rest,55.63794422149658,0.8482142857142857,1.0,"(112, 64, 1000)","(84, 64, 1000)",123,4567,0.8035714285714286
