participant,class1,class2,running_time,test_acc,train_acc,test_size,train_size,train_block,test_block,test_acc_vote
5,Hand,Rest,53.59283804893494,0.7232142857142857,1.0,"(112, 64, 1000)","(84, 64, 1000)",123,4567,0.625
5,Feet,Rest,52.67514729499817,0.5892857142857143,1.0,"(112, 64, 1000)","(84, 64, 1000)",123,4567,0.5446428571428572
5,Tongue,Rest,58.10110831260681,0.75,1.0,"(112, 64, 1000)","(84, 64, 1000)",123,4567,0.6607142857142857
5,Mis,Rest,55.73290538787842,0.5535714285714286,1.0,"(112, 64, 1000)","(84, 64, 1000)",123,4567,0.5357142857142857
