participant,class1,class2,running_time,test_acc,train_acc,test_size,train_size,train_block,test_block,test_acc_vote
9,Hand,Rest,52.09564757347107,0.8571428571428571,1.0,"(112, 64, 1000)","(84, 64, 1000)",123,4567,0.8214285714285714
9,Feet,Rest,56.895230531692505,0.9107142857142856,1.0,"(112, 64, 1000)","(84, 64, 1000)",123,4567,0.8839285714285714
9,Tongue,Rest,55.602365016937256,0.6964285714285714,1.0,"(112, 64, 1000)","(84, 64, 1000)",123,4567,0.5982142857142857
9,Mis,Rest,55.09987449645996,0.6517857142857143,1.0,"(112, 64, 1000)","(84, 64, 1000)",123,4567,0.6428571428571428
