participant,class1,class2,running_time,test_acc,train_acc,test_size,train_size,train_block,test_block,test_acc_vote
10,Hand,Rest,54.05146622657776,0.6071428571428571,1.0,"(84, 64, 1000)","(112, 64, 1000)",1234,567,0.5714285714285714
10,Feet,Rest,55.98998188972473,0.5595238095238095,1.0,"(84, 64, 1000)","(112, 64, 1000)",1234,567,0.5119047619047619
10,Tongue,Rest,55.93862986564636,0.6904761904761905,1.0,"(84, 64, 1000)","(112, 64, 1000)",1234,567,0.6428571428571428
10,Mis,Rest,56.19697332382202,0.5476190476190477,1.0,"(84, 64, 1000)","(112, 64, 1000)",1234,567,0.5714285714285714
