participant,class1,class2,running_time,test_acc,train_acc,test_size,train_size,train_block,test_block,test_acc_vote
11,Hand,Rest,55.69935488700867,0.8809523809523809,1.0,"(84, 64, 1000)","(112, 64, 1000)",1234,567,0.8571428571428572
11,Feet,Rest,58.4159939289093,0.8928571428571429,1.0,"(84, 64, 1000)","(112, 64, 1000)",1234,567,0.8690476190476191
11,Tongue,Rest,57.622586488723755,0.7023809523809523,1.0,"(84, 64, 1000)","(112, 64, 1000)",1234,567,0.6190476190476191
11,Mis,Rest,57.30551838874817,0.5238095238095238,1.0,"(84, 64, 1000)","(112, 64, 1000)",1234,567,0.5119047619047619
