participant,class1,class2,running_time,test_acc,train_acc,test_size,train_size,train_block,test_block,test_acc_vote
13,Hand,Rest,53.73577952384949,0.6785714285714286,0.9910714285714286,"(84, 64, 1000)","(112, 64, 1000)",1234,567,0.6190476190476191
13,Feet,Rest,54.09720778465271,0.7738095238095238,1.0,"(84, 64, 1000)","(112, 64, 1000)",1234,567,0.7738095238095238
13,Tongue,Rest,56.843992471694946,0.6547619047619048,1.0,"(84, 64, 1000)","(112, 64, 1000)",1234,567,0.5952380952380952
13,Mis,Rest,55.9753143787384,0.7023809523809523,1.0,"(84, 64, 1000)","(112, 64, 1000)",1234,567,0.6190476190476191
