participant,class1,class2,running_time,test_acc,train_acc,test_size,train_size,train_block,test_block,test_acc_vote
14,Hand,Rest,57.330543994903564,0.9047619047619048,1.0,"(84, 64, 1000)","(112, 64, 1000)",1234,567,0.8690476190476191
14,Feet,Rest,53.99240756034851,0.7380952380952381,1.0,"(84, 64, 1000)","(112, 64, 1000)",1234,567,0.6904761904761905
14,Tongue,Rest,56.04751133918762,0.5833333333333334,1.0,"(84, 64, 1000)","(112, 64, 1000)",1234,567,0.5119047619047619
14,Mis,Rest,57.49995946884155,0.5714285714285714,1.0,"(84, 64, 1000)","(112, 64, 1000)",1234,567,0.5476190476190477
