participant,class1,class2,running_time,test_acc,train_acc,test_size,train_size,train_block,test_block,test_acc_vote
3,Hand,Rest,54.20008730888367,0.8333333333333334,1.0,"(84, 64, 1000)","(112, 64, 1000)",1234,567,0.7857142857142857
3,Feet,Rest,53.68448042869568,0.5476190476190477,1.0,"(84, 64, 1000)","(112, 64, 1000)",1234,567,0.4642857142857143
3,Tongue,Rest,54.49990129470825,0.7142857142857143,1.0,"(84, 64, 1000)","(112, 64, 1000)",1234,567,0.6309523809523809
3,Mis,Rest,55.60628581047058,0.7380952380952381,1.0,"(84, 64, 1000)","(112, 64, 1000)",1234,567,0.6547619047619048
