participant,class1,class2,running_time,test_acc,train_acc,test_size,train_size,train_block,test_block,test_acc_vote
4,Hand,Rest,52.86986708641052,0.8333333333333334,1.0,"(84, 64, 1000)","(112, 64, 1000)",1234,567,0.7738095238095238
4,Feet,Rest,55.79210686683655,0.6666666666666666,1.0,"(84, 64, 1000)","(112, 64, 1000)",1234,567,0.6071428571428572
4,Tongue,Rest,56.52847146987915,0.6904761904761905,1.0,"(84, 64, 1000)","(112, 64, 1000)",1234,567,0.6666666666666667
4,Mis,Rest,61.41058683395386,0.75,1.0,"(84, 64, 1000)","(112, 64, 1000)",1234,567,0.6904761904761905
