participant,class1,class2,running_time,test_acc,train_acc,test_size,train_size,train_block,test_block,test_acc_vote
5,Hand,Rest,60.34964346885681,0.7738095238095238,1.0,"(84, 64, 1000)","(112, 64, 1000)",1234,567,0.6904761904761905
5,Feet,Rest,56.65630578994751,0.6071428571428571,1.0,"(84, 64, 1000)","(112, 64, 1000)",1234,567,0.5238095238095238
5,Tongue,Rest,57.05637884140015,0.6547619047619048,1.0,"(84, 64, 1000)","(112, 64, 1000)",1234,567,0.5833333333333333
5,Mis,Rest,56.073131799697876,0.6428571428571429,1.0,"(84, 64, 1000)","(112, 64, 1000)",1234,567,0.6190476190476191
