participant,class1,class2,running_time,test_acc,train_acc,test_size,train_size,train_block,test_block,test_acc_vote
5,Hand,Rest,49.509342670440674,0.4955357142857143,1.0,"(224, 64, 250)","(224, 64, 250)",12,67,0.5267857142857143
5,Feet,Rest,49.67513966560364,0.5625,1.0,"(224, 64, 250)","(224, 64, 250)",12,67,0.5223214285714286
5,Tongue,Rest,49.606133699417114,0.5267857142857143,1.0,"(224, 64, 250)","(224, 64, 250)",12,67,0.5044642857142857
5,Mis,Rest,49.68243885040283,0.5625,1.0,"(224, 64, 250)","(224, 64, 250)",12,67,0.5535714285714286
