participant,class1,class2,running_time,test_acc,train_acc,test_size,train_size,train_block,test_block,test_acc_vote
11,Hand,Rest,54.03689813613891,0.6,1.0,"(140, 64, 1000)","(56, 64, 1000)",12,67,0.5571428571428572
11,Feet,Rest,54.49196982383728,0.9214285714285714,1.0,"(140, 64, 1000)","(56, 64, 1000)",12,67,0.9071428571428573
11,Tongue,Rest,54.285094022750854,0.55,1.0,"(140, 64, 1000)","(56, 64, 1000)",12,67,0.5214285714285714
11,Mis,Rest,54.24255084991455,0.6714285714285714,1.0,"(140, 64, 1000)","(56, 64, 1000)",12,67,0.65
