participant,class1,class2,running_time,test_acc,train_acc,test_size,train_size,train_block,test_block,test_acc_vote
17,Hand,Rest,53.96737241744995,0.7928571428571428,1.0,"(140, 64, 1000)","(56, 64, 1000)",12,67,0.7714285714285715
17,Feet,Rest,54.37381291389465,0.7142857142857143,1.0,"(140, 64, 1000)","(56, 64, 1000)",12,67,0.6857142857142857
17,Tongue,Rest,54.417057514190674,0.5428571428571428,1.0,"(140, 64, 1000)","(56, 64, 1000)",12,67,0.5
17,Mis,Rest,53.92255997657776,0.7357142857142858,1.0,"(140, 64, 1000)","(56, 64, 1000)",12,67,0.6714285714285715
