participant,class1,class2,running_time,test_acc,train_acc,test_size,train_size,train_block,test_block,test_acc_vote
19,Hand,Rest,55.26079726219177,0.6928571428571428,1.0,"(140, 64, 1000)","(56, 64, 1000)",12,67,0.6714285714285715
19,Feet,Rest,54.18207621574402,0.65,1.0,"(140, 64, 1000)","(56, 64, 1000)",12,67,0.5714285714285714
19,Tongue,Rest,55.046584129333496,0.6,1.0,"(140, 64, 1000)","(56, 64, 1000)",12,67,0.5714285714285714
19,Mis,Rest,55.571532249450684,0.8071428571428572,1.0,"(140, 64, 1000)","(56, 64, 1000)",12,67,0.7428571428571429
