participant,class1,class2,running_time,test_acc,train_acc,test_size,train_size,train_block,test_block,test_acc_vote
3,Hand,Rest,53.670560359954834,0.5857142857142857,1.0,"(140, 64, 1000)","(56, 64, 1000)",12,67,0.5714285714285714
3,Feet,Rest,54.7725567817688,0.5928571428571429,1.0,"(140, 64, 1000)","(56, 64, 1000)",12,67,0.5357142857142857
3,Tongue,Rest,53.5237672328949,0.5571428571428572,1.0,"(140, 64, 1000)","(56, 64, 1000)",12,67,0.5357142857142857
3,Mis,Rest,53.45607662200928,0.6214285714285714,1.0,"(140, 64, 1000)","(56, 64, 1000)",12,67,0.5785714285714285
