participant,class1,class2,running_time,test_acc,train_acc,test_size,train_size,train_block,test_block,test_acc_vote
5,Hand,Rest,55.3826630115509,0.5214285714285715,1.0,"(140, 64, 1000)","(56, 64, 1000)",12,67,0.5214285714285714
5,Feet,Rest,54.175339460372925,0.6571428571428571,1.0,"(140, 64, 1000)","(56, 64, 1000)",12,67,0.6214285714285714
5,Tongue,Rest,54.271260261535645,0.65,1.0,"(140, 64, 1000)","(56, 64, 1000)",12,67,0.6642857142857144
5,Mis,Rest,54.39375710487366,0.5214285714285715,1.0,"(140, 64, 1000)","(56, 64, 1000)",12,67,0.5428571428571429
