participant,class1,class2,running_time,test_acc,train_acc,test_size,train_size,train_block,test_block,test_acc_vote
6,Hand,Rest,54.445854902267456,0.7357142857142858,1.0,"(140, 64, 1000)","(56, 64, 1000)",12,67,0.6714285714285715
6,Feet,Rest,54.29438090324402,0.5714285714285714,1.0,"(140, 64, 1000)","(56, 64, 1000)",12,67,0.5785714285714285
6,Tongue,Rest,55.41452193260193,0.5714285714285714,1.0,"(140, 64, 1000)","(56, 64, 1000)",12,67,0.5642857142857143
6,Mis,Rest,54.208383560180664,0.6,1.0,"(140, 64, 1000)","(56, 64, 1000)",12,67,0.5642857142857143
