participant,class1,class2,running_time,test_acc,train_acc,test_size,train_size,train_block,test_block,test_acc_vote
7,Hand,Rest,54.3078396320343,0.6857142857142857,1.0,"(140, 64, 1000)","(56, 64, 1000)",12,67,0.6928571428571428
7,Feet,Rest,54.45573878288269,0.6714285714285714,1.0,"(140, 64, 1000)","(56, 64, 1000)",12,67,0.6071428571428572
7,Tongue,Rest,54.890854597091675,0.6928571428571428,1.0,"(140, 64, 1000)","(56, 64, 1000)",12,67,0.6785714285714286
7,Mis,Rest,54.799116134643555,0.5071428571428571,1.0,"(140, 64, 1000)","(56, 64, 1000)",12,67,0.5071428571428571
