participant,class1,class2,running_time,test_acc,train_acc,test_size,train_size,train_block,test_block,test_acc_vote
14,Hand,Rest,60.70054221153259,0.9285714285714286,1.0,"(56, 64, 1000)","(140, 64, 1000)",12345,67,0.9107142857142856
14,Feet,Rest,62.43791055679321,0.875,1.0,"(56, 64, 1000)","(140, 64, 1000)",12345,67,0.8392857142857143
14,Tongue,Rest,64.50928807258606,0.6964285714285714,1.0,"(56, 64, 1000)","(140, 64, 1000)",12345,67,0.5892857142857143
14,Mis,Rest,63.59895968437195,0.7142857142857143,1.0,"(56, 64, 1000)","(140, 64, 1000)",12345,67,0.6964285714285714
