participant,class1,class2,running_time,test_acc,train_acc,test_size,train_size,train_block,test_block,test_acc_vote
4,Hand,Rest,62.173462867736816,0.8928571428571429,1.0,"(56, 64, 1000)","(140, 64, 1000)",12345,67,0.875
4,Feet,Rest,60.9565634727478,0.8571428571428571,1.0,"(56, 64, 1000)","(140, 64, 1000)",12345,67,0.75
4,Tongue,Rest,63.900843381881714,0.8035714285714286,1.0,"(56, 64, 1000)","(140, 64, 1000)",12345,67,0.7678571428571428
4,Mis,Rest,64.74339175224304,0.625,1.0,"(56, 64, 1000)","(140, 64, 1000)",12345,67,0.625
