participant,class1,class2,running_time,test_acc,train_acc,test_size,train_size,train_block,test_block,test_acc_vote
6,Hand,Rest,60.652859687805176,0.7857142857142857,1.0,"(56, 64, 1000)","(140, 64, 1000)",12345,67,0.6964285714285714
6,Feet,Rest,63.30874061584473,0.8571428571428571,1.0,"(56, 64, 1000)","(140, 64, 1000)",12345,67,0.8571428571428572
6,Tongue,Rest,62.56935143470764,0.7857142857142857,1.0,"(56, 64, 1000)","(140, 64, 1000)",12345,67,0.8035714285714286
6,Mis,Rest,63.317641258239746,0.7321428571428571,1.0,"(56, 64, 1000)","(140, 64, 1000)",12345,67,0.6964285714285714
