participant,class1,class2,running_time,test_acc,train_acc,test_size,train_size,train_block,test_block,test_acc_vote
7,Hand,Rest,60.97977638244629,0.7857142857142857,1.0,"(56, 64, 1000)","(140, 64, 1000)",12345,67,0.8035714285714286
7,Feet,Rest,64.28905177116394,0.8214285714285714,1.0,"(56, 64, 1000)","(140, 64, 1000)",12345,67,0.8214285714285714
7,Tongue,Rest,63.93481659889221,0.6071428571428571,1.0,"(56, 64, 1000)","(140, 64, 1000)",12345,67,0.5535714285714286
7,Mis,Rest,62.700114011764526,0.48214285714285715,1.0,"(56, 64, 1000)","(140, 64, 1000)",12345,67,0.4821428571428571
