participant,class1,class2,running_time,test_acc,train_acc,test_size,train_size,train_block,test_block,test_acc_vote
3,Hand,Rest,80.49272036552429,0.6311926605504588,1.0,"(545, 64, 1000)","(218, 64, 1000)",12,34567,0.6275229357798164
3,Feet,Rest,79.46439218521118,0.6752293577981652,1.0,"(545, 64, 1000)","(218, 64, 1000)",12,34567,0.6844036697247706
3,Tongue,Rest,81.14365077018738,0.6238532110091743,1.0,"(545, 64, 1000)","(218, 64, 1000)",12,34567,0.6256880733944954
3,Mis,Rest,81.51407957077026,0.6788990825688074,1.0,"(545, 64, 1000)","(218, 64, 1000)",12,34567,0.6880733944954128
