participant,class1,class2,running_time,test_acc,train_acc,test_size,train_size,train_block,test_block,test_acc_vote
7,Hand,Rest,80.73676872253418,0.6935779816513762,1.0,"(545, 64, 1000)","(218, 64, 1000)",12,34567,0.6954128440366972
7,Feet,Rest,80.86413908004761,0.7834862385321101,1.0,"(545, 64, 1000)","(218, 64, 1000)",12,34567,0.8055045871559633
7,Tongue,Rest,81.04908299446106,0.5651376146788991,1.0,"(545, 64, 1000)","(218, 64, 1000)",12,34567,0.5559633027522936
7,Mis,Rest,81.19695162773132,0.671559633027523,1.0,"(545, 64, 1000)","(218, 64, 1000)",12,34567,0.6770642201834862
