participant,class1,class2,running_time,test_acc,train_acc,test_size,train_size,train_block,test_block,test_acc_vote
10,Hand,Rest,124.1906759738922,0.6467889908256881,1.0,"(436, 64, 1000)","(327, 64, 1000)",123,4567,0.6559633027522935
10,Feet,Rest,124.01136088371275,0.6353211009174312,1.0,"(436, 64, 1000)","(327, 64, 1000)",123,4567,0.6467889908256881
10,Tongue,Rest,127.77619647979736,0.5527522935779816,1.0,"(436, 64, 1000)","(327, 64, 1000)",123,4567,0.5412844036697247
10,Mis,Rest,127.0344705581665,0.7362385321100917,1.0,"(436, 64, 1000)","(327, 64, 1000)",123,4567,0.7339449541284404
