participant,class1,class2,running_time,test_acc,train_acc,test_size,train_size,train_block,test_block,test_acc_vote
4,Hand,Rest,124.73031616210938,0.8486238532110092,1.0,"(436, 64, 1000)","(327, 64, 1000)",123,4567,0.8486238532110092
4,Feet,Rest,124.55590558052064,0.7431192660550459,1.0,"(436, 64, 1000)","(327, 64, 1000)",123,4567,0.7568807339449541
4,Tongue,Rest,125.63866448402403,0.8142201834862385,1.0,"(436, 64, 1000)","(327, 64, 1000)",123,4567,0.823394495412844
4,Mis,Rest,125.90033435821533,0.6903669724770642,1.0,"(436, 64, 1000)","(327, 64, 1000)",123,4567,0.6972477064220184
