participant,class1,class2,running_time,test_acc,train_acc,test_size,train_size,train_block,test_block,test_acc_vote
5,Hand,Rest,123.65476179122923,0.6444954128440367,1.0,"(436, 64, 1000)","(327, 64, 1000)",123,4567,0.6422018348623852
5,Feet,Rest,124.71252489089966,0.6444954128440367,1.0,"(436, 64, 1000)","(327, 64, 1000)",123,4567,0.6559633027522935
5,Tongue,Rest,126.2788107395172,0.7362385321100917,1.0,"(436, 64, 1000)","(327, 64, 1000)",123,4567,0.7362385321100917
5,Mis,Rest,126.42599368095398,0.5298165137614679,1.0,"(436, 64, 1000)","(327, 64, 1000)",123,4567,0.5298165137614679
