participant,class1,class2,running_time,test_acc,train_acc,test_size,train_size,train_block,test_block,test_acc_vote
6,Hand,Rest,123.50399446487428,0.6215596330275229,1.0,"(436, 64, 1000)","(327, 64, 1000)",123,4567,0.6238532110091743
6,Feet,Rest,125.05419421195984,0.6788990825688074,1.0,"(436, 64, 1000)","(327, 64, 1000)",123,4567,0.6857798165137614
6,Tongue,Rest,127.13714361190796,0.7178899082568807,1.0,"(436, 64, 1000)","(327, 64, 1000)",123,4567,0.7224770642201834
6,Mis,Rest,126.3967649936676,0.6330275229357798,1.0,"(436, 64, 1000)","(327, 64, 1000)",123,4567,0.6376146788990826
