participant,class1,class2,running_time,test_acc,train_acc,test_size,train_size,train_block,test_block,test_acc_vote
10,Hand,Rest,52.27447295188904,0.6607142857142857,0.9642857142857144,"(112, 64, 1000)","(84, 64, 1000)",123,67,0.6339285714285714
10,Feet,Rest,51.90357971191406,0.7321428571428571,1.0,"(112, 64, 1000)","(84, 64, 1000)",123,67,0.6875
10,Tongue,Rest,52.53008484840393,0.6785714285714286,0.9523809523809524,"(112, 64, 1000)","(84, 64, 1000)",123,67,0.6160714285714286
10,Mis,Rest,52.22755575180054,0.8035714285714286,0.9880952380952381,"(112, 64, 1000)","(84, 64, 1000)",123,67,0.7678571428571428
