participant,class1,class2,running_time,test_acc,train_acc,test_size,train_size,train_block,test_block,test_acc_vote
13,Hand,Rest,52.29795694351196,0.7321428571428571,0.9285714285714286,"(112, 64, 1000)","(84, 64, 1000)",123,67,0.6964285714285714
13,Feet,Rest,52.4041600227356,0.7946428571428571,1.0,"(112, 64, 1000)","(84, 64, 1000)",123,67,0.7857142857142857
13,Tongue,Rest,53.07967281341553,0.8303571428571429,1.0,"(112, 64, 1000)","(84, 64, 1000)",123,67,0.8035714285714286
13,Mis,Rest,52.589826822280884,0.8303571428571429,0.9761904761904762,"(112, 64, 1000)","(84, 64, 1000)",123,67,0.7857142857142857
