participant,class1,class2,running_time,test_acc,train_acc,test_size,train_size,train_block,test_block,test_acc_vote
3,Hand,Rest,52.634636640548706,0.7857142857142857,0.9642857142857144,"(112, 64, 1000)","(84, 64, 1000)",123,67,0.7678571428571428
3,Feet,Rest,52.54636573791504,0.5892857142857143,0.9642857142857144,"(112, 64, 1000)","(84, 64, 1000)",123,67,0.6160714285714286
3,Tongue,Rest,52.48389458656311,0.7767857142857143,1.0,"(112, 64, 1000)","(84, 64, 1000)",123,67,0.7321428571428572
3,Mis,Rest,52.873981952667236,0.8214285714285714,1.0,"(112, 64, 1000)","(84, 64, 1000)",123,67,0.8035714285714286
