participant,class1,class2,running_time,test_acc,train_acc,test_size,train_size,train_block,test_block,test_acc_vote
4,Hand,Rest,52.77240180969238,0.8928571428571429,1.0,"(112, 64, 1000)","(84, 64, 1000)",123,67,0.8839285714285714
4,Feet,Rest,52.0341522693634,0.7232142857142857,1.0,"(112, 64, 1000)","(84, 64, 1000)",123,67,0.6428571428571428
4,Tongue,Rest,52.55752420425415,0.8214285714285714,1.0,"(112, 64, 1000)","(84, 64, 1000)",123,67,0.7767857142857143
4,Mis,Rest,52.40674161911011,0.7142857142857143,0.9761904761904762,"(112, 64, 1000)","(84, 64, 1000)",123,67,0.6964285714285714
