participant,class1,class2,running_time,test_acc,train_acc,test_size,train_size,train_block,test_block,test_acc_vote
5,Hand,Rest,52.70109224319458,0.5803571428571429,0.988095238095238,"(112, 64, 1000)","(84, 64, 1000)",123,67,0.5714285714285714
5,Feet,Rest,52.18060803413391,0.8482142857142857,0.988095238095238,"(112, 64, 1000)","(84, 64, 1000)",123,67,0.8125
5,Tongue,Rest,53.35032343864441,0.7946428571428571,1.0,"(112, 64, 1000)","(84, 64, 1000)",123,67,0.7857142857142857
5,Mis,Rest,53.288182497024536,0.5267857142857143,1.0,"(112, 64, 1000)","(84, 64, 1000)",123,67,0.5267857142857143
