participant,class1,class2,running_time,test_acc,train_acc,test_size,train_size,train_block,test_block,test_acc_vote
9,Hand,Rest,52.12574934959411,0.8839285714285714,0.9642857142857144,"(112, 64, 1000)","(84, 64, 1000)",123,67,0.8571428571428572
9,Feet,Rest,52.31938791275024,0.9553571428571428,1.0,"(112, 64, 1000)","(84, 64, 1000)",123,67,0.9375
9,Tongue,Rest,52.253294706344604,0.7678571428571429,0.9761904761904762,"(112, 64, 1000)","(84, 64, 1000)",123,67,0.75
9,Mis,Rest,52.11206078529358,0.75,0.9880952380952381,"(112, 64, 1000)","(84, 64, 1000)",123,67,0.7678571428571428
