participant,class1,class2,running_time,test_acc,train_acc,test_size,train_size,train_block,test_block,test_acc_vote
6,Hand,Rest,124.28848505020142,0.6330275229357798,0.9571865443425076,"(436, 64, 1000)","(327, 64, 1000)",123,4567,0.6330275229357798
6,Feet,Rest,125.54331660270692,0.731651376146789,0.944954128440367,"(436, 64, 1000)","(327, 64, 1000)",123,4567,0.7431192660550459
6,Tongue,Rest,127.6545910835266,0.7201834862385321,0.9663608562691132,"(436, 64, 1000)","(327, 64, 1000)",123,4567,0.7385321100917431
6,Mis,Rest,127.2280707359314,0.5802752293577982,0.9327217125382263,"(436, 64, 1000)","(327, 64, 1000)",123,4567,0.5802752293577982
