participant,class1,class2,running_time,test_acc,train_acc,test_size,train_size,train_block,test_block,test_acc_vote
10,Hand,Rest,57.829193115234375,0.7232142857142857,1.0,"(112, 64, 1000)","(84, 64, 1000)",123,67,0.7232142857142857
10,Feet,Rest,55.82590985298157,0.7321428571428571,1.0,"(112, 64, 1000)","(84, 64, 1000)",123,67,0.7142857142857143
10,Tongue,Rest,56.45778679847717,0.5357142857142857,1.0,"(112, 64, 1000)","(84, 64, 1000)",123,67,0.5357142857142857
10,Mis,Rest,55.60060954093933,0.7857142857142857,1.0,"(112, 64, 1000)","(84, 64, 1000)",123,67,0.7142857142857143
