participant,class1,class2,running_time,test_acc,train_acc,test_size,train_size,train_block,test_block,test_acc_vote
11,Hand,Rest,55.97368812561035,0.6785714285714286,1.0,"(112, 64, 1000)","(84, 64, 1000)",123,67,0.6428571428571428
11,Feet,Rest,56.78847861289978,0.9464285714285714,1.0,"(112, 64, 1000)","(84, 64, 1000)",123,67,0.9464285714285714
11,Tongue,Rest,56.57229828834534,0.6160714285714286,1.0,"(112, 64, 1000)","(84, 64, 1000)",123,67,0.5892857142857143
11,Mis,Rest,56.919264793395996,0.7321428571428571,1.0,"(112, 64, 1000)","(84, 64, 1000)",123,67,0.6607142857142857
