participant,class1,class2,running_time,test_acc,train_acc,test_size,train_size,train_block,test_block,test_acc_vote
15,Hand,Rest,53.90066838264465,0.9223300970873788,1.0,"(103, 64, 1000)","(84, 64, 1000)",123,67,0.912621359223301
15,Feet,Rest,56.38503575325012,0.7410714285714286,1.0,"(112, 64, 1000)","(84, 64, 1000)",123,67,0.6964285714285714
15,Tongue,Rest,55.067023515701294,0.5803571428571429,1.0,"(112, 64, 1000)","(84, 64, 1000)",123,67,0.5892857142857143
15,Mis,Rest,55.716301918029785,0.7946428571428571,1.0,"(112, 64, 1000)","(84, 64, 1000)",123,67,0.7857142857142857
