participant,class1,class2,running_time,test_acc,train_acc,test_size,train_size,train_block,test_block,test_acc_vote
16,Hand,Rest,56.22758150100708,0.5535714285714286,1.0,"(112, 64, 1000)","(84, 64, 1000)",123,67,0.5178571428571428
16,Feet,Rest,56.53135895729065,0.6160714285714286,1.0,"(112, 64, 1000)","(84, 64, 1000)",123,67,0.5982142857142857
16,Tongue,Rest,55.53795313835144,0.7142857142857143,1.0,"(112, 64, 1000)","(84, 64, 1000)",123,67,0.6875
16,Mis,Rest,56.85425329208374,0.7589285714285714,1.0,"(112, 64, 1000)","(84, 64, 1000)",123,67,0.75
