participant,class1,class2,running_time,test_acc,train_acc,test_size,train_size,train_block,test_block,test_acc_vote
17,Hand,Rest,56.698466062545776,0.8125,1.0,"(112, 64, 1000)","(84, 64, 1000)",123,67,0.7767857142857143
17,Feet,Rest,55.57818126678467,0.75,1.0,"(112, 64, 1000)","(84, 64, 1000)",123,67,0.7142857142857143
17,Tongue,Rest,56.45659112930298,0.6785714285714286,1.0,"(112, 64, 1000)","(84, 64, 1000)",123,67,0.625
17,Mis,Rest,55.785332918167114,0.8392857142857143,1.0,"(112, 64, 1000)","(84, 64, 1000)",123,67,0.7946428571428572
