participant,class1,class2,running_time,test_acc,train_acc,test_size,train_size,train_block,test_block,test_acc_vote
7,Hand,Rest,68.03657793998718,0.75,1.0,"(112, 64, 1000)","(84, 64, 1000)",123,67,0.7857142857142857
7,Feet,Rest,64.44150900840759,0.8214285714285714,1.0,"(112, 64, 1000)","(84, 64, 1000)",123,67,0.8392857142857143
7,Tongue,Rest,63.3165225982666,0.7321428571428571,1.0,"(112, 64, 1000)","(84, 64, 1000)",123,67,0.7232142857142857
7,Mis,Rest,61.76102638244629,0.5714285714285714,1.0,"(112, 64, 1000)","(84, 64, 1000)",123,67,0.5714285714285714
