participant,class1,class2,running_time,test_acc,train_acc,test_size,train_size,train_block,test_block,test_acc_vote
13,Hand,Rest,39.13643741607666,0.625,1.0,"(56, 64, 1000)","(140, 64, 1000)",12345,67,0.5714285714285714
13,Feet,Rest,50.129643201828,0.75,1.0,"(56, 64, 1000)","(140, 64, 1000)",12345,67,0.75
13,Tongue,Rest,40.67848038673401,0.7857142857142857,1.0,"(56, 64, 1000)","(140, 64, 1000)",12345,67,0.7678571428571428
13,Mis,Rest,41.65708899497986,0.7321428571428571,0.9928571428571429,"(56, 64, 1000)","(140, 64, 1000)",12345,67,0.6607142857142857
