participant,class1,class2,running_time,test_acc,train_acc,test_size,train_size,train_block,test_block,test_acc_vote
4,Hand,Rest,51.22563791275024,0.8452380952380952,1.0,"(168, 64, 1000)","(28, 64, 1000)",1,234567,0.8392857142857143
4,Feet,Rest,51.983378887176514,0.7083333333333334,1.0,"(168, 64, 1000)","(28, 64, 1000)",1,234567,0.6904761904761905
4,Tongue,Rest,51.90880489349365,0.5535714285714286,1.0,"(168, 64, 1000)","(28, 64, 1000)",1,234567,0.5
4,Mis,Rest,51.81564259529114,0.5773809523809523,1.0,"(168, 64, 1000)","(28, 64, 1000)",1,234567,0.5595238095238095
