participant,class1,class2,running_time,test_acc,train_acc,test_size,train_size,train_block,test_block,test_acc_vote
10,Hand,Rest,16.350074529647827,0.6785714285714286,0.9761904761904762,"(28, 64, 1000)","(84, 64, 1000)",123,28 randomly chosen!,0.7857142857142857
10,Feet,Rest,16.08829665184021,0.5357142857142857,1.0,"(28, 64, 1000)","(84, 64, 1000)",123,28 randomly chosen!,0.5
10,Tongue,Rest,16.287368059158325,0.6071428571428571,1.0,"(28, 64, 1000)","(84, 64, 1000)",123,28 randomly chosen!,0.6428571428571428
10,Mis,Rest,16.484877824783325,0.5714285714285714,0.9642857142857143,"(28, 64, 1000)","(84, 64, 1000)",123,28 randomly chosen!,0.6428571428571428
