participant,class1,class2,running_time,test_acc,train_acc,test_size,train_size,train_block,test_block,test_acc_vote
4,Hand,Rest,16.459230184555054,0.75,1.0,"(28, 64, 1000)","(84, 64, 1000)",123,28 randomly chosen!,0.8214285714285714
4,Feet,Rest,15.751897096633911,0.5714285714285714,1.0,"(28, 64, 1000)","(84, 64, 1000)",123,28 randomly chosen!,0.5
4,Tongue,Rest,16.32880687713623,0.5357142857142857,1.0,"(28, 64, 1000)","(84, 64, 1000)",123,28 randomly chosen!,0.5714285714285714
4,Mis,Rest,16.374542474746704,0.8214285714285714,0.9880952380952381,"(28, 64, 1000)","(84, 64, 1000)",123,28 randomly chosen!,1.0
