participant,class1,class2,running_time,test_acc,train_acc,test_size,train_size,train_block,test_block,test_acc_vote
5,Hand,Rest,16.488192796707153,0.7857142857142857,1.0,"(28, 64, 1000)","(84, 64, 1000)",123,28 randomly chosen!,0.8928571428571429
5,Feet,Rest,16.226698875427246,0.9285714285714286,0.9761904761904762,"(28, 64, 1000)","(84, 64, 1000)",123,28 randomly chosen!,1.0
5,Tongue,Rest,16.276806116104126,0.8214285714285714,0.988095238095238,"(28, 64, 1000)","(84, 64, 1000)",123,28 randomly chosen!,0.9285714285714286
5,Mis,Rest,15.972850561141968,0.8928571428571429,1.0,"(28, 64, 1000)","(84, 64, 1000)",123,28 randomly chosen!,0.9642857142857143
