participant,class1,class2,running_time,test_acc,train_acc,test_size,train_size,train_block,test_block,test_acc_vote
10,Hand,Rest,53.84021544456482,0.6369047619047619,1.0,"(336, 64, 250)","(448, 64, 250)",1234,567,0.6488095238095238
10,Feet,Rest,53.8053023815155,0.6517857142857143,1.0,"(336, 64, 250)","(448, 64, 250)",1234,567,0.6755952380952381
10,Tongue,Rest,55.379718542099,0.6101190476190477,1.0,"(336, 64, 250)","(448, 64, 250)",1234,567,0.6101190476190477
10,Mis,Rest,55.07394218444824,0.7291666666666666,1.0,"(336, 64, 250)","(448, 64, 250)",1234,567,0.7261904761904762
