participant,class1,class2,running_time,test_acc,train_acc,test_size,train_size,train_block,test_block,test_acc_vote
13,Hand,Rest,54.01954770088196,0.6458333333333334,1.0,"(336, 64, 250)","(448, 64, 250)",1234,567,0.6309523809523809
13,Feet,Rest,53.76166796684265,0.7142857142857143,1.0,"(336, 64, 250)","(448, 64, 250)",1234,567,0.7440476190476191
13,Tongue,Rest,58.82265019416809,0.7113095238095238,1.0,"(336, 64, 250)","(448, 64, 250)",1234,567,0.7559523809523809
13,Mis,Rest,55.236894369125366,0.7559523809523809,1.0,"(336, 64, 250)","(448, 64, 250)",1234,567,0.7886904761904762
