participant,class1,class2,running_time,test_acc,train_acc,test_size,train_size,train_block,test_block,test_acc_vote
14,Hand,Rest,54.031901836395264,0.8184523809523809,1.0,"(336, 64, 250)","(448, 64, 250)",1234,567,0.8363095238095238
14,Feet,Rest,54.07211256027222,0.6577380952380952,1.0,"(336, 64, 250)","(448, 64, 250)",1234,567,0.6577380952380952
14,Tongue,Rest,55.52620196342468,0.5714285714285714,1.0,"(336, 64, 250)","(448, 64, 250)",1234,567,0.6011904761904762
14,Mis,Rest,55.1217987537384,0.5892857142857143,1.0,"(336, 64, 250)","(448, 64, 250)",1234,567,0.6101190476190477
