participant,class1,class2,running_time,test_acc,train_acc,test_size,train_size,train_block,test_block,test_acc_vote
3,Hand,Rest,53.915550231933594,0.6815476190476191,1.0,"(336, 64, 250)","(448, 64, 250)",1234,567,0.7172619047619048
3,Feet,Rest,53.630332708358765,0.5416666666666666,1.0,"(336, 64, 250)","(448, 64, 250)",1234,567,0.5654761904761905
3,Tongue,Rest,54.98805570602417,0.6755952380952381,1.0,"(336, 64, 250)","(448, 64, 250)",1234,567,0.7172619047619048
3,Mis,Rest,55.03497242927551,0.7648809523809523,1.0,"(336, 64, 250)","(448, 64, 250)",1234,567,0.8005952380952381
