participant,class1,class2,running_time,test_acc,train_acc,test_size,train_size,train_block,test_block,test_acc_vote
4,Hand,Rest,54.288031578063965,0.8095238095238095,1.0,"(336, 64, 250)","(448, 64, 250)",1234,567,0.8303571428571428
4,Feet,Rest,53.3925142288208,0.7113095238095238,1.0,"(336, 64, 250)","(448, 64, 250)",1234,567,0.7351190476190477
4,Tongue,Rest,55.30747985839844,0.6875,1.0,"(336, 64, 250)","(448, 64, 250)",1234,567,0.7202380952380952
4,Mis,Rest,54.90687823295593,0.6815476190476191,1.0,"(336, 64, 250)","(448, 64, 250)",1234,567,0.6904761904761905
