participant,class1,class2,running_time,test_acc,train_acc,test_size,train_size,train_block,test_block,test_acc_vote
6,Hand,Rest,54.017518281936646,0.6577380952380952,1.0,"(336, 64, 250)","(448, 64, 250)",1234,567,0.7083333333333333
6,Feet,Rest,53.63206696510315,0.6755952380952381,1.0,"(336, 64, 250)","(448, 64, 250)",1234,567,0.6934523809523809
6,Tongue,Rest,55.25533962249756,0.6577380952380952,1.0,"(336, 64, 250)","(448, 64, 250)",1234,567,0.6934523809523809
6,Mis,Rest,55.22280240058899,0.6845238095238095,1.0,"(336, 64, 250)","(448, 64, 250)",1234,567,0.7172619047619048
