participant,class1,class2,running_time,test_acc,train_acc,test_size,train_size,train_block,test_block,test_acc_vote
7,Hand,Rest,53.95726561546326,0.6904761904761905,1.0,"(336, 64, 250)","(448, 64, 250)",1234,567,0.7678571428571428
7,Feet,Rest,53.81624603271485,0.7351190476190477,1.0,"(336, 64, 250)","(448, 64, 250)",1234,567,0.7767857142857143
7,Tongue,Rest,55.225526094436646,0.6220238095238095,1.0,"(336, 64, 250)","(448, 64, 250)",1234,567,0.6785714285714286
7,Mis,Rest,54.839353799819946,0.6279761904761905,1.0,"(336, 64, 250)","(448, 64, 250)",1234,567,0.6309523809523809
