participant,class1,class2,running_time,test_acc,train_acc,test_size,train_size,train_block,test_block,test_acc_vote
14,Hand,Rest,94.69240188598631,0.8715596330275229,0.9602446483180428,"(218, 64, 1000)","(327, 64, 1000)",123,67,0.8669724770642202
14,Feet,Rest,99.75743436813354,0.6559633027522935,0.9724770642201837,"(218, 64, 1000)","(327, 64, 1000)",123,67,0.6467889908256881
14,Tongue,Rest,91.08962869644164,0.6422018348623854,0.9755351681957186,"(218, 64, 1000)","(327, 64, 1000)",123,67,0.6513761467889908
14,Mis,Rest,80.044921875,0.6513761467889908,0.9541284403669725,"(218, 64, 1000)","(327, 64, 1000)",123,67,0.6467889908256881
