participant,class1,class2,running_time,test_acc,train_acc,test_size,train_size,train_block,test_block,test_acc_vote
17,Hand,Rest,98.84249711036682,0.7614678899082569,0.9143730886850152,"(218, 64, 1000)","(327, 64, 1000)",123,67,0.7752293577981652
17,Feet,Rest,90.25325179100037,0.7477064220183486,0.8837920489296636,"(218, 64, 1000)","(327, 64, 1000)",123,67,0.7568807339449541
17,Tongue,Rest,91.3335738182068,0.7660550458715596,0.908256880733945,"(218, 64, 1000)","(327, 64, 1000)",123,67,0.7798165137614679
17,Mis,Rest,104.63218951225281,0.7568807339449541,0.9113149847094801,"(218, 64, 1000)","(327, 64, 1000)",123,67,0.7568807339449541
