participant,class1,class2,running_time,test_acc,train_acc,test_size,train_size,train_block,test_block,test_acc_vote
3,Hand,Rest,159.13294506072998,0.8027522935779816,0.9541284403669724,"(218, 64, 1000)","(327, 64, 1000)",123,67,0.8073394495412844
3,Feet,Rest,131.90849566459656,0.5825688073394495,0.9021406727828746,"(218, 64, 1000)","(327, 64, 1000)",123,67,0.5825688073394495
3,Tongue,Rest,148.37004446983337,0.6238532110091743,0.963302752293578,"(218, 64, 1000)","(327, 64, 1000)",123,67,0.6284403669724771
3,Mis,Rest,136.31883263587952,0.7385321100917431,0.963302752293578,"(218, 64, 1000)","(327, 64, 1000)",123,67,0.7477064220183487
