participant,class1,class2,running_time,test_acc,train_acc,test_size,train_size,train_block,test_block,test_acc_vote
5,Hand,Rest,129.13043308258057,0.7492354740061162,1.0,"(327, 64, 1000)","(436, 64, 1000)",1234,567,0.7553516819571866
5,Feet,Rest,129.88704562187195,0.7553516819571865,1.0,"(327, 64, 1000)","(436, 64, 1000)",1234,567,0.764525993883792
5,Tongue,Rest,131.8574914932251,0.7186544342507645,1.0,"(327, 64, 1000)","(436, 64, 1000)",1234,567,0.7247706422018348
5,Mis,Rest,132.91876888275146,0.8226299694189603,1.0,"(327, 64, 1000)","(436, 64, 1000)",1234,567,0.8379204892966361
