participant,class1,class2,running_time,test_acc,train_acc,test_size,train_size,train_block,test_block,test_acc_vote
7,Hand,Rest,128.0147523880005,0.8165137614678899,1.0,"(327, 64, 1000)","(436, 64, 1000)",1234,567,0.8470948012232415
7,Feet,Rest,130.39202213287354,0.8379204892966361,1.0,"(327, 64, 1000)","(436, 64, 1000)",1234,567,0.8470948012232415
7,Tongue,Rest,134.2133345603943,0.6788990825688074,1.0,"(327, 64, 1000)","(436, 64, 1000)",1234,567,0.7003058103975535
7,Mis,Rest,131.16195583343506,0.7767584097859327,1.0,"(327, 64, 1000)","(436, 64, 1000)",1234,567,0.7951070336391437
