participant,class1,class2,running_time,test_acc,train_acc,test_size,train_size,train_block,test_block,test_acc_vote
9,Hand,Rest,128.73395490646362,0.8409785932721713,1.0,"(327, 64, 1000)","(436, 64, 1000)",1234,567,0.8440366972477065
9,Feet,Rest,130.94299793243408,0.8593272171253823,1.0,"(327, 64, 1000)","(436, 64, 1000)",1234,567,0.8623853211009174
9,Tongue,Rest,131.69506883621216,0.7370030581039755,1.0,"(327, 64, 1000)","(436, 64, 1000)",1234,567,0.7431192660550459
9,Mis,Rest,133.34078931808472,0.72782874617737,1.0,"(327, 64, 1000)","(436, 64, 1000)",1234,567,0.746177370030581
