participant,class1,class2,running_time,test_acc,train_acc,test_size,train_size,train_block,test_block,test_acc_vote
6,Hand,Rest,61.47449588775635,0.7142857142857143,1.0,"(56, 64, 1000)","(140, 64, 1000)",12345,67,0.7321428571428572
6,Feet,Rest,60.613929986953735,0.8571428571428571,1.0,"(56, 64, 1000)","(140, 64, 1000)",12345,67,0.8571428571428572
6,Tongue,Rest,65.5320394039154,0.875,1.0,"(56, 64, 1000)","(140, 64, 1000)",12345,67,0.875
6,Mis,Rest,66.10639977455139,0.7857142857142857,1.0,"(56, 64, 1000)","(140, 64, 1000)",12345,67,0.7678571428571428
