participant,class1,class2,running_time,test_acc,train_acc,test_size,train_size,train_block,test_block,test_acc_vote
7,Hand,Rest,102.99612498283386,0.8226299694189603,0.9197247706422018,"(327, 64, 1000)","(436, 64, 1000)",1234,567,0.8379204892966361
7,Feet,Rest,105.87812328338624,0.8012232415902141,0.8669724770642202,"(327, 64, 1000)","(436, 64, 1000)",1234,567,0.8073394495412844
7,Tongue,Rest,107.43496346473694,0.7064220183486238,0.8853211009174312,"(327, 64, 1000)","(436, 64, 1000)",1234,567,0.7155963302752293
7,Mis,Rest,107.26567006111145,0.7492354740061162,0.8256880733944955,"(327, 64, 1000)","(436, 64, 1000)",1234,567,0.7675840978593272
