participant,class1,class2,running_time,test_acc,train_acc,test_size,train_size,train_block,test_block,test_acc_vote
3,Hand,Rest,130.85300707817078,0.8226299694189603,1.0,"(327, 64, 1000)","(436, 64, 1000)",1234,567,0.8287461773700306
3,Feet,Rest,132.63890624046326,0.5076452599388379,0.9977064220183486,"(327, 64, 1000)","(436, 64, 1000)",1234,567,0.5168195718654434
3,Tongue,Rest,133.23470306396484,0.7584097859327217,0.9977064220183486,"(327, 64, 1000)","(436, 64, 1000)",1234,567,0.7614678899082569
3,Mis,Rest,133.23729920387268,0.7706422018348624,1.0,"(327, 64, 1000)","(436, 64, 1000)",1234,567,0.7828746177370031
