participant,class1,class2,running_time,test_acc,train_acc,test_size,train_size,train_block,test_block,test_acc_vote
3,Hand,Rest,42.16507172584534,0.8571428571428571,1.0,"(56, 64, 1000)","(140, 64, 1000)",12345,67,0.8214285714285714
3,Feet,Rest,40.2001473903656,0.5357142857142857,1.0,"(56, 64, 1000)","(140, 64, 1000)",12345,67,0.5
3,Tongue,Rest,41.28623604774475,0.7857142857142857,1.0,"(56, 64, 1000)","(140, 64, 1000)",12345,67,0.7142857142857143
