participant,class1,class2,running_time,test_acc,train_acc,test_size,train_size,train_block,test_block,test_acc_vote
11,Hand,Rest,53.145832777023315,0.7714285714285715,1.0,"(140, 64, 1000)","(56, 64, 1000)",12,34567,0.75
11,Feet,Rest,53.30464315414429,0.9428571428571428,1.0,"(140, 64, 1000)","(56, 64, 1000)",12,34567,0.9285714285714286
11,Tongue,Rest,54.36558794975281,0.5571428571428572,1.0,"(140, 64, 1000)","(56, 64, 1000)",12,34567,0.5285714285714286
11,Mis,Rest,55.6878342628479,0.5142857142857142,1.0,"(140, 64, 1000)","(56, 64, 1000)",12,34567,0.5785714285714285
