participant,class1,class2,running_time,test_acc,train_acc,test_size,train_size,train_block,test_block,test_acc_vote
9,Hand,Rest,54.808879137039185,0.8857142857142857,1.0,"(140, 64, 1000)","(56, 64, 1000)",12,34567,0.8642857142857143
9,Feet,Rest,54.050981760025024,0.6928571428571428,1.0,"(140, 64, 1000)","(56, 64, 1000)",12,34567,0.7071428571428571
9,Tongue,Rest,54.96129894256592,0.4428571428571428,1.0,"(140, 64, 1000)","(56, 64, 1000)",12,34567,0.4357142857142857
9,Mis,Rest,54.90811729431152,0.45714285714285713,1.0,"(140, 64, 1000)","(56, 64, 1000)",12,34567,0.4714285714285714
