participant,class1,class2,running_time,test_acc,train_acc,test_size,train_size,train_block,test_block,test_acc_vote
10,Hand,Rest,58.544050455093384,0.6467889908256881,0.9678899082568808,"(218, 64, 1000)","(218, 64, 1000)",12,67,0.6330275229357798
10,Feet,Rest,61.27800512313843,0.6467889908256881,0.9908256880733946,"(218, 64, 1000)","(218, 64, 1000)",12,67,0.6788990825688073
10,Tongue,Rest,64.20301079750061,0.591743119266055,0.9724770642201837,"(218, 64, 1000)","(218, 64, 1000)",12,67,0.5871559633027523
10,Mis,Rest,62.688581228256226,0.6788990825688074,0.9678899082568807,"(218, 64, 1000)","(218, 64, 1000)",12,67,0.6834862385321101
