participant,class1,class2,running_time,test_acc,train_acc,test_size,train_size,train_block,test_block,test_acc_vote
11,Hand,Rest,65.66007328033447,0.7981651376146789,0.963302752293578,"(218, 64, 1000)","(218, 64, 1000)",12,67,0.8027522935779816
11,Feet,Rest,69.53087663650513,0.8440366972477065,0.9724770642201837,"(218, 64, 1000)","(218, 64, 1000)",12,67,0.8440366972477065
11,Tongue,Rest,58.49391484260559,0.5963302752293578,0.9862385321100916,"(218, 64, 1000)","(218, 64, 1000)",12,67,0.6055045871559632
11,Mis,Rest,62.21435761451721,0.6146788990825688,0.9678899082568807,"(218, 64, 1000)","(218, 64, 1000)",12,67,0.6238532110091743
