participant,class1,class2,running_time,test_acc,train_acc,test_size,train_size,train_block,test_block,test_acc_vote
13,Hand,Rest,62.81995797157288,0.6559633027522935,0.9587155963302753,"(218, 64, 1000)","(218, 64, 1000)",12,67,0.6467889908256881
13,Feet,Rest,58.66612505912781,0.7385321100917431,0.9678899082568808,"(218, 64, 1000)","(218, 64, 1000)",12,67,0.7385321100917431
13,Tongue,Rest,65.19814014434814,0.6972477064220184,0.963302752293578,"(218, 64, 1000)","(218, 64, 1000)",12,67,0.6834862385321101
13,Mis,Rest,58.30776500701904,0.6284403669724771,0.963302752293578,"(218, 64, 1000)","(218, 64, 1000)",12,67,0.6467889908256881
