participant,class1,class2,running_time,test_acc,train_acc,test_size,train_size,train_block,test_block,test_acc_vote
15,Hand,Rest,62.1845018863678,0.7706422018348624,0.9678899082568808,"(218, 64, 1000)","(218, 64, 1000)",12,67,0.7706422018348624
15,Feet,Rest,56.8141405582428,0.6376146788990825,0.9954128440366972,"(218, 64, 1000)","(218, 64, 1000)",12,67,0.6376146788990826
15,Tongue,Rest,66.72580862045288,0.6330275229357798,0.981651376146789,"(218, 64, 1000)","(218, 64, 1000)",12,67,0.6513761467889908
15,Mis,Rest,64.45368075370789,0.7247706422018348,0.9495412844036697,"(218, 64, 1000)","(218, 64, 1000)",12,67,0.7431192660550459
