participant,class1,class2,running_time,test_acc,train_acc,test_size,train_size,train_block,test_block,test_acc_vote
18,Hand,Rest,59.90931487083435,0.5779816513761468,0.9678899082568808,"(218, 64, 1000)","(218, 64, 1000)",12,67,0.5596330275229358
18,Feet,Rest,57.807862758636475,0.5871559633027523,0.9770642201834864,"(218, 64, 1000)","(218, 64, 1000)",12,67,0.5825688073394495
18,Tongue,Rest,58.69695782661438,0.7752293577981652,0.9495412844036696,"(218, 64, 1000)","(218, 64, 1000)",12,67,0.7844036697247706
18,Mis,Rest,57.709681034088135,0.7201834862385321,0.9770642201834863,"(218, 64, 1000)","(218, 64, 1000)",12,67,0.7477064220183487
