participant,class1,class2,running_time,test_acc,train_acc,test_size,train_size,train_block,test_block,test_acc_vote
5,Hand,Rest,65.96951937675476,0.5458715596330275,0.9770642201834864,"(218, 64, 1000)","(218, 64, 1000)",12,67,0.5458715596330275
5,Feet,Rest,61.753294944763184,0.6926605504587156,0.9862385321100916,"(218, 64, 1000)","(218, 64, 1000)",12,67,0.6926605504587156
5,Tongue,Rest,63.96597909927368,0.5825688073394495,0.9724770642201837,"(218, 64, 1000)","(218, 64, 1000)",12,67,0.5825688073394495
5,Mis,Rest,57.00178623199463,0.7798165137614679,0.9862385321100917,"(218, 64, 1000)","(218, 64, 1000)",12,67,0.7844036697247706
