participant,class1,class2,running_time,test_acc,train_acc,test_size,train_size,train_block,test_block,test_acc_vote
13,Hand,Rest,58.34717106819153,0.6547619047619048,0.9285714285714286,"(84, 64, 1000)","(112, 64, 1000)",1234,567,0.5833333333333333
13,Feet,Rest,56.32995104789734,0.8571428571428571,0.9910714285714286,"(84, 64, 1000)","(112, 64, 1000)",1234,567,0.8452380952380952
13,Tongue,Rest,61.02738070487976,0.8214285714285714,1.0,"(84, 64, 1000)","(112, 64, 1000)",1234,567,0.8095238095238095
13,Mis,Rest,59.593814849853516,0.7857142857142857,0.9732142857142857,"(84, 64, 1000)","(112, 64, 1000)",1234,567,0.75
