participant,class1,class2,running_time,test_acc,train_acc,test_size,train_size,train_block,test_block,test_acc_vote
5,Hand,Rest,57.23752784729004,0.7023809523809523,1.0,"(84, 64, 1000)","(112, 64, 1000)",1234,567,0.7142857142857143
5,Feet,Rest,60.10927772521973,0.7738095238095238,1.0,"(84, 64, 1000)","(112, 64, 1000)",1234,567,0.7023809523809523
5,Tongue,Rest,60.0781192779541,0.75,1.0,"(84, 64, 1000)","(112, 64, 1000)",1234,567,0.75
5,Mis,Rest,59.28501343727112,0.75,1.0,"(84, 64, 1000)","(112, 64, 1000)",1234,567,0.7261904761904762
