participant,class1,class2,running_time,test_acc,train_acc,test_size,train_size,train_block,test_block,test_acc_vote
10,Hand,Rest,40.531489849090576,0.5825688073394495,0.9724770642201837,"(218, 64, 1000)","(109, 64, 1000)",1,67,0.573394495412844
10,Feet,Rest,37.84347462654114,0.555045871559633,0.9908256880733946,"(218, 64, 1000)","(109, 64, 1000)",1,67,0.5642201834862386
10,Tongue,Rest,38.895033836364746,0.5412844036697247,0.9908256880733946,"(218, 64, 1000)","(109, 64, 1000)",1,67,0.5321100917431192
10,Mis,Rest,55.077004194259644,0.5688073394495413,1.0,"(218, 64, 1000)","(109, 64, 1000)",1,67,0.5688073394495412
