participant,class1,class2,running_time,test_acc,train_acc,test_size,train_size,train_block,test_block,test_acc_vote
11,Hand,Rest,55.62121796607971,0.6009174311926605,1.0,"(218, 64, 1000)","(109, 64, 1000)",1,67,0.5963302752293578
11,Feet,Rest,41.23432111740112,0.8807339449541285,0.981651376146789,"(218, 64, 1000)","(109, 64, 1000)",1,67,0.8899082568807339
11,Tongue,Rest,53.498109102249146,0.555045871559633,1.0,"(218, 64, 1000)","(109, 64, 1000)",1,67,0.5642201834862386
11,Mis,Rest,44.42676520347595,0.555045871559633,0.9908256880733946,"(218, 64, 1000)","(109, 64, 1000)",1,67,0.555045871559633
