participant,class1,class2,running_time,test_acc,train_acc,test_size,train_size,train_block,test_block,test_acc_vote
15,Hand,Rest,37.29914975166321,0.6743119266055045,1.0,"(218, 64, 1000)","(109, 64, 1000)",1,67,0.6788990825688073
15,Feet,Rest,44.80036926269531,0.536697247706422,1.0,"(218, 64, 1000)","(109, 64, 1000)",1,67,0.5412844036697247
15,Tongue,Rest,42.28800439834595,0.536697247706422,0.9724770642201837,"(218, 64, 1000)","(109, 64, 1000)",1,67,0.5412844036697247
15,Mis,Rest,40.952881813049316,0.5229357798165137,1.0,"(218, 64, 1000)","(109, 64, 1000)",1,67,0.536697247706422
