participant,class1,class2,running_time,test_acc,train_acc,test_size,train_size,train_block,test_block,test_acc_vote
3,Hand,Rest,44.000943183898926,0.573394495412844,1.0,"(218, 64, 1000)","(109, 64, 1000)",1,67,0.5596330275229358
3,Feet,Rest,64.56002926826477,0.5045871559633027,0.9908256880733946,"(218, 64, 1000)","(109, 64, 1000)",1,67,0.5045871559633027
3,Tongue,Rest,43.48939657211304,0.4954128440366973,0.9724770642201837,"(218, 64, 1000)","(109, 64, 1000)",1,67,0.4678899082568807
3,Mis,Rest,43.984454870224,0.6192660550458715,0.9908256880733946,"(218, 64, 1000)","(109, 64, 1000)",1,67,0.6192660550458715
