participant,class1,class2,running_time,test_acc,train_acc,test_size,train_size,train_block,test_block,test_acc_vote
4,Hand,Rest,38.517452001571655,0.7522935779816514,1.0,"(218, 64, 1000)","(109, 64, 1000)",1,67,0.7660550458715596
4,Feet,Rest,43.47404336929321,0.6697247706422018,0.9724770642201837,"(218, 64, 1000)","(109, 64, 1000)",1,67,0.6743119266055047
4,Tongue,Rest,45.0851194858551,0.7018348623853211,0.9908256880733946,"(218, 64, 1000)","(109, 64, 1000)",1,67,0.7018348623853211
4,Mis,Rest,37.56610131263733,0.5825688073394495,0.981651376146789,"(218, 64, 1000)","(109, 64, 1000)",1,67,0.5825688073394495
