participant,class1,class2,running_time,test_acc,train_acc,test_size,train_size,train_block,test_block,test_acc_vote
10,Hand,Rest,125.0735068321228,0.6926605504587156,1.0,"(218, 64, 1000)","(545, 64, 1000)",12345,67,0.7064220183486238
10,Feet,Rest,123.860417842865,0.6330275229357798,1.0,"(218, 64, 1000)","(545, 64, 1000)",12345,67,0.6238532110091743
10,Tongue,Rest,125.41575908660889,0.6651376146788991,1.0,"(218, 64, 1000)","(545, 64, 1000)",12345,67,0.6559633027522935
10,Mis,Rest,127.24568796157837,0.7935779816513762,1.0,"(218, 64, 1000)","(545, 64, 1000)",12345,67,0.7889908256880733
