participant,class1,class2,running_time,test_acc,train_acc,test_size,train_size,train_block,test_block,test_acc_vote
11,Hand,Rest,125.1525526046753,0.8256880733944955,1.0,"(218, 64, 1000)","(545, 64, 1000)",12345,67,0.8348623853211009
11,Feet,Rest,125.04337096214294,0.8899082568807339,1.0,"(218, 64, 1000)","(545, 64, 1000)",12345,67,0.8899082568807339
11,Tongue,Rest,126.03160643577576,0.6559633027522935,1.0,"(218, 64, 1000)","(545, 64, 1000)",12345,67,0.6513761467889908
11,Mis,Rest,126.02135729789734,0.7247706422018348,1.0,"(218, 64, 1000)","(545, 64, 1000)",12345,67,0.7247706422018348
