participant,class1,class2,running_time,test_acc,train_acc,test_size,train_size,train_block,test_block,test_acc_vote
5,Hand,Rest,124.85588502883913,0.6376146788990825,1.0,"(218, 64, 1000)","(545, 64, 1000)",12345,67,0.6559633027522935
5,Feet,Rest,123.49267935752869,0.6834862385321101,1.0,"(218, 64, 1000)","(545, 64, 1000)",12345,67,0.6697247706422018
5,Tongue,Rest,126.3953652381897,0.7247706422018348,1.0,"(218, 64, 1000)","(545, 64, 1000)",12345,67,0.7155963302752293
5,Mis,Rest,125.30798554420471,0.7935779816513762,1.0,"(218, 64, 1000)","(545, 64, 1000)",12345,67,0.7935779816513762
