participant,class1,class2,running_time,test_acc,train_acc,test_size,train_size,train_block,test_block,test_acc_vote
9,Hand,Rest,124.25867438316344,0.8761467889908257,1.0,"(218, 64, 1000)","(545, 64, 1000)",12345,67,0.8807339449541285
9,Feet,Rest,124.4803774356842,0.8853211009174312,1.0,"(218, 64, 1000)","(545, 64, 1000)",12345,67,0.9036697247706422
9,Tongue,Rest,126.1824061870575,0.7981651376146789,1.0,"(218, 64, 1000)","(545, 64, 1000)",12345,67,0.8211009174311926
9,Mis,Rest,126.89261531829834,0.7431192660550459,1.0,"(218, 64, 1000)","(545, 64, 1000)",12345,67,0.7568807339449541
