participant,class1,class2,running_time,test_acc,train_acc,test_size,train_size,train_block,test_block,test_acc_vote
17,Hand,Rest,49.154486417770386,0.8035714285714286,0.9553571428571428,"(56, 64, 1000)","(112, 64, 1000)",1234,67,0.8035714285714286
17,Feet,Rest,49.29882574081421,0.7142857142857143,0.9375,"(56, 64, 1000)","(112, 64, 1000)",1234,67,0.7678571428571428
17,Tongue,Rest,48.64230728149414,0.75,0.9375,"(56, 64, 1000)","(112, 64, 1000)",1234,67,0.6785714285714286
17,Mis,Rest,48.03476047515869,0.8035714285714286,1.0,"(56, 64, 1000)","(112, 64, 1000)",1234,67,0.7678571428571428
