participant,class1,class2,running_time,test_acc,train_acc,test_size,train_size,train_block,test_block,test_acc_vote
19,Hand,Rest,47.460962533950806,0.9107142857142856,0.9732142857142856,"(56, 64, 1000)","(112, 64, 1000)",1234,67,0.875
19,Feet,Rest,48.32707166671753,0.6607142857142857,0.9642857142857144,"(56, 64, 1000)","(112, 64, 1000)",1234,67,0.5714285714285714
19,Tongue,Rest,48.59934067726135,0.875,0.9642857142857144,"(56, 64, 1000)","(112, 64, 1000)",1234,67,0.8214285714285714
19,Mis,Rest,47.72420406341553,0.75,0.9732142857142857,"(56, 64, 1000)","(112, 64, 1000)",1234,67,0.6607142857142857
