participant,class1,class2,running_time,test_acc,train_acc,test_size,train_size,train_block,test_block,test_acc_vote
4,Hand,Rest,47.78649139404297,0.8214285714285714,0.9910714285714286,"(56, 64, 1000)","(112, 64, 1000)",1234,67,0.8035714285714286
4,Feet,Rest,48.46243143081665,0.8571428571428571,0.9732142857142856,"(56, 64, 1000)","(112, 64, 1000)",1234,67,0.7857142857142857
4,Tongue,Rest,48.59257531166077,0.8035714285714286,0.9821428571428572,"(56, 64, 1000)","(112, 64, 1000)",1234,67,0.7857142857142857
4,Mis,Rest,47.906694650650024,0.6964285714285714,0.9821428571428571,"(56, 64, 1000)","(112, 64, 1000)",1234,67,0.6607142857142857
