participant,class1,class2,running_time,test_acc,train_acc,test_size,train_size,train_block,test_block,test_acc_vote
5,Hand,Rest,47.87973427772522,0.625,0.9910714285714286,"(56, 64, 1000)","(112, 64, 1000)",1234,67,0.5535714285714286
5,Feet,Rest,47.843427896499634,0.8035714285714286,0.9910714285714286,"(56, 64, 1000)","(112, 64, 1000)",1234,67,0.8035714285714286
5,Tongue,Rest,49.15359592437744,0.8392857142857143,1.0,"(56, 64, 1000)","(112, 64, 1000)",1234,67,0.8571428571428572
5,Mis,Rest,47.86906313896179,0.6607142857142857,1.0,"(56, 64, 1000)","(112, 64, 1000)",1234,67,0.625
