participant,class1,class2,running_time,test_acc,train_acc,test_size,train_size,train_block,test_block,test_acc_vote
11,Hand,Rest,62.637932538986206,0.9107142857142856,0.9928571428571428,"(56, 64, 1000)","(140, 64, 1000)",12345,67,0.875
11,Feet,Rest,61.128483295440674,0.9464285714285714,1.0,"(56, 64, 1000)","(140, 64, 1000)",12345,67,0.9464285714285714
11,Tongue,Rest,66.26449942588806,0.6785714285714286,1.0,"(56, 64, 1000)","(140, 64, 1000)",12345,67,0.6785714285714286
11,Mis,Rest,64.10140776634216,0.7857142857142857,1.0,"(56, 64, 1000)","(140, 64, 1000)",12345,67,0.8214285714285714
