participant,class1,class2,running_time,test_acc,train_acc,test_size,train_size,train_block,test_block,test_acc_vote
4,Hand,Rest,67.96545362472534,0.9107142857142856,1.0,"(56, 64, 1000)","(140, 64, 1000)",12345,67,0.9107142857142856
4,Feet,Rest,69.34397912025452,0.7857142857142857,1.0,"(56, 64, 1000)","(140, 64, 1000)",12345,67,0.6607142857142857
4,Tongue,Rest,64.17858266830444,0.7321428571428571,1.0,"(56, 64, 1000)","(140, 64, 1000)",12345,67,0.7321428571428572
4,Mis,Rest,59.350133657455444,0.6607142857142857,1.0,"(56, 64, 1000)","(140, 64, 1000)",12345,67,0.625
