participant,class1,class2,running_time,test_acc,train_acc,test_size,train_size,train_block,test_block,test_acc_vote
7,Hand,Rest,58.284868240356445,0.7678571428571429,1.0,"(56, 64, 1000)","(140, 64, 1000)",12345,67,0.7678571428571428
7,Feet,Rest,59.062517404556274,0.875,1.0,"(56, 64, 1000)","(140, 64, 1000)",12345,67,0.8928571428571429
7,Tongue,Rest,60.025238037109375,0.6607142857142857,1.0,"(56, 64, 1000)","(140, 64, 1000)",12345,67,0.5357142857142857
7,Mis,Rest,60.03701424598694,0.625,1.0,"(56, 64, 1000)","(140, 64, 1000)",12345,67,0.5892857142857143
