class,test_acc,vote_acc
Hand,0.8428571428571427,0.8214285714285715
Feet,0.7857142857142857,0.7464285714285714
Tongue,0.7214285714285714,0.7178571428571429
Mis,0.725,0.7035714285714286
