participant,class1,class2,running_time,test_acc,train_acc,test_size,train_size,train_block,test_block,test_acc_vote
11,Hand,Rest,57.83367872238159,0.9642857142857144,1.0,"(56, 31, 1000)","(140, 31, 1000)",12345,67,0.9642857142857144
11,Feet,Rest,52.97654938697815,0.9285714285714286,0.9928571428571428,"(56, 31, 1000)","(140, 31, 1000)",12345,67,0.9285714285714286
11,Tongue,Rest,62.23953866958618,0.7321428571428571,1.0,"(56, 31, 1000)","(140, 31, 1000)",12345,67,0.7142857142857143
11,Mis,Rest,61.50877499580383,0.6785714285714286,1.0,"(56, 31, 1000)","(140, 31, 1000)",12345,67,0.6428571428571428
