participant,class1,class2,running_time,test_acc,train_acc,test_size,train_size,train_block,test_block,test_acc_vote
3,Hand,Rest,60.99238157272339,0.9107142857142856,1.0,"(56, 31, 1000)","(140, 31, 1000)",12345,67,0.9107142857142856
3,Feet,Rest,61.8726589679718,0.7142857142857143,1.0,"(56, 31, 1000)","(140, 31, 1000)",12345,67,0.6607142857142857
3,Tongue,Rest,55.87582230567932,0.7678571428571429,1.0,"(56, 31, 1000)","(140, 31, 1000)",12345,67,0.7321428571428572
3,Mis,Rest,62.558051109313965,0.8214285714285714,1.0,"(56, 31, 1000)","(140, 31, 1000)",12345,67,0.7678571428571428
