participant,class1,class2,running_time,test_acc,train_acc,test_size,train_size,train_block,test_block,test_acc_vote
14,Hand,Rest,143.8447880744934,0.8669724770642202,1.0,"(218, 64, 1000)","(545, 64, 1000)",12345,67,0.8669724770642202
14,Feet,Rest,140.89391207695007,0.8211009174311926,1.0,"(218, 64, 1000)","(545, 64, 1000)",12345,67,0.8486238532110092
14,Tongue,Rest,142.94031238555908,0.7385321100917431,1.0,"(218, 64, 1000)","(545, 64, 1000)",12345,67,0.7431192660550459
14,Mis,Rest,142.94418454170227,0.6788990825688074,1.0,"(218, 64, 1000)","(545, 64, 1000)",12345,67,0.6834862385321101
