participant,class1,class2,running_time,test_acc,train_acc,test_size,train_size,train_block,test_block,test_acc_vote
10,Hand,Rest,71.54166030883789,0.5089285714285714,1.0,"(224, 64, 500)","(168, 64, 500)",123,4567,0.4955357142857143
10,Feet,Rest,73.96499490737915,0.5669642857142857,1.0,"(224, 64, 500)","(168, 64, 500)",123,4567,0.5446428571428572
10,Tongue,Rest,83.91030788421631,0.5223214285714286,1.0,"(224, 64, 500)","(168, 64, 500)",123,4567,0.5178571428571428
10,Mis,Rest,72.7335114479065,0.5446428571428571,1.0,"(224, 64, 500)","(168, 64, 500)",123,4567,0.53125
