participant,class1,class2,running_time,test_acc,train_acc,test_size,train_size,train_block,test_block,test_acc_vote
11,Hand,Rest,72.04429793357849,0.5714285714285714,1.0,"(224, 64, 500)","(168, 64, 500)",123,4567,0.5625
11,Feet,Rest,70.73277592658997,0.5267857142857143,1.0,"(224, 64, 500)","(168, 64, 500)",123,4567,0.5089285714285714
11,Tongue,Rest,76.0494019985199,0.6026785714285714,1.0,"(224, 64, 500)","(168, 64, 500)",123,4567,0.5669642857142857
11,Mis,Rest,75.10725474357605,0.5357142857142857,1.0,"(224, 64, 500)","(168, 64, 500)",123,4567,0.5714285714285714
