participant,class1,class2,running_time,test_acc,train_acc,test_size,train_size,train_block,test_block,test_acc_vote
13,Hand,Rest,73.81347227096558,0.53125,1.0,"(224, 64, 500)","(168, 64, 500)",123,4567,0.5044642857142857
13,Feet,Rest,70.6472373008728,0.65625,1.0,"(224, 64, 500)","(168, 64, 500)",123,4567,0.6607142857142857
13,Tongue,Rest,71.9415135383606,0.6339285714285714,1.0,"(224, 64, 500)","(168, 64, 500)",123,4567,0.6160714285714286
13,Mis,Rest,72.17221283912659,0.6383928571428571,1.0,"(224, 64, 500)","(168, 64, 500)",123,4567,0.6116071428571428
