participant,class1,class2,running_time,test_acc,train_acc,test_size,train_size,train_block,test_block,test_acc_vote
3,Hand,Rest,78.44543242454529,0.5401785714285714,1.0,"(224, 64, 500)","(168, 64, 500)",123,4567,0.5178571428571428
3,Feet,Rest,72.13355994224548,0.5892857142857143,1.0,"(224, 64, 500)","(168, 64, 500)",123,4567,0.6160714285714286
3,Tongue,Rest,73.3702564239502,0.5178571428571429,1.0,"(224, 64, 500)","(168, 64, 500)",123,4567,0.4955357142857143
3,Mis,Rest,73.34911632537842,0.6607142857142857,1.0,"(224, 64, 500)","(168, 64, 500)",123,4567,0.625
