participant,class1,class2,running_time,test_acc,train_acc,test_size,train_size,train_block,test_block,test_acc_vote
7,Hand,Rest,72.7222044467926,0.5357142857142857,1.0,"(224, 64, 500)","(168, 64, 500)",123,4567,0.5446428571428572
7,Feet,Rest,68.80532360076904,0.5758928571428571,1.0,"(224, 64, 500)","(168, 64, 500)",123,4567,0.59375
7,Tongue,Rest,76.28890752792358,0.5580357142857143,1.0,"(224, 64, 500)","(168, 64, 500)",123,4567,0.53125
7,Mis,Rest,81.62366533279419,0.6071428571428571,1.0,"(224, 64, 500)","(168, 64, 500)",123,4567,0.59375
