participant,class1,class2,running_time,test_acc,train_acc,test_size,train_size,train_block,test_block,test_acc_vote
9,Hand,Rest,72.28732061386108,0.6339285714285714,1.0,"(224, 64, 500)","(168, 64, 500)",123,4567,0.5848214285714286
9,Feet,Rest,76.86404585838318,0.7678571428571429,1.0,"(224, 64, 500)","(168, 64, 500)",123,4567,0.7544642857142857
9,Tongue,Rest,75.9964280128479,0.6071428571428571,1.0,"(224, 64, 500)","(168, 64, 500)",123,4567,0.6026785714285714
9,Mis,Rest,71.73752903938293,0.6696428571428571,1.0,"(224, 64, 500)","(168, 64, 500)",123,4567,0.6964285714285714
