class,test_acc,vote_acc
Hand,0.7666666666666665,0.775
Feet,0.7410714285714285,0.7541666666666667
Tongue,0.7303571428571428,0.7386904761904761
Mis,0.7529761904761905,0.7648809523809524
