participant,class1,class2,running_time,test_acc,train_acc,test_size,train_size,train_block,test_block,test_acc_vote
10,Hand,Rest,88.29876017570496,0.6785714285714286,0.9598214285714286,"(112, 64, 500)","(224, 64, 500)",1234,67,0.6785714285714286
10,Feet,Rest,71.28337001800537,0.6696428571428571,0.9508928571428572,"(112, 64, 500)","(224, 64, 500)",1234,67,0.6696428571428572
10,Tongue,Rest,76.24762034416199,0.6428571428571429,0.9508928571428572,"(112, 64, 500)","(224, 64, 500)",1234,67,0.625
10,Mis,Rest,43.88251757621765,0.7678571428571429,0.9419642857142857,"(112, 64, 500)","(224, 64, 500)",1234,67,0.7410714285714286
