participant,class1,class2,running_time,test_acc,train_acc,test_size,train_size,train_block,test_block,test_acc_vote
11,Hand,Rest,51.246134996414185,0.8928571428571429,0.9508928571428572,"(112, 64, 500)","(224, 64, 500)",1234,67,0.8928571428571429
11,Feet,Rest,50.78358769416809,0.9017857142857144,0.96875,"(112, 64, 500)","(224, 64, 500)",1234,67,0.9196428571428572
11,Tongue,Rest,50.57372760772705,0.6339285714285714,0.96875,"(112, 64, 500)","(224, 64, 500)",1234,67,0.6071428571428572
11,Mis,Rest,44.41629147529602,0.7321428571428571,0.9732142857142857,"(112, 64, 500)","(224, 64, 500)",1234,67,0.7232142857142857
