participant,class1,class2,running_time,test_acc,train_acc,test_size,train_size,train_block,test_block,test_acc_vote
14,Hand,Rest,45.3027446269989,0.8839285714285714,0.9598214285714286,"(112, 64, 500)","(224, 64, 500)",1234,67,0.8839285714285714
14,Feet,Rest,48.39411091804504,0.7321428571428571,0.9732142857142856,"(112, 64, 500)","(224, 64, 500)",1234,67,0.7053571428571428
14,Tongue,Rest,60.18689203262329,0.6696428571428571,0.96875,"(112, 64, 500)","(224, 64, 500)",1234,67,0.6785714285714286
14,Mis,Rest,48.78422975540161,0.625,0.9419642857142857,"(112, 64, 500)","(224, 64, 500)",1234,67,0.6339285714285714
