participant,class1,class2,running_time,test_acc,train_acc,test_size,train_size,train_block,test_block,test_acc_vote
17,Hand,Rest,44.08564877510071,0.7767857142857143,0.9151785714285714,"(112, 64, 500)","(224, 64, 500)",1234,67,0.7946428571428572
17,Feet,Rest,44.205543994903564,0.75,0.8928571428571429,"(112, 64, 500)","(224, 64, 500)",1234,67,0.7410714285714286
17,Tongue,Rest,56.994513511657715,0.8392857142857143,0.875,"(112, 64, 500)","(224, 64, 500)",1234,67,0.8928571428571429
17,Mis,Rest,74.93694615364075,0.8125,0.9196428571428571,"(112, 64, 500)","(224, 64, 500)",1234,67,0.8214285714285714
