participant,class1,class2,running_time,test_acc,train_acc,test_size,train_size,train_block,test_block,test_acc_vote
18,Hand,Rest,56.36488604545593,0.6785714285714286,0.9151785714285714,"(112, 64, 500)","(224, 64, 500)",1234,67,0.6964285714285714
18,Feet,Rest,45.32359290122986,0.7142857142857143,0.9419642857142856,"(112, 64, 500)","(224, 64, 500)",1234,67,0.7678571428571428
18,Tongue,Rest,45.8268609046936,0.7857142857142857,0.9151785714285714,"(112, 64, 500)","(224, 64, 500)",1234,67,0.8214285714285714
18,Mis,Rest,48.50709128379822,0.8303571428571429,0.9151785714285714,"(112, 64, 500)","(224, 64, 500)",1234,67,0.8571428571428572
