participant,class1,class2,running_time,test_acc,train_acc,test_size,train_size,train_block,test_block,test_acc_vote
3,Hand,Rest,46.276652574539185,0.8214285714285714,0.9241071428571428,"(112, 64, 500)","(224, 64, 500)",1234,67,0.8214285714285714
3,Feet,Rest,53.233280420303345,0.6696428571428571,0.9107142857142856,"(112, 64, 500)","(224, 64, 500)",1234,67,0.7232142857142857
3,Tongue,Rest,49.88892388343811,0.7857142857142857,0.9196428571428572,"(112, 64, 500)","(224, 64, 500)",1234,67,0.7589285714285714
3,Mis,Rest,45.6726610660553,0.8303571428571429,0.9642857142857143,"(112, 64, 500)","(224, 64, 500)",1234,67,0.8303571428571428
