class,test_acc,vote_acc
Hand,0.7151785714285714,0.6651785714285714
Feet,0.6589285714285714,0.6321428571428571
Tongue,0.632142857142857,0.5928571428571429
Mis,0.6044642857142858,0.56875
