participant,class1,class2,running_time,test_acc,train_acc,test_size,train_size,train_block,test_block,test_acc_vote
13,Hand,Rest,55.526561975479126,0.6160714285714286,1.0,"(112, 64, 1000)","(84, 64, 1000)",123,4567,0.5714285714285714
13,Feet,Rest,52.822208642959595,0.6071428571428571,1.0,"(112, 64, 1000)","(84, 64, 1000)",123,4567,0.5625
13,Tongue,Rest,55.450512647628784,0.6696428571428571,1.0,"(112, 64, 1000)","(84, 64, 1000)",123,4567,0.6160714285714286
13,Mis,Rest,55.7608847618103,0.6428571428571429,1.0,"(112, 64, 1000)","(84, 64, 1000)",123,4567,0.5714285714285714
