participant,class1,class2,running_time,test_acc,train_acc,test_size,train_size,train_block,test_block,test_acc_vote
14,Hand,Rest,54.26966500282288,0.8928571428571429,1.0,"(112, 64, 1000)","(84, 64, 1000)",123,4567,0.8303571428571428
14,Feet,Rest,59.502641916275024,0.5803571428571429,1.0,"(112, 64, 1000)","(84, 64, 1000)",123,4567,0.5357142857142857
14,Tongue,Rest,60.776710748672485,0.5446428571428571,1.0,"(112, 64, 1000)","(84, 64, 1000)",123,4567,0.5446428571428572
14,Mis,Rest,60.41213059425354,0.5178571428571429,1.0,"(112, 64, 1000)","(84, 64, 1000)",123,4567,0.5714285714285714
