participant,class1,class2,running_time,test_acc,train_acc,test_size,train_size,train_block,test_block,test_acc_vote
3,Hand,Rest,52.33643651008606,0.7142857142857143,1.0,"(112, 64, 1000)","(84, 64, 1000)",123,4567,0.6428571428571428
3,Feet,Rest,52.29384636878967,0.5535714285714286,1.0,"(112, 64, 1000)","(84, 64, 1000)",123,4567,0.5178571428571428
3,Tongue,Rest,54.4321711063385,0.6428571428571429,1.0,"(112, 64, 1000)","(84, 64, 1000)",123,4567,0.5178571428571428
3,Mis,Rest,54.222203493118286,0.6071428571428571,1.0,"(112, 64, 1000)","(84, 64, 1000)",123,4567,0.5892857142857143
