participant,class1,class2,running_time,test_acc,train_acc,test_size,train_size,train_block,test_block,test_acc_vote
5,Hand,Rest,54.300957679748535,0.5089285714285714,1.0,"(112, 64, 1000)","(84, 64, 1000)",123,4567,0.5178571428571428
5,Feet,Rest,53.857258796691895,0.4821428571428571,1.0,"(112, 64, 1000)","(84, 64, 1000)",123,4567,0.4910714285714286
5,Tongue,Rest,53.78417229652405,0.6964285714285714,1.0,"(112, 64, 1000)","(84, 64, 1000)",123,4567,0.625
5,Mis,Rest,55.193299293518066,0.5535714285714286,1.0,"(112, 64, 1000)","(84, 64, 1000)",123,4567,0.5
