participant,class1,class2,running_time,test_acc,train_acc,test_size,train_size,train_block,test_block,test_acc_vote
6,Hand,Rest,53.01079797744751,0.625,1.0,"(112, 64, 1000)","(84, 64, 1000)",123,4567,0.6607142857142857
6,Feet,Rest,52.305419921875,0.6428571428571429,1.0,"(112, 64, 1000)","(84, 64, 1000)",123,4567,0.5982142857142857
6,Tongue,Rest,55.423898458480835,0.6696428571428571,1.0,"(112, 64, 1000)","(84, 64, 1000)",123,4567,0.6517857142857143
6,Mis,Rest,56.01417374610901,0.5982142857142857,1.0,"(112, 64, 1000)","(84, 64, 1000)",123,4567,0.5446428571428572
