participant,class1,class2,running_time,test_acc,train_acc,test_size,train_size,train_block,test_block,test_acc_vote
10,Hand,Rest,40.84129095077515,0.5535714285714286,1.0,"(168, 64, 500)","(224, 64, 500)",1234,567,0.5476190476190477
10,Feet,Rest,40.36813759803772,0.6369047619047619,1.0,"(168, 64, 500)","(224, 64, 500)",1234,567,0.6190476190476191
10,Tongue,Rest,41.92177653312683,0.5357142857142857,1.0,"(168, 64, 500)","(224, 64, 500)",1234,567,0.5238095238095238
10,Mis,Rest,42.25613975524902,0.6190476190476191,1.0,"(168, 64, 500)","(224, 64, 500)",1234,567,0.5952380952380952
