participant,class1,class2,running_time,test_acc,train_acc,test_size,train_size,train_block,test_block,test_acc_vote
14,Hand,Rest,40.94730997085571,0.8214285714285714,1.0,"(168, 64, 500)","(224, 64, 500)",1234,567,0.7916666666666666
14,Feet,Rest,40.49426770210266,0.7083333333333334,1.0,"(168, 64, 500)","(224, 64, 500)",1234,567,0.7083333333333333
14,Tongue,Rest,42.02273726463318,0.5535714285714286,1.0,"(168, 64, 500)","(224, 64, 500)",1234,567,0.5476190476190477
14,Mis,Rest,41.49015688896179,0.6845238095238095,1.0,"(168, 64, 500)","(224, 64, 500)",1234,567,0.7083333333333333
