participant,class1,class2,running_time,test_acc,train_acc,test_size,train_size,train_block,test_block,test_acc_vote
3,Hand,Rest,40.85132455825806,0.7738095238095238,1.0,"(168, 64, 500)","(224, 64, 500)",1234,567,0.8035714285714286
3,Feet,Rest,40.03500962257385,0.5714285714285714,1.0,"(168, 64, 500)","(224, 64, 500)",1234,567,0.5654761904761905
3,Tongue,Rest,41.80954098701477,0.7440476190476191,1.0,"(168, 64, 500)","(224, 64, 500)",1234,567,0.7559523809523809
3,Mis,Rest,41.27354693412781,0.7976190476190477,1.0,"(168, 64, 500)","(224, 64, 500)",1234,567,0.8214285714285714
