participant,class1,class2,running_time,test_acc,train_acc,test_size,train_size,train_block,test_block,test_acc_vote
4,Hand,Rest,40.49826407432556,0.8571428571428571,1.0,"(168, 64, 500)","(224, 64, 500)",1234,567,0.8392857142857143
4,Feet,Rest,40.17562484741211,0.7440476190476191,1.0,"(168, 64, 500)","(224, 64, 500)",1234,567,0.75
4,Tongue,Rest,42.01160836219787,0.6964285714285714,1.0,"(168, 64, 500)","(224, 64, 500)",1234,567,0.6785714285714286
4,Mis,Rest,41.6043004989624,0.6964285714285714,1.0,"(168, 64, 500)","(224, 64, 500)",1234,567,0.6785714285714286
