participant,class1,class2,running_time,test_acc,train_acc,test_size,train_size,train_block,test_block,test_acc_vote
6,Hand,Rest,40.511571407318115,0.6488095238095238,1.0,"(168, 64, 500)","(224, 64, 500)",1234,567,0.6726190476190477
6,Feet,Rest,40.63053846359253,0.6964285714285714,1.0,"(168, 64, 500)","(224, 64, 500)",1234,567,0.7023809523809523
6,Tongue,Rest,41.85170483589173,0.7380952380952381,1.0,"(168, 64, 500)","(224, 64, 500)",1234,567,0.8214285714285714
6,Mis,Rest,41.508336782455444,0.6369047619047619,1.0,"(168, 64, 500)","(224, 64, 500)",1234,567,0.6607142857142857
