participant,class1,class2,running_time,test_acc,train_acc,test_size,train_size,train_block,test_block,test_acc_vote
7,Hand,Rest,40.71049928665161,0.7380952380952381,1.0,"(168, 64, 500)","(224, 64, 500)",1234,567,0.7619047619047619
7,Feet,Rest,40.622830867767334,0.7321428571428571,1.0,"(168, 64, 500)","(224, 64, 500)",1234,567,0.7380952380952381
7,Tongue,Rest,41.81842255592346,0.6488095238095238,1.0,"(168, 64, 500)","(224, 64, 500)",1234,567,0.6428571428571428
7,Mis,Rest,41.621036529541016,0.6607142857142857,1.0,"(168, 64, 500)","(224, 64, 500)",1234,567,0.6785714285714286
