participant,class1,class2,running_time,test_acc,train_acc,test_size,train_size,train_block,test_block,test_acc_vote
9,Hand,Rest,41.16744041442871,0.8154761904761905,1.0,"(168, 64, 500)","(224, 64, 500)",1234,567,0.8333333333333334
9,Feet,Rest,40.16938543319702,0.8333333333333334,1.0,"(168, 64, 500)","(224, 64, 500)",1234,567,0.8333333333333334
9,Tongue,Rest,41.85146641731262,0.7619047619047619,1.0,"(168, 64, 500)","(224, 64, 500)",1234,567,0.7678571428571428
9,Mis,Rest,41.56757926940918,0.7023809523809523,1.0,"(168, 64, 500)","(224, 64, 500)",1234,567,0.7261904761904762
