participant,class1,class2,running_time,test_acc,train_acc,test_size,train_size,train_block,test_block,test_acc_vote
3,Hand,Rest,142.45378184318542,0.8532110091743119,0.8788990825688073,"(218, 64, 1000)","(545, 64, 1000)",12345,67,0.8532110091743119
3,Feet,Rest,142.3225803375244,0.6238532110091743,0.8,"(218, 64, 1000)","(545, 64, 1000)",12345,67,0.6100917431192661
3,Tongue,Rest,143.1088306903839,0.7889908256880734,0.8330275229357799,"(218, 64, 1000)","(545, 64, 1000)",12345,67,0.8119266055045872
3,Mis,Rest,149.68635201454163,0.8165137614678899,0.9100917431192661,"(218, 64, 1000)","(545, 64, 1000)",12345,67,0.8165137614678899
