participant,class1,class2,running_time,test_acc,train_acc,test_size,train_size,train_block,test_block,test_acc_vote
6,Hand,Rest,144.51190042495728,0.7614678899082569,0.8073394495412844,"(218, 64, 1000)","(545, 64, 1000)",12345,67,0.7660550458715596
6,Feet,Rest,146.60767197608948,0.7477064220183486,0.8788990825688073,"(218, 64, 1000)","(545, 64, 1000)",12345,67,0.7522935779816513
6,Tongue,Rest,148.75843334197998,0.7522935779816514,0.8899082568807339,"(218, 64, 1000)","(545, 64, 1000)",12345,67,0.7798165137614679
6,Mis,Rest,146.33410811424255,0.7385321100917431,0.8422018348623853,"(218, 64, 1000)","(545, 64, 1000)",12345,67,0.7431192660550459
