participant,class1,class2,running_time,test_acc,train_acc,test_size,train_size,train_block,test_block,test_acc_vote
6,Hand,Rest,37.07603216171265,0.6964285714285714,0.9928571428571428,"(56, 64, 1000)","(140, 64, 1000)",12345,67,0.625
6,Feet,Rest,37.189334869384766,0.8214285714285714,1.0,"(56, 64, 1000)","(140, 64, 1000)",12345,67,0.7857142857142857
6,Tongue,Rest,37.80494952201843,0.8392857142857143,0.9928571428571428,"(56, 64, 1000)","(140, 64, 1000)",12345,67,0.7678571428571428
6,Mis,Rest,37.937987327575684,0.75,0.9785714285714285,"(56, 64, 1000)","(140, 64, 1000)",12345,67,0.75
