participant,class1,class2,running_time,test_acc,train_acc,test_size,train_size,train_block,test_block,test_acc_vote
10,Hand,Rest,23.530295372009277,0.5892857142857143,1.0,"(56, 64, 1000)","(28, 64, 1000)",1,67,0.5535714285714286
10,Feet,Rest,23.65955090522766,0.5357142857142857,1.0,"(56, 64, 1000)","(28, 64, 1000)",1,67,0.4821428571428571
10,Tongue,Rest,23.51487946510315,0.4642857142857143,1.0,"(56, 64, 1000)","(28, 64, 1000)",1,67,0.4107142857142857
10,Mis,Rest,23.22639226913452,0.5714285714285714,1.0,"(56, 64, 1000)","(28, 64, 1000)",1,67,0.5535714285714286
