participant,class1,class2,running_time,test_acc,train_acc,test_size,train_size,train_block,test_block,test_acc_vote
11,Hand,Rest,23.43099617958069,0.6071428571428571,1.0,"(56, 64, 1000)","(28, 64, 1000)",1,67,0.6071428571428572
11,Feet,Rest,23.60035085678101,0.6428571428571429,1.0,"(56, 64, 1000)","(28, 64, 1000)",1,67,0.5357142857142857
11,Tongue,Rest,23.04457139968872,0.5178571428571429,1.0,"(56, 64, 1000)","(28, 64, 1000)",1,67,0.5178571428571428
11,Mis,Rest,23.10531783103943,0.5535714285714286,1.0,"(56, 64, 1000)","(28, 64, 1000)",1,67,0.5535714285714286
