participant,class1,class2,running_time,test_acc,train_acc,test_size,train_size,train_block,test_block,test_acc_vote
14,Hand,Rest,23.503612995147705,0.75,1.0,"(56, 64, 1000)","(28, 64, 1000)",1,67,0.7142857142857143
14,Feet,Rest,23.976351976394653,0.6071428571428571,1.0,"(56, 64, 1000)","(28, 64, 1000)",1,67,0.5357142857142857
14,Tongue,Rest,23.455007076263428,0.5892857142857143,1.0,"(56, 64, 1000)","(28, 64, 1000)",1,67,0.5357142857142857
14,Mis,Rest,23.06661367416382,0.5535714285714286,1.0,"(56, 64, 1000)","(28, 64, 1000)",1,67,0.5357142857142857
