participant,class1,class2,running_time,test_acc,train_acc,test_size,train_size,train_block,test_block,test_acc_vote
15,Hand,Rest,23.459967613220215,0.5535714285714286,1.0,"(56, 64, 1000)","(28, 64, 1000)",1,67,0.4821428571428571
15,Feet,Rest,23.67982387542725,0.5178571428571429,1.0,"(56, 64, 1000)","(28, 64, 1000)",1,67,0.5535714285714286
15,Tongue,Rest,23.483129024505615,0.5714285714285714,1.0,"(56, 64, 1000)","(28, 64, 1000)",1,67,0.5357142857142857
15,Mis,Rest,23.415894746780396,0.48214285714285715,1.0,"(56, 64, 1000)","(28, 64, 1000)",1,67,0.5178571428571428
