participant,class1,class2,running_time,test_acc,train_acc,test_size,train_size,train_block,test_block,test_acc_vote
7,Hand,Rest,23.05899930000305,0.5,1.0,"(56, 64, 1000)","(28, 64, 1000)",1,67,0.5892857142857143
7,Feet,Rest,23.402702569961548,0.4821428571428571,1.0,"(56, 64, 1000)","(28, 64, 1000)",1,67,0.5535714285714286
7,Tongue,Rest,23.706872701644897,0.4642857142857143,1.0,"(56, 64, 1000)","(28, 64, 1000)",1,67,0.5178571428571428
7,Mis,Rest,23.946251153945923,0.48214285714285715,1.0,"(56, 64, 1000)","(28, 64, 1000)",1,67,0.4642857142857143
