participant,class1,class2,running_time,test_acc,train_acc,test_size,train_size,train_block,test_block,test_acc_vote
13,Hand,Rest,40.17765212059021,0.6607142857142857,1.0,"(56, 64, 1000)","(140, 64, 1000)",12345,67,0.6428571428571428
13,Feet,Rest,47.19976544380188,0.8571428571428571,1.0,"(56, 64, 1000)","(140, 64, 1000)",12345,67,0.8214285714285714
13,Tongue,Rest,43.50408864021301,0.8392857142857143,1.0,"(56, 64, 1000)","(140, 64, 1000)",12345,67,0.8035714285714286
13,Mis,Rest,41.71798086166382,0.8035714285714286,1.0,"(56, 64, 1000)","(140, 64, 1000)",12345,67,0.7142857142857143
