participant,class1,class2,running_time,test_acc,train_acc,test_size,train_size,train_block,test_block,test_acc_vote
3,Hand,Rest,51.7181875705719,0.9285714285714286,1.0,"(56, 64, 1000)","(140, 64, 1000)",12345,67,0.9285714285714286
3,Feet,Rest,40.11120557785034,0.6785714285714286,1.0,"(56, 64, 1000)","(140, 64, 1000)",12345,67,0.6071428571428572
3,Tongue,Rest,41.96596002578735,0.7857142857142857,1.0,"(56, 64, 1000)","(140, 64, 1000)",12345,67,0.6607142857142857
3,Mis,Rest,41.355488538742065,0.875,1.0,"(56, 64, 1000)","(140, 64, 1000)",12345,67,0.875
