participant,class1,class2,running_time,test_acc,train_acc,test_size,train_size,train_block,test_block,test_acc_vote
6,Hand,Rest,39.94827628135681,0.5892857142857143,1.0,"(56, 64, 1000)","(140, 64, 1000)",12345,67,0.5714285714285714
6,Feet,Rest,43.88608241081238,0.7857142857142857,1.0,"(56, 64, 1000)","(140, 64, 1000)",12345,67,0.8214285714285714
6,Tongue,Rest,45.48123359680176,0.875,1.0,"(56, 64, 1000)","(140, 64, 1000)",12345,67,0.8928571428571429
6,Mis,Rest,42.58437633514404,0.7678571428571429,1.0,"(56, 64, 1000)","(140, 64, 1000)",12345,67,0.7857142857142857
