participant,class1,class2,running_time,test_acc,train_acc,test_size,train_size,train_block,test_block,test_acc_vote
3,Hand,Rest,54.62832832336426,0.7857142857142857,0.9642857142857144,"(112, 64, 1000)","(84, 64, 1000)",123,4567,0.7678571428571428
3,Feet,Rest,55.107954025268555,0.5892857142857143,0.9642857142857144,"(112, 64, 1000)","(84, 64, 1000)",123,4567,0.6160714285714286
3,Tongue,Rest,56.52633452415466,0.7767857142857143,1.0,"(112, 64, 1000)","(84, 64, 1000)",123,4567,0.7321428571428572
3,Mis,Rest,56.39101243019104,0.8214285714285714,1.0,"(112, 64, 1000)","(84, 64, 1000)",123,4567,0.8035714285714286
