participant,class1,class2,running_time,test_acc,train_acc,test_size,train_size,train_block,test_block,test_acc_vote
10,Hand,Rest,93.43779397010805,0.6919642857142857,1.0,"(224, 64, 250)","(560, 64, 250)",12345,67,0.6741071428571428
10,Feet,Rest,91.83131170272829,0.6651785714285714,1.0,"(224, 64, 250)","(560, 64, 250)",12345,67,0.6607142857142857
10,Tongue,Rest,91.48068809509276,0.65625,1.0,"(224, 64, 250)","(560, 64, 250)",12345,67,0.6830357142857143
10,Mis,Rest,91.60920643806458,0.7008928571428571,1.0,"(224, 64, 250)","(560, 64, 250)",12345,67,0.6875
