participant,class1,class2,running_time,test_acc,train_acc,test_size,train_size,train_block,test_block,test_acc_vote
18,Hand,Rest,91.606187582016,0.6473214285714286,1.0,"(224, 64, 250)","(560, 64, 250)",12345,67,0.6964285714285714
18,Feet,Rest,92.46393513679504,0.6741071428571429,1.0,"(224, 64, 250)","(560, 64, 250)",12345,67,0.7098214285714286
18,Tongue,Rest,91.87930178642272,0.8258928571428571,1.0,"(224, 64, 250)","(560, 64, 250)",12345,67,0.8526785714285714
18,Mis,Rest,91.90117383003235,0.7008928571428571,1.0,"(224, 64, 250)","(560, 64, 250)",12345,67,0.7053571428571428
