participant,class1,class2,running_time,test_acc,train_acc,test_size,train_size,train_block,test_block,test_acc_vote
4,Hand,Rest,92.94685769081116,0.8348214285714286,1.0,"(224, 64, 250)","(560, 64, 250)",12345,67,0.8571428571428572
4,Feet,Rest,92.64802145957948,0.7455357142857143,1.0,"(224, 64, 250)","(560, 64, 250)",12345,67,0.7857142857142857
4,Tongue,Rest,91.29470777511597,0.7321428571428571,1.0,"(224, 64, 250)","(560, 64, 250)",12345,67,0.7857142857142857
4,Mis,Rest,92.33500385284424,0.6473214285714286,1.0,"(224, 64, 250)","(560, 64, 250)",12345,67,0.6428571428571428
