participant,class1,class2,running_time,test_acc,train_acc,test_size,train_size,train_block,test_block,test_acc_vote
5,Hand,Rest,91.32004594802856,0.65625,1.0,"(224, 64, 250)","(560, 64, 250)",12345,67,0.65625
5,Feet,Rest,91.3055648803711,0.7410714285714286,1.0,"(224, 64, 250)","(560, 64, 250)",12345,67,0.8080357142857143
5,Tongue,Rest,91.16862201690674,0.7455357142857143,1.0,"(224, 64, 250)","(560, 64, 250)",12345,67,0.7544642857142857
5,Mis,Rest,91.72375774383545,0.7991071428571429,1.0,"(224, 64, 250)","(560, 64, 250)",12345,67,0.8526785714285714
