participant,class1,class2,running_time,test_acc,train_acc,test_size,train_size,train_block,test_block,test_acc_vote
9,Hand,Rest,91.04101276397704,0.84375,1.0,"(224, 64, 250)","(560, 64, 250)",12345,67,0.9107142857142856
9,Feet,Rest,91.21203851699828,0.8080357142857143,1.0,"(224, 64, 250)","(560, 64, 250)",12345,67,0.84375
9,Tongue,Rest,92.36452555656432,0.7053571428571429,1.0,"(224, 64, 250)","(560, 64, 250)",12345,67,0.7410714285714286
9,Mis,Rest,91.95268249511719,0.7366071428571429,1.0,"(224, 64, 250)","(560, 64, 250)",12345,67,0.75
