participant,class1,class2,running_time,test_acc,train_acc,test_size,train_size,train_block,test_block,test_acc_vote
11,Hand,Rest,38.6176598072052,0.7410714285714286,0.9732142857142856,"(224, 64, 250)","(224, 64, 250)",12,67,0.8035714285714286
11,Feet,Rest,35.32320761680603,0.875,0.9776785714285714,"(224, 64, 250)","(224, 64, 250)",12,67,0.9151785714285714
11,Tongue,Rest,37.784947872161865,0.5758928571428571,0.9732142857142856,"(224, 64, 250)","(224, 64, 250)",12,67,0.5758928571428572
11,Mis,Rest,36.87149739265442,0.5491071428571429,0.9776785714285714,"(224, 64, 250)","(224, 64, 250)",12,67,0.5535714285714286
