participant,class1,class2,running_time,test_acc,train_acc,test_size,train_size,train_block,test_block,test_acc_vote
14,Hand,Rest,40.862446308135986,0.7946428571428571,0.9464285714285714,"(224, 64, 250)","(224, 64, 250)",12,67,0.8303571428571428
14,Feet,Rest,37.3306987285614,0.6339285714285714,0.96875,"(224, 64, 250)","(224, 64, 250)",12,67,0.6383928571428572
14,Tongue,Rest,36.13752889633179,0.5178571428571429,0.9642857142857144,"(224, 64, 250)","(224, 64, 250)",12,67,0.5044642857142857
14,Mis,Rest,35.021427154541016,0.5223214285714286,0.9866071428571429,"(224, 64, 250)","(224, 64, 250)",12,67,0.5267857142857143
