participant,class1,class2,running_time,test_acc,train_acc,test_size,train_size,train_block,test_block,test_acc_vote
17,Hand,Rest,48.80104160308838,0.7232142857142857,0.9017857142857144,"(224, 64, 250)","(224, 64, 250)",12,67,0.7366071428571428
17,Feet,Rest,47.654380083084106,0.6830357142857143,0.8482142857142857,"(224, 64, 250)","(224, 64, 250)",12,67,0.6830357142857143
17,Tongue,Rest,47.29303979873657,0.7098214285714286,0.9107142857142856,"(224, 64, 250)","(224, 64, 250)",12,67,0.7232142857142857
17,Mis,Rest,34.5903377532959,0.5982142857142857,0.9553571428571429,"(224, 64, 250)","(224, 64, 250)",12,67,0.6294642857142857
