participant,class1,class2,running_time,test_acc,train_acc,test_size,train_size,train_block,test_block,test_acc_vote
5,Hand,Rest,47.81631946563721,0.4955357142857143,0.9821428571428572,"(224, 64, 250)","(224, 64, 250)",12,67,0.4955357142857143
5,Feet,Rest,43.687984466552734,0.6294642857142857,0.9910714285714286,"(224, 64, 250)","(224, 64, 250)",12,67,0.6116071428571428
5,Tongue,Rest,38.981752157211304,0.5446428571428571,0.9910714285714286,"(224, 64, 250)","(224, 64, 250)",12,67,0.5669642857142857
5,Mis,Rest,35.17739510536194,0.5267857142857143,0.9866071428571429,"(224, 64, 250)","(224, 64, 250)",12,67,0.5133928571428572
