participant,class1,class2,running_time,test_acc,train_acc,test_size,train_size,train_block,test_block,test_acc_vote
10,Hand,Rest,13.09925127029419,0.5714285714285714,0.9821428571428572,"(28, 64, 1123)","(56, 64, 1123)",12,28 randomly chosen!,0.5714285714285714
10,Feet,Rest,13.06418228149414,0.5714285714285714,1.0,"(28, 64, 1123)","(56, 64, 1123)",12,28 randomly chosen!,0.5714285714285714
10,Tongue,Rest,12.851993322372437,0.5,0.9821428571428572,"(28, 64, 1123)","(56, 64, 1123)",12,28 randomly chosen!,0.4285714285714286
10,Mis,Rest,12.824488401412964,0.6428571428571429,1.0,"(28, 64, 1123)","(56, 64, 1123)",12,28 randomly chosen!,0.6785714285714286
