participant,class1,class2,running_time,test_acc,train_acc,test_size,train_size,train_block,test_block,test_acc_vote
15,Hand,Rest,12.91105580329895,0.5,0.9821428571428572,"(28, 64, 1123)","(56, 64, 1123)",12,28 randomly chosen!,0.5
15,Feet,Rest,12.826860904693604,0.5357142857142857,1.0,"(28, 64, 1123)","(56, 64, 1123)",12,28 randomly chosen!,0.5357142857142857
15,Tongue,Rest,13.12619948387146,0.8214285714285714,0.9642857142857144,"(28, 64, 1123)","(56, 64, 1123)",12,28 randomly chosen!,0.8928571428571429
15,Mis,Rest,12.776865482330322,0.7857142857142857,1.0,"(28, 64, 1123)","(56, 64, 1123)",12,28 randomly chosen!,0.8571428571428572
