participant,class1,class2,running_time,test_acc,train_acc,test_size,train_size,train_block,test_block,test_acc_vote
3,Hand,Rest,13.292268753051758,0.8571428571428571,0.9821428571428572,"(28, 64, 1123)","(56, 64, 1123)",12,28 randomly chosen!,0.9285714285714286
3,Feet,Rest,12.921481370925903,0.8928571428571429,1.0,"(28, 64, 1123)","(56, 64, 1123)",12,28 randomly chosen!,0.9642857142857144
3,Tongue,Rest,13.188665866851808,0.75,1.0,"(28, 64, 1123)","(56, 64, 1123)",12,28 randomly chosen!,0.7857142857142857
3,Mis,Rest,12.980211734771729,0.8214285714285714,1.0,"(28, 64, 1123)","(56, 64, 1123)",12,28 randomly chosen!,0.8571428571428572
