participant,class1,class2,running_time,test_acc,train_acc,test_size,train_size,train_block,test_block,test_acc_vote
14,Hand,Rest,54.106513023376465,0.8714285714285714,1.0,"(140, 64, 1000)","(56, 64, 1000)",12,34567,0.8357142857142857
14,Feet,Rest,52.69718933105469,0.7285714285714285,1.0,"(140, 64, 1000)","(56, 64, 1000)",12,34567,0.7357142857142858
14,Tongue,Rest,54.030011892318726,0.6214285714285714,1.0,"(140, 64, 1000)","(56, 64, 1000)",12,34567,0.6071428571428572
14,Mis,Rest,55.34409189224243,0.5,1.0,"(140, 64, 1000)","(56, 64, 1000)",12,34567,0.5071428571428571
