participant,class1,class2,running_time,test_acc,train_acc,test_size,train_size,train_block,test_block,test_acc_vote
5,Hand,Rest,53.36684036254883,0.5,1.0,"(140, 64, 1000)","(56, 64, 1000)",12,34567,0.5142857142857142
5,Feet,Rest,52.8722779750824,0.6785714285714286,1.0,"(140, 64, 1000)","(56, 64, 1000)",12,34567,0.6285714285714286
5,Tongue,Rest,54.81399369239807,0.6928571428571428,1.0,"(140, 64, 1000)","(56, 64, 1000)",12,34567,0.6642857142857144
5,Mis,Rest,54.72702503204346,0.4928571428571429,1.0,"(140, 64, 1000)","(56, 64, 1000)",12,34567,0.5071428571428571
