participant,class1,class2,running_time,test_acc,train_acc,test_size,train_size,train_block,test_block,test_acc_vote
6,Hand,Rest,53.444119930267334,0.7285714285714285,1.0,"(140, 64, 1000)","(56, 64, 1000)",12,34567,0.6857142857142857
6,Feet,Rest,53.82361197471619,0.6357142857142857,1.0,"(140, 64, 1000)","(56, 64, 1000)",12,34567,0.6642857142857144
6,Tongue,Rest,55.358479261398315,0.5642857142857143,1.0,"(140, 64, 1000)","(56, 64, 1000)",12,34567,0.55
6,Mis,Rest,54.25032687187195,0.5571428571428572,1.0,"(140, 64, 1000)","(56, 64, 1000)",12,34567,0.5357142857142857
