participant,class1,class2,running_time,test_acc,train_acc,test_size,train_size,train_block,test_block,test_acc_vote
11,Hand,Rest,49.490275382995605,0.7142857142857143,1.0,"(224, 64, 250)","(224, 64, 250)",12,67,0.7723214285714286
11,Feet,Rest,50.84690022468567,0.8169642857142857,1.0,"(224, 64, 250)","(224, 64, 250)",12,67,0.8392857142857143
11,Tongue,Rest,49.429763317108154,0.5535714285714286,1.0,"(224, 64, 250)","(224, 64, 250)",12,67,0.5535714285714286
11,Mis,Rest,49.78780913352966,0.5580357142857143,1.0,"(224, 64, 250)","(224, 64, 250)",12,67,0.5848214285714286
