participant,class1,class2,running_time,test_acc,train_acc,test_size,train_size,train_block,test_block,test_acc_vote
15,Hand,Rest,50.316152811050415,0.7142857142857143,1.0,"(224, 64, 250)","(224, 64, 250)",12,67,0.7366071428571428
15,Feet,Rest,50.89298963546753,0.6071428571428571,1.0,"(224, 64, 250)","(224, 64, 250)",12,67,0.6383928571428572
15,Tongue,Rest,49.72058916091919,0.65625,1.0,"(224, 64, 250)","(224, 64, 250)",12,67,0.6741071428571428
15,Mis,Rest,49.89985203742981,0.59375,1.0,"(224, 64, 250)","(224, 64, 250)",12,67,0.6116071428571428
