participant,class1,class2,running_time,test_acc,train_acc,test_size,train_size,train_block,test_block,test_acc_vote
17,Hand,Rest,49.28211212158203,0.6964285714285714,1.0,"(224, 64, 250)","(224, 64, 250)",12,67,0.7098214285714286
17,Feet,Rest,49.3599750995636,0.6875,1.0,"(224, 64, 250)","(224, 64, 250)",12,67,0.7321428571428572
17,Tongue,Rest,49.73125171661377,0.6071428571428571,1.0,"(224, 64, 250)","(224, 64, 250)",12,67,0.5803571428571428
17,Mis,Rest,50.39086055755615,0.6026785714285714,1.0,"(224, 64, 250)","(224, 64, 250)",12,67,0.625
