participant,class1,class2,running_time,test_acc,train_acc,test_size,train_size,train_block,test_block,test_acc_vote
19,Hand,Rest,49.7008261680603,0.71875,1.0,"(224, 64, 250)","(224, 64, 250)",12,67,0.7455357142857143
19,Feet,Rest,50.04204750061035,0.6205357142857143,1.0,"(224, 64, 250)","(224, 64, 250)",12,67,0.6517857142857143
19,Tongue,Rest,49.61924147605896,0.7142857142857143,1.0,"(224, 64, 250)","(224, 64, 250)",12,67,0.7633928571428572
19,Mis,Rest,49.16143083572388,0.7008928571428571,1.0,"(224, 64, 250)","(224, 64, 250)",12,67,0.7544642857142857
