participant,class1,class2,running_time,test_acc,train_acc,test_size,train_size,train_block,test_block,test_acc_vote
3,Hand,Rest,49.03453421592712,0.5848214285714286,1.0,"(224, 64, 250)","(224, 64, 250)",12,67,0.5758928571428572
3,Feet,Rest,49.14181661605835,0.5892857142857143,1.0,"(224, 64, 250)","(224, 64, 250)",12,67,0.6026785714285714
3,Tongue,Rest,49.300509214401245,0.59375,1.0,"(224, 64, 250)","(224, 64, 250)",12,67,0.6116071428571428
3,Mis,Rest,50.377784967422485,0.6383928571428571,1.0,"(224, 64, 250)","(224, 64, 250)",12,67,0.6651785714285714
