participant,class1,class2,running_time,test_acc,train_acc,test_size,train_size,train_block,test_block,test_acc_vote
10,Hand,Rest,150.28577589988708,0.6834862385321101,0.944954128440367,"(218, 64, 1000)","(545, 64, 1000)",12345,67,0.6834862385321101
10,Feet,Rest,150.36147332191467,0.6559633027522935,0.9357798165137616,"(218, 64, 1000)","(545, 64, 1000)",12345,67,0.6513761467889908
10,Tongue,Rest,156.9410047531128,0.6880733944954128,0.943119266055046,"(218, 64, 1000)","(545, 64, 1000)",12345,67,0.6834862385321101
10,Mis,Rest,153.82901072502136,0.8944954128440367,0.9376146788990826,"(218, 64, 1000)","(545, 64, 1000)",12345,67,0.908256880733945
