participant,class1,class2,running_time,test_acc,train_acc,test_size,train_size,train_block,test_block,test_acc_vote
11,Hand,Rest,154.35993242263794,0.8715596330275229,0.9669724770642202,"(218, 64, 1000)","(545, 64, 1000)",12345,67,0.8715596330275229
11,Feet,Rest,155.43687438964844,0.8807339449541285,0.9486238532110092,"(218, 64, 1000)","(545, 64, 1000)",12345,67,0.8761467889908257
11,Tongue,Rest,152.91259741783142,0.6788990825688074,0.9688073394495412,"(218, 64, 1000)","(545, 64, 1000)",12345,67,0.6788990825688073
11,Mis,Rest,151.12954425811768,0.6422018348623854,0.9688073394495413,"(218, 64, 1000)","(545, 64, 1000)",12345,67,0.6467889908256881
