participant,class1,class2,running_time,test_acc,train_acc,test_size,train_size,train_block,test_block,test_acc_vote
13,Hand,Rest,145.0993926525116,0.6192660550458715,0.8697247706422019,"(218, 64, 1000)","(545, 64, 1000)",12345,67,0.6100917431192661
13,Feet,Rest,146.04513096809387,0.8027522935779816,0.9247706422018348,"(218, 64, 1000)","(545, 64, 1000)",12345,67,0.8073394495412844
13,Tongue,Rest,149.75047373771667,0.7935779816513762,0.944954128440367,"(218, 64, 1000)","(545, 64, 1000)",12345,67,0.8073394495412844
13,Mis,Rest,148.26573777198792,0.7247706422018348,0.8954128440366973,"(218, 64, 1000)","(545, 64, 1000)",12345,67,0.7201834862385321
