participant,class1,class2,running_time,test_acc,train_acc,test_size,train_size,train_block,test_block,test_acc_vote
5,Hand,Rest,146.45591759681702,0.7247706422018348,0.9541284403669724,"(218, 64, 1000)","(545, 64, 1000)",12345,67,0.7385321100917431
5,Feet,Rest,151.49147129058838,0.7110091743119266,0.9559633027522936,"(218, 64, 1000)","(545, 64, 1000)",12345,67,0.7155963302752293
5,Tongue,Rest,151.01523208618164,0.7752293577981652,0.9522935779816514,"(218, 64, 1000)","(545, 64, 1000)",12345,67,0.7889908256880733
5,Mis,Rest,148.63671207427979,0.8256880733944955,0.9669724770642202,"(218, 64, 1000)","(545, 64, 1000)",12345,67,0.8302752293577982
