participant,class1,class2,running_time,test_acc,train_acc,test_size,train_size,train_block,test_block,test_acc_vote
6,Hand,Rest,148.1356019973755,0.591743119266055,0.9596330275229358,"(218, 64, 1000)","(545, 64, 1000)",12345,67,0.5871559633027523
6,Feet,Rest,150.36701107025146,0.7339449541284404,0.944954128440367,"(218, 64, 1000)","(545, 64, 1000)",12345,67,0.7431192660550459
6,Tongue,Rest,148.86584210395813,0.7247706422018348,0.9394495412844036,"(218, 64, 1000)","(545, 64, 1000)",12345,67,0.7431192660550459
6,Mis,Rest,151.10236358642578,0.6559633027522935,0.9376146788990826,"(218, 64, 1000)","(545, 64, 1000)",12345,67,0.6834862385321101
