participant,class1,class2,running_time,test_acc,train_acc,test_size,train_size,train_block,test_block,test_acc_vote
4,Hand,Rest,43.24382209777832,0.75,1.0,"(56, 64, 1000)","(84, 64, 1000)",123,56 randomly chosen!,0.8214285714285714
4,Feet,Rest,42.7095685005188,0.5535714285714286,1.0,"(56, 64, 1000)","(84, 64, 1000)",123,56 randomly chosen!,0.5535714285714286
4,Tongue,Rest,42.92286968231201,0.6607142857142857,1.0,"(56, 64, 1000)","(84, 64, 1000)",123,56 randomly chosen!,0.6964285714285714
4,Mis,Rest,42.336416244506836,0.8035714285714286,0.9880952380952381,"(56, 64, 1000)","(84, 64, 1000)",123,56 randomly chosen!,0.9107142857142857
