participant,class1,class2,running_time,test_acc,train_acc,test_size,train_size,train_block,test_block,test_acc_vote
5,Hand,Rest,41.992318868637085,0.7678571428571429,1.0,"(56, 64, 1000)","(84, 64, 1000)",123,56 randomly chosen!,0.8214285714285714
5,Feet,Rest,42.471219062805176,0.9107142857142856,0.9761904761904762,"(56, 64, 1000)","(84, 64, 1000)",123,56 randomly chosen!,1.0
5,Tongue,Rest,41.91877961158752,0.8035714285714286,0.988095238095238,"(56, 64, 1000)","(84, 64, 1000)",123,56 randomly chosen!,0.9107142857142856
5,Mis,Rest,43.86230134963989,0.9107142857142857,1.0,"(56, 64, 1000)","(84, 64, 1000)",123,56 randomly chosen!,0.9464285714285714
