participant,class1,class2,running_time,test_acc,train_acc,test_size,train_size,train_block,test_block,test_acc_vote
5,Hand,Rest,110.7416377067566,0.5926605504587156,1.0,"(545, 64, 1000)","(218, 64, 1000)",12,34567,0.5963302752293578
5,Feet,Rest,110.21953845024107,0.6587155963302752,1.0,"(545, 64, 1000)","(218, 64, 1000)",12,34567,0.6605504587155964
5,Tongue,Rest,112.08970737457275,0.655045871559633,1.0,"(545, 64, 1000)","(218, 64, 1000)",12,34567,0.6513761467889908
5,Mis,Rest,112.62423276901245,0.5486238532110091,1.0,"(545, 64, 1000)","(218, 64, 1000)",12,34567,0.5614678899082568
