participant,class1,class2,running_time,test_acc,train_acc,test_size,train_size,train_block,test_block,test_acc_vote
3,Hand,Rest,57.43383526802063,0.5059523809523809,1.0,"(168, 64, 1000)","(28, 64, 1000)",1,234567,0.494047619047619
3,Feet,Rest,56.39994144439697,0.5714285714285714,1.0,"(168, 64, 1000)","(28, 64, 1000)",1,234567,0.5178571428571428
3,Tongue,Rest,58.62001061439514,0.5119047619047619,1.0,"(168, 64, 1000)","(28, 64, 1000)",1,234567,0.494047619047619
3,Mis,Rest,59.92095637321472,0.5,1.0,"(168, 64, 1000)","(28, 64, 1000)",1,234567,0.5119047619047619
