participant,class1,class2,running_time,test_acc,train_acc,test_size,train_size,train_block,test_block,test_acc_vote
6,Hand,Rest,55.738590478897095,0.5476190476190477,1.0,"(168, 64, 1000)","(28, 64, 1000)",1,234567,0.5297619047619048
6,Feet,Rest,57.013285636901855,0.5535714285714286,1.0,"(168, 64, 1000)","(28, 64, 1000)",1,234567,0.5476190476190477
6,Tongue,Rest,59.75418305397034,0.5416666666666666,1.0,"(168, 64, 1000)","(28, 64, 1000)",1,234567,0.5297619047619048
6,Mis,Rest,59.61859369277954,0.5476190476190477,1.0,"(168, 64, 1000)","(28, 64, 1000)",1,234567,0.5773809523809523
