participant,class1,class2,running_time,test_acc,train_acc,test_size,train_size,train_block,test_block,test_acc_vote
3,Hand,Rest,52.84366202354431,0.9285714285714286,1.0,"(56, 64, 1000)","(140, 64, 1000)",12345,67,0.9107142857142856
3,Feet,Rest,51.24682378768921,0.6964285714285714,1.0,"(56, 64, 1000)","(140, 64, 1000)",12345,67,0.625
3,Tongue,Rest,48.902273416519165,0.7857142857142857,1.0,"(56, 64, 1000)","(140, 64, 1000)",12345,67,0.6785714285714286
3,Mis,Rest,51.56135606765747,0.8035714285714286,1.0,"(56, 64, 1000)","(140, 64, 1000)",12345,67,0.7857142857142857
