participant,class1,class2,running_time,test_acc,train_acc,test_size,train_size,train_block,test_block,test_acc_vote
5,Hand,Rest,49.67017340660095,0.8571428571428571,1.0,"(56, 64, 1000)","(140, 64, 1000)",12345,67,0.875
5,Feet,Rest,51.42950797080994,0.7142857142857143,1.0,"(56, 64, 1000)","(140, 64, 1000)",12345,67,0.6607142857142857
5,Tongue,Rest,46.85501718521118,0.7321428571428571,1.0,"(56, 64, 1000)","(140, 64, 1000)",12345,67,0.7678571428571428
5,Mis,Rest,73.89845037460327,0.8392857142857143,1.0,"(56, 64, 1000)","(140, 64, 1000)",12345,67,0.8035714285714286
