participant,class1,class2,running_time,test_acc,train_acc,test_size,train_size,train_block,test_block,test_acc_vote
7,Hand,Rest,51.129334926605225,0.75,1.0,"(56, 64, 1000)","(140, 64, 1000)",12345,67,0.7678571428571428
7,Feet,Rest,60.24669814109802,0.8571428571428571,1.0,"(56, 64, 1000)","(140, 64, 1000)",12345,67,0.8928571428571429
7,Tongue,Rest,69.57953667640686,0.7142857142857143,1.0,"(56, 64, 1000)","(140, 64, 1000)",12345,67,0.6607142857142857
7,Mis,Rest,56.856091260910034,0.7321428571428571,1.0,"(56, 64, 1000)","(140, 64, 1000)",12345,67,0.6964285714285714
