participant,class1,class2,running_time,test_acc,train_acc,test_size,train_size,train_block,test_block,test_acc_vote
14,Hand,Rest,46.62800192832947,0.7857142857142857,1.0,"(112, 64, 500)","(168, 64, 500)",123,67,0.7589285714285714
14,Feet,Rest,46.50716471672058,0.6071428571428571,1.0,"(112, 64, 500)","(168, 64, 500)",123,67,0.5982142857142857
14,Tongue,Rest,47.72003149986267,0.6071428571428571,1.0,"(112, 64, 500)","(168, 64, 500)",123,67,0.5803571428571428
14,Mis,Rest,47.351661920547485,0.6517857142857143,1.0,"(112, 64, 500)","(168, 64, 500)",123,67,0.6964285714285714
