participant,class1,class2,running_time,test_acc,train_acc,test_size,train_size,train_block,test_block,test_acc_vote
19,Hand,Rest,47.192954778671265,0.8482142857142857,0.9404761904761904,"(112, 64, 500)","(168, 64, 500)",123,67,0.8660714285714286
19,Feet,Rest,46.10729146003723,0.625,0.9940476190476192,"(112, 64, 500)","(168, 64, 500)",123,67,0.5714285714285714
19,Tongue,Rest,46.85800099372864,0.7946428571428571,0.988095238095238,"(112, 64, 500)","(168, 64, 500)",123,67,0.8035714285714286
19,Mis,Rest,47.32328510284424,0.7142857142857143,0.9940476190476191,"(112, 64, 500)","(168, 64, 500)",123,67,0.7410714285714286
