participant,class1,class2,running_time,test_acc,train_acc,test_size,train_size,train_block,test_block,test_acc_vote
14,Hand,Rest,24.535367727279663,0.9107142857142856,1.0,"(56, 64, 1000)","(56, 64, 1000)",12,67,0.8928571428571429
14,Feet,Rest,24.559365034103394,0.7142857142857143,1.0,"(56, 64, 1000)","(56, 64, 1000)",12,67,0.6964285714285714
14,Tongue,Rest,24.306456089019775,0.5892857142857143,1.0,"(56, 64, 1000)","(56, 64, 1000)",12,67,0.5357142857142857
14,Mis,Rest,24.831394910812378,0.6607142857142857,1.0,"(56, 64, 1000)","(56, 64, 1000)",12,67,0.6428571428571428
