participant,class1,class2,running_time,test_acc,train_acc,test_size,train_size,train_block,test_block,test_acc_vote
15,Hand,Rest,25.077068090438843,0.8571428571428571,1.0,"(56, 64, 1000)","(56, 64, 1000)",12,67,0.8214285714285714
15,Feet,Rest,24.735227346420288,0.4821428571428571,1.0,"(56, 64, 1000)","(56, 64, 1000)",12,67,0.5178571428571428
15,Tongue,Rest,24.845645427703857,0.5178571428571429,1.0,"(56, 64, 1000)","(56, 64, 1000)",12,67,0.5178571428571428
15,Mis,Rest,25.03269386291504,0.5714285714285714,1.0,"(56, 64, 1000)","(56, 64, 1000)",12,67,0.5892857142857143
