participant,class1,class2,running_time,test_acc,train_acc,test_size,train_size,train_block,test_block,test_acc_vote
17,Hand,Rest,24.816322565078735,0.6607142857142857,1.0,"(56, 64, 1000)","(56, 64, 1000)",12,67,0.6428571428571428
17,Feet,Rest,24.37114310264587,0.75,0.9464285714285714,"(56, 64, 1000)","(56, 64, 1000)",12,67,0.75
17,Tongue,Rest,24.686139345169067,0.8392857142857143,1.0,"(56, 64, 1000)","(56, 64, 1000)",12,67,0.8035714285714286
17,Mis,Rest,24.96476125717163,0.6785714285714286,1.0,"(56, 64, 1000)","(56, 64, 1000)",12,67,0.6607142857142857
