participant,class1,class2,running_time,test_acc,train_acc,test_size,train_size,train_block,test_block,test_acc_vote
3,Hand,Rest,24.55233597755432,0.7142857142857143,1.0,"(56, 64, 1000)","(56, 64, 1000)",12,67,0.6607142857142857
3,Feet,Rest,24.57800674438477,0.5535714285714286,0.9821428571428572,"(56, 64, 1000)","(56, 64, 1000)",12,67,0.5535714285714286
3,Tongue,Rest,24.29409098625183,0.6428571428571429,0.9821428571428572,"(56, 64, 1000)","(56, 64, 1000)",12,67,0.6071428571428572
3,Mis,Rest,25.060415983200073,0.6785714285714286,1.0,"(56, 64, 1000)","(56, 64, 1000)",12,67,0.6071428571428572
