participant,class1,class2,running_time,test_acc,train_acc,test_size,train_size,train_block,test_block,test_acc_vote
9,Hand,Rest,24.709681034088135,0.9107142857142856,1.0,"(56, 64, 1000)","(56, 64, 1000)",12,67,0.875
9,Feet,Rest,24.74416422843933,0.7678571428571429,1.0,"(56, 64, 1000)","(56, 64, 1000)",12,67,0.6964285714285714
9,Tongue,Rest,24.68142008781433,0.5178571428571429,1.0,"(56, 64, 1000)","(56, 64, 1000)",12,67,0.5892857142857143
9,Mis,Rest,24.730144262313843,0.5357142857142857,1.0,"(56, 64, 1000)","(56, 64, 1000)",12,67,0.5178571428571428
