participant,class1,class2,running_time,test_acc,train_acc,test_size,train_size,train_block,test_block,test_acc_vote
11,Hand,Rest,55.12133312225342,0.5833333333333334,1.0,"(168, 64, 1000)","(28, 64, 1000)",1,67,0.5833333333333333
11,Feet,Rest,54.027477741241455,0.6726190476190477,1.0,"(168, 64, 1000)","(28, 64, 1000)",1,67,0.6011904761904762
11,Tongue,Rest,54.322510957717896,0.6011904761904762,1.0,"(168, 64, 1000)","(28, 64, 1000)",1,67,0.5595238095238095
11,Mis,Rest,55.67116641998291,0.5773809523809523,1.0,"(168, 64, 1000)","(28, 64, 1000)",1,67,0.5416666666666667
