participant,class1,class2,running_time,test_acc,train_acc,test_size,train_size,train_block,test_block,test_acc_vote
14,Hand,Rest,54.35059690475464,0.8154761904761905,1.0,"(168, 64, 1000)","(28, 64, 1000)",1,67,0.7797619047619048
14,Feet,Rest,56.12819504737854,0.6011904761904762,1.0,"(168, 64, 1000)","(28, 64, 1000)",1,67,0.5833333333333333
14,Tongue,Rest,54.625035524368286,0.5238095238095238,1.0,"(168, 64, 1000)","(28, 64, 1000)",1,67,0.5059523809523809
14,Mis,Rest,55.107664585113525,0.5238095238095238,1.0,"(168, 64, 1000)","(28, 64, 1000)",1,67,0.4821428571428571
