participant,class1,class2,running_time,test_acc,train_acc,test_size,train_size,train_block,test_block,test_acc_vote
16,Hand,Rest,54.46330356597901,0.5119047619047619,1.0,"(168, 64, 1000)","(28, 64, 1000)",1,67,0.5297619047619048
16,Feet,Rest,54.87410855293274,0.5416666666666666,1.0,"(168, 64, 1000)","(28, 64, 1000)",1,67,0.5476190476190477
16,Tongue,Rest,54.83969783782959,0.5952380952380952,1.0,"(168, 64, 1000)","(28, 64, 1000)",1,67,0.5297619047619048
16,Mis,Rest,56.2462363243103,0.4523809523809524,1.0,"(168, 64, 1000)","(28, 64, 1000)",1,67,0.45238095238095233
