participant,class1,class2,running_time,test_acc,train_acc,test_size,train_size,train_block,test_block,test_acc_vote
4,Hand,Rest,54.20359516143799,0.8452380952380952,1.0,"(168, 64, 1000)","(28, 64, 1000)",1,67,0.8392857142857143
4,Feet,Rest,54.67715883255005,0.7083333333333334,1.0,"(168, 64, 1000)","(28, 64, 1000)",1,67,0.6904761904761905
4,Tongue,Rest,54.014020919799805,0.5535714285714286,1.0,"(168, 64, 1000)","(28, 64, 1000)",1,67,0.5
4,Mis,Rest,55.58410692214966,0.5773809523809523,1.0,"(168, 64, 1000)","(28, 64, 1000)",1,67,0.5595238095238095
