participant,class1,class2,running_time,test_acc,train_acc,test_size,train_size,train_block,test_block,test_acc_vote
11,Hand,Rest,50.70838880538941,0.5416666666666666,1.0,"(168, 64, 1000)","(28, 64, 1000)",1,234567,0.5595238095238095
11,Feet,Rest,51.18259882926941,0.5416666666666666,1.0,"(168, 64, 1000)","(28, 64, 1000)",1,234567,0.5714285714285714
11,Tongue,Rest,52.15046548843384,0.5119047619047619,1.0,"(168, 64, 1000)","(28, 64, 1000)",1,234567,0.5178571428571428
11,Mis,Rest,51.673107385635376,0.5,1.0,"(168, 64, 1000)","(28, 64, 1000)",1,234567,0.5
