participant,class1,class2,running_time,test_acc,train_acc,test_size,train_size,train_block,test_block,test_acc_vote
14,Hand,Rest,50.378719329833984,0.494047619047619,1.0,"(168, 64, 1000)","(28, 64, 1000)",1,234567,0.5059523809523809
14,Feet,Rest,51.04455924034119,0.4523809523809524,1.0,"(168, 64, 1000)","(28, 64, 1000)",1,234567,0.494047619047619
14,Tongue,Rest,51.82627010345459,0.4880952380952381,1.0,"(168, 64, 1000)","(28, 64, 1000)",1,234567,0.5059523809523809
14,Mis,Rest,52.57096338272095,0.5178571428571429,1.0,"(168, 64, 1000)","(28, 64, 1000)",1,234567,0.5
