participant,class1,class2,running_time,test_acc,train_acc,test_size,train_size,train_block,test_block,test_acc_vote
4,Hand,Rest,50.35490798950195,0.6547619047619048,1.0,"(168, 64, 1000)","(28, 64, 1000)",1,234567,0.6071428571428572
4,Feet,Rest,50.398354291915894,0.5892857142857143,1.0,"(168, 64, 1000)","(28, 64, 1000)",1,234567,0.5654761904761905
4,Tongue,Rest,52.234530210494995,0.5059523809523809,1.0,"(168, 64, 1000)","(28, 64, 1000)",1,234567,0.4821428571428571
4,Mis,Rest,51.34014630317688,0.5357142857142857,1.0,"(168, 64, 1000)","(28, 64, 1000)",1,234567,0.5416666666666667
