participant,class1,class2,running_time,test_acc,train_acc,test_size,train_size,train_block,test_block,test_acc_vote
5,Hand,Rest,50.843772649765015,0.494047619047619,1.0,"(168, 64, 1000)","(28, 64, 1000)",1,234567,0.5178571428571428
5,Feet,Rest,52.47434878349304,0.5,1.0,"(168, 64, 1000)","(28, 64, 1000)",1,234567,0.4880952380952381
5,Tongue,Rest,51.80478358268738,0.5059523809523809,1.0,"(168, 64, 1000)","(28, 64, 1000)",1,234567,0.5238095238095238
5,Mis,Rest,51.9915132522583,0.5,1.0,"(168, 64, 1000)","(28, 64, 1000)",1,234567,0.49404761904761907
