participant,class1,class2,running_time,test_acc,train_acc,test_size,train_size,train_block,test_block,test_acc_vote
3,Hand,Rest,57.57085609436035,0.9285714285714286,1.0,"(56, 64, 1000)","(140, 64, 1000)",12345,67,0.9107142857142856
3,Feet,Rest,56.78588080406189,0.75,1.0,"(56, 64, 1000)","(140, 64, 1000)",12345,67,0.6607142857142857
3,Tongue,Rest,58.22287058830261,0.7857142857142857,1.0,"(56, 64, 1000)","(140, 64, 1000)",12345,67,0.7321428571428572
3,Mis,Rest,58.70489764213562,0.8928571428571429,1.0,"(56, 64, 1000)","(140, 64, 1000)",12345,67,0.9107142857142857
