participant,class1,class2,running_time,test_acc,train_acc,test_size,train_size,train_block,test_block,test_acc_vote
3,Hand,Rest,102.51508021354675,0.8318042813455657,0.9013761467889908,"(327, 64, 1000)","(436, 64, 1000)",1234,567,0.8256880733944953
3,Feet,Rest,104.26228499412537,0.5504587155963303,0.8188073394495413,"(327, 64, 1000)","(436, 64, 1000)",1234,567,0.5443425076452599
3,Tongue,Rest,104.41062331199646,0.7553516819571865,0.841743119266055,"(327, 64, 1000)","(436, 64, 1000)",1234,567,0.7675840978593272
3,Mis,Rest,104.08777618408203,0.8287461773700305,0.8944954128440367,"(327, 64, 1000)","(436, 64, 1000)",1234,567,0.8348623853211009
