participant,class1,class2,running_time,test_acc,train_acc,test_size,train_size,train_block,test_block,test_acc_vote
9,Hand,Rest,106.84253072738647,0.8685015290519877,0.8944954128440367,"(327, 64, 1000)","(436, 64, 1000)",1234,567,0.8715596330275229
9,Feet,Rest,108.51373863220216,0.8868501529051988,0.8899082568807339,"(327, 64, 1000)","(436, 64, 1000)",1234,567,0.8899082568807339
9,Tongue,Rest,104.44001746177672,0.5565749235474006,0.8256880733944955,"(327, 64, 1000)","(436, 64, 1000)",1234,567,0.5626911314984709
9,Mis,Rest,106.3836784362793,0.7308868501529052,0.7958715596330275,"(327, 64, 1000)","(436, 64, 1000)",1234,567,0.7339449541284404
