participant,class1,class2,running_time,test_acc,train_acc,test_size,train_size,train_block,test_block,test_acc_vote
11,Hand,Rest,74.97683501243591,0.7633928571428571,0.9910714285714286,"(224, 64, 250)","(448, 64, 250)",1234,67,0.8348214285714286
11,Feet,Rest,74.09329295158386,0.8258928571428571,1.0,"(224, 64, 250)","(448, 64, 250)",1234,67,0.8794642857142857
11,Tongue,Rest,76.33727383613586,0.6339285714285714,1.0,"(224, 64, 250)","(448, 64, 250)",1234,67,0.6517857142857143
11,Mis,Rest,75.9379370212555,0.7053571428571429,0.9933035714285714,"(224, 64, 250)","(448, 64, 250)",1234,67,0.7678571428571428
