participant,class1,class2,running_time,test_acc,train_acc,test_size,train_size,train_block,test_block,test_acc_vote
18,Hand,Rest,75.86422085762024,0.6517857142857143,0.9598214285714286,"(224, 64, 250)","(448, 64, 250)",1234,67,0.65625
18,Feet,Rest,75.68038034439087,0.6116071428571429,0.9419642857142856,"(224, 64, 250)","(448, 64, 250)",1234,67,0.6428571428571428
18,Tongue,Rest,75.0303463935852,0.7232142857142857,0.9799107142857144,"(224, 64, 250)","(448, 64, 250)",1234,67,0.75
18,Mis,Rest,74.69575262069702,0.7053571428571429,0.9709821428571429,"(224, 64, 250)","(448, 64, 250)",1234,67,0.7589285714285714
