participant,class1,class2,running_time,test_acc,train_acc,test_size,train_size,train_block,test_block,test_acc_vote
19,Hand,Rest,76.00365591049194,0.7366071428571429,0.9486607142857144,"(224, 64, 250)","(448, 64, 250)",1234,67,0.7901785714285714
19,Feet,Rest,74.8970057964325,0.5491071428571429,0.9821428571428572,"(224, 64, 250)","(448, 64, 250)",1234,67,0.5446428571428572
19,Tongue,Rest,76.54965400695801,0.7008928571428571,0.9553571428571428,"(224, 64, 250)","(448, 64, 250)",1234,67,0.7410714285714286
19,Mis,Rest,75.13798832893372,0.6651785714285714,0.9866071428571429,"(224, 64, 250)","(448, 64, 250)",1234,67,0.7008928571428572
