participant,class1,class2,running_time,test_acc,train_acc,test_size,train_size,train_block,test_block,test_acc_vote
4,Hand,Rest,75.34899854660034,0.7678571428571429,0.9642857142857144,"(224, 64, 250)","(448, 64, 250)",1234,67,0.7901785714285714
4,Feet,Rest,75.59427261352539,0.7232142857142857,0.9040178571428572,"(224, 64, 250)","(448, 64, 250)",1234,67,0.7678571428571428
4,Tongue,Rest,74.90962743759155,0.6964285714285714,0.9620535714285714,"(224, 64, 250)","(448, 64, 250)",1234,67,0.7276785714285714
4,Mis,Rest,74.4599974155426,0.6830357142857143,0.9642857142857143,"(224, 64, 250)","(448, 64, 250)",1234,67,0.6696428571428572
