participant,class1,class2,running_time,test_acc,train_acc,test_size,train_size,train_block,test_block,test_acc_vote
13,Hand,Rest,59.017256021499634,0.7142857142857143,1.0,"(56, 64, 1000)","(140, 64, 1000)",12345,67,0.6607142857142857
13,Feet,Rest,58.68353343009949,0.8392857142857143,1.0,"(56, 64, 1000)","(140, 64, 1000)",12345,67,0.8571428571428572
13,Tongue,Rest,61.640114068984985,0.7321428571428571,1.0,"(56, 64, 1000)","(140, 64, 1000)",12345,67,0.6785714285714286
13,Mis,Rest,60.894808769226074,0.6785714285714286,0.9928571428571429,"(56, 64, 1000)","(140, 64, 1000)",12345,67,0.625
