participant,class1,class2,running_time,test_acc,train_acc,test_size,train_size,train_block,test_block,test_acc_vote
14,Hand,Rest,59.78992867469787,0.875,1.0,"(56, 64, 1000)","(140, 64, 1000)",12345,67,0.8214285714285714
14,Feet,Rest,58.897271394729614,0.8928571428571429,1.0,"(56, 64, 1000)","(140, 64, 1000)",12345,67,0.875
14,Tongue,Rest,60.27435851097107,0.75,1.0,"(56, 64, 1000)","(140, 64, 1000)",12345,67,0.7321428571428572
14,Mis,Rest,61.56890797615051,0.6964285714285714,1.0,"(56, 64, 1000)","(140, 64, 1000)",12345,67,0.6964285714285714
