participant,class1,class2,running_time,test_acc,train_acc,test_size,train_size,train_block,test_block,test_acc_vote
9,Hand,Rest,59.43812203407288,0.9285714285714286,1.0,"(56, 64, 1000)","(140, 64, 1000)",12345,67,0.875
9,Feet,Rest,60.56175088882446,0.9285714285714286,1.0,"(56, 64, 1000)","(140, 64, 1000)",12345,67,0.8928571428571429
9,Tongue,Rest,60.37591505050659,0.8214285714285714,1.0,"(56, 64, 1000)","(140, 64, 1000)",12345,67,0.8035714285714286
9,Mis,Rest,60.818742752075195,0.7857142857142857,1.0,"(56, 64, 1000)","(140, 64, 1000)",12345,67,0.7678571428571428
