participant,class1,class2,running_time,test_acc,train_acc,test_size,train_size,train_block,test_block,test_acc_vote
13,Hand,Rest,40.03228974342346,0.625,1.0,"(56, 64, 1000)","(140, 64, 1000)",12345,67,0.6071428571428572
13,Feet,Rest,40.09766459465027,0.9285714285714286,1.0,"(56, 64, 1000)","(140, 64, 1000)",12345,67,0.9107142857142856
13,Tongue,Rest,41.267229080200195,0.75,1.0,"(56, 64, 1000)","(140, 64, 1000)",12345,67,0.75
13,Mis,Rest,41.07701015472412,0.7321428571428571,1.0,"(56, 64, 1000)","(140, 64, 1000)",12345,67,0.6428571428571428
