participant,class1,class2,running_time,test_acc,train_acc,test_size,train_size,train_block,test_block,test_acc_vote
11,Hand,Rest,51.76833701133728,0.5959821428571429,1.0,"(448, 64, 250)","(336, 64, 250)",123,4567,0.6026785714285714
11,Feet,Rest,50.92358493804931,0.7388392857142857,1.0,"(448, 64, 250)","(336, 64, 250)",123,4567,0.7589285714285714
11,Tongue,Rest,53.003196001052856,0.5848214285714286,1.0,"(448, 64, 250)","(336, 64, 250)",123,4567,0.6004464285714286
11,Mis,Rest,52.48733043670654,0.65625,1.0,"(448, 64, 250)","(336, 64, 250)",123,4567,0.6651785714285714
