participant,class1,class2,running_time,test_acc,train_acc,test_size,train_size,train_block,test_block,test_acc_vote
13,Hand,Rest,52.19221472740173,0.5558035714285714,1.0,"(448, 64, 250)","(336, 64, 250)",123,4567,0.5491071428571428
13,Feet,Rest,51.70278787612915,0.6517857142857143,1.0,"(448, 64, 250)","(336, 64, 250)",123,4567,0.671875
13,Tongue,Rest,55.25004768371582,0.5870535714285714,1.0,"(448, 64, 250)","(336, 64, 250)",123,4567,0.5513392857142857
13,Mis,Rest,55.46553421020508,0.6049107142857143,1.0,"(448, 64, 250)","(336, 64, 250)",123,4567,0.5959821428571428
