participant,class1,class2,running_time,test_acc,train_acc,test_size,train_size,train_block,test_block,test_acc_vote
14,Hand,Rest,51.834495067596436,0.6830357142857143,1.0,"(448, 64, 250)","(336, 64, 250)",123,4567,0.6651785714285714
14,Feet,Rest,51.5629940032959,0.5223214285714286,1.0,"(448, 64, 250)","(336, 64, 250)",123,4567,0.5044642857142857
14,Tongue,Rest,53.192731618881226,0.546875,1.0,"(448, 64, 250)","(336, 64, 250)",123,4567,0.5558035714285714
14,Mis,Rest,54.444926023483276,0.5580357142857143,1.0,"(448, 64, 250)","(336, 64, 250)",123,4567,0.5647321428571428
