participant,class1,class2,running_time,test_acc,train_acc,test_size,train_size,train_block,test_block,test_acc_vote
3,Hand,Rest,51.67382621765137,0.5089285714285714,1.0,"(448, 64, 250)","(336, 64, 250)",123,4567,0.4977678571428571
3,Feet,Rest,51.35632610321045,0.5357142857142857,1.0,"(448, 64, 250)","(336, 64, 250)",123,4567,0.5401785714285714
3,Tongue,Rest,52.55294871330261,0.5290178571428571,1.0,"(448, 64, 250)","(336, 64, 250)",123,4567,0.5245535714285714
3,Mis,Rest,52.65135169029236,0.53125,1.0,"(448, 64, 250)","(336, 64, 250)",123,4567,0.5267857142857143
