participant,class1,class2,running_time,test_acc,train_acc,test_size,train_size,train_block,test_block,test_acc_vote
5,Hand,Rest,51.275084495544434,0.5267857142857143,1.0,"(448, 64, 250)","(336, 64, 250)",123,4567,0.5200892857142857
5,Feet,Rest,51.48413705825806,0.609375,1.0,"(448, 64, 250)","(336, 64, 250)",123,4567,0.6205357142857143
5,Tongue,Rest,52.821533203125,0.6361607142857143,1.0,"(448, 64, 250)","(336, 64, 250)",123,4567,0.6361607142857143
5,Mis,Rest,52.67033910751343,0.5,1.0,"(448, 64, 250)","(336, 64, 250)",123,4567,0.5022321428571428
