participant,class1,class2,running_time,test_acc,train_acc,test_size,train_size,train_block,test_block,test_acc_vote
9,Hand,Rest,51.80715203285217,0.6941964285714286,1.0,"(448, 64, 250)","(336, 64, 250)",123,4567,0.6964285714285714
9,Feet,Rest,51.40477180480957,0.703125,1.0,"(448, 64, 250)","(336, 64, 250)",123,4567,0.7321428571428572
9,Tongue,Rest,52.97672653198242,0.6316964285714286,1.0,"(448, 64, 250)","(336, 64, 250)",123,4567,0.671875
9,Mis,Rest,52.72297477722168,0.6875,1.0,"(448, 64, 250)","(336, 64, 250)",123,4567,0.7321428571428572
