participant,class1,class2,running_time,test_acc,train_acc,test_size,train_size,train_block,test_block,test_acc_vote
11,Hand,Rest,81.3662178516388,0.8055045871559633,1.0,"(545, 64, 1000)","(218, 64, 1000)",12,34567,0.8330275229357798
11,Feet,Rest,80.53140687942505,0.8788990825688073,1.0,"(545, 64, 1000)","(218, 64, 1000)",12,34567,0.8844036697247706
11,Tongue,Rest,81.83379316329956,0.5889908256880734,1.0,"(545, 64, 1000)","(218, 64, 1000)",12,34567,0.5889908256880734
11,Mis,Rest,82.6065137386322,0.5559633027522936,1.0,"(545, 64, 1000)","(218, 64, 1000)",12,34567,0.5669724770642202
