participant,class1,class2,running_time,test_acc,train_acc,test_size,train_size,train_block,test_block,test_acc_vote
13,Hand,Rest,81.12394285202026,0.6697247706422018,1.0,"(545, 64, 1000)","(218, 64, 1000)",12,34567,0.653211009174312
13,Feet,Rest,80.872305393219,0.7779816513761468,1.0,"(545, 64, 1000)","(218, 64, 1000)",12,34567,0.7963302752293577
13,Tongue,Rest,81.68060183525085,0.7779816513761468,1.0,"(545, 64, 1000)","(218, 64, 1000)",12,34567,0.7926605504587156
13,Mis,Rest,82.59373378753662,0.7321100917431193,1.0,"(545, 64, 1000)","(218, 64, 1000)",12,34567,0.7467889908256881
