participant,class1,class2,running_time,test_acc,train_acc,test_size,train_size,train_block,test_block,test_acc_vote
14,Hand,Rest,81.2647454738617,0.7761467889908257,1.0,"(545, 64, 1000)","(218, 64, 1000)",12,34567,0.7724770642201835
14,Feet,Rest,80.53444695472717,0.618348623853211,1.0,"(545, 64, 1000)","(218, 64, 1000)",12,34567,0.6146788990825688
14,Tongue,Rest,82.2340817451477,0.5981651376146789,1.0,"(545, 64, 1000)","(218, 64, 1000)",12,34567,0.6073394495412844
14,Mis,Rest,82.59298086166382,0.5577981651376147,1.0,"(545, 64, 1000)","(218, 64, 1000)",12,34567,0.5541284403669724
