participant,class1,class2,running_time,test_acc,train_acc,test_size,train_size,train_block,test_block,test_acc_vote
6,Hand,Rest,80.87366986274719,0.6440366972477064,1.0,"(545, 64, 1000)","(218, 64, 1000)",12,34567,0.6330275229357798
6,Feet,Rest,80.28164315223694,0.6146788990825688,1.0,"(545, 64, 1000)","(218, 64, 1000)",12,34567,0.6146788990825688
6,Tongue,Rest,82.31584429740906,0.5596330275229358,1.0,"(545, 64, 1000)","(218, 64, 1000)",12,34567,0.5577981651376147
6,Mis,Rest,80.7931170463562,0.5853211009174312,1.0,"(545, 64, 1000)","(218, 64, 1000)",12,34567,0.5908256880733944
