participant,class1,class2,running_time,test_acc,train_acc,test_size,train_size,train_block,test_block,test_acc_vote
13,Hand,Rest,23.40204071998596,0.5357142857142857,1.0,"(56, 64, 1000)","(28, 64, 1000)",1,67,0.5178571428571428
13,Feet,Rest,23.238280296325684,0.6428571428571429,1.0,"(56, 64, 1000)","(28, 64, 1000)",1,67,0.6785714285714286
13,Tongue,Rest,23.48317575454712,0.6964285714285714,1.0,"(56, 64, 1000)","(28, 64, 1000)",1,67,0.6785714285714286
13,Mis,Rest,23.51124334335327,0.625,1.0,"(56, 64, 1000)","(28, 64, 1000)",1,67,0.5892857142857143
