participant,class1,class2,running_time,test_acc,train_acc,test_size,train_size,train_block,test_block,test_acc_vote
14,Hand,Rest,23.3049213886261,0.7142857142857143,1.0,"(56, 64, 1000)","(28, 64, 1000)",1,67,0.6785714285714286
14,Feet,Rest,23.491010904312137,0.5714285714285714,1.0,"(56, 64, 1000)","(28, 64, 1000)",1,67,0.5714285714285714
14,Tongue,Rest,23.529972076416016,0.5,1.0,"(56, 64, 1000)","(28, 64, 1000)",1,67,0.4821428571428571
14,Mis,Rest,23.86443042755127,0.6607142857142857,1.0,"(56, 64, 1000)","(28, 64, 1000)",1,67,0.625
