participant,class1,class2,running_time,test_acc,train_acc,test_size,train_size,train_block,test_block,test_acc_vote
18,Hand,Rest,23.38649010658264,0.5178571428571429,1.0,"(56, 64, 1000)","(28, 64, 1000)",1,67,0.4821428571428571
18,Feet,Rest,23.242357969284058,0.5892857142857143,1.0,"(56, 64, 1000)","(28, 64, 1000)",1,67,0.5357142857142857
18,Tongue,Rest,24.134567260742188,0.75,1.0,"(56, 64, 1000)","(28, 64, 1000)",1,67,0.7142857142857143
18,Mis,Rest,24.149229049682617,0.625,1.0,"(56, 64, 1000)","(28, 64, 1000)",1,67,0.5714285714285714
