participant,class1,class2,running_time,test_acc,train_acc,test_size,train_size,train_block,test_block,test_acc_vote
19,Hand,Rest,24.038411855697632,0.7321428571428571,1.0,"(56, 64, 1000)","(28, 64, 1000)",1,67,0.7142857142857143
19,Feet,Rest,23.449147939682007,0.5892857142857143,1.0,"(56, 64, 1000)","(28, 64, 1000)",1,67,0.5535714285714286
19,Tongue,Rest,23.427886486053467,0.5535714285714286,1.0,"(56, 64, 1000)","(28, 64, 1000)",1,67,0.5535714285714286
19,Mis,Rest,23.883583068847656,0.6964285714285714,1.0,"(56, 64, 1000)","(28, 64, 1000)",1,67,0.6428571428571428
