participant,class1,class2,running_time,test_acc,train_acc,test_size,train_size,train_block,test_block,test_acc_vote
9,Hand,Rest,24.18059754371643,0.7142857142857143,1.0,"(56, 64, 1000)","(28, 64, 1000)",1,67,0.6785714285714286
9,Feet,Rest,24.015358686447144,0.8035714285714286,1.0,"(56, 64, 1000)","(28, 64, 1000)",1,67,0.8035714285714286
9,Tongue,Rest,24.087518453598022,0.5892857142857143,1.0,"(56, 64, 1000)","(28, 64, 1000)",1,67,0.5357142857142857
9,Mis,Rest,23.480695009231567,0.39285714285714285,1.0,"(56, 64, 1000)","(28, 64, 1000)",1,67,0.4464285714285714
