participant,class1,class2,running_time,test_acc,train_acc,test_size,train_size,train_block,test_block,test_acc_vote
5,Hand,Rest,70.20961308479309,0.875,1.0,"(56, 64, 1000)","(140, 64, 1000)",12345,67,0.8928571428571429
5,Feet,Rest,72.02614569664001,0.6964285714285714,1.0,"(56, 64, 1000)","(140, 64, 1000)",12345,67,0.7321428571428572
5,Tongue,Rest,67.89129066467285,0.7857142857142857,1.0,"(56, 64, 1000)","(140, 64, 1000)",12345,67,0.7678571428571428
5,Mis,Rest,68.3469455242157,0.8392857142857143,1.0,"(56, 64, 1000)","(140, 64, 1000)",12345,67,0.8571428571428572
