participant,class1,class2,running_time,test_acc,train_acc,test_size,train_size,train_block,test_block,test_acc_vote
11,Hand,Rest,35.731289863586426,0.9523809523809524,1.0,"(84, 64, 1000)","(112, 64, 1000)",1234,567,0.9523809523809524
11,Feet,Rest,35.49754786491394,0.9285714285714286,1.0,"(84, 64, 1000)","(112, 64, 1000)",1234,567,0.9166666666666666
11,Tongue,Rest,36.51463580131531,0.5833333333333334,1.0,"(84, 64, 1000)","(112, 64, 1000)",1234,567,0.5476190476190477
11,Mis,Rest,36.59997081756592,0.6190476190476191,1.0,"(84, 64, 1000)","(112, 64, 1000)",1234,567,0.5833333333333333
