participant,class1,class2,running_time,test_acc,train_acc,test_size,train_size,train_block,test_block,test_acc_vote
13,Hand,Rest,35.49950957298279,0.6666666666666666,1.0,"(84, 64, 1000)","(112, 64, 1000)",1234,567,0.6666666666666667
13,Feet,Rest,35.47811770439148,0.8571428571428571,1.0,"(84, 64, 1000)","(112, 64, 1000)",1234,567,0.8928571428571429
13,Tongue,Rest,36.43709635734558,0.8214285714285714,1.0,"(84, 64, 1000)","(112, 64, 1000)",1234,567,0.8095238095238095
13,Mis,Rest,36.4856595993042,0.7857142857142857,1.0,"(84, 64, 1000)","(112, 64, 1000)",1234,567,0.75
