participant,class1,class2,running_time,test_acc,train_acc,test_size,train_size,train_block,test_block,test_acc_vote
5,Hand,Rest,35.463186264038086,0.8214285714285714,1.0,"(84, 64, 1000)","(112, 64, 1000)",1234,567,0.8214285714285714
5,Feet,Rest,35.47304654121399,0.6785714285714286,1.0,"(84, 64, 1000)","(112, 64, 1000)",1234,567,0.6309523809523809
5,Tongue,Rest,36.653780937194824,0.7380952380952381,1.0,"(84, 64, 1000)","(112, 64, 1000)",1234,567,0.7380952380952381
5,Mis,Rest,36.50920748710632,0.7738095238095238,1.0,"(84, 64, 1000)","(112, 64, 1000)",1234,567,0.7261904761904762
