participant,class1,class2,running_time,test_acc,train_acc,test_size,train_size,train_block,test_block,test_acc_vote
7,Hand,Rest,35.61524820327759,0.8214285714285714,1.0,"(84, 64, 1000)","(112, 64, 1000)",1234,567,0.8214285714285714
7,Feet,Rest,35.453840494155884,0.7976190476190477,1.0,"(84, 64, 1000)","(112, 64, 1000)",1234,567,0.8214285714285714
7,Tongue,Rest,36.68724465370178,0.7142857142857143,1.0,"(84, 64, 1000)","(112, 64, 1000)",1234,567,0.6785714285714286
7,Mis,Rest,36.54862642288208,0.7738095238095238,1.0,"(84, 64, 1000)","(112, 64, 1000)",1234,567,0.7380952380952381
