participant,class1,class2,running_time,test_acc,train_acc,test_size,train_size,train_block,test_block,test_acc_vote
14,Hand,Rest,52.266647815704346,0.6547619047619048,1.0,"(168, 64, 1000)","(28, 64, 1000)",1,234567,0.6547619047619048
14,Feet,Rest,52.677332639694214,0.4583333333333333,1.0,"(168, 64, 1000)","(28, 64, 1000)",1,234567,0.4761904761904761
14,Tongue,Rest,54.26007080078125,0.494047619047619,1.0,"(168, 64, 1000)","(28, 64, 1000)",1,234567,0.5119047619047619
14,Mis,Rest,53.90134143829346,0.6071428571428571,1.0,"(168, 64, 1000)","(28, 64, 1000)",1,234567,0.625
