participant,class1,class2,running_time,test_acc,train_acc,test_size,train_size,train_block,test_block,test_acc_vote
10,Hand,Rest,38.26468062400818,0.5285714285714286,1.0,"(280, 64, 500)","(112, 64, 500)",12,34567,0.5178571428571428
10,Feet,Rest,38.16026830673218,0.625,1.0,"(280, 64, 500)","(112, 64, 500)",12,34567,0.6428571428571428
10,Tongue,Rest,39.39979863166809,0.575,1.0,"(280, 64, 500)","(112, 64, 500)",12,34567,0.575
10,Mis,Rest,39.49716758728027,0.6821428571428572,1.0,"(280, 64, 500)","(112, 64, 500)",12,34567,0.6678571428571429
