participant,class1,class2,running_time,test_acc,train_acc,test_size,train_size,train_block,test_block,test_acc_vote
13,Hand,Rest,38.09096884727478,0.7035714285714286,1.0,"(280, 64, 500)","(112, 64, 500)",12,34567,0.7
13,Feet,Rest,37.98428773880005,0.6857142857142857,1.0,"(280, 64, 500)","(112, 64, 500)",12,34567,0.6785714285714286
13,Tongue,Rest,39.32200646400452,0.7214285714285714,1.0,"(280, 64, 500)","(112, 64, 500)",12,34567,0.7178571428571429
13,Mis,Rest,39.35213375091553,0.6892857142857143,1.0,"(280, 64, 500)","(112, 64, 500)",12,34567,0.6857142857142857
