participant,class1,class2,running_time,test_acc,train_acc,test_size,train_size,train_block,test_block,test_acc_vote
4,Hand,Rest,37.95951437950134,0.8285714285714286,1.0,"(280, 64, 500)","(112, 64, 500)",12,34567,0.8535714285714285
4,Feet,Rest,38.150089502334595,0.6892857142857143,1.0,"(280, 64, 500)","(112, 64, 500)",12,34567,0.7107142857142856
4,Tongue,Rest,40.02095341682434,0.7428571428571429,1.0,"(280, 64, 500)","(112, 64, 500)",12,34567,0.7535714285714286
4,Mis,Rest,39.64009690284729,0.7071428571428572,1.0,"(280, 64, 500)","(112, 64, 500)",12,34567,0.7535714285714286
