participant,class1,class2,running_time,test_acc,train_acc,test_size,train_size,train_block,test_block,test_acc_vote
6,Hand,Rest,38.04444980621338,0.6714285714285714,1.0,"(280, 64, 500)","(112, 64, 500)",12,34567,0.6714285714285715
6,Feet,Rest,38.1621208190918,0.5964285714285714,1.0,"(280, 64, 500)","(112, 64, 500)",12,34567,0.6285714285714286
6,Tongue,Rest,40.06531119346619,0.5464285714285714,1.0,"(280, 64, 500)","(112, 64, 500)",12,34567,0.5464285714285715
6,Mis,Rest,39.321831464767456,0.5464285714285714,1.0,"(280, 64, 500)","(112, 64, 500)",12,34567,0.5714285714285714
