participant,class1,class2,running_time,test_acc,train_acc,test_size,train_size,train_block,test_block,test_acc_vote
7,Hand,Rest,37.72283720970154,0.65,1.0,"(280, 64, 500)","(112, 64, 500)",12,34567,0.675
7,Feet,Rest,38.19765830039978,0.6178571428571429,1.0,"(280, 64, 500)","(112, 64, 500)",12,34567,0.6214285714285714
7,Tongue,Rest,39.37766790390015,0.6642857142857143,1.0,"(280, 64, 500)","(112, 64, 500)",12,34567,0.7107142857142856
7,Mis,Rest,39.15588021278381,0.5892857142857143,1.0,"(280, 64, 500)","(112, 64, 500)",12,34567,0.5892857142857143
