participant,class1,class2,running_time,test_acc,train_acc,test_size,train_size,train_block,test_block,test_acc_vote
9,Hand,Rest,38.115819215774536,0.8107142857142857,1.0,"(280, 64, 500)","(112, 64, 500)",12,34567,0.8321428571428572
9,Feet,Rest,37.838069677352905,0.7428571428571429,1.0,"(280, 64, 500)","(112, 64, 500)",12,34567,0.7392857142857143
9,Tongue,Rest,39.47444558143616,0.5,1.0,"(280, 64, 500)","(112, 64, 500)",12,34567,0.4964285714285714
9,Mis,Rest,39.22335743904114,0.5107142857142857,1.0,"(280, 64, 500)","(112, 64, 500)",12,34567,0.48571428571428577
