participant,class1,class2,running_time,test_acc,train_acc,test_size,train_size,train_block,test_block,test_acc_vote
10,Hand,Rest,131.50185370445251,0.6307339449541285,0.9755351681957186,"(436, 64, 1000)","(327, 64, 1000)",123,4567,0.6330275229357798
10,Feet,Rest,132.13636469841003,0.6330275229357798,0.9847094801223242,"(436, 64, 1000)","(327, 64, 1000)",123,4567,0.6238532110091743
10,Tongue,Rest,132.27387976646423,0.6559633027522935,0.9480122324159022,"(436, 64, 1000)","(327, 64, 1000)",123,4567,0.6536697247706422
10,Mis,Rest,133.39205527305603,0.6444954128440367,0.9847094801223242,"(436, 64, 1000)","(327, 64, 1000)",123,4567,0.6399082568807339
