participant,class1,class2,running_time,test_acc,train_acc,test_size,train_size,train_block,test_block,test_acc_vote
4,Hand,Rest,131.2814064025879,0.8715596330275229,0.9755351681957186,"(436, 64, 1000)","(327, 64, 1000)",123,4567,0.8669724770642202
4,Feet,Rest,134.10189652442932,0.7637614678899083,0.9602446483180428,"(436, 64, 1000)","(327, 64, 1000)",123,4567,0.7614678899082569
4,Tongue,Rest,134.66043305397034,0.8004587155963303,0.9724770642201837,"(436, 64, 1000)","(327, 64, 1000)",123,4567,0.8073394495412844
4,Mis,Rest,135.00969243049622,0.6628440366972477,0.9571865443425076,"(436, 64, 1000)","(327, 64, 1000)",123,4567,0.6513761467889908
