class,test_acc,vote_acc
Hand,0.79375,0.7776785714285713
Feet,0.7455357142857142,0.7214285714285714
Tongue,0.6803571428571429,0.6508928571428572
Mis,0.7071428571428572,0.6767857142857142
