participant,class1,class2,running_time,test_acc,train_acc,test_size,train_size,train_block,test_block,test_acc_vote
11,Hand,Rest,40.63395833969116,0.8482142857142857,1.0,"(112, 64, 1000)","(84, 64, 1000)",123,4567,0.8482142857142857
11,Feet,Rest,40.32828712463379,0.9464285714285714,1.0,"(112, 64, 1000)","(84, 64, 1000)",123,4567,0.9375
11,Tongue,Rest,42.01868271827698,0.5803571428571429,1.0,"(112, 64, 1000)","(84, 64, 1000)",123,4567,0.5892857142857143
11,Mis,Rest,41.326488733291626,0.7053571428571429,1.0,"(112, 64, 1000)","(84, 64, 1000)",123,4567,0.7053571428571428
