participant,class1,class2,running_time,test_acc,train_acc,test_size,train_size,train_block,test_block,test_acc_vote
14,Hand,Rest,40.71999311447144,0.9107142857142856,1.0,"(112, 64, 1000)","(84, 64, 1000)",123,4567,0.8839285714285714
14,Feet,Rest,40.06297731399536,0.625,1.0,"(112, 64, 1000)","(84, 64, 1000)",123,4567,0.5892857142857143
14,Tongue,Rest,41.81044268608093,0.5,1.0,"(112, 64, 1000)","(84, 64, 1000)",123,4567,0.4553571428571429
14,Mis,Rest,41.49201703071594,0.7142857142857143,1.0,"(112, 64, 1000)","(84, 64, 1000)",123,4567,0.6607142857142857
