participant,class1,class2,running_time,test_acc,train_acc,test_size,train_size,train_block,test_block,test_acc_vote
5,Hand,Rest,40.62294268608093,0.7142857142857143,1.0,"(112, 64, 1000)","(84, 64, 1000)",123,4567,0.7053571428571428
5,Feet,Rest,40.163132429122925,0.5625,1.0,"(112, 64, 1000)","(84, 64, 1000)",123,4567,0.5178571428571428
5,Tongue,Rest,41.93179392814636,0.6696428571428571,1.0,"(112, 64, 1000)","(84, 64, 1000)",123,4567,0.6160714285714286
5,Mis,Rest,41.65234875679016,0.5357142857142857,1.0,"(112, 64, 1000)","(84, 64, 1000)",123,4567,0.5178571428571428
