participant,class1,class2,running_time,test_acc,train_acc,test_size,train_size,train_block,test_block,test_acc_vote
7,Hand,Rest,40.69859480857849,0.8482142857142857,1.0,"(112, 64, 1000)","(84, 64, 1000)",123,4567,0.8392857142857143
7,Feet,Rest,39.92257022857666,0.8035714285714286,1.0,"(112, 64, 1000)","(84, 64, 1000)",123,4567,0.8214285714285714
7,Tongue,Rest,41.78567361831665,0.7589285714285714,1.0,"(112, 64, 1000)","(84, 64, 1000)",123,4567,0.7410714285714286
7,Mis,Rest,41.51001238822937,0.6428571428571429,1.0,"(112, 64, 1000)","(84, 64, 1000)",123,4567,0.5625
