participant,class1,class2,running_time,test_acc,train_acc,test_size,train_size,train_block,test_block,test_acc_vote
9,Hand,Rest,40.83656811714173,0.875,1.0,"(112, 64, 1000)","(84, 64, 1000)",123,4567,0.8660714285714286
9,Feet,Rest,40.37812924385071,0.9553571428571428,1.0,"(112, 64, 1000)","(84, 64, 1000)",123,4567,0.9375
9,Tongue,Rest,41.97224998474121,0.6785714285714286,1.0,"(112, 64, 1000)","(84, 64, 1000)",123,4567,0.625
9,Mis,Rest,41.45043611526489,0.75,1.0,"(112, 64, 1000)","(84, 64, 1000)",123,4567,0.7678571428571428
