participant,class1,class2,running_time,test_acc,train_acc,test_size,train_size,train_block,test_block,test_acc_vote
11,Hand,Rest,54.28144574165344,0.7946428571428571,1.0,"(112, 64, 1000)","(84, 64, 1000)",123,4567,0.7678571428571428
11,Feet,Rest,54.06554913520813,0.9285714285714286,1.0,"(112, 64, 1000)","(84, 64, 1000)",123,4567,0.9196428571428572
11,Tongue,Rest,55.23687505722046,0.7678571428571429,1.0,"(112, 64, 1000)","(84, 64, 1000)",123,4567,0.75
11,Mis,Rest,55.786861419677734,0.7321428571428571,1.0,"(112, 64, 1000)","(84, 64, 1000)",123,4567,0.6875
