participant,class1,class2,running_time,test_acc,train_acc,test_size,train_size,train_block,test_block,test_acc_vote
14,Hand,Rest,55.27051901817322,0.8660714285714286,1.0,"(112, 64, 1000)","(84, 64, 1000)",123,4567,0.8303571428571428
14,Feet,Rest,55.41554617881775,0.6071428571428571,0.988095238095238,"(112, 64, 1000)","(84, 64, 1000)",123,4567,0.5714285714285714
14,Tongue,Rest,55.51991844177246,0.5357142857142857,1.0,"(112, 64, 1000)","(84, 64, 1000)",123,4567,0.5
14,Mis,Rest,56.023930072784424,0.7589285714285714,1.0,"(112, 64, 1000)","(84, 64, 1000)",123,4567,0.7767857142857143
