participant,class1,class2,running_time,test_acc,train_acc,test_size,train_size,train_block,test_block,test_acc_vote
3,Hand,Rest,54.22530961036682,0.6875,1.0,"(112, 64, 1000)","(84, 64, 1000)",123,4567,0.6517857142857143
3,Feet,Rest,54.95712256431579,0.5625,0.988095238095238,"(112, 64, 1000)","(84, 64, 1000)",123,4567,0.5267857142857143
3,Tongue,Rest,55.276333808898926,0.6607142857142857,0.9761904761904762,"(112, 64, 1000)","(84, 64, 1000)",123,4567,0.5714285714285714
3,Mis,Rest,57.08069586753845,0.7946428571428571,0.9880952380952381,"(112, 64, 1000)","(84, 64, 1000)",123,4567,0.7589285714285714
