participant,class1,class2,running_time,test_acc,train_acc,test_size,train_size,train_block,test_block,test_acc_vote
7,Hand,Rest,54.18481087684631,0.8125,0.988095238095238,"(112, 64, 1000)","(84, 64, 1000)",123,4567,0.8035714285714286
7,Feet,Rest,54.66575288772583,0.7053571428571429,0.988095238095238,"(112, 64, 1000)","(84, 64, 1000)",123,4567,0.6964285714285714
7,Tongue,Rest,55.709208250045776,0.7232142857142857,1.0,"(112, 64, 1000)","(84, 64, 1000)",123,4567,0.6785714285714286
7,Mis,Rest,55.77175521850586,0.6607142857142857,1.0,"(112, 64, 1000)","(84, 64, 1000)",123,4567,0.6607142857142857
