participant,class1,class2,running_time,test_acc,train_acc,test_size,train_size,train_block,test_block,test_acc_vote
3,Hand,Rest,58.436875343322754,0.8928571428571429,0.9928571428571428,"(56, 64, 1000)","(140, 64, 1000)",12345,67,0.8928571428571429
3,Feet,Rest,58.67295861244202,0.6964285714285714,1.0,"(56, 64, 1000)","(140, 64, 1000)",12345,67,0.7321428571428572
3,Tongue,Rest,60.18706750869751,0.75,1.0,"(56, 64, 1000)","(140, 64, 1000)",12345,67,0.7142857142857143
3,Mis,Rest,61.42808985710144,0.8928571428571429,1.0,"(56, 64, 1000)","(140, 64, 1000)",12345,67,0.875
