participant,class1,class2,running_time,test_acc,train_acc,test_size,train_size,train_block,test_block,test_acc_vote
11,Hand,Rest,91.43722772598268,0.8470948012232415,1.0,"(327, 64, 1000)","(436, 64, 1000)",1234,567,0.8685015290519877
11,Feet,Rest,90.43020725250244,0.8532110091743119,1.0,"(327, 64, 1000)","(436, 64, 1000)",1234,567,0.8746177370030581
11,Tongue,Rest,91.75805187225342,0.6880733944954128,1.0,"(327, 64, 1000)","(436, 64, 1000)",1234,567,0.672782874617737
11,Mis,Rest,91.33879113197327,0.7003058103975535,1.0,"(327, 64, 1000)","(436, 64, 1000)",1234,567,0.7064220183486238
