participant,class1,class2,running_time,test_acc,train_acc,test_size,train_size,train_block,test_block,test_acc_vote
6,Hand,Rest,90.95997142791748,0.6819571865443425,1.0,"(327, 64, 1000)","(436, 64, 1000)",1234,567,0.6850152905198776
6,Feet,Rest,90.35679030418396,0.6850152905198776,1.0,"(327, 64, 1000)","(436, 64, 1000)",1234,567,0.7064220183486238
6,Tongue,Rest,91.54213643074036,0.746177370030581,1.0,"(327, 64, 1000)","(436, 64, 1000)",1234,567,0.764525993883792
6,Mis,Rest,92.28000712394714,0.6422018348623854,1.0,"(327, 64, 1000)","(436, 64, 1000)",1234,567,0.6636085626911314
