participant,class1,class2,running_time,test_acc,train_acc,test_size,train_size,train_block,test_block,test_acc_vote
11,Hand,Rest,99.10803318023682,0.8440366972477065,0.9724770642201837,"(218, 64, 1000)","(327, 64, 1000)",123,67,0.8394495412844036
11,Feet,Rest,98.4509391784668,0.8715596330275229,0.9510703363914372,"(218, 64, 1000)","(327, 64, 1000)",123,67,0.8715596330275229
11,Tongue,Rest,99.0167064666748,0.6284403669724771,0.981651376146789,"(218, 64, 1000)","(327, 64, 1000)",123,67,0.6330275229357798
11,Mis,Rest,97.79062294960022,0.7522935779816514,0.9755351681957186,"(218, 64, 1000)","(327, 64, 1000)",123,67,0.7477064220183487
