participant,class1,class2,running_time,test_acc,train_acc,test_size,train_size,train_block,test_block,test_acc_vote
13,Hand,Rest,98.32046842575072,0.6055045871559633,0.9296636085626911,"(218, 64, 1000)","(327, 64, 1000)",123,67,0.6009174311926606
13,Feet,Rest,99.37751841545104,0.7614678899082569,0.9571865443425076,"(218, 64, 1000)","(327, 64, 1000)",123,67,0.7614678899082569
13,Tongue,Rest,99.38147568702698,0.7110091743119266,0.9571865443425076,"(218, 64, 1000)","(327, 64, 1000)",123,67,0.7339449541284404
13,Mis,Rest,97.93103909492493,0.6605504587155964,0.9235474006116208,"(218, 64, 1000)","(327, 64, 1000)",123,67,0.6651376146788991
