participant,class1,class2,running_time,test_acc,train_acc,test_size,train_size,train_block,test_block,test_acc_vote
18,Hand,Rest,99.81172752380373,0.7247706422018348,0.9602446483180428,"(218, 64, 1000)","(327, 64, 1000)",123,67,0.7247706422018348
18,Feet,Rest,98.0990993976593,0.6926605504587156,0.9602446483180428,"(218, 64, 1000)","(327, 64, 1000)",123,67,0.7064220183486238
18,Tongue,Rest,97.84672164916992,0.8256880733944955,0.9602446483180428,"(218, 64, 1000)","(327, 64, 1000)",123,67,0.8302752293577982
18,Mis,Rest,98.5319173336029,0.7660550458715596,0.9663608562691132,"(218, 64, 1000)","(327, 64, 1000)",123,67,0.7614678899082569
