participant,class1,class2,running_time,test_acc,train_acc,test_size,train_size,train_block,test_block,test_acc_vote
19,Hand,Rest,98.38721942901611,0.8623853211009175,0.926605504587156,"(218, 64, 1000)","(327, 64, 1000)",123,67,0.8669724770642202
19,Feet,Rest,98.21944403648376,0.6100917431192661,0.9694189602446484,"(218, 64, 1000)","(327, 64, 1000)",123,67,0.6009174311926606
19,Tongue,Rest,99.40104460716248,0.7293577981651376,0.9663608562691132,"(218, 64, 1000)","(327, 64, 1000)",123,67,0.7385321100917431
19,Mis,Rest,98.86861085891724,0.6743119266055045,0.9480122324159022,"(218, 64, 1000)","(327, 64, 1000)",123,67,0.6880733944954128
