participant,class1,class2,running_time,test_acc,train_acc,test_size,train_size,train_block,test_block,test_acc_vote
7,Hand,Rest,97.8409686088562,0.7706422018348624,0.9755351681957186,"(218, 64, 1000)","(327, 64, 1000)",123,67,0.7660550458715596
7,Feet,Rest,97.67748737335204,0.8073394495412844,0.963302752293578,"(218, 64, 1000)","(327, 64, 1000)",123,67,0.8211009174311926
7,Tongue,Rest,99.70159363746644,0.7247706422018348,0.9785932721712538,"(218, 64, 1000)","(327, 64, 1000)",123,67,0.7522935779816513
7,Mis,Rest,98.69632005691528,0.7110091743119266,0.9571865443425076,"(218, 64, 1000)","(327, 64, 1000)",123,67,0.7110091743119267
