participant,class1,class2,running_time,test_acc,train_acc,test_size,train_size,train_block,test_block,test_acc_vote
11,Hand,Rest,36.71092987060547,0.5495495495495496,1.0,"(222, 64, 500)","(111, 64, 500)",1,67,0.5405405405405406
11,Feet,Rest,37.13859558105469,0.4414414414414414,1.0,"(222, 64, 500)","(111, 64, 500)",1,67,0.3918918918918919
11,Tongue,Rest,37.79045057296753,0.5855855855855856,1.0,"(222, 64, 500)","(111, 64, 500)",1,67,0.5765765765765766
11,Mis,Rest,37.787874698638916,0.536036036036036,1.0,"(222, 64, 500)","(111, 64, 500)",1,67,0.5675675675675675
