participant,class1,class2,running_time,test_acc,train_acc,test_size,train_size,train_block,test_block,test_acc_vote
3,Hand,Rest,37.479477643966675,0.4774774774774775,1.0,"(222, 64, 500)","(111, 64, 500)",1,67,0.4909909909909909
3,Feet,Rest,37.50822329521179,0.509009009009009,1.0,"(222, 64, 500)","(111, 64, 500)",1,67,0.509009009009009
3,Tongue,Rest,36.16480469703674,0.509009009009009,1.0,"(222, 64, 500)","(111, 64, 500)",1,67,0.4909909909909909
3,Mis,Rest,36.68109345436096,0.5,1.0,"(222, 64, 500)","(111, 64, 500)",1,67,0.4864864864864865
