participant,class1,class2,running_time,test_acc,train_acc,test_size,train_size,train_block,test_block,test_acc_vote
4,Hand,Rest,36.95123624801636,0.5765765765765766,1.0,"(222, 64, 500)","(111, 64, 500)",1,67,0.5810810810810811
4,Feet,Rest,37.96418571472168,0.581081081081081,1.0,"(222, 64, 500)","(111, 64, 500)",1,67,0.5990990990990991
4,Tongue,Rest,37.12908434867859,0.481981981981982,1.0,"(222, 64, 500)","(111, 64, 500)",1,67,0.463963963963964
4,Mis,Rest,37.36941051483154,0.5,1.0,"(222, 64, 500)","(111, 64, 500)",1,67,0.5
