participant,class1,class2,running_time,test_acc,train_acc,test_size,train_size,train_block,test_block,test_acc_vote
7,Hand,Rest,37.130820751190186,0.5495495495495496,1.0,"(222, 64, 500)","(111, 64, 500)",1,67,0.5540540540540541
7,Feet,Rest,38.42610311508179,0.5135135135135135,1.0,"(222, 64, 500)","(111, 64, 500)",1,67,0.509009009009009
7,Tongue,Rest,37.88274097442627,0.5990990990990991,1.0,"(222, 64, 500)","(111, 64, 500)",1,67,0.6396396396396397
7,Mis,Rest,37.76894402503967,0.545045045045045,1.0,"(222, 64, 500)","(111, 64, 500)",1,67,0.5540540540540541
