participant,class1,class2,running_time,test_acc,train_acc,test_size,train_size,train_block,test_block,test_acc_vote
13,Hand,Rest,38.01800990104675,0.7261904761904762,1.0,"(84, 64, 1000)","(112, 64, 1000)",1234,567,0.6785714285714286
13,Feet,Rest,44.226117849349976,0.8571428571428571,1.0,"(84, 64, 1000)","(112, 64, 1000)",1234,567,0.8452380952380952
13,Tongue,Rest,43.23967099189758,0.7738095238095238,1.0,"(84, 64, 1000)","(112, 64, 1000)",1234,567,0.6785714285714286
13,Mis,Rest,44.206191062927246,0.7976190476190477,1.0,"(84, 64, 1000)","(112, 64, 1000)",1234,567,0.7619047619047619
