participant,class1,class2,running_time,test_acc,train_acc,test_size,train_size,train_block,test_block,test_acc_vote
14,Hand,Rest,41.77295970916748,0.8452380952380952,1.0,"(84, 64, 1000)","(112, 64, 1000)",1234,567,0.7619047619047619
14,Feet,Rest,40.35880970954895,0.7857142857142857,1.0,"(84, 64, 1000)","(112, 64, 1000)",1234,567,0.7976190476190477
14,Tongue,Rest,40.69437861442566,0.6904761904761905,1.0,"(84, 64, 1000)","(112, 64, 1000)",1234,567,0.5952380952380952
14,Mis,Rest,40.22643518447876,0.5595238095238095,1.0,"(84, 64, 1000)","(112, 64, 1000)",1234,567,0.5357142857142857
