participant,class1,class2,running_time,test_acc,train_acc,test_size,train_size,train_block,test_block,test_acc_vote
3,Hand,Rest,38.83235764503479,0.7976190476190477,1.0,"(84, 64, 1000)","(112, 64, 1000)",1234,567,0.7619047619047619
3,Feet,Rest,38.742000341415405,0.5952380952380952,1.0,"(84, 64, 1000)","(112, 64, 1000)",1234,567,0.6071428571428572
3,Tongue,Rest,39.7406120300293,0.7380952380952381,1.0,"(84, 64, 1000)","(112, 64, 1000)",1234,567,0.6785714285714286
3,Mis,Rest,39.87144422531128,0.8452380952380952,1.0,"(84, 64, 1000)","(112, 64, 1000)",1234,567,0.7976190476190477
