participant,class1,class2,running_time,test_acc,train_acc,test_size,train_size,train_block,test_block,test_acc_vote
5,Hand,Rest,38.8675434589386,0.7857142857142857,1.0,"(84, 64, 1000)","(112, 64, 1000)",1234,567,0.7738095238095238
5,Feet,Rest,37.784827709198,0.7261904761904762,1.0,"(84, 64, 1000)","(112, 64, 1000)",1234,567,0.6666666666666667
5,Tongue,Rest,40.84757089614868,0.7738095238095238,1.0,"(84, 64, 1000)","(112, 64, 1000)",1234,567,0.7619047619047619
5,Mis,Rest,38.473917722702026,0.6904761904761905,1.0,"(84, 64, 1000)","(112, 64, 1000)",1234,567,0.6547619047619048
