participant,class1,class2,running_time,test_acc,train_acc,test_size,train_size,train_block,test_block,test_acc_vote
7,Hand,Rest,37.65485954284668,0.8214285714285714,1.0,"(84, 64, 1000)","(112, 64, 1000)",1234,567,0.8095238095238095
7,Feet,Rest,38.11425995826721,0.8333333333333334,1.0,"(84, 64, 1000)","(112, 64, 1000)",1234,567,0.8809523809523809
7,Tongue,Rest,38.625314474105835,0.6904761904761905,1.0,"(84, 64, 1000)","(112, 64, 1000)",1234,567,0.7380952380952381
7,Mis,Rest,38.51966881752014,0.5833333333333334,1.0,"(84, 64, 1000)","(112, 64, 1000)",1234,567,0.5595238095238095
