class,test_acc,vote_acc
Hand,0.7633928571428572,0.7419642857142856
Feet,0.7375,0.7196428571428573
Tongue,0.7267857142857144,0.7071428571428571
Mis,0.6857142857142857,0.6544642857142857
