participant,class1,class2,running_time,test_acc,train_acc,test_size,train_size,train_block,test_block,test_acc_vote
13,Hand,Rest,78.59656763076782,0.7142857142857143,1.0,"(112, 64, 1000)","(84, 64, 1000)",123,4567,0.6696428571428572
13,Feet,Rest,79.3836407661438,0.8214285714285714,1.0,"(112, 64, 1000)","(84, 64, 1000)",123,4567,0.8125
13,Tongue,Rest,76.86125302314758,0.8482142857142857,1.0,"(112, 64, 1000)","(84, 64, 1000)",123,4567,0.8303571428571428
13,Mis,Rest,77.88563704490662,0.7589285714285714,1.0,"(112, 64, 1000)","(84, 64, 1000)",123,4567,0.7142857142857143
