participant,class1,class2,running_time,test_acc,train_acc,test_size,train_size,train_block,test_block,test_acc_vote
14,Hand,Rest,74.88235664367676,0.875,1.0,"(112, 64, 1000)","(84, 64, 1000)",123,4567,0.8303571428571428
14,Feet,Rest,78.91763019561768,0.5892857142857143,1.0,"(112, 64, 1000)","(84, 64, 1000)",123,4567,0.5625
14,Tongue,Rest,82.7817873954773,0.6160714285714286,1.0,"(112, 64, 1000)","(84, 64, 1000)",123,4567,0.5982142857142857
14,Mis,Rest,71.48186826705933,0.6071428571428571,1.0,"(112, 64, 1000)","(84, 64, 1000)",123,4567,0.5446428571428572
