participant,class1,class2,running_time,test_acc,train_acc,test_size,train_size,train_block,test_block,test_acc_vote
3,Hand,Rest,69.80538439750671,0.75,1.0,"(112, 64, 1000)","(84, 64, 1000)",123,4567,0.6875
3,Feet,Rest,76.0495285987854,0.5267857142857143,1.0,"(112, 64, 1000)","(84, 64, 1000)",123,4567,0.5267857142857143
3,Tongue,Rest,78.71728920936584,0.7946428571428571,1.0,"(112, 64, 1000)","(84, 64, 1000)",123,4567,0.75
3,Mis,Rest,77.63233685493469,0.7857142857142857,1.0,"(112, 64, 1000)","(84, 64, 1000)",123,4567,0.7321428571428572
