participant,class1,class2,running_time,test_acc,train_acc,test_size,train_size,train_block,test_block,test_acc_vote
4,Hand,Rest,78.7506959438324,0.9196428571428572,1.0,"(112, 64, 1000)","(84, 64, 1000)",123,4567,0.9196428571428572
4,Feet,Rest,78.99917316436768,0.7678571428571429,1.0,"(112, 64, 1000)","(84, 64, 1000)",123,4567,0.7232142857142857
4,Tongue,Rest,80.55537939071655,0.8125,1.0,"(112, 64, 1000)","(84, 64, 1000)",123,4567,0.7589285714285714
4,Mis,Rest,82.92024564743042,0.7678571428571429,1.0,"(112, 64, 1000)","(84, 64, 1000)",123,4567,0.7410714285714286
