participant,class1,class2,running_time,test_acc,train_acc,test_size,train_size,train_block,test_block,test_acc_vote
5,Hand,Rest,80.10377502441406,0.6964285714285714,1.0,"(112, 64, 1000)","(84, 64, 1000)",123,4567,0.6875
5,Feet,Rest,76.93345546722412,0.625,1.0,"(112, 64, 1000)","(84, 64, 1000)",123,4567,0.5446428571428572
5,Tongue,Rest,60.599605560302734,0.7232142857142857,1.0,"(112, 64, 1000)","(84, 64, 1000)",123,4567,0.6875
5,Mis,Rest,55.806596517562866,0.5535714285714286,1.0,"(112, 64, 1000)","(84, 64, 1000)",123,4567,0.5267857142857143
