participant,class1,class2,running_time,test_acc,train_acc,test_size,train_size,train_block,test_block,test_acc_vote
6,Hand,Rest,52.90341401100159,0.5982142857142857,1.0,"(112, 64, 1000)","(84, 64, 1000)",123,4567,0.5535714285714286
6,Feet,Rest,52.68141031265259,0.7678571428571429,1.0,"(112, 64, 1000)","(84, 64, 1000)",123,4567,0.7321428571428572
6,Tongue,Rest,58.31023335456848,0.75,1.0,"(112, 64, 1000)","(84, 64, 1000)",123,4567,0.7142857142857143
6,Mis,Rest,54.79806423187256,0.5714285714285714,1.0,"(112, 64, 1000)","(84, 64, 1000)",123,4567,0.5446428571428572
