participant,class1,class2,running_time,test_acc,train_acc,test_size,train_size,train_block,test_block,test_acc_vote
7,Hand,Rest,52.33744382858277,0.7589285714285714,1.0,"(112, 64, 1000)","(84, 64, 1000)",123,4567,0.7321428571428572
7,Feet,Rest,57.028979778289795,0.8214285714285714,1.0,"(112, 64, 1000)","(84, 64, 1000)",123,4567,0.8660714285714286
7,Tongue,Rest,76.31959104537964,0.6964285714285714,1.0,"(112, 64, 1000)","(84, 64, 1000)",123,4567,0.7053571428571428
7,Mis,Rest,77.33540868759155,0.5982142857142857,1.0,"(112, 64, 1000)","(84, 64, 1000)",123,4567,0.6160714285714286
