participant,class1,class2,running_time,test_acc,train_acc,test_size,train_size,train_block,test_block,test_acc_vote
9,Hand,Rest,77.93639302253723,0.8571428571428571,1.0,"(112, 64, 1000)","(84, 64, 1000)",123,4567,0.8482142857142857
9,Feet,Rest,78.22011256217957,0.9017857142857144,1.0,"(112, 64, 1000)","(84, 64, 1000)",123,4567,0.9017857142857144
9,Tongue,Rest,79.56432151794434,0.6785714285714286,1.0,"(112, 64, 1000)","(84, 64, 1000)",123,4567,0.6964285714285714
9,Mis,Rest,80.56008172035217,0.7053571428571429,1.0,"(112, 64, 1000)","(84, 64, 1000)",123,4567,0.6785714285714286
