participant,class1,class2,running_time,test_acc,train_acc,test_size,train_size,train_block,test_block,test_acc_vote
14,Hand,Rest,31.726603984832764,0.7857142857142857,1.0,"(56, 64, 1000)","(56, 64, 1000)",12,67,0.7321428571428572
14,Feet,Rest,31.35342526435852,0.6785714285714286,1.0,"(56, 64, 1000)","(56, 64, 1000)",12,67,0.6428571428571428
14,Tongue,Rest,31.26094675064087,0.625,1.0,"(56, 64, 1000)","(56, 64, 1000)",12,67,0.5892857142857143
14,Mis,Rest,32.750893115997314,0.5357142857142857,1.0,"(56, 64, 1000)","(56, 64, 1000)",12,67,0.5357142857142857
