participant,class1,class2,running_time,test_acc,train_acc,test_size,train_size,train_block,test_block,test_acc_vote
18,Hand,Rest,31.34224557876587,0.4821428571428571,1.0,"(56, 64, 1000)","(56, 64, 1000)",12,67,0.4821428571428571
18,Feet,Rest,32.171759843826294,0.5892857142857143,1.0,"(56, 64, 1000)","(56, 64, 1000)",12,67,0.5357142857142857
18,Tongue,Rest,31.6016948223114,0.7857142857142857,1.0,"(56, 64, 1000)","(56, 64, 1000)",12,67,0.7321428571428572
18,Mis,Rest,31.10476040840149,0.7678571428571429,1.0,"(56, 64, 1000)","(56, 64, 1000)",12,67,0.7678571428571428
