participant,class1,class2,running_time,test_acc,train_acc,test_size,train_size,train_block,test_block,test_acc_vote
9,Hand,Rest,31.226980209350582,0.8928571428571429,0.9821428571428572,"(56, 64, 1000)","(56, 64, 1000)",12,67,0.8571428571428572
9,Feet,Rest,31.997350215911865,0.875,1.0,"(56, 64, 1000)","(56, 64, 1000)",12,67,0.8214285714285714
9,Tongue,Rest,31.8676917552948,0.5357142857142857,1.0,"(56, 64, 1000)","(56, 64, 1000)",12,67,0.5
9,Mis,Rest,31.35891604423523,0.5892857142857143,1.0,"(56, 64, 1000)","(56, 64, 1000)",12,67,0.5357142857142857
