participant,class1,class2,running_time,test_acc,train_acc,test_size,train_size,train_block,test_block,test_acc_vote
10,Hand,Rest,69.57305097579956,0.6875,0.9964285714285714,"(112, 64, 500)","(280, 64, 500)",12345,67,0.7053571428571428
10,Feet,Rest,68.65388679504395,0.625,0.9964285714285714,"(112, 64, 500)","(280, 64, 500)",12345,67,0.5714285714285714
10,Tongue,Rest,67.76463031768799,0.6160714285714286,1.0,"(112, 64, 500)","(280, 64, 500)",12345,67,0.7142857142857143
10,Mis,Rest,68.79308032989502,0.8839285714285714,0.9821428571428571,"(112, 64, 500)","(280, 64, 500)",12345,67,0.9107142857142857
