participant,class1,class2,running_time,test_acc,train_acc,test_size,train_size,train_block,test_block,test_acc_vote
16,Hand,Rest,101.48727297782898,0.6486486486486487,1.0,"(222, 64, 500)","(555, 64, 500)",12345,67,0.6486486486486487
16,Feet,Rest,100.17383122444151,0.5990990990990991,1.0,"(222, 64, 500)","(555, 64, 500)",12345,67,0.6351351351351351
16,Tongue,Rest,101.2909095287323,0.7792792792792793,1.0,"(222, 64, 500)","(555, 64, 500)",12345,67,0.8198198198198199
16,Mis,Rest,100.59133863449097,0.7927927927927928,1.0,"(222, 64, 500)","(555, 64, 500)",12345,67,0.8063063063063063
