participant,class1,class2,running_time,test_acc,train_acc,test_size,train_size,train_block,test_block,test_acc_vote
5,Hand,Rest,99.9831976890564,0.7207207207207207,1.0,"(222, 64, 500)","(555, 64, 500)",12345,67,0.7342342342342343
5,Feet,Rest,99.90503549575806,0.6351351351351351,1.0,"(222, 64, 500)","(555, 64, 500)",12345,67,0.6351351351351351
5,Tongue,Rest,101.49523210525513,0.7072072072072072,1.0,"(222, 64, 500)","(555, 64, 500)",12345,67,0.7342342342342343
5,Mis,Rest,101.13294672966003,0.7252252252252253,1.0,"(222, 64, 500)","(555, 64, 500)",12345,67,0.7522522522522522
