participant,class1,class2,running_time,test_acc,train_acc,test_size,train_size,train_block,test_block,test_acc_vote
9,Hand,Rest,101.2614288330078,0.8288288288288288,1.0,"(222, 64, 500)","(555, 64, 500)",12345,67,0.8693693693693694
9,Feet,Rest,101.66634702682497,0.8603603603603603,1.0,"(222, 64, 500)","(555, 64, 500)",12345,67,0.8963963963963963
9,Tongue,Rest,100.07993507385254,0.7207207207207207,1.0,"(222, 64, 500)","(555, 64, 500)",12345,67,0.7252252252252251
9,Mis,Rest,100.17382001876831,0.7522522522522522,1.0,"(222, 64, 500)","(555, 64, 500)",12345,67,0.7792792792792793
