participant,class1,class2,running_time,test_acc,train_acc,test_size,train_size,train_block,test_block,test_acc_vote
11,Hand,Rest,116.42347264289856,0.8128440366972477,0.981651376146789,"(545, 64, 1000)","(218, 64, 1000)",12,34567,0.8256880733944953
11,Feet,Rest,118.34010195732117,0.7926605504587156,0.9908256880733946,"(545, 64, 1000)","(218, 64, 1000)",12,34567,0.7944954128440367
11,Tongue,Rest,118.969886302948,0.5926605504587156,1.0,"(545, 64, 1000)","(218, 64, 1000)",12,34567,0.5926605504587156
11,Mis,Rest,117.91073083877563,0.5981651376146789,0.9862385321100917,"(545, 64, 1000)","(218, 64, 1000)",12,34567,0.5853211009174312
