participant,class1,class2,running_time,test_acc,train_acc,test_size,train_size,train_block,test_block,test_acc_vote
6,Hand,Rest,115.1338038444519,0.6091743119266055,0.9724770642201837,"(545, 64, 1000)","(218, 64, 1000)",12,34567,0.6073394495412844
6,Feet,Rest,116.2222912311554,0.6477064220183486,0.9678899082568808,"(545, 64, 1000)","(218, 64, 1000)",12,34567,0.6477064220183486
6,Tongue,Rest,121.377370595932,0.6587155963302752,0.9495412844036696,"(545, 64, 1000)","(218, 64, 1000)",12,34567,0.6642201834862385
6,Mis,Rest,119.53451752662659,0.5339449541284403,0.981651376146789,"(545, 64, 1000)","(218, 64, 1000)",12,34567,0.5339449541284403
