participant,class1,class2,running_time,test_acc,train_acc,test_size,train_size,train_block,test_block,test_acc_vote
7,Hand,Rest,114.53462791442873,0.7247706422018348,0.9908256880733946,"(545, 64, 1000)","(218, 64, 1000)",12,34567,0.7394495412844037
7,Feet,Rest,114.72515392303468,0.636697247706422,0.9954128440366972,"(545, 64, 1000)","(218, 64, 1000)",12,34567,0.6403669724770642
7,Tongue,Rest,117.48299098014832,0.6623853211009174,0.9954128440366972,"(545, 64, 1000)","(218, 64, 1000)",12,34567,0.6660550458715596
7,Mis,Rest,117.36645436286926,0.6605504587155964,0.9724770642201835,"(545, 64, 1000)","(218, 64, 1000)",12,34567,0.6807339449541284
