participant,class1,class2,running_time,test_acc,train_acc,test_size,train_size,train_block,test_block,test_acc_vote
10,Hand,Rest,35.975757360458374,0.6517857142857143,1.0,"(112, 64, 1000)","(84, 64, 1000)",123,4567,0.6517857142857143
10,Feet,Rest,36.37282466888428,0.7321428571428571,1.0,"(112, 64, 1000)","(84, 64, 1000)",123,4567,0.6964285714285714
10,Tongue,Rest,36.950082540512085,0.6964285714285714,0.988095238095238,"(112, 64, 1000)","(84, 64, 1000)",123,4567,0.6517857142857143
10,Mis,Rest,37.28458762168884,0.6875,1.0,"(112, 64, 1000)","(84, 64, 1000)",123,4567,0.6696428571428572
