participant,class1,class2,running_time,test_acc,train_acc,test_size,train_size,train_block,test_block,test_acc_vote
6,Hand,Rest,36.34163665771485,0.5535714285714286,1.0,"(112, 64, 1000)","(84, 64, 1000)",123,4567,0.5
6,Feet,Rest,36.39978218078613,0.7589285714285714,1.0,"(112, 64, 1000)","(84, 64, 1000)",123,4567,0.7589285714285714
6,Tongue,Rest,37.77771735191345,0.6875,1.0,"(112, 64, 1000)","(84, 64, 1000)",123,4567,0.6696428571428572
6,Mis,Rest,37.571364402770996,0.6339285714285714,0.9880952380952381,"(112, 64, 1000)","(84, 64, 1000)",123,4567,0.6339285714285714
