participant,class1,class2,running_time,test_acc,train_acc,test_size,train_size,train_block,test_block,test_acc_vote
7,Hand,Rest,62.73586678504944,0.7321428571428571,1.0,"(56, 64, 1000)","(140, 64, 1000)",12345,67,0.75
7,Feet,Rest,62.59943866729736,0.8928571428571429,1.0,"(56, 64, 1000)","(140, 64, 1000)",12345,67,0.9107142857142856
7,Tongue,Rest,64.37630105018616,0.6785714285714286,1.0,"(56, 64, 1000)","(140, 64, 1000)",12345,67,0.6428571428571428
7,Mis,Rest,64.88547110557556,0.7142857142857143,1.0,"(56, 64, 1000)","(140, 64, 1000)",12345,67,0.75
