participant,class1,class2,running_time,test_acc,train_acc,test_size,train_size,train_block,test_block,test_acc_vote
14,Hand,Rest,40.648640871047974,0.9285714285714286,1.0,"(56, 64, 1000)","(140, 64, 1000)",12345,67,0.8928571428571429
14,Feet,Rest,40.037954807281494,0.8214285714285714,1.0,"(56, 64, 1000)","(140, 64, 1000)",12345,67,0.7678571428571428
14,Tongue,Rest,41.33419704437256,0.75,1.0,"(56, 64, 1000)","(140, 64, 1000)",12345,67,0.75
14,Mis,Rest,41.26503944396973,0.75,1.0,"(56, 64, 1000)","(140, 64, 1000)",12345,67,0.75
