participant,class1,class2,running_time,test_acc,train_acc,test_size,train_size,train_block,test_block,test_acc_vote
10,Hand,Rest,61.89976167678833,0.6696428571428571,1.0,"(224, 64, 250)","(336, 64, 250)",123,67,0.6919642857142857
10,Feet,Rest,62.6316659450531,0.6294642857142857,1.0,"(224, 64, 250)","(336, 64, 250)",123,67,0.6517857142857143
10,Tongue,Rest,61.6938374042511,0.6473214285714286,1.0,"(224, 64, 250)","(336, 64, 250)",123,67,0.6875
10,Mis,Rest,61.62888813018799,0.6294642857142857,1.0,"(224, 64, 250)","(336, 64, 250)",123,67,0.6071428571428572
