participant,class1,class2,running_time,test_acc,train_acc,test_size,train_size,train_block,test_block,test_acc_vote
14,Hand,Rest,62.9446804523468,0.7678571428571429,1.0,"(224, 64, 250)","(336, 64, 250)",123,67,0.7723214285714286
14,Feet,Rest,62.1168258190155,0.6071428571428571,1.0,"(224, 64, 250)","(336, 64, 250)",123,67,0.5892857142857143
14,Tongue,Rest,62.07582640647888,0.5580357142857143,1.0,"(224, 64, 250)","(336, 64, 250)",123,67,0.5625
14,Mis,Rest,62.365241289138794,0.6339285714285714,1.0,"(224, 64, 250)","(336, 64, 250)",123,67,0.6428571428571428
