participant,class1,class2,running_time,test_acc,train_acc,test_size,train_size,train_block,test_block,test_acc_vote
15,Hand,Rest,62.60357642173767,0.7589285714285714,1.0,"(224, 64, 250)","(336, 64, 250)",123,67,0.7901785714285714
15,Feet,Rest,62.22498536109924,0.6383928571428571,1.0,"(224, 64, 250)","(336, 64, 250)",123,67,0.6875
15,Tongue,Rest,62.84975552558899,0.6607142857142857,1.0,"(224, 64, 250)","(336, 64, 250)",123,67,0.7098214285714286
15,Mis,Rest,62.402172327041626,0.6205357142857143,1.0,"(224, 64, 250)","(336, 64, 250)",123,67,0.625
