participant,class1,class2,running_time,test_acc,train_acc,test_size,train_size,train_block,test_block,test_acc_vote
19,Hand,Rest,63.34630227088928,0.71875,1.0,"(224, 64, 250)","(336, 64, 250)",123,67,0.7366071428571428
19,Feet,Rest,63.83741641044617,0.5625,1.0,"(224, 64, 250)","(336, 64, 250)",123,67,0.5803571428571428
19,Tongue,Rest,62.78142547607422,0.7232142857142857,1.0,"(224, 64, 250)","(336, 64, 250)",123,67,0.7589285714285714
19,Mis,Rest,61.68183135986328,0.7053571428571429,1.0,"(224, 64, 250)","(336, 64, 250)",123,67,0.7232142857142857
