participant,class1,class2,running_time,test_acc,train_acc,test_size,train_size,train_block,test_block,test_acc_vote
5,Hand,Rest,64.56168532371521,0.5714285714285714,1.0,"(224, 64, 250)","(336, 64, 250)",123,67,0.5982142857142857
5,Feet,Rest,63.72750115394592,0.6473214285714286,1.0,"(224, 64, 250)","(336, 64, 250)",123,67,0.65625
5,Tongue,Rest,63.329875230789185,0.5669642857142857,1.0,"(224, 64, 250)","(336, 64, 250)",123,67,0.5357142857142857
5,Mis,Rest,61.74918246269226,0.6517857142857143,1.0,"(224, 64, 250)","(336, 64, 250)",123,67,0.7008928571428572
