participant,class1,class2,running_time,test_acc,train_acc,test_size,train_size,train_block,test_block,test_acc_vote
13,Hand,Rest,38.47731304168701,0.6428571428571429,0.9428571428571428,"(56, 64, 1000)","(140, 64, 1000)",12345,67,0.5892857142857143
13,Feet,Rest,38.51968216896057,0.875,0.9857142857142858,"(56, 64, 1000)","(140, 64, 1000)",12345,67,0.8571428571428572
13,Tongue,Rest,39.54380178451538,0.8392857142857143,0.9928571428571428,"(56, 64, 1000)","(140, 64, 1000)",12345,67,0.7857142857142857
13,Mis,Rest,39.5368287563324,0.7857142857142857,0.9642857142857143,"(56, 64, 1000)","(140, 64, 1000)",12345,67,0.7142857142857143
