participant,class1,class2,running_time,test_acc,train_acc,test_size,train_size,train_block,test_block,test_acc_vote
3,Hand,Rest,40.07929229736328,0.9107142857142856,0.9714285714285714,"(56, 64, 1000)","(140, 64, 1000)",12345,67,0.9285714285714286
3,Feet,Rest,38.57616138458252,0.7142857142857143,0.9214285714285714,"(56, 64, 1000)","(140, 64, 1000)",12345,67,0.625
3,Tongue,Rest,39.3365364074707,0.8214285714285714,0.9714285714285714,"(56, 64, 1000)","(140, 64, 1000)",12345,67,0.7678571428571428
3,Mis,Rest,39.90496897697449,0.875,0.9785714285714285,"(56, 64, 1000)","(140, 64, 1000)",12345,67,0.8392857142857143
