participant,class1,class2,running_time,test_acc,train_acc,test_size,train_size,train_block,test_block,test_acc_vote
11,Hand,Rest,86.72839593887329,0.8256880733944955,0.981651376146789,"(436, 64, 1000)","(327, 64, 1000)",123,4567,0.823394495412844
11,Feet,Rest,86.13889288902283,0.8646788990825688,0.9755351681957186,"(436, 64, 1000)","(327, 64, 1000)",123,4567,0.8738532110091743
11,Tongue,Rest,87.42213654518127,0.6697247706422018,0.9877675840978594,"(436, 64, 1000)","(327, 64, 1000)",123,4567,0.6674311926605505
11,Mis,Rest,86.965087890625,0.6720183486238532,0.9785932721712538,"(436, 64, 1000)","(327, 64, 1000)",123,4567,0.6811926605504588
