participant,class1,class2,running_time,test_acc,train_acc,test_size,train_size,train_block,test_block,test_acc_vote
3,Hand,Rest,86.94626212120056,0.768348623853211,0.9541284403669724,"(436, 64, 1000)","(327, 64, 1000)",123,4567,0.7775229357798166
3,Feet,Rest,86.14509987831116,0.6536697247706422,0.9296636085626911,"(436, 64, 1000)","(327, 64, 1000)",123,4567,0.6605504587155964
3,Tongue,Rest,87.39050078392029,0.6330275229357798,0.9663608562691132,"(436, 64, 1000)","(327, 64, 1000)",123,4567,0.6330275229357798
3,Mis,Rest,85.99439287185669,0.7155963302752294,0.9694189602446484,"(436, 64, 1000)","(327, 64, 1000)",123,4567,0.7178899082568808
