participant,class1,class2,running_time,test_acc,train_acc,test_size,train_size,train_block,test_block,test_acc_vote
7,Hand,Rest,86.02217078208923,0.7981651376146789,0.9724770642201837,"(436, 64, 1000)","(327, 64, 1000)",123,4567,0.8119266055045872
7,Feet,Rest,87.08699083328247,0.75,0.9724770642201837,"(436, 64, 1000)","(327, 64, 1000)",123,4567,0.7591743119266054
7,Tongue,Rest,86.10781478881836,0.6720183486238532,0.981651376146789,"(436, 64, 1000)","(327, 64, 1000)",123,4567,0.6674311926605505
7,Mis,Rest,86.99765801429749,0.6743119266055045,0.9480122324159022,"(436, 64, 1000)","(327, 64, 1000)",123,4567,0.7064220183486238
