participant,class1,class2,running_time,test_acc,train_acc,test_size,train_size,train_block,test_block,test_acc_vote
10,Hand,Rest,97.11073994636536,0.6376146788990825,0.9969418960244648,"(218, 64, 1000)","(327, 64, 1000)",123,67,0.6284403669724771
10,Feet,Rest,97.80531072616576,0.591743119266055,0.9908256880733946,"(218, 64, 1000)","(327, 64, 1000)",123,67,0.6009174311926606
10,Tongue,Rest,98.60244750976562,0.6284403669724771,1.0,"(218, 64, 1000)","(327, 64, 1000)",123,67,0.6330275229357798
10,Mis,Rest,97.68776059150696,0.6284403669724771,0.9938837920489296,"(218, 64, 1000)","(327, 64, 1000)",123,67,0.6330275229357798
