participant,class1,class2,running_time,test_acc,train_acc,test_size,train_size,train_block,test_block,test_acc_vote
14,Hand,Rest,98.88747429847716,0.6651376146788991,0.9969418960244648,"(218, 64, 1000)","(327, 64, 1000)",123,67,0.6788990825688073
14,Feet,Rest,98.61246705055235,0.6192660550458715,0.9969418960244648,"(218, 64, 1000)","(327, 64, 1000)",123,67,0.6376146788990826
14,Tongue,Rest,98.29955244064332,0.536697247706422,1.0,"(218, 64, 1000)","(327, 64, 1000)",123,67,0.5321100917431192
14,Mis,Rest,98.65571212768555,0.536697247706422,0.9969418960244648,"(218, 64, 1000)","(327, 64, 1000)",123,67,0.5321100917431192
