participant,class1,class2,running_time,test_acc,train_acc,test_size,train_size,train_block,test_block,test_acc_vote
16,Hand,Rest,98.831303358078,0.5596330275229358,0.9938837920489296,"(218, 64, 1000)","(327, 64, 1000)",123,67,0.536697247706422
16,Feet,Rest,97.05631613731384,0.6513761467889908,0.9908256880733946,"(218, 64, 1000)","(327, 64, 1000)",123,67,0.6559633027522935
16,Tongue,Rest,98.39421343803406,0.5779816513761468,0.981651376146789,"(218, 64, 1000)","(327, 64, 1000)",123,67,0.591743119266055
16,Mis,Rest,97.90236139297485,0.7201834862385321,0.981651376146789,"(218, 64, 1000)","(327, 64, 1000)",123,67,0.7477064220183487
