participant,class1,class2,running_time,test_acc,train_acc,test_size,train_size,train_block,test_block,test_acc_vote
17,Hand,Rest,98.9543912410736,0.6972477064220184,0.9877675840978594,"(218, 64, 1000)","(327, 64, 1000)",123,67,0.7247706422018348
17,Feet,Rest,98.61199569702148,0.7064220183486238,0.9663608562691132,"(218, 64, 1000)","(327, 64, 1000)",123,67,0.7431192660550459
17,Tongue,Rest,97.55415105819702,0.7889908256880734,0.981651376146789,"(218, 64, 1000)","(327, 64, 1000)",123,67,0.7935779816513762
17,Mis,Rest,98.48269391059875,0.8348623853211009,0.9602446483180428,"(218, 64, 1000)","(327, 64, 1000)",123,67,0.8486238532110092
