participant,class1,class2,running_time,test_acc,train_acc,test_size,train_size,train_block,test_block,test_acc_vote
19,Hand,Rest,97.57526540756226,0.7568807339449541,0.9785932721712538,"(218, 64, 1000)","(327, 64, 1000)",123,67,0.7614678899082569
19,Feet,Rest,98.28699946403503,0.518348623853211,0.9938837920489296,"(218, 64, 1000)","(327, 64, 1000)",123,67,0.5045871559633027
19,Tongue,Rest,97.73741960525513,0.7064220183486238,1.0,"(218, 64, 1000)","(327, 64, 1000)",123,67,0.7018348623853211
19,Mis,Rest,97.01838660240173,0.5871559633027523,0.9908256880733946,"(218, 64, 1000)","(327, 64, 1000)",123,67,0.5779816513761468
