participant,class1,class2,running_time,test_acc,train_acc,test_size,train_size,train_block,test_block,test_acc_vote
3,Hand,Rest,98.823627948761,0.6605504587155964,0.9908256880733946,"(218, 64, 1000)","(327, 64, 1000)",123,67,0.6467889908256881
3,Feet,Rest,97.73799800872804,0.4311926605504587,0.9938837920489296,"(218, 64, 1000)","(327, 64, 1000)",123,67,0.4449541284403669
3,Tongue,Rest,98.87749099731444,0.6100917431192661,0.9938837920489296,"(218, 64, 1000)","(327, 64, 1000)",123,67,0.6376146788990826
3,Mis,Rest,99.02985620498657,0.6055045871559633,0.9938837920489296,"(218, 64, 1000)","(327, 64, 1000)",123,67,0.6055045871559632
