participant,class1,class2,running_time,test_acc,train_acc,test_size,train_size,train_block,test_block,test_acc_vote
6,Hand,Rest,98.3381679058075,0.5275229357798165,1.0,"(218, 64, 1000)","(327, 64, 1000)",123,67,0.5091743119266054
6,Feet,Rest,98.88684582710266,0.6559633027522935,0.9877675840978594,"(218, 64, 1000)","(327, 64, 1000)",123,67,0.6513761467889908
6,Tongue,Rest,98.391037940979,0.7018348623853211,0.9877675840978594,"(218, 64, 1000)","(327, 64, 1000)",123,67,0.6926605504587156
6,Mis,Rest,98.67207431793213,0.5137614678899083,0.9969418960244648,"(218, 64, 1000)","(327, 64, 1000)",123,67,0.518348623853211
