participant,class1,class2,running_time,test_acc,train_acc,test_size,train_size,train_block,test_block,test_acc_vote
10,Hand,Rest,32.40684175491333,0.625,0.9642857142857144,"(56, 64, 1000)","(84, 64, 1000)",123,67,0.5892857142857143
10,Feet,Rest,31.919867753982544,0.75,1.0,"(56, 64, 1000)","(84, 64, 1000)",123,67,0.7142857142857143
10,Tongue,Rest,31.23737120628357,0.7321428571428571,0.9523809523809524,"(56, 64, 1000)","(84, 64, 1000)",123,67,0.6785714285714286
10,Mis,Rest,32.365724325180054,0.75,0.9880952380952381,"(56, 64, 1000)","(84, 64, 1000)",123,67,0.7142857142857143
