participant,class1,class2,running_time,test_acc,train_acc,test_size,train_size,train_block,test_block,test_acc_vote
13,Hand,Rest,31.373306274414062,0.6607142857142857,0.9285714285714286,"(56, 64, 1000)","(84, 64, 1000)",123,67,0.6071428571428572
13,Feet,Rest,31.15496277809143,0.7857142857142857,1.0,"(56, 64, 1000)","(84, 64, 1000)",123,67,0.7678571428571428
13,Tongue,Rest,30.851025104522705,0.7678571428571429,1.0,"(56, 64, 1000)","(84, 64, 1000)",123,67,0.7857142857142857
13,Mis,Rest,31.064095497131348,0.75,0.9761904761904762,"(56, 64, 1000)","(84, 64, 1000)",123,67,0.6964285714285714
