participant,class1,class2,running_time,test_acc,train_acc,test_size,train_size,train_block,test_block,test_acc_vote
15,Hand,Rest,31.41867208480835,0.8928571428571429,1.0,"(56, 64, 1000)","(84, 64, 1000)",123,67,0.875
15,Feet,Rest,31.60604047775269,0.625,1.0,"(56, 64, 1000)","(84, 64, 1000)",123,67,0.625
15,Tongue,Rest,32.46797466278076,0.5714285714285714,0.988095238095238,"(56, 64, 1000)","(84, 64, 1000)",123,67,0.5357142857142857
15,Mis,Rest,31.518046617507935,0.7857142857142857,0.9761904761904762,"(56, 64, 1000)","(84, 64, 1000)",123,67,0.75
