participant,class1,class2,running_time,test_acc,train_acc,test_size,train_size,train_block,test_block,test_acc_vote
13,Hand,Rest,146.66063714027405,0.6238532110091743,0.8917431192660551,"(218, 64, 1000)","(545, 64, 1000)",12345,67,0.6146788990825688
13,Feet,Rest,145.9939844608307,0.8165137614678899,0.946788990825688,"(218, 64, 1000)","(545, 64, 1000)",12345,67,0.8256880733944953
13,Tongue,Rest,147.37364840507507,0.7293577981651376,0.946788990825688,"(218, 64, 1000)","(545, 64, 1000)",12345,67,0.7293577981651376
13,Mis,Rest,146.7788758277893,0.7064220183486238,0.9100917431192661,"(218, 64, 1000)","(545, 64, 1000)",12345,67,0.7064220183486238
