participant,class1,class2,running_time,test_acc,train_acc,test_size,train_size,train_block,test_block,test_acc_vote
14,Hand,Rest,144.9261395931244,0.8532110091743119,0.9761467889908256,"(218, 64, 1000)","(545, 64, 1000)",12345,67,0.8486238532110092
14,Feet,Rest,145.3249204158783,0.8211009174311926,0.981651376146789,"(218, 64, 1000)","(545, 64, 1000)",12345,67,0.8348623853211009
14,Tongue,Rest,144.7189600467682,0.7889908256880734,0.9889908256880734,"(218, 64, 1000)","(545, 64, 1000)",12345,67,0.7889908256880733
14,Mis,Rest,144.9493727684021,0.6788990825688074,0.9761467889908257,"(218, 64, 1000)","(545, 64, 1000)",12345,67,0.6972477064220184
