participant,class1,class2,running_time,test_acc,train_acc,test_size,train_size,train_block,test_block,test_acc_vote
17,Hand,Rest,144.54547882080078,0.8165137614678899,0.946788990825688,"(218, 64, 1000)","(545, 64, 1000)",12345,67,0.8211009174311926
17,Feet,Rest,145.1267795562744,0.7568807339449541,0.9137614678899084,"(218, 64, 1000)","(545, 64, 1000)",12345,67,0.7568807339449541
17,Tongue,Rest,146.07921934127808,0.8302752293577982,0.9357798165137616,"(218, 64, 1000)","(545, 64, 1000)",12345,67,0.8302752293577982
17,Mis,Rest,144.67960000038147,0.7752293577981652,0.9394495412844037,"(218, 64, 1000)","(545, 64, 1000)",12345,67,0.7752293577981652
