participant,class1,class2,running_time,test_acc,train_acc,test_size,train_size,train_block,test_block,test_acc_vote
5,Hand,Rest,146.62915134429932,0.7018348623853211,0.9743119266055046,"(218, 64, 1000)","(545, 64, 1000)",12345,67,0.7155963302752293
5,Feet,Rest,145.09395718574524,0.8348623853211009,0.979816513761468,"(218, 64, 1000)","(545, 64, 1000)",12345,67,0.8532110091743119
5,Tongue,Rest,146.8887002468109,0.8165137614678899,0.9743119266055046,"(218, 64, 1000)","(545, 64, 1000)",12345,67,0.8211009174311926
5,Mis,Rest,145.87908911705017,0.9174311926605505,0.9908256880733946,"(218, 64, 1000)","(545, 64, 1000)",12345,67,0.9357798165137614
