participant,class1,class2,running_time,test_acc,train_acc,test_size,train_size,train_block,test_block,test_acc_vote
9,Hand,Rest,145.14411687850952,0.8899082568807339,0.9376146788990826,"(218, 64, 1000)","(545, 64, 1000)",12345,67,0.9036697247706422
9,Feet,Rest,146.1256983280182,0.8715596330275229,0.9651376146788992,"(218, 64, 1000)","(545, 64, 1000)",12345,67,0.8715596330275229
9,Tongue,Rest,146.82234597206116,0.7844036697247706,0.9247706422018348,"(218, 64, 1000)","(545, 64, 1000)",12345,67,0.7798165137614679
9,Mis,Rest,146.09354734420776,0.7431192660550459,0.8990825688073395,"(218, 64, 1000)","(545, 64, 1000)",12345,67,0.7431192660550459
