participant,class1,class2,running_time,test_acc,train_acc,test_size,train_size,train_block,test_block,test_acc_vote
10,Hand,Rest,53.76971101760864,0.6621621621621622,1.0,"(222, 64, 500)","(222, 64, 500)",12,67,0.6801801801801801
10,Feet,Rest,53.988033056259155,0.5,1.0,"(222, 64, 500)","(222, 64, 500)",12,67,0.509009009009009
10,Tongue,Rest,52.95996737480163,0.5900900900900901,1.0,"(222, 64, 500)","(222, 64, 500)",12,67,0.5855855855855856
10,Mis,Rest,53.4029598236084,0.6081081081081081,1.0,"(222, 64, 500)","(222, 64, 500)",12,67,0.6081081081081081
