participant,class1,class2,running_time,test_acc,train_acc,test_size,train_size,train_block,test_block,test_acc_vote
14,Hand,Rest,53.277700424194336,0.7882882882882883,1.0,"(222, 64, 500)","(222, 64, 500)",12,67,0.8243243243243243
14,Feet,Rest,53.52854871749878,0.6261261261261262,1.0,"(222, 64, 500)","(222, 64, 500)",12,67,0.6306306306306306
14,Tongue,Rest,53.042967319488525,0.6351351351351351,1.0,"(222, 64, 500)","(222, 64, 500)",12,67,0.6396396396396397
14,Mis,Rest,53.17690110206604,0.5315315315315315,1.0,"(222, 64, 500)","(222, 64, 500)",12,67,0.5540540540540541
