participant,class1,class2,running_time,test_acc,train_acc,test_size,train_size,train_block,test_block,test_acc_vote
15,Hand,Rest,52.75832486152649,0.7027027027027027,1.0,"(222, 64, 500)","(222, 64, 500)",12,67,0.7297297297297297
15,Feet,Rest,52.344444036483765,0.5720720720720721,1.0,"(222, 64, 500)","(222, 64, 500)",12,67,0.572072072072072
15,Tongue,Rest,52.27656555175781,0.6216216216216216,1.0,"(222, 64, 500)","(222, 64, 500)",12,67,0.6261261261261262
15,Mis,Rest,53.679818630218506,0.7207207207207207,1.0,"(222, 64, 500)","(222, 64, 500)",12,67,0.7252252252252251
