participant,class1,class2,running_time,test_acc,train_acc,test_size,train_size,train_block,test_block,test_acc_vote
19,Hand,Rest,98.43226408958436,0.7792792792792793,0.9585585585585584,"(222, 64, 500)","(555, 64, 500)",12345,67,0.8018018018018018
19,Feet,Rest,98.35572552680968,0.6036036036036037,0.9873873873873874,"(222, 64, 500)","(555, 64, 500)",12345,67,0.6126126126126126
19,Tongue,Rest,100.09123659133913,0.7837837837837838,0.9513513513513514,"(222, 64, 500)","(555, 64, 500)",12345,67,0.8108108108108107
19,Mis,Rest,98.7905752658844,0.7162162162162162,0.9765765765765766,"(222, 64, 500)","(555, 64, 500)",12345,67,0.7567567567567568
