participant,class1,class2,running_time,test_acc,train_acc,test_size,train_size,train_block,test_block,test_acc_vote
4,Hand,Rest,99.84880876541138,0.7612612612612613,0.9441441441441442,"(222, 64, 500)","(555, 64, 500)",12345,67,0.7702702702702703
4,Feet,Rest,100.1618869304657,0.6846846846846847,0.9567567567567568,"(222, 64, 500)","(555, 64, 500)",12345,67,0.7522522522522522
4,Tongue,Rest,98.04318499565125,0.7522522522522522,0.9441441441441442,"(222, 64, 500)","(555, 64, 500)",12345,67,0.7702702702702703
4,Mis,Rest,99.78009057044983,0.7027027027027027,0.954954954954955,"(222, 64, 500)","(555, 64, 500)",12345,67,0.7117117117117118
