participant,class1,class2,running_time,test_acc,train_acc,test_size,train_size,train_block,test_block,test_acc_vote
3,Hand,Rest,83.53826785087585,0.5443425076452599,0.963302752293578,"(654, 64, 1000)","(109, 64, 1000)",1,234567,0.5290519877675841
3,Feet,Rest,83.6188416481018,0.5626911314984709,0.9357798165137616,"(654, 64, 1000)","(109, 64, 1000)",1,234567,0.5596330275229358
3,Tongue,Rest,84.45444536209106,0.6513761467889908,0.926605504587156,"(654, 64, 1000)","(109, 64, 1000)",1,234567,0.6498470948012233
3,Mis,Rest,84.84191036224365,0.5382262996941896,0.944954128440367,"(654, 64, 1000)","(109, 64, 1000)",1,234567,0.5397553516819572
