participant,class1,class2,running_time,test_acc,train_acc,test_size,train_size,train_block,test_block,test_acc_vote
4,Hand,Rest,82.14788484573364,0.8134556574923547,0.981651376146789,"(654, 64, 1000)","(109, 64, 1000)",1,234567,0.8226299694189603
4,Feet,Rest,82.29049158096313,0.5259938837920489,0.9541284403669724,"(654, 64, 1000)","(109, 64, 1000)",1,234567,0.5336391437308868
4,Tongue,Rest,84.76706552505493,0.6773700305810397,0.944954128440367,"(654, 64, 1000)","(109, 64, 1000)",1,234567,0.6743119266055047
4,Mis,Rest,85.23686599731445,0.5137614678899083,0.8899082568807339,"(654, 64, 1000)","(109, 64, 1000)",1,234567,0.518348623853211
