participant,class1,class2,running_time,test_acc,train_acc,test_size,train_size,train_block,test_block,test_acc_vote
5,Hand,Rest,82.3297598361969,0.7370030581039755,0.9724770642201837,"(654, 64, 1000)","(109, 64, 1000)",1,234567,0.7553516819571866
5,Feet,Rest,84.55997967720032,0.5198776758409785,0.9724770642201837,"(654, 64, 1000)","(109, 64, 1000)",1,234567,0.5214067278287462
5,Tongue,Rest,84.36503434181213,0.5305810397553516,0.9908256880733946,"(654, 64, 1000)","(109, 64, 1000)",1,234567,0.5244648318042813
5,Mis,Rest,84.57444667816162,0.6192660550458715,0.9541284403669725,"(654, 64, 1000)","(109, 64, 1000)",1,234567,0.6253822629969419
