participant,class1,class2,running_time,test_acc,train_acc,test_size,train_size,train_block,test_block,test_acc_vote
14,Hand,Rest,50.91258358955383,0.7366071428571429,1.0,"(224, 64, 250)","(224, 64, 250)",12,67,0.7455357142857143
14,Feet,Rest,49.402663707733154,0.6428571428571429,1.0,"(224, 64, 250)","(224, 64, 250)",12,67,0.6205357142857143
14,Tongue,Rest,49.77276015281677,0.5223214285714286,1.0,"(224, 64, 250)","(224, 64, 250)",12,67,0.5044642857142857
14,Mis,Rest,50.71257162094116,0.5267857142857143,1.0,"(224, 64, 250)","(224, 64, 250)",12,67,0.5580357142857143
