participant,class1,class2,running_time,test_acc,train_acc,test_size,train_size,train_block,test_block,test_acc_vote
16,Hand,Rest,49.170069217681885,0.5848214285714286,1.0,"(224, 64, 250)","(224, 64, 250)",12,67,0.59375
16,Feet,Rest,49.62616038322449,0.625,1.0,"(224, 64, 250)","(224, 64, 250)",12,67,0.6383928571428572
16,Tongue,Rest,49.206791639328,0.6919642857142857,1.0,"(224, 64, 250)","(224, 64, 250)",12,67,0.7232142857142857
16,Mis,Rest,50.068819761276245,0.5892857142857143,1.0,"(224, 64, 250)","(224, 64, 250)",12,67,0.6026785714285714
