participant,class1,class2,running_time,test_acc,train_acc,test_size,train_size,train_block,test_block,test_acc_vote
18,Hand,Rest,50.432212591171265,0.6339285714285714,1.0,"(224, 64, 250)","(224, 64, 250)",12,67,0.6071428571428572
18,Feet,Rest,50.62960577011109,0.5580357142857143,1.0,"(224, 64, 250)","(224, 64, 250)",12,67,0.5357142857142857
18,Tongue,Rest,50.375078201293945,0.7410714285714286,1.0,"(224, 64, 250)","(224, 64, 250)",12,67,0.7678571428571428
18,Mis,Rest,50.049280405044556,0.6741071428571429,1.0,"(224, 64, 250)","(224, 64, 250)",12,67,0.6964285714285714
