participant,class1,class2,running_time,test_acc,train_acc,test_size,train_size,train_block,test_block,test_acc_vote
3,Hand,Rest,51.13081383705139,0.6190476190476191,1.0,"(168, 64, 1000)","(28, 64, 1000)",1,234567,0.6011904761904762
3,Feet,Rest,52.35500764846802,0.6130952380952381,1.0,"(168, 64, 1000)","(28, 64, 1000)",1,234567,0.5654761904761905
3,Tongue,Rest,53.95455026626587,0.5595238095238095,1.0,"(168, 64, 1000)","(28, 64, 1000)",1,234567,0.5297619047619048
3,Mis,Rest,54.15617799758911,0.6309523809523809,1.0,"(168, 64, 1000)","(28, 64, 1000)",1,234567,0.5476190476190477
