participant,class1,class2,running_time,test_acc,train_acc,test_size,train_size,train_block,test_block,test_acc_vote
11,Hand,Rest,112.73950505256651,0.8165137614678899,0.963302752293578,"(545, 64, 1000)","(218, 64, 1000)",12,34567,0.8256880733944953
11,Feet,Rest,113.40793657302856,0.8660550458715597,0.9724770642201837,"(545, 64, 1000)","(218, 64, 1000)",12,34567,0.8660550458715597
11,Tongue,Rest,115.80680441856384,0.6697247706422018,0.9862385321100916,"(545, 64, 1000)","(218, 64, 1000)",12,34567,0.673394495412844
11,Mis,Rest,115.9680392742157,0.6055045871559633,0.9678899082568807,"(545, 64, 1000)","(218, 64, 1000)",12,34567,0.6110091743119266
