participant,class1,class2,running_time,test_acc,train_acc,test_size,train_size,train_block,test_block,test_acc_vote
7,Hand,Rest,112.22354888916016,0.7724770642201835,0.9724770642201837,"(545, 64, 1000)","(218, 64, 1000)",12,34567,0.7743119266055045
7,Feet,Rest,111.9959328174591,0.7192660550458716,0.9862385321100916,"(545, 64, 1000)","(218, 64, 1000)",12,34567,0.7229357798165137
7,Tongue,Rest,113.43944931030272,0.5559633027522936,0.9770642201834864,"(545, 64, 1000)","(218, 64, 1000)",12,34567,0.5541284403669724
7,Mis,Rest,113.83860611915588,0.6954128440366972,0.9770642201834863,"(545, 64, 1000)","(218, 64, 1000)",12,34567,0.7064220183486238
