participant,class1,class2,running_time,test_acc,train_acc,test_size,train_size,train_block,test_block,test_acc_vote
11,Hand,Rest,54.341686725616455,0.8428571428571429,1.0,"(140, 64, 1000)","(56, 64, 1000)",12,34567,0.8357142857142857
11,Feet,Rest,52.9278130531311,0.9142857142857144,1.0,"(140, 64, 1000)","(56, 64, 1000)",12,34567,0.9071428571428573
11,Tongue,Rest,56.09360575675965,0.5857142857142857,1.0,"(140, 64, 1000)","(56, 64, 1000)",12,34567,0.5571428571428572
11,Mis,Rest,55.63158202171326,0.7285714285714285,1.0,"(140, 64, 1000)","(56, 64, 1000)",12,34567,0.6857142857142857
