participant,class1,class2,running_time,test_acc,train_acc,test_size,train_size,train_block,test_block,test_acc_vote
9,Hand,Rest,53.81740927696228,0.9285714285714286,1.0,"(140, 64, 1000)","(56, 64, 1000)",12,34567,0.9214285714285716
9,Feet,Rest,54.38419699668884,0.9071428571428573,1.0,"(140, 64, 1000)","(56, 64, 1000)",12,34567,0.8928571428571429
9,Tongue,Rest,54.27500867843628,0.5,1.0,"(140, 64, 1000)","(56, 64, 1000)",12,34567,0.4428571428571428
9,Mis,Rest,54.272215127944946,0.55,1.0,"(140, 64, 1000)","(56, 64, 1000)",12,34567,0.55
