participant,class1,class2,running_time,test_acc,train_acc,test_size,train_size,train_block,test_block,test_acc_vote
10,Hand,Rest,53.08305239677429,0.5178571428571429,1.0,"(168, 64, 1000)","(28, 64, 1000)",1,234567,0.494047619047619
10,Feet,Rest,53.3765652179718,0.6011904761904762,1.0,"(168, 64, 1000)","(28, 64, 1000)",1,234567,0.5476190476190477
10,Tongue,Rest,53.67178058624267,0.5,1.0,"(168, 64, 1000)","(28, 64, 1000)",1,234567,0.4880952380952381
10,Mis,Rest,53.51828479766846,0.5297619047619048,1.0,"(168, 64, 1000)","(28, 64, 1000)",1,234567,0.5059523809523809
