participant,class1,class2,running_time,test_acc,train_acc,test_size,train_size,train_block,test_block,test_acc_vote
11,Hand,Rest,54.16887092590332,0.5773809523809523,1.0,"(168, 64, 1000)","(28, 64, 1000)",1,234567,0.5535714285714286
11,Feet,Rest,53.22715640068054,0.8214285714285714,1.0,"(168, 64, 1000)","(28, 64, 1000)",1,234567,0.7619047619047619
11,Tongue,Rest,53.58699035644531,0.5535714285714286,1.0,"(168, 64, 1000)","(28, 64, 1000)",1,234567,0.5059523809523809
11,Mis,Rest,54.26351356506348,0.5773809523809523,1.0,"(168, 64, 1000)","(28, 64, 1000)",1,234567,0.5357142857142857
