participant,class1,class2,running_time,test_acc,train_acc,test_size,train_size,train_block,test_block,test_acc_vote
13,Hand,Rest,54.0101580619812,0.4821428571428571,1.0,"(168, 64, 1000)","(28, 64, 1000)",1,234567,0.4821428571428571
13,Feet,Rest,53.68981719017029,0.6309523809523809,1.0,"(168, 64, 1000)","(28, 64, 1000)",1,234567,0.5773809523809523
13,Tongue,Rest,54.270461320877075,0.6904761904761905,1.0,"(168, 64, 1000)","(28, 64, 1000)",1,234567,0.6845238095238095
13,Mis,Rest,54.52444839477539,0.6130952380952381,1.0,"(168, 64, 1000)","(28, 64, 1000)",1,234567,0.5833333333333333
