participant,class1,class2,running_time,test_acc,train_acc,test_size,train_size,train_block,test_block,test_acc_vote
3,Hand,Rest,52.95891618728638,0.5892857142857143,1.0,"(168, 64, 1000)","(28, 64, 1000)",1,234567,0.5595238095238095
3,Feet,Rest,51.894044637680054,0.6666666666666666,1.0,"(168, 64, 1000)","(28, 64, 1000)",1,234567,0.6309523809523809
3,Tongue,Rest,54.411871910095215,0.4642857142857143,1.0,"(168, 64, 1000)","(28, 64, 1000)",1,234567,0.4761904761904761
3,Mis,Rest,53.5223433971405,0.5833333333333334,1.0,"(168, 64, 1000)","(28, 64, 1000)",1,234567,0.5535714285714286
