participant,class1,class2,running_time,test_acc,train_acc,test_size,train_size,train_block,test_block,test_acc_vote
6,Hand,Rest,52.42206048965454,0.6726190476190477,1.0,"(168, 64, 1000)","(28, 64, 1000)",1,234567,0.6726190476190477
6,Feet,Rest,52.78944802284241,0.5476190476190477,1.0,"(168, 64, 1000)","(28, 64, 1000)",1,234567,0.5238095238095238
6,Tongue,Rest,54.195366859436035,0.5595238095238095,1.0,"(168, 64, 1000)","(28, 64, 1000)",1,234567,0.5297619047619048
6,Mis,Rest,55.13896918296814,0.5714285714285714,1.0,"(168, 64, 1000)","(28, 64, 1000)",1,234567,0.5714285714285714
