participant,class1,class2,running_time,test_acc,train_acc,test_size,train_size,train_block,test_block,test_acc_vote
9,Hand,Rest,55.53087139129639,0.8035714285714286,1.0,"(56, 64, 1000)","(140, 64, 1000)",12345,67,0.6607142857142857
9,Feet,Rest,55.47042798995972,0.875,1.0,"(56, 64, 1000)","(140, 64, 1000)",12345,67,0.8392857142857143
9,Tongue,Rest,55.90502977371216,0.6607142857142857,1.0,"(56, 64, 1000)","(140, 64, 1000)",12345,67,0.625
9,Mis,Rest,55.916688203811646,0.6785714285714286,1.0,"(56, 64, 1000)","(140, 64, 1000)",12345,67,0.625
