participant,class1,class2,running_time,test_acc,train_acc,test_size,train_size,train_block,test_block,test_acc_vote
11,Hand,Rest,97.37220931053162,0.5718654434250765,1.0,"(654, 64, 1000)","(109, 64, 1000)",1,234567,0.5688073394495412
11,Feet,Rest,96.57537126541138,0.827217125382263,1.0,"(654, 64, 1000)","(109, 64, 1000)",1,234567,0.8409785932721713
11,Tongue,Rest,97.8570432662964,0.5259938837920489,1.0,"(654, 64, 1000)","(109, 64, 1000)",1,234567,0.5275229357798166
11,Mis,Rest,97.71728825569153,0.5015290519877675,1.0,"(654, 64, 1000)","(109, 64, 1000)",1,234567,0.5015290519877675
