participant,class1,class2,running_time,test_acc,train_acc,test_size,train_size,train_block,test_block,test_acc_vote
14,Hand,Rest,97.66894245147704,0.5519877675840978,1.0,"(654, 64, 1000)","(109, 64, 1000)",1,234567,0.5504587155963303
14,Feet,Rest,97.07768893241882,0.5672782874617737,1.0,"(654, 64, 1000)","(109, 64, 1000)",1,234567,0.5718654434250765
14,Tongue,Rest,98.69713759422302,0.4938837920489297,1.0,"(654, 64, 1000)","(109, 64, 1000)",1,234567,0.4892966360856269
14,Mis,Rest,98.96026682853699,0.5764525993883792,1.0,"(654, 64, 1000)","(109, 64, 1000)",1,234567,0.5825688073394495
