participant,class1,class2,running_time,test_acc,train_acc,test_size,train_size,train_block,test_block,test_acc_vote
6,Hand,Rest,96.92202806472778,0.6467889908256881,1.0,"(654, 64, 1000)","(109, 64, 1000)",1,234567,0.6452599388379205
6,Feet,Rest,96.87210297584534,0.5458715596330275,1.0,"(654, 64, 1000)","(109, 64, 1000)",1,234567,0.555045871559633
6,Tongue,Rest,98.44164443016052,0.5611620795107034,1.0,"(654, 64, 1000)","(109, 64, 1000)",1,234567,0.5626911314984709
6,Mis,Rest,98.41246604919434,0.581039755351682,1.0,"(654, 64, 1000)","(109, 64, 1000)",1,234567,0.5795107033639144
