participant,class1,class2,running_time,test_acc,train_acc,test_size,train_size,train_block,test_block,test_acc_vote
10,Hand,Rest,26.670402765274048,0.625,1.0,"(112, 64, 500)","(56, 64, 500)",1,67,0.6071428571428572
10,Feet,Rest,26.456732988357544,0.5535714285714286,1.0,"(112, 64, 500)","(56, 64, 500)",1,67,0.5446428571428572
10,Tongue,Rest,27.07536458969116,0.5267857142857143,1.0,"(112, 64, 500)","(56, 64, 500)",1,67,0.4910714285714286
10,Mis,Rest,26.4944851398468,0.5357142857142857,1.0,"(112, 64, 500)","(56, 64, 500)",1,67,0.5089285714285714
