participant,class1,class2,running_time,test_acc,train_acc,test_size,train_size,train_block,test_block,test_acc_vote
15,Hand,Rest,26.71545147895813,0.7767857142857143,1.0,"(112, 64, 500)","(56, 64, 500)",1,67,0.7589285714285714
15,Feet,Rest,26.727332830429077,0.4910714285714285,1.0,"(112, 64, 500)","(56, 64, 500)",1,67,0.4910714285714286
15,Tongue,Rest,26.695463180541992,0.5535714285714286,1.0,"(112, 64, 500)","(56, 64, 500)",1,67,0.5446428571428572
15,Mis,Rest,26.34201693534851,0.6607142857142857,1.0,"(112, 64, 500)","(56, 64, 500)",1,67,0.6517857142857143
