participant,class1,class2,running_time,test_acc,train_acc,test_size,train_size,train_block,test_block,test_acc_vote
17,Hand,Rest,26.2715003490448,0.6875,1.0,"(112, 64, 500)","(56, 64, 500)",1,67,0.6875
17,Feet,Rest,26.587185382843018,0.5625,1.0,"(112, 64, 500)","(56, 64, 500)",1,67,0.5267857142857143
17,Tongue,Rest,26.67621898651123,0.6428571428571429,1.0,"(112, 64, 500)","(56, 64, 500)",1,67,0.6339285714285714
17,Mis,Rest,26.564951419830322,0.5446428571428571,1.0,"(112, 64, 500)","(56, 64, 500)",1,67,0.5178571428571428
