class,test_acc,vote_acc
Hand,0.7221428571428572,0.6964285714285714
Feet,0.6828571428571429,0.6664285714285714
Tongue,0.6242857142857143,0.6
Mis,0.5642857142857143,0.5714285714285715
