participant,class1,class2,running_time,test_acc,train_acc,test_size,train_size,train_block,test_block,test_acc_vote
9,Hand,Rest,53.56983017921448,0.8857142857142857,1.0,"(140, 64, 1000)","(56, 64, 1000)",12,34567,0.8642857142857143
9,Feet,Rest,53.90428900718689,0.7071428571428572,1.0,"(140, 64, 1000)","(56, 64, 1000)",12,34567,0.7142857142857143
9,Tongue,Rest,54.8018262386322,0.65,1.0,"(140, 64, 1000)","(56, 64, 1000)",12,34567,0.6142857142857143
9,Mis,Rest,56.09445762634277,0.4142857142857143,1.0,"(140, 64, 1000)","(56, 64, 1000)",12,34567,0.4
