participant,class1,class2,running_time,test_acc,train_acc,test_size,train_size,train_block,test_block,test_acc_vote
7,Hand,Rest,46.799028158187866,0.7857142857142857,1.0,"(56, 64, 1000)","(140, 64, 1000)",12345,67,0.7857142857142857
7,Feet,Rest,46.24443864822388,0.8392857142857143,1.0,"(56, 64, 1000)","(140, 64, 1000)",12345,67,0.875
7,Tongue,Rest,47.65996432304382,0.6607142857142857,1.0,"(56, 64, 1000)","(140, 64, 1000)",12345,67,0.6607142857142857
7,Mis,Rest,47.565755128860474,0.7321428571428571,1.0,"(56, 64, 1000)","(140, 64, 1000)",12345,67,0.7321428571428572
