participant,class1,class2,running_time,test_acc,train_acc,test_size,train_size,train_block,test_block,test_acc_vote
5,Hand,Rest,37.844313859939575,0.8928571428571429,1.0,"(56, 64, 1000)","(140, 64, 1000)",12345,67,0.9107142857142856
5,Feet,Rest,43.1557559967041,0.8214285714285714,1.0,"(56, 64, 1000)","(140, 64, 1000)",12345,67,0.8214285714285714
5,Tongue,Rest,39.71025061607361,0.7678571428571429,1.0,"(56, 64, 1000)","(140, 64, 1000)",12345,67,0.7678571428571428
5,Mis,Rest,39.372191190719604,0.7321428571428571,1.0,"(56, 64, 1000)","(140, 64, 1000)",12345,67,0.6964285714285714
