participant,class1,class2,running_time,test_acc,train_acc,test_size,train_size,train_block,test_block,test_acc_vote
9,Hand,Rest,39.52928686141968,0.9642857142857144,1.0,"(56, 64, 1000)","(140, 64, 1000)",12345,67,0.9464285714285714
9,Feet,Rest,39.3180718421936,0.9285714285714286,1.0,"(56, 64, 1000)","(140, 64, 1000)",12345,67,0.9107142857142856
9,Tongue,Rest,39.6836256980896,0.7321428571428571,1.0,"(56, 64, 1000)","(140, 64, 1000)",12345,67,0.6964285714285714
9,Mis,Rest,40.723899364471436,0.7857142857142857,1.0,"(56, 64, 1000)","(140, 64, 1000)",12345,67,0.75
