participant,class1,class2,running_time,test_acc,train_acc,test_size,train_size,train_block,test_block,test_acc_vote
10,Hand,Rest,64.96071887016296,0.4220183486238532,1.0,"(218, 64, 1000)","(218, 64, 1000)",12,67,0.4082568807339449
10,Feet,Rest,64.8975830078125,0.5091743119266054,0.9954128440366972,"(218, 64, 1000)","(218, 64, 1000)",12,67,0.5137614678899083
10,Tongue,Rest,64.79351019859314,0.6559633027522935,1.0,"(218, 64, 1000)","(218, 64, 1000)",12,67,0.6651376146788991
10,Mis,Rest,64.46022701263428,0.6100917431192661,1.0,"(218, 64, 1000)","(218, 64, 1000)",12,67,0.6238532110091743
