participant,class1,class2,running_time,test_acc,train_acc,test_size,train_size,train_block,test_block,test_acc_vote
3,Hand,Rest,65.60542678833008,0.6926605504587156,1.0,"(218, 64, 1000)","(218, 64, 1000)",12,67,0.6972477064220184
3,Feet,Rest,65.47067213058472,0.4770642201834862,1.0,"(218, 64, 1000)","(218, 64, 1000)",12,67,0.4724770642201835
3,Tongue,Rest,65.22769117355347,0.536697247706422,0.9954128440366972,"(218, 64, 1000)","(218, 64, 1000)",12,67,0.5321100917431192
3,Mis,Rest,65.2078926563263,0.536697247706422,0.9954128440366973,"(218, 64, 1000)","(218, 64, 1000)",12,67,0.5275229357798166
