participant,class1,class2,running_time,test_acc,train_acc,test_size,train_size,train_block,test_block,test_acc_vote
4,Hand,Rest,65.25691843032837,0.6467889908256881,0.9954128440366972,"(218, 64, 1000)","(218, 64, 1000)",12,67,0.6559633027522935
4,Feet,Rest,64.3667106628418,0.4954128440366973,1.0,"(218, 64, 1000)","(218, 64, 1000)",12,67,0.5137614678899083
4,Tongue,Rest,64.2006344795227,0.6651376146788991,1.0,"(218, 64, 1000)","(218, 64, 1000)",12,67,0.6559633027522935
4,Mis,Rest,65.44313311576843,0.555045871559633,1.0,"(218, 64, 1000)","(218, 64, 1000)",12,67,0.5596330275229358
