participant,class1,class2,running_time,test_acc,train_acc,test_size,train_size,train_block,test_block,test_acc_vote
7,Hand,Rest,65.31524205207825,0.6192660550458715,1.0,"(218, 64, 1000)","(218, 64, 1000)",12,67,0.6192660550458715
7,Feet,Rest,65.02085280418396,0.518348623853211,1.0,"(218, 64, 1000)","(218, 64, 1000)",12,67,0.5137614678899083
7,Tongue,Rest,64.72755813598633,0.6100917431192661,1.0,"(218, 64, 1000)","(218, 64, 1000)",12,67,0.6055045871559632
7,Mis,Rest,64.49253749847412,0.6284403669724771,1.0,"(218, 64, 1000)","(218, 64, 1000)",12,67,0.6330275229357798
