participant,class1,class2,running_time,test_acc,train_acc,test_size,train_size,train_block,test_block,test_acc_vote
10,Hand,Rest,119.80619025230408,0.6605504587155964,1.0,"(436, 64, 1000)","(327, 64, 1000)",123,4567,0.6788990825688073
10,Feet,Rest,122.80529618263245,0.6536697247706422,1.0,"(436, 64, 1000)","(327, 64, 1000)",123,4567,0.6559633027522935
10,Tongue,Rest,131.07882595062256,0.6399082568807339,1.0,"(436, 64, 1000)","(327, 64, 1000)",123,4567,0.6399082568807339
10,Mis,Rest,124.19792747497559,0.6788990825688074,1.0,"(436, 64, 1000)","(327, 64, 1000)",123,4567,0.6788990825688073
