participant,class1,class2,running_time,test_acc,train_acc,test_size,train_size,train_block,test_block,test_acc_vote
14,Hand,Rest,128.05801057815552,0.7064220183486238,1.0,"(436, 64, 1000)","(327, 64, 1000)",123,4567,0.7110091743119267
14,Feet,Rest,130.8920614719391,0.6146788990825688,1.0,"(436, 64, 1000)","(327, 64, 1000)",123,4567,0.6169724770642202
14,Tongue,Rest,132.5758671760559,0.5940366972477065,1.0,"(436, 64, 1000)","(327, 64, 1000)",123,4567,0.6032110091743119
14,Mis,Rest,131.24911451339722,0.6009174311926605,1.0,"(436, 64, 1000)","(327, 64, 1000)",123,4567,0.6169724770642202
