participant,class1,class2,running_time,test_acc,train_acc,test_size,train_size,train_block,test_block,test_acc_vote
6,Hand,Rest,118.06601452827454,0.6536697247706422,1.0,"(436, 64, 1000)","(327, 64, 1000)",123,4567,0.6674311926605505
6,Feet,Rest,118.85000085830688,0.6857798165137615,1.0,"(436, 64, 1000)","(327, 64, 1000)",123,4567,0.7064220183486238
6,Tongue,Rest,134.4505331516266,0.7201834862385321,1.0,"(436, 64, 1000)","(327, 64, 1000)",123,4567,0.7454128440366973
6,Mis,Rest,119.23658108711243,0.6009174311926605,1.0,"(436, 64, 1000)","(327, 64, 1000)",123,4567,0.6055045871559632
