participant,class1,class2,running_time,test_acc,train_acc,test_size,train_size,train_block,test_block,test_acc_vote
7,Hand,Rest,117.2030065059662,0.7224770642201835,1.0,"(436, 64, 1000)","(327, 64, 1000)",123,4567,0.7408256880733946
7,Feet,Rest,116.71657967567444,0.8279816513761468,1.0,"(436, 64, 1000)","(327, 64, 1000)",123,4567,0.8371559633027523
7,Tongue,Rest,133.1272873878479,0.6559633027522935,1.0,"(436, 64, 1000)","(327, 64, 1000)",123,4567,0.676605504587156
7,Mis,Rest,119.08172583580017,0.6926605504587156,1.0,"(436, 64, 1000)","(327, 64, 1000)",123,4567,0.6972477064220184
