participant,class1,class2,running_time,test_acc,train_acc,test_size,train_size,train_block,test_block,test_acc_vote
19,Hand,Rest,23.949764728546143,0.7857142857142857,1.0,"(56, 64, 1000)","(28, 64, 1000)",1,67,0.8035714285714286
19,Feet,Rest,23.677462100982662,0.6607142857142857,1.0,"(56, 64, 1000)","(28, 64, 1000)",1,67,0.5714285714285714
19,Tongue,Rest,23.89776492118835,0.4642857142857143,1.0,"(56, 64, 1000)","(28, 64, 1000)",1,67,0.4464285714285714
19,Mis,Rest,23.448179244995117,0.7321428571428571,1.0,"(56, 64, 1000)","(28, 64, 1000)",1,67,0.6607142857142857
