participant,class1,class2,running_time,test_acc,train_acc,test_size,train_size,train_block,test_block,test_acc_vote
7,Hand,Rest,24.014310836791992,0.7678571428571429,1.0,"(56, 64, 1000)","(28, 64, 1000)",1,67,0.75
7,Feet,Rest,23.492396354675293,0.5714285714285714,1.0,"(56, 64, 1000)","(28, 64, 1000)",1,67,0.5178571428571428
7,Tongue,Rest,23.329180479049683,0.5,1.0,"(56, 64, 1000)","(28, 64, 1000)",1,67,0.5178571428571428
7,Mis,Rest,23.53562355041504,0.6428571428571429,1.0,"(56, 64, 1000)","(28, 64, 1000)",1,67,0.6428571428571428
