participant,class1,class2,running_time,test_acc,train_acc,test_size,train_size,train_block,test_block,test_acc_vote
3,Hand,Rest,74.59371089935303,0.5474006116207951,1.0,"(654, 64, 1000)","(109, 64, 1000)",1,234567,0.5458715596330275
3,Feet,Rest,72.47261643409729,0.6055045871559633,1.0,"(654, 64, 1000)","(109, 64, 1000)",1,234567,0.6024464831804281
3,Tongue,Rest,74.25896525382996,0.5137614678899083,1.0,"(654, 64, 1000)","(109, 64, 1000)",1,234567,0.5152905198776758
3,Mis,Rest,74.28466773033142,0.6666666666666666,0.9908256880733946,"(654, 64, 1000)","(109, 64, 1000)",1,234567,0.6697247706422018
