participant,class1,class2,running_time,test_acc,train_acc,test_size,train_size,train_block,test_block,test_acc_vote
4,Hand,Rest,35.33105111122131,0.85,1.0,"(140, 64, 1000)","(56, 64, 1000)",12,34567,0.8285714285714285
4,Feet,Rest,35.60017132759094,0.7285714285714285,1.0,"(140, 64, 1000)","(56, 64, 1000)",12,34567,0.6785714285714286
4,Tongue,Rest,36.467002391815186,0.7928571428571428,1.0,"(140, 64, 1000)","(56, 64, 1000)",12,34567,0.7785714285714286
4,Mis,Rest,36.18752336502075,0.6714285714285714,1.0,"(140, 64, 1000)","(56, 64, 1000)",12,34567,0.6642857142857144
