participant,class1,class2,running_time,test_acc,train_acc,test_size,train_size,train_block,test_block,test_acc_vote
7,Hand,Rest,35.55252122879028,0.7214285714285714,1.0,"(140, 64, 1000)","(56, 64, 1000)",12,34567,0.6928571428571428
7,Feet,Rest,35.034152030944824,0.7428571428571429,1.0,"(140, 64, 1000)","(56, 64, 1000)",12,34567,0.75
7,Tongue,Rest,36.13374996185303,0.7214285714285714,1.0,"(140, 64, 1000)","(56, 64, 1000)",12,34567,0.7
7,Mis,Rest,36.41502356529236,0.6928571428571428,1.0,"(140, 64, 1000)","(56, 64, 1000)",12,34567,0.6357142857142857
