participant,class1,class2,running_time,test_acc,train_acc,test_size,train_size,train_block,test_block,test_acc_vote
13,Hand,Rest,39.78755474090576,0.6785714285714286,1.0,"(84, 64, 1000)","(112, 64, 1000)",1234,567,0.6428571428571428
13,Feet,Rest,39.410197496414185,0.8333333333333334,1.0,"(84, 64, 1000)","(112, 64, 1000)",1234,567,0.8333333333333334
13,Tongue,Rest,41.06233882904053,0.7857142857142857,1.0,"(84, 64, 1000)","(112, 64, 1000)",1234,567,0.7738095238095238
13,Mis,Rest,41.309916257858276,0.8095238095238095,1.0,"(84, 64, 1000)","(112, 64, 1000)",1234,567,0.7857142857142857
