participant,class1,class2,running_time,test_acc,train_acc,test_size,train_size,train_block,test_block,test_acc_vote
3,Hand,Rest,39.482194900512695,0.8928571428571429,1.0,"(84, 64, 1000)","(112, 64, 1000)",1234,567,0.8809523809523809
3,Feet,Rest,39.57219195365906,0.6428571428571429,1.0,"(84, 64, 1000)","(112, 64, 1000)",1234,567,0.5476190476190477
3,Tongue,Rest,41.41357064247131,0.8333333333333334,1.0,"(84, 64, 1000)","(112, 64, 1000)",1234,567,0.8095238095238095
3,Mis,Rest,40.94915699958801,0.8809523809523809,1.0,"(84, 64, 1000)","(112, 64, 1000)",1234,567,0.8571428571428572
