participant,class1,class2,running_time,test_acc,train_acc,test_size,train_size,train_block,test_block,test_acc_vote
4,Hand,Rest,39.72503042221069,0.8809523809523809,1.0,"(84, 64, 1000)","(112, 64, 1000)",1234,567,0.8809523809523809
4,Feet,Rest,39.621947050094604,0.7976190476190477,1.0,"(84, 64, 1000)","(112, 64, 1000)",1234,567,0.7619047619047619
4,Tongue,Rest,40.869481801986694,0.7261904761904762,1.0,"(84, 64, 1000)","(112, 64, 1000)",1234,567,0.6666666666666667
4,Mis,Rest,40.86032676696777,0.75,1.0,"(84, 64, 1000)","(112, 64, 1000)",1234,567,0.7142857142857143
