participant,class1,class2,running_time,test_acc,train_acc,test_size,train_size,train_block,test_block,test_acc_vote
9,Hand,Rest,39.46149730682373,0.8333333333333334,1.0,"(84, 64, 1000)","(112, 64, 1000)",1234,567,0.8214285714285714
9,Feet,Rest,40.01562285423279,0.9166666666666666,1.0,"(84, 64, 1000)","(112, 64, 1000)",1234,567,0.9047619047619048
9,Tongue,Rest,40.60516691207886,0.75,1.0,"(84, 64, 1000)","(112, 64, 1000)",1234,567,0.7380952380952381
9,Mis,Rest,40.85401630401611,0.8214285714285714,1.0,"(84, 64, 1000)","(112, 64, 1000)",1234,567,0.8214285714285714
