class,test_acc,vote_acc
Hand,0.611309523809524,0.6220238095238095
Feet,0.5732142857142857,0.5702380952380952
Tongue,0.5625,0.5642857142857143
Mis,0.5785714285714286,0.5714285714285715
