participant,class1,class2,running_time,test_acc,train_acc,test_size,train_size,train_block,test_block,test_acc_vote
10,Hand,Rest,26.162822484970093,0.6696428571428571,1.0,"(112, 64, 500)","(56, 64, 500)",1,67,0.6696428571428572
10,Feet,Rest,26.26775360107422,0.5,1.0,"(112, 64, 500)","(56, 64, 500)",1,67,0.5267857142857143
10,Tongue,Rest,26.357404232025143,0.5178571428571429,1.0,"(112, 64, 500)","(56, 64, 500)",1,67,0.5
10,Mis,Rest,26.385913848876953,0.6785714285714286,1.0,"(112, 64, 500)","(56, 64, 500)",1,67,0.6696428571428572
