participant,class1,class2,running_time,test_acc,train_acc,test_size,train_size,train_block,test_block,test_acc_vote
14,Hand,Rest,26.673093795776367,0.7410714285714286,1.0,"(112, 64, 500)","(56, 64, 500)",1,67,0.7410714285714286
14,Feet,Rest,26.267431497573853,0.5714285714285714,1.0,"(112, 64, 500)","(56, 64, 500)",1,67,0.5089285714285714
14,Tongue,Rest,26.28949475288391,0.5089285714285714,1.0,"(112, 64, 500)","(56, 64, 500)",1,67,0.4732142857142857
14,Mis,Rest,26.172195196151733,0.5357142857142857,1.0,"(112, 64, 500)","(56, 64, 500)",1,67,0.5535714285714286
