participant,class1,class2,running_time,test_acc,train_acc,test_size,train_size,train_block,test_block,test_acc_vote
19,Hand,Rest,26.746687650680546,0.5625,1.0,"(112, 64, 500)","(56, 64, 500)",1,67,0.5625
19,Feet,Rest,26.121635913848877,0.5178571428571429,1.0,"(112, 64, 500)","(56, 64, 500)",1,67,0.5357142857142857
19,Tongue,Rest,26.35955548286438,0.625,1.0,"(112, 64, 500)","(56, 64, 500)",1,67,0.625
19,Mis,Rest,26.411505937576294,0.5982142857142857,1.0,"(112, 64, 500)","(56, 64, 500)",1,67,0.5446428571428572
