participant,class1,class2,running_time,test_acc,train_acc,test_size,train_size,train_block,test_block,test_acc_vote
4,Hand,Rest,26.39191770553589,0.7410714285714286,1.0,"(112, 64, 500)","(56, 64, 500)",1,67,0.75
4,Feet,Rest,26.241812705993652,0.7321428571428571,1.0,"(112, 64, 500)","(56, 64, 500)",1,67,0.7857142857142857
4,Tongue,Rest,26.07414078712463,0.625,1.0,"(112, 64, 500)","(56, 64, 500)",1,67,0.5803571428571428
4,Mis,Rest,26.149068593978882,0.625,1.0,"(112, 64, 500)","(56, 64, 500)",1,67,0.625
