participant,class1,class2,running_time,test_acc,train_acc,test_size,train_size,train_block,test_block,test_acc_vote
6,Hand,Rest,26.06245994567871,0.5535714285714286,1.0,"(112, 64, 500)","(56, 64, 500)",1,67,0.5982142857142857
6,Feet,Rest,26.095871210098267,0.4910714285714285,1.0,"(112, 64, 500)","(56, 64, 500)",1,67,0.4642857142857143
6,Tongue,Rest,26.931849479675293,0.5267857142857143,1.0,"(112, 64, 500)","(56, 64, 500)",1,67,0.5892857142857143
6,Mis,Rest,25.95707392692566,0.5803571428571429,1.0,"(112, 64, 500)","(56, 64, 500)",1,67,0.5714285714285714
