participant,class1,class2,running_time,test_acc,train_acc,test_size,train_size,train_block,test_block,test_acc_vote
9,Hand,Rest,26.242769956588745,0.7678571428571429,1.0,"(112, 64, 500)","(56, 64, 500)",1,67,0.8035714285714286
9,Feet,Rest,26.365703344345093,0.4910714285714285,1.0,"(112, 64, 500)","(56, 64, 500)",1,67,0.4821428571428571
9,Tongue,Rest,26.252828121185303,0.4821428571428571,1.0,"(112, 64, 500)","(56, 64, 500)",1,67,0.4732142857142857
9,Mis,Rest,26.151371717453003,0.4375,1.0,"(112, 64, 500)","(56, 64, 500)",1,67,0.4375
