participant,class1,class2,running_time,test_acc,train_acc,test_size,train_size,train_block,test_block,test_acc_vote
11,Hand,Rest,59.57587218284607,0.5238095238095238,1.0,"(168, 64, 1000)","(28, 64, 1000)",1,234567,0.5
11,Feet,Rest,58.93386888504028,0.8392857142857143,1.0,"(168, 64, 1000)","(28, 64, 1000)",1,234567,0.8452380952380952
11,Tongue,Rest,58.34571671485901,0.5119047619047619,1.0,"(168, 64, 1000)","(28, 64, 1000)",1,234567,0.5059523809523809
11,Mis,Rest,58.54664158821106,0.5357142857142857,1.0,"(168, 64, 1000)","(28, 64, 1000)",1,234567,0.49404761904761907
