participant,class1,class2,running_time,test_acc,train_acc,test_size,train_size,train_block,test_block,test_acc_vote
5,Hand,Rest,58.916245460510254,0.4642857142857143,1.0,"(168, 64, 1000)","(28, 64, 1000)",1,234567,0.494047619047619
5,Feet,Rest,59.223015785217285,0.4821428571428571,1.0,"(168, 64, 1000)","(28, 64, 1000)",1,234567,0.5059523809523809
5,Tongue,Rest,59.85892701148987,0.5,1.0,"(168, 64, 1000)","(28, 64, 1000)",1,234567,0.5059523809523809
5,Mis,Rest,60.14479207992554,0.5,1.0,"(168, 64, 1000)","(28, 64, 1000)",1,234567,0.5059523809523809
