participant,class1,class2,running_time,test_acc,train_acc,test_size,train_size,train_block,test_block,test_acc_vote
9,Hand,Rest,58.77076458930969,0.5297619047619048,1.0,"(168, 64, 1000)","(28, 64, 1000)",1,234567,0.5
9,Feet,Rest,58.56938552856445,0.625,1.0,"(168, 64, 1000)","(28, 64, 1000)",1,234567,0.5773809523809523
9,Tongue,Rest,58.96663188934326,0.4523809523809524,1.0,"(168, 64, 1000)","(28, 64, 1000)",1,234567,0.4464285714285714
9,Mis,Rest,59.47971200942993,0.48214285714285715,1.0,"(168, 64, 1000)","(28, 64, 1000)",1,234567,0.47619047619047616
