participant,class1,class2,running_time,test_acc,train_acc,test_size,train_size,train_block,test_block,test_acc_vote
5,Hand,Rest,55.41052722930908,0.5952380952380952,0.9910714285714286,"(84, 64, 1000)","(112, 64, 1000)",1234,567,0.5476190476190477
5,Feet,Rest,56.75231385231018,0.6547619047619048,0.9910714285714286,"(84, 64, 1000)","(112, 64, 1000)",1234,567,0.6190476190476191
5,Tongue,Rest,57.010520219802856,0.75,0.9910714285714286,"(84, 64, 1000)","(112, 64, 1000)",1234,567,0.7380952380952381
5,Mis,Rest,57.40379524230957,0.6190476190476191,0.9821428571428571,"(84, 64, 1000)","(112, 64, 1000)",1234,567,0.5952380952380952
