participant,class1,class2,running_time,test_acc,train_acc,test_size,train_size,train_block,test_block,test_acc_vote
6,Hand,Rest,55.940417528152466,0.7261904761904762,1.0,"(84, 64, 1000)","(112, 64, 1000)",1234,567,0.6904761904761905
6,Feet,Rest,55.20921158790589,0.8452380952380952,0.9910714285714286,"(84, 64, 1000)","(112, 64, 1000)",1234,567,0.8333333333333334
6,Tongue,Rest,57.01978421211243,0.7380952380952381,1.0,"(84, 64, 1000)","(112, 64, 1000)",1234,567,0.7380952380952381
6,Mis,Rest,57.80756211280823,0.6428571428571429,1.0,"(84, 64, 1000)","(112, 64, 1000)",1234,567,0.6071428571428572
