participant,class1,class2,running_time,test_acc,train_acc,test_size,train_size,train_block,test_block,test_acc_vote
10,Hand,Rest,42.75619721412659,0.6696428571428571,1.0,"(112, 64, 500)","(112, 64, 500)",12,67,0.6607142857142857
10,Feet,Rest,56.68783259391785,0.5892857142857143,1.0,"(112, 64, 500)","(112, 64, 500)",12,67,0.6071428571428572
10,Tongue,Rest,31.76862215995789,0.5625,0.9642857142857144,"(112, 64, 500)","(112, 64, 500)",12,67,0.5714285714285714
10,Mis,Rest,29.14757513999939,0.7410714285714286,0.9910714285714286,"(112, 64, 500)","(112, 64, 500)",12,67,0.7410714285714286
