participant,class1,class2,running_time,test_acc,train_acc,test_size,train_size,train_block,test_block,test_acc_vote
18,Hand,Rest,36.85139727592468,0.5982142857142857,0.9910714285714286,"(112, 64, 500)","(112, 64, 500)",12,67,0.5892857142857143
18,Feet,Rest,32.66177034378052,0.6517857142857143,0.9732142857142856,"(112, 64, 500)","(112, 64, 500)",12,67,0.625
18,Tongue,Rest,30.718973398208615,0.7053571428571429,0.9821428571428572,"(112, 64, 500)","(112, 64, 500)",12,67,0.7678571428571428
18,Mis,Rest,42.061914682388306,0.6696428571428571,1.0,"(112, 64, 500)","(112, 64, 500)",12,67,0.6875
