participant,class1,class2,running_time,test_acc,train_acc,test_size,train_size,train_block,test_block,test_acc_vote
6,Hand,Rest,56.029300689697266,0.7380952380952381,1.0,"(84, 64, 1000)","(112, 64, 1000)",1234,567,0.7261904761904762
6,Feet,Rest,55.14846301078797,0.75,1.0,"(84, 64, 1000)","(112, 64, 1000)",1234,567,0.75
6,Tongue,Rest,57.960288763046265,0.75,1.0,"(84, 64, 1000)","(112, 64, 1000)",1234,567,0.7619047619047619
6,Mis,Rest,57.98366379737854,0.7023809523809523,1.0,"(84, 64, 1000)","(112, 64, 1000)",1234,567,0.6666666666666667
