participant,class1,class2,running_time,test_acc,train_acc,test_size,train_size,train_block,test_block,test_acc_vote
13,Hand,Rest,124.0785026550293,0.6857798165137615,1.0,"(436, 64, 1000)","(327, 64, 1000)",123,4567,0.6834862385321101
13,Feet,Rest,124.80408716201782,0.7545871559633027,1.0,"(436, 64, 1000)","(327, 64, 1000)",123,4567,0.7706422018348624
13,Tongue,Rest,127.93582677841188,0.7729357798165137,1.0,"(436, 64, 1000)","(327, 64, 1000)",123,4567,0.786697247706422
13,Mis,Rest,127.09443807601929,0.7247706422018348,1.0,"(436, 64, 1000)","(327, 64, 1000)",123,4567,0.7339449541284404
