participant,class1,class2,running_time,test_acc,train_acc,test_size,train_size,train_block,test_block,test_acc_vote
9,Hand,Rest,123.78550410270692,0.8623853211009175,1.0,"(436, 64, 1000)","(327, 64, 1000)",123,4567,0.8807339449541285
9,Feet,Rest,124.5583746433258,0.8784403669724771,1.0,"(436, 64, 1000)","(327, 64, 1000)",123,4567,0.8830275229357798
9,Tongue,Rest,126.92598962783812,0.676605504587156,1.0,"(436, 64, 1000)","(327, 64, 1000)",123,4567,0.676605504587156
9,Mis,Rest,125.41836071014404,0.694954128440367,1.0,"(436, 64, 1000)","(327, 64, 1000)",123,4567,0.7110091743119267
