participant,class1,class2,running_time,test_acc,train_acc,test_size,train_size,train_block,test_block,test_acc_vote
11,Hand,Rest,100.23595309257507,0.8198198198198198,1.0,"(222, 64, 500)","(555, 64, 500)",12345,67,0.8603603603603603
11,Feet,Rest,100.87327790260316,0.8558558558558559,1.0,"(222, 64, 500)","(555, 64, 500)",12345,67,0.8558558558558559
11,Tongue,Rest,99.9004771709442,0.6396396396396397,1.0,"(222, 64, 500)","(555, 64, 500)",12345,67,0.6351351351351351
11,Mis,Rest,101.27714896202087,0.6261261261261262,1.0,"(222, 64, 500)","(555, 64, 500)",12345,67,0.6216216216216216
