participant,class1,class2,running_time,test_acc,train_acc,test_size,train_size,train_block,test_block,test_acc_vote
19,Hand,Rest,100.3435115814209,0.8198198198198198,1.0,"(222, 64, 500)","(555, 64, 500)",12345,67,0.8513513513513513
19,Feet,Rest,100.74654650688171,0.6891891891891891,1.0,"(222, 64, 500)","(555, 64, 500)",12345,67,0.6936936936936937
19,Tongue,Rest,101.59487533569336,0.8198198198198198,1.0,"(222, 64, 500)","(555, 64, 500)",12345,67,0.8468468468468469
19,Mis,Rest,101.29174208641052,0.7207207207207207,1.0,"(222, 64, 500)","(555, 64, 500)",12345,67,0.7567567567567568
