participant,class1,class2,running_time,test_acc,train_acc,test_size,train_size,train_block,test_block,test_acc_vote
14,Hand,Rest,68.75829720497131,0.875,0.975,"(112, 64, 500)","(280, 64, 500)",12345,67,0.8571428571428572
14,Feet,Rest,68.72637152671814,0.7053571428571429,0.9464285714285714,"(112, 64, 500)","(280, 64, 500)",12345,67,0.7410714285714286
14,Tongue,Rest,69.84014129638672,0.6607142857142857,0.9678571428571427,"(112, 64, 500)","(280, 64, 500)",12345,67,0.6339285714285714
14,Mis,Rest,69.15098714828491,0.6696428571428571,0.9392857142857143,"(112, 64, 500)","(280, 64, 500)",12345,67,0.6964285714285714
