participant,class1,class2,running_time,test_acc,train_acc,test_size,train_size,train_block,test_block,test_acc_vote
17,Hand,Rest,68.81153893470764,0.7678571428571429,0.925,"(112, 64, 500)","(280, 64, 500)",12345,67,0.8125
17,Feet,Rest,68.66795301437378,0.7053571428571429,0.8785714285714286,"(112, 64, 500)","(280, 64, 500)",12345,67,0.7053571428571428
17,Tongue,Rest,69.35836625099182,0.7946428571428571,0.8821428571428571,"(112, 64, 500)","(280, 64, 500)",12345,67,0.8125
17,Mis,Rest,69.84858775138855,0.8303571428571429,0.9321428571428572,"(112, 64, 500)","(280, 64, 500)",12345,67,0.8392857142857143
