participant,class1,class2,running_time,test_acc,train_acc,test_size,train_size,train_block,test_block,test_acc_vote
18,Hand,Rest,68.87903237342834,0.7410714285714286,0.9035714285714286,"(112, 64, 500)","(280, 64, 500)",12345,67,0.7589285714285714
18,Feet,Rest,68.67315149307251,0.7053571428571429,0.95,"(112, 64, 500)","(280, 64, 500)",12345,67,0.7321428571428572
18,Tongue,Rest,68.79592251777649,0.8035714285714286,0.9321428571428572,"(112, 64, 500)","(280, 64, 500)",12345,67,0.7946428571428572
18,Mis,Rest,68.6084291934967,0.7946428571428571,0.9357142857142857,"(112, 64, 500)","(280, 64, 500)",12345,67,0.8392857142857143
