participant,class1,class2,running_time,test_acc,train_acc,test_size,train_size,train_block,test_block,test_acc_vote
11,Hand,Rest,147.10534358024597,0.8119266055045872,1.0,"(218, 64, 1000)","(545, 64, 1000)",12345,67,0.8394495412844036
11,Feet,Rest,147.84351992607117,0.8761467889908257,1.0,"(218, 64, 1000)","(545, 64, 1000)",12345,67,0.8853211009174312
11,Tongue,Rest,145.73646020889282,0.6146788990825688,1.0,"(218, 64, 1000)","(545, 64, 1000)",12345,67,0.6009174311926606
11,Mis,Rest,145.99006843566895,0.6697247706422018,1.0,"(218, 64, 1000)","(545, 64, 1000)",12345,67,0.6605504587155964
