participant,class1,class2,running_time,test_acc,train_acc,test_size,train_size,train_block,test_block,test_acc_vote
15,Hand,Rest,137.7449643611908,0.8532110091743119,1.0,"(218, 64, 1000)","(509, 64, 1000)",12345,67,0.8486238532110092
15,Feet,Rest,147.3861482143402,0.7522935779816514,1.0,"(218, 64, 1000)","(545, 64, 1000)",12345,67,0.7522935779816513
15,Tongue,Rest,145.74753856658936,0.6743119266055045,1.0,"(218, 64, 1000)","(545, 64, 1000)",12345,67,0.6926605504587156
15,Mis,Rest,144.66274213790894,0.7522935779816514,1.0,"(218, 64, 1000)","(545, 64, 1000)",12345,67,0.7339449541284404
