participant,class1,class2,running_time,test_acc,train_acc,test_size,train_size,train_block,test_block,test_acc_vote
17,Hand,Rest,145.47000217437744,0.7981651376146789,1.0,"(218, 64, 1000)","(545, 64, 1000)",12345,67,0.8073394495412844
17,Feet,Rest,147.1530168056488,0.7477064220183486,1.0,"(218, 64, 1000)","(545, 64, 1000)",12345,67,0.7431192660550459
17,Tongue,Rest,144.75741910934448,0.7935779816513762,1.0,"(218, 64, 1000)","(545, 64, 1000)",12345,67,0.8073394495412844
17,Mis,Rest,145.44722151756287,0.7477064220183486,1.0,"(218, 64, 1000)","(545, 64, 1000)",12345,67,0.7339449541284404
