participant,class1,class2,running_time,test_acc,train_acc,test_size,train_size,train_block,test_block,test_acc_vote
18,Hand,Rest,145.90843296051025,0.6743119266055045,1.0,"(218, 64, 1000)","(545, 64, 1000)",12345,67,0.6972477064220184
18,Feet,Rest,145.49727511405945,0.7568807339449541,1.0,"(218, 64, 1000)","(545, 64, 1000)",12345,67,0.7614678899082569
18,Tongue,Rest,145.445246219635,0.7752293577981652,1.0,"(218, 64, 1000)","(545, 64, 1000)",12345,67,0.7568807339449541
18,Mis,Rest,147.09707880020142,0.7201834862385321,1.0,"(218, 64, 1000)","(545, 64, 1000)",12345,67,0.7201834862385321
