participant,class1,class2,running_time,test_acc,train_acc,test_size,train_size,train_block,test_block,test_acc_vote
5,Hand,Rest,145.25157928466797,0.6146788990825688,1.0,"(218, 64, 1000)","(545, 64, 1000)",12345,67,0.5963302752293578
5,Feet,Rest,144.6746563911438,0.7293577981651376,1.0,"(218, 64, 1000)","(545, 64, 1000)",12345,67,0.7477064220183487
5,Tongue,Rest,145.18742895126343,0.7614678899082569,1.0,"(218, 64, 1000)","(545, 64, 1000)",12345,67,0.7568807339449541
5,Mis,Rest,145.838853597641,0.8623853211009175,1.0,"(218, 64, 1000)","(545, 64, 1000)",12345,67,0.8715596330275229
