participant,class1,class2,running_time,test_acc,train_acc,test_size,train_size,train_block,test_block,test_acc_vote
11,Hand,Rest,99.42264747619627,0.9761904761904762,0.9732142857142856,"(84, 64, 1000)","(112, 64, 1000)",1234,67,0.9761904761904762
11,Feet,Rest,103.57689142227171,0.9285714285714286,1.0,"(84, 64, 1000)","(112, 64, 1000)",1234,67,0.9166666666666666
11,Tongue,Rest,103.52186679840088,0.75,0.9910714285714286,"(84, 64, 1000)","(112, 64, 1000)",1234,67,0.7261904761904762
11,Mis,Rest,95.8839840888977,0.7976190476190477,0.9910714285714286,"(84, 64, 1000)","(112, 64, 1000)",1234,67,0.7380952380952381
