participant,class1,class2,running_time,test_acc,train_acc,test_size,train_size,train_block,test_block,test_acc_vote
13,Hand,Rest,102.21537899971008,0.6428571428571429,0.9375,"(84, 64, 1000)","(112, 64, 1000)",1234,67,0.5952380952380952
13,Feet,Rest,100.68033814430235,0.8452380952380952,0.9464285714285714,"(84, 64, 1000)","(112, 64, 1000)",1234,67,0.8452380952380952
13,Tongue,Rest,100.4984049797058,0.8095238095238095,1.0,"(84, 64, 1000)","(112, 64, 1000)",1234,67,0.8095238095238095
13,Mis,Rest,98.29931926727295,0.7976190476190477,0.9732142857142857,"(84, 64, 1000)","(112, 64, 1000)",1234,67,0.7380952380952381
