participant,class1,class2,running_time,test_acc,train_acc,test_size,train_size,train_block,test_block,test_acc_vote
14,Hand,Rest,98.07011342048644,0.8571428571428571,1.0,"(84, 64, 1000)","(112, 64, 1000)",1234,67,0.8095238095238095
14,Feet,Rest,97.28307485580444,0.8690476190476191,1.0,"(84, 64, 1000)","(112, 64, 1000)",1234,67,0.8333333333333334
14,Tongue,Rest,103.17332053184508,0.6190476190476191,1.0,"(84, 64, 1000)","(112, 64, 1000)",1234,67,0.5952380952380952
14,Mis,Rest,99.13023138046265,0.8214285714285714,0.9821428571428571,"(84, 64, 1000)","(112, 64, 1000)",1234,67,0.8690476190476191
