participant,class1,class2,running_time,test_acc,train_acc,test_size,train_size,train_block,test_block,test_acc_vote
19,Hand,Rest,102.85060715675354,0.9285714285714286,0.9732142857142856,"(84, 64, 1000)","(112, 64, 1000)",1234,67,0.9047619047619048
19,Feet,Rest,100.5930187702179,0.7142857142857143,0.9642857142857144,"(84, 64, 1000)","(112, 64, 1000)",1234,67,0.6190476190476191
19,Tongue,Rest,97.29374098777772,0.8690476190476191,0.9642857142857144,"(84, 64, 1000)","(112, 64, 1000)",1234,67,0.8333333333333334
19,Mis,Rest,100.81249499320984,0.7976190476190477,0.9732142857142857,"(84, 64, 1000)","(112, 64, 1000)",1234,67,0.7261904761904762
