participant,class1,class2,running_time,test_acc,train_acc,test_size,train_size,train_block,test_block,test_acc_vote
9,Hand,Rest,100.64799189567566,0.8214285714285714,0.9821428571428572,"(84, 64, 1000)","(112, 64, 1000)",1234,67,0.7738095238095238
9,Feet,Rest,97.82207727432252,0.9523809523809524,0.9910714285714286,"(84, 64, 1000)","(112, 64, 1000)",1234,67,0.9404761904761904
9,Tongue,Rest,100.51628994941711,0.7857142857142857,0.9910714285714286,"(84, 64, 1000)","(112, 64, 1000)",1234,67,0.7380952380952381
9,Mis,Rest,97.98517489433289,0.7619047619047619,0.9642857142857143,"(84, 64, 1000)","(112, 64, 1000)",1234,67,0.7380952380952381
