participant,class1,class2,running_time,test_acc,train_acc,test_size,train_size,train_block,test_block,test_acc_vote
9,Hand,Rest,49.80370545387268,0.5654761904761905,1.0,"(168, 64, 1000)","(28, 64, 1000)",1,234567,0.5178571428571428
9,Feet,Rest,49.32422471046448,0.3988095238095238,1.0,"(168, 64, 1000)","(28, 64, 1000)",1,234567,0.369047619047619
9,Tongue,Rest,51.32935905456543,0.4761904761904761,1.0,"(168, 64, 1000)","(28, 64, 1000)",1,234567,0.494047619047619
9,Mis,Rest,51.21023416519165,0.5595238095238095,1.0,"(168, 64, 1000)","(28, 64, 1000)",1,234567,0.5178571428571428
