participant,class1,class2,running_time,test_acc,train_acc,test_size,train_size,train_block,test_block,test_acc_vote
11,Hand,Rest,57.13027858734131,0.9285714285714286,0.9910714285714286,"(84, 64, 1000)","(112, 64, 1000)",1234,567,0.9166666666666666
11,Feet,Rest,56.53239035606384,0.9642857142857144,1.0,"(84, 64, 1000)","(112, 64, 1000)",1234,567,0.9642857142857144
11,Tongue,Rest,57.81483340263367,0.6904761904761905,0.9821428571428572,"(84, 64, 1000)","(112, 64, 1000)",1234,567,0.6785714285714286
11,Mis,Rest,57.716041564941406,0.7619047619047619,1.0,"(84, 64, 1000)","(112, 64, 1000)",1234,567,0.7857142857142857
