participant,class1,class2,running_time,test_acc,train_acc,test_size,train_size,train_block,test_block,test_acc_vote
14,Hand,Rest,56.46885919570923,0.9523809523809524,0.9910714285714286,"(84, 64, 1000)","(112, 64, 1000)",1234,567,0.9285714285714286
14,Feet,Rest,56.427589654922485,0.8690476190476191,0.9910714285714286,"(84, 64, 1000)","(112, 64, 1000)",1234,567,0.8690476190476191
14,Tongue,Rest,57.93082046508789,0.6190476190476191,0.9910714285714286,"(84, 64, 1000)","(112, 64, 1000)",1234,567,0.5952380952380952
14,Mis,Rest,57.91929507255554,0.8095238095238095,1.0,"(84, 64, 1000)","(112, 64, 1000)",1234,567,0.8095238095238095
