participant,class1,class2,running_time,test_acc,train_acc,test_size,train_size,train_block,test_block,test_acc_vote
12,Hand,Rest,17.637474060058594,0.75,0.988095238095238,"(28, 64, 1123)","(84, 64, 1123)",123,28 randomly chosen!,0.75
12,Feet,Rest,17.260107040405273,0.7142857142857143,0.988095238095238,"(28, 64, 1123)","(84, 64, 1123)",123,28 randomly chosen!,0.75
12,Tongue,Rest,20.10368847846985,0.6071428571428571,0.988095238095238,"(28, 64, 1123)","(84, 64, 1123)",123,28 randomly chosen!,0.6785714285714286
12,Mis,Rest,17.49581789970398,0.8214285714285714,1.0,"(28, 64, 1123)","(84, 64, 1123)",123,28 randomly chosen!,0.8571428571428572
