participant,class1,class2,running_time,test_acc,train_acc,test_size,train_size,train_block,test_block,test_acc_vote
5,Hand,Rest,17.908144235610962,0.6785714285714286,1.0,"(28, 64, 1123)","(84, 64, 1123)",123,28 randomly chosen!,0.6785714285714286
5,Feet,Rest,17.744258880615234,0.8928571428571429,0.988095238095238,"(28, 64, 1123)","(84, 64, 1123)",123,28 randomly chosen!,0.9285714285714286
5,Tongue,Rest,17.406646013259888,0.7857142857142857,1.0,"(28, 64, 1123)","(84, 64, 1123)",123,28 randomly chosen!,0.8928571428571429
5,Mis,Rest,17.606477737426758,0.8571428571428571,1.0,"(28, 64, 1123)","(84, 64, 1123)",123,28 randomly chosen!,0.8571428571428572
