participant,class1,class2,running_time,test_acc,train_acc,test_size,train_size,train_block,test_block,test_acc_vote
10,Hand,Rest,49.333728551864624,0.65625,1.0,"(224, 64, 250)","(224, 64, 250)",12,67,0.6875
10,Feet,Rest,49.81155729293823,0.5848214285714286,1.0,"(224, 64, 250)","(224, 64, 250)",12,67,0.5892857142857143
10,Tongue,Rest,49.77922439575195,0.5714285714285714,0.9955357142857144,"(224, 64, 250)","(224, 64, 250)",12,67,0.5803571428571428
10,Mis,Rest,49.66338634490967,0.6026785714285714,1.0,"(224, 64, 250)","(224, 64, 250)",12,67,0.5892857142857143
