participant,class1,class2,running_time,test_acc,train_acc,test_size,train_size,train_block,test_block,test_acc_vote
16,Hand,Rest,50.08561611175537,0.6071428571428571,1.0,"(224, 64, 250)","(224, 64, 250)",12,67,0.6026785714285714
16,Feet,Rest,49.35379219055176,0.6741071428571429,1.0,"(224, 64, 250)","(224, 64, 250)",12,67,0.7142857142857143
16,Tongue,Rest,49.92683458328247,0.7589285714285714,0.9464285714285714,"(224, 64, 250)","(224, 64, 250)",12,67,0.8214285714285714
16,Mis,Rest,49.785518646240234,0.6696428571428571,1.0,"(224, 64, 250)","(224, 64, 250)",12,67,0.6696428571428572
