participant,class1,class2,running_time,test_acc,train_acc,test_size,train_size,train_block,test_block,test_acc_vote
14,Hand,Rest,74.52322721481323,0.9047619047619048,1.0,"(84, 64, 1000)","(112, 64, 1000)",1234,567,0.8809523809523809
14,Feet,Rest,60.45300889015198,0.8214285714285714,1.0,"(84, 64, 1000)","(112, 64, 1000)",1234,567,0.7976190476190477
14,Tongue,Rest,62.239362716674805,0.6904761904761905,1.0,"(84, 64, 1000)","(112, 64, 1000)",1234,567,0.6785714285714286
14,Mis,Rest,62.13879466056824,0.75,1.0,"(84, 64, 1000)","(112, 64, 1000)",1234,567,0.7380952380952381
