participant,class1,class2,running_time,test_acc,train_acc,test_size,train_size,train_block,test_block,test_acc_vote
13,Hand,Rest,30.175607204437256,0.5405405405405406,0.972972972972973,"(222, 64, 500)","(111, 64, 500)",1,67,0.5405405405405406
13,Feet,Rest,39.260756731033325,0.6171171171171171,0.981981981981982,"(222, 64, 500)","(111, 64, 500)",1,67,0.6081081081081081
13,Tongue,Rest,31.853987216949463,0.6261261261261262,0.981981981981982,"(222, 64, 500)","(111, 64, 500)",1,67,0.6396396396396397
13,Mis,Rest,36.819562673568726,0.5495495495495496,1.0,"(222, 64, 500)","(111, 64, 500)",1,67,0.5360360360360361
