participant,class1,class2,running_time,test_acc,train_acc,test_size,train_size,train_block,test_block,test_acc_vote
16,Hand,Rest,32.42926812171936,0.5855855855855856,1.0,"(222, 64, 500)","(111, 64, 500)",1,67,0.5765765765765766
16,Feet,Rest,33.31720948219299,0.5405405405405406,1.0,"(222, 64, 500)","(111, 64, 500)",1,67,0.5180180180180181
16,Tongue,Rest,31.390623092651367,0.5765765765765766,1.0,"(222, 64, 500)","(111, 64, 500)",1,67,0.5900900900900901
16,Mis,Rest,29.656463861465454,0.6576576576576577,1.0,"(222, 64, 500)","(111, 64, 500)",1,67,0.6711711711711712
