participant,class1,class2,running_time,test_acc,train_acc,test_size,train_size,train_block,test_block,test_acc_vote
7,Hand,Rest,59.534876346588135,0.5315315315315315,1.0,"(222, 64, 500)","(111, 64, 500)",1,67,0.527027027027027
7,Feet,Rest,31.04586935043335,0.6531531531531531,1.0,"(222, 64, 500)","(111, 64, 500)",1,67,0.6621621621621622
7,Tongue,Rest,33.417675256729126,0.481981981981982,1.0,"(222, 64, 500)","(111, 64, 500)",1,67,0.472972972972973
7,Mis,Rest,37.57205104827881,0.6441441441441441,1.0,"(222, 64, 500)","(111, 64, 500)",1,67,0.6801801801801801
