class,test_acc,vote_acc
Hand,0.8017857142857142,0.80625
Feet,0.7589285714285714,0.7580357142857143
Tongue,0.7151785714285713,0.7107142857142856
Mis,0.7258928571428571,0.7383928571428571
