participant,class1,class2,running_time,test_acc,train_acc,test_size,train_size,train_block,test_block,test_acc_vote
10,Hand,Rest,74.23979806900024,0.7053571428571429,1.0,"(112, 64, 500)","(280, 64, 500)",12345,67,0.6785714285714286
10,Feet,Rest,77.57993459701538,0.6785714285714286,1.0,"(112, 64, 500)","(280, 64, 500)",12345,67,0.6517857142857143
10,Tongue,Rest,79.74255537986755,0.6339285714285714,1.0,"(112, 64, 500)","(280, 64, 500)",12345,67,0.5982142857142857
10,Mis,Rest,74.36394929885864,0.7321428571428571,1.0,"(112, 64, 500)","(280, 64, 500)",12345,67,0.7232142857142857
