participant,class1,class2,running_time,test_acc,train_acc,test_size,train_size,train_block,test_block,test_acc_vote
11,Hand,Rest,74.15086889266968,0.8839285714285714,1.0,"(112, 64, 500)","(280, 64, 500)",12345,67,0.875
11,Feet,Rest,80.07762145996094,0.8928571428571429,1.0,"(112, 64, 500)","(280, 64, 500)",12345,67,0.9017857142857144
11,Tongue,Rest,81.62779784202576,0.6696428571428571,1.0,"(112, 64, 500)","(280, 64, 500)",12345,67,0.6428571428571428
11,Mis,Rest,81.4646430015564,0.7053571428571429,1.0,"(112, 64, 500)","(280, 64, 500)",12345,67,0.7321428571428572
