participant,class1,class2,running_time,test_acc,train_acc,test_size,train_size,train_block,test_block,test_acc_vote
5,Hand,Rest,77.40230226516724,0.7678571428571429,1.0,"(112, 64, 500)","(280, 64, 500)",12345,67,0.7946428571428572
5,Feet,Rest,76.70571160316467,0.8125,1.0,"(112, 64, 500)","(280, 64, 500)",12345,67,0.7946428571428572
5,Tongue,Rest,73.08464741706848,0.7767857142857143,1.0,"(112, 64, 500)","(280, 64, 500)",12345,67,0.8660714285714286
5,Mis,Rest,75.54917407035828,0.7857142857142857,1.0,"(112, 64, 500)","(280, 64, 500)",12345,67,0.8125
