participant,class1,class2,running_time,test_acc,train_acc,test_size,train_size,train_block,test_block,test_acc_vote
6,Hand,Rest,71.98547554016113,0.7410714285714286,1.0,"(112, 64, 500)","(280, 64, 500)",12345,67,0.8303571428571428
6,Feet,Rest,77.62946915626526,0.7053571428571429,1.0,"(112, 64, 500)","(280, 64, 500)",12345,67,0.6964285714285714
6,Tongue,Rest,77.64096164703369,0.7410714285714286,1.0,"(112, 64, 500)","(280, 64, 500)",12345,67,0.7321428571428572
6,Mis,Rest,73.78978657722473,0.6964285714285714,1.0,"(112, 64, 500)","(280, 64, 500)",12345,67,0.6875
