participant,class1,class2,running_time,test_acc,train_acc,test_size,train_size,train_block,test_block,test_acc_vote
7,Hand,Rest,72.853755235672,0.7410714285714286,1.0,"(112, 64, 500)","(280, 64, 500)",12345,67,0.7589285714285714
7,Feet,Rest,76.17435669898987,0.8392857142857143,1.0,"(112, 64, 500)","(280, 64, 500)",12345,67,0.875
7,Tongue,Rest,77.78703927993774,0.6428571428571429,1.0,"(112, 64, 500)","(280, 64, 500)",12345,67,0.6339285714285714
7,Mis,Rest,76.18843674659729,0.7767857142857143,1.0,"(112, 64, 500)","(280, 64, 500)",12345,67,0.7857142857142857
