class,test_acc,vote_acc
Hand,0.7314285714285715,0.7100000000000001
Feet,0.6900000000000001,0.6599999999999999
Tongue,0.6142857142857142,0.5878571428571429
Mis,0.5835714285714286,0.5707142857142857
