participant,class1,class2,running_time,test_acc,train_acc,test_size,train_size,train_block,test_block,test_acc_vote
3,Hand,Rest,48.65634059906006,0.5779816513761468,1.0,"(218, 64, 1000)","(109, 64, 1000)",1,67,0.5642201834862386
3,Feet,Rest,47.8141508102417,0.5091743119266054,1.0,"(218, 64, 1000)","(109, 64, 1000)",1,67,0.5045871559633027
3,Tongue,Rest,47.809733390808105,0.4174311926605504,0.981651376146789,"(218, 64, 1000)","(109, 64, 1000)",1,67,0.3944954128440366
3,Mis,Rest,48.09529089927673,0.7201834862385321,0.9724770642201835,"(218, 64, 1000)","(109, 64, 1000)",1,67,0.7293577981651376
