participant,class1,class2,running_time,test_acc,train_acc,test_size,train_size,train_block,test_block,test_acc_vote
7,Hand,Rest,55.27712655067444,0.7410714285714286,1.0,"(112, 64, 1000)","(84, 64, 1000)",123,4567,0.6607142857142857
7,Feet,Rest,54.64552617073059,0.8214285714285714,1.0,"(112, 64, 1000)","(84, 64, 1000)",123,4567,0.7946428571428572
7,Tongue,Rest,58.09363913536072,0.7857142857142857,1.0,"(112, 64, 1000)","(84, 64, 1000)",123,4567,0.7857142857142857
7,Mis,Rest,57.51871347427368,0.6339285714285714,1.0,"(112, 64, 1000)","(84, 64, 1000)",123,4567,0.5625
