participant,class1,class2,running_time,test_acc,train_acc,test_size,train_size,train_block,test_block,test_acc_vote
14,Hand,Rest,37.87883520126343,0.9285714285714286,1.0,"(56, 64, 1000)","(140, 64, 1000)",12345,67,0.9107142857142856
14,Feet,Rest,37.55406165122986,0.8571428571428571,1.0,"(56, 64, 1000)","(140, 64, 1000)",12345,67,0.8214285714285714
14,Tongue,Rest,38.84934282302856,0.75,1.0,"(56, 64, 1000)","(140, 64, 1000)",12345,67,0.7678571428571428
14,Mis,Rest,39.25440049171448,0.7321428571428571,0.9857142857142858,"(56, 64, 1000)","(140, 64, 1000)",12345,67,0.75
