participant,class1,class2,running_time,test_acc,train_acc,test_size,train_size,train_block,test_block,test_acc_vote
9,Hand,Rest,38.131059408187866,0.9464285714285714,0.9714285714285714,"(56, 64, 1000)","(140, 64, 1000)",12345,67,0.8928571428571429
9,Feet,Rest,38.391539573669434,0.8928571428571429,0.9928571428571428,"(56, 64, 1000)","(140, 64, 1000)",12345,67,0.8571428571428572
9,Tongue,Rest,38.904789447784424,0.6607142857142857,0.9714285714285714,"(56, 64, 1000)","(140, 64, 1000)",12345,67,0.6607142857142857
9,Mis,Rest,39.355528831481934,0.6964285714285714,0.9714285714285714,"(56, 64, 1000)","(140, 64, 1000)",12345,67,0.6964285714285714
