participant,class1,class2,running_time,test_acc,train_acc,test_size,train_size,train_block,test_block,test_acc_vote
10,Hand,Rest,40.118014097213745,0.6214285714285714,1.0,"(140, 64, 1000)","(56, 64, 1000)",12,34567,0.5642857142857143
10,Feet,Rest,39.76455569267273,0.6142857142857143,1.0,"(140, 64, 1000)","(56, 64, 1000)",12,34567,0.5928571428571429
10,Tongue,Rest,41.39350986480713,0.6642857142857143,1.0,"(140, 64, 1000)","(56, 64, 1000)",12,34567,0.6285714285714286
10,Mis,Rest,41.290544509887695,0.6571428571428571,1.0,"(140, 64, 1000)","(56, 64, 1000)",12,34567,0.6285714285714286
