participant,class1,class2,running_time,test_acc,train_acc,test_size,train_size,train_block,test_block,test_acc_vote
14,Hand,Rest,39.89541339874267,0.7928571428571428,1.0,"(140, 64, 1000)","(56, 64, 1000)",12,34567,0.7285714285714286
14,Feet,Rest,40.032111167907715,0.6,1.0,"(140, 64, 1000)","(56, 64, 1000)",12,34567,0.5857142857142856
14,Tongue,Rest,41.83730053901672,0.6785714285714286,1.0,"(140, 64, 1000)","(56, 64, 1000)",12,34567,0.6785714285714286
14,Mis,Rest,41.297266721725464,0.5357142857142857,1.0,"(140, 64, 1000)","(56, 64, 1000)",12,34567,0.5285714285714286
