participant,class1,class2,running_time,test_acc,train_acc,test_size,train_size,train_block,test_block,test_acc_vote
3,Hand,Rest,39.87583804130554,0.6,1.0,"(140, 64, 1000)","(56, 64, 1000)",12,34567,0.55
3,Feet,Rest,40.25881791114807,0.6071428571428571,1.0,"(140, 64, 1000)","(56, 64, 1000)",12,34567,0.5928571428571429
3,Tongue,Rest,41.298096895217896,0.6142857142857143,1.0,"(140, 64, 1000)","(56, 64, 1000)",12,34567,0.5785714285714285
3,Mis,Rest,41.4835102558136,0.6785714285714286,1.0,"(140, 64, 1000)","(56, 64, 1000)",12,34567,0.6357142857142857
