participant,class1,class2,running_time,test_acc,train_acc,test_size,train_size,train_block,test_block,test_acc_vote
6,Hand,Rest,40.475937604904175,0.6714285714285714,1.0,"(140, 64, 1000)","(56, 64, 1000)",12,34567,0.6285714285714286
6,Feet,Rest,39.99727964401245,0.7928571428571428,1.0,"(140, 64, 1000)","(56, 64, 1000)",12,34567,0.7357142857142858
6,Tongue,Rest,41.029370069503784,0.5357142857142857,1.0,"(140, 64, 1000)","(56, 64, 1000)",12,34567,0.5428571428571429
6,Mis,Rest,41.63197422027588,0.5214285714285715,1.0,"(140, 64, 1000)","(56, 64, 1000)",12,34567,0.5214285714285714
