participant,class1,class2,running_time,test_acc,train_acc,test_size,train_size,train_block,test_block,test_acc_vote
9,Hand,Rest,39.71346831321716,0.8642857142857143,1.0,"(140, 64, 1000)","(56, 64, 1000)",12,34567,0.8357142857142857
9,Feet,Rest,39.672664165496826,0.8142857142857143,1.0,"(140, 64, 1000)","(56, 64, 1000)",12,34567,0.7857142857142857
9,Tongue,Rest,41.23058867454529,0.7214285714285714,1.0,"(140, 64, 1000)","(56, 64, 1000)",12,34567,0.7
9,Mis,Rest,41.21011137962341,0.37857142857142856,1.0,"(140, 64, 1000)","(56, 64, 1000)",12,34567,0.3571428571428571
