participant,class1,class2,running_time,test_acc,train_acc,test_size,train_size,train_block,test_block,test_acc_vote
18,Hand,Rest,205.64142370224,0.6697247706422018,0.8642201834862385,"(218, 64, 1000)","(545, 64, 1000)",12345,67,0.6834862385321101
18,Feet,Rest,229.61241960525513,0.6926605504587156,0.9174311926605504,"(218, 64, 1000)","(545, 64, 1000)",12345,67,0.6788990825688073
18,Tongue,Rest,211.09582591056824,0.8623853211009175,0.9155963302752294,"(218, 64, 1000)","(545, 64, 1000)",12345,67,0.8715596330275229
18,Mis,Rest,227.66140031814575,0.8211009174311926,0.9321100917431193,"(218, 64, 1000)","(545, 64, 1000)",12345,67,0.8348623853211009
