participant,class1,class2,running_time,test_acc,train_acc,test_size,train_size,train_block,test_block,test_acc_vote
3,Hand,Rest,169.01979041099548,0.8623853211009175,0.906422018348624,"(218, 64, 1000)","(545, 64, 1000)",12345,67,0.8715596330275229
3,Feet,Rest,131.98355650901794,0.6697247706422018,0.8990825688073395,"(218, 64, 1000)","(545, 64, 1000)",12345,67,0.6880733944954128
3,Tongue,Rest,151.80207800865173,0.7660550458715596,0.8880733944954129,"(218, 64, 1000)","(545, 64, 1000)",12345,67,0.7889908256880733
3,Mis,Rest,153.96937227249146,0.8577981651376146,0.9155963302752294,"(218, 64, 1000)","(545, 64, 1000)",12345,67,0.8577981651376146
