participant,class1,class2,running_time,test_acc,train_acc,test_size,train_size,train_block,test_block,test_acc_vote
4,Hand,Rest,149.19043564796448,0.8853211009174312,0.9394495412844036,"(218, 64, 1000)","(545, 64, 1000)",12345,67,0.8853211009174312
4,Feet,Rest,150.03939533233645,0.7477064220183486,0.908256880733945,"(218, 64, 1000)","(545, 64, 1000)",12345,67,0.7477064220183487
4,Tongue,Rest,160.41710948944092,0.7522935779816514,0.9247706422018348,"(218, 64, 1000)","(545, 64, 1000)",12345,67,0.7614678899082569
4,Mis,Rest,171.4629876613617,0.6422018348623854,0.9339449541284404,"(218, 64, 1000)","(545, 64, 1000)",12345,67,0.6559633027522935
