participant,class1,class2,running_time,test_acc,train_acc,test_size,train_size,train_block,test_block,test_acc_vote
7,Hand,Rest,121.25966715812685,0.7889908256880734,0.9522935779816514,"(218, 64, 1000)","(545, 64, 1000)",12345,67,0.7935779816513762
7,Feet,Rest,120.9562373161316,0.8165137614678899,0.946788990825688,"(218, 64, 1000)","(545, 64, 1000)",12345,67,0.8165137614678899
7,Tongue,Rest,125.41475248336792,0.6926605504587156,0.9412844036697248,"(218, 64, 1000)","(545, 64, 1000)",12345,67,0.6880733944954128
7,Mis,Rest,123.47287845611572,0.7706422018348624,0.9155963302752294,"(218, 64, 1000)","(545, 64, 1000)",12345,67,0.7889908256880733
