participant,class1,class2,running_time,test_acc,train_acc,test_size,train_size,train_block,test_block,test_acc_vote
10,Hand,Rest,107.92315673828124,0.6880733944954128,0.963302752293578,"(218, 64, 1000)","(436, 64, 1000)",1234,67,0.6880733944954128
10,Feet,Rest,139.2252492904663,0.5825688073394495,0.9197247706422018,"(218, 64, 1000)","(436, 64, 1000)",1234,67,0.5688073394495412
10,Tongue,Rest,163.6742730140686,0.6697247706422018,0.9495412844036696,"(218, 64, 1000)","(436, 64, 1000)",1234,67,0.6788990825688073
10,Mis,Rest,155.62720847129822,0.8027522935779816,0.9220183486238532,"(218, 64, 1000)","(436, 64, 1000)",1234,67,0.8119266055045872
