participant,class1,class2,running_time,test_acc,train_acc,test_size,train_size,train_block,test_block,test_acc_vote
13,Hand,Rest,143.5721263885498,0.6284403669724771,0.8577981651376146,"(218, 64, 1000)","(436, 64, 1000)",1234,67,0.6146788990825688
13,Feet,Rest,156.86736536026,0.8256880733944955,0.9426605504587156,"(218, 64, 1000)","(436, 64, 1000)",1234,67,0.8486238532110092
13,Tongue,Rest,110.96293663978577,0.7293577981651376,0.9105504587155964,"(218, 64, 1000)","(436, 64, 1000)",1234,67,0.7293577981651376
13,Mis,Rest,124.43254899978638,0.6788990825688074,0.8853211009174312,"(218, 64, 1000)","(436, 64, 1000)",1234,67,0.6880733944954128
