participant,class1,class2,running_time,test_acc,train_acc,test_size,train_size,train_block,test_block,test_acc_vote
14,Hand,Rest,113.49162435531616,0.8486238532110092,0.9610091743119266,"(218, 64, 1000)","(436, 64, 1000)",1234,67,0.8440366972477065
14,Feet,Rest,139.9201877117157,0.7935779816513762,0.9655963302752294,"(218, 64, 1000)","(436, 64, 1000)",1234,67,0.8073394495412844
14,Tongue,Rest,180.9759647846222,0.6559633027522935,0.944954128440367,"(218, 64, 1000)","(436, 64, 1000)",1234,67,0.6651376146788991
14,Mis,Rest,173.45170617103577,0.6467889908256881,0.9495412844036697,"(218, 64, 1000)","(436, 64, 1000)",1234,67,0.6376146788990826
