participant,class1,class2,running_time,test_acc,train_acc,test_size,train_size,train_block,test_block,test_acc_vote
15,Hand,Rest,158.42501521110535,0.8715596330275229,0.9525,"(218, 64, 1000)","(400, 64, 1000)",1234,67,0.8623853211009174
15,Feet,Rest,160.69561195373535,0.8165137614678899,0.93348623853211,"(218, 64, 1000)","(436, 64, 1000)",1234,67,0.8073394495412844
15,Tongue,Rest,164.87710785865784,0.6055045871559633,0.9288990825688074,"(218, 64, 1000)","(436, 64, 1000)",1234,67,0.6055045871559632
15,Mis,Rest,143.94761443138123,0.7201834862385321,0.9013761467889908,"(218, 64, 1000)","(436, 64, 1000)",1234,67,0.7201834862385321
