participant,class1,class2,running_time,test_acc,train_acc,test_size,train_size,train_block,test_block,test_acc_vote
17,Hand,Rest,162.11740684509277,0.8027522935779816,0.8876146788990825,"(218, 64, 1000)","(436, 64, 1000)",1234,67,0.8073394495412844
17,Feet,Rest,176.09550523757937,0.6926605504587156,0.8784403669724771,"(218, 64, 1000)","(436, 64, 1000)",1234,67,0.6972477064220184
17,Tongue,Rest,162.83537530899048,0.8715596330275229,0.8899082568807339,"(218, 64, 1000)","(436, 64, 1000)",1234,67,0.8715596330275229
17,Mis,Rest,155.90785336494446,0.7798165137614679,0.908256880733945,"(218, 64, 1000)","(436, 64, 1000)",1234,67,0.7798165137614679
