participant,class1,class2,running_time,test_acc,train_acc,test_size,train_size,train_block,test_block,test_acc_vote
19,Hand,Rest,148.86021542549133,0.8486238532110092,0.9013761467889908,"(218, 64, 1000)","(436, 64, 1000)",1234,67,0.8532110091743119
19,Feet,Rest,162.71692442893982,0.6697247706422018,0.9518348623853212,"(218, 64, 1000)","(436, 64, 1000)",1234,67,0.6834862385321101
19,Tongue,Rest,173.39654421806335,0.8302752293577982,0.926605504587156,"(218, 64, 1000)","(436, 64, 1000)",1234,67,0.8211009174311926
19,Mis,Rest,158.4490692615509,0.7155963302752294,0.944954128440367,"(218, 64, 1000)","(436, 64, 1000)",1234,67,0.7247706422018348
