participant,class1,class2,running_time,test_acc,train_acc,test_size,train_size,train_block,test_block,test_acc_vote
9,Hand,Rest,103.85764670372008,0.9174311926605504,0.9311926605504588,"(218, 64, 1000)","(436, 64, 1000)",1234,67,0.9220183486238532
9,Feet,Rest,102.52923774719238,0.8944954128440367,0.944954128440367,"(218, 64, 1000)","(436, 64, 1000)",1234,67,0.8990825688073394
9,Tongue,Rest,102.83886909484865,0.7247706422018348,0.9105504587155964,"(218, 64, 1000)","(436, 64, 1000)",1234,67,0.7201834862385321
9,Mis,Rest,104.82288479804993,0.7064220183486238,0.9334862385321101,"(218, 64, 1000)","(436, 64, 1000)",1234,67,0.6926605504587156
