participant,class1,class2,running_time,test_acc,train_acc,test_size,train_size,train_block,test_block,test_acc_vote
10,Hand,Rest,63.32867217063904,0.7276785714285714,0.9970238095238096,"(224, 64, 250)","(336, 64, 250)",123,67,0.7633928571428572
10,Feet,Rest,63.41948342323303,0.6428571428571429,0.9970238095238096,"(224, 64, 250)","(336, 64, 250)",123,67,0.65625
10,Tongue,Rest,63.94974660873413,0.6116071428571429,0.9672619047619048,"(224, 64, 250)","(336, 64, 250)",123,67,0.6116071428571428
10,Mis,Rest,63.63486099243164,0.6428571428571429,0.9970238095238095,"(224, 64, 250)","(336, 64, 250)",123,67,0.6383928571428572
