participant,class1,class2,running_time,test_acc,train_acc,test_size,train_size,train_block,test_block,test_acc_vote
11,Hand,Rest,63.17608666419983,0.8214285714285714,0.9940476190476192,"(224, 64, 250)","(336, 64, 250)",123,67,0.8526785714285714
11,Feet,Rest,63.24193382263184,0.7901785714285714,1.0,"(224, 64, 250)","(336, 64, 250)",123,67,0.8348214285714286
11,Tongue,Rest,63.445101737976074,0.6830357142857143,0.9970238095238096,"(224, 64, 250)","(336, 64, 250)",123,67,0.6964285714285714
11,Mis,Rest,63.73635172843933,0.6383928571428571,1.0,"(224, 64, 250)","(336, 64, 250)",123,67,0.6651785714285714
