participant,class1,class2,running_time,test_acc,train_acc,test_size,train_size,train_block,test_block,test_acc_vote
13,Hand,Rest,63.925907135009766,0.5758928571428571,0.9345238095238096,"(224, 64, 250)","(336, 64, 250)",123,67,0.5982142857142857
13,Feet,Rest,63.683019161224365,0.7276785714285714,0.9672619047619048,"(224, 64, 250)","(336, 64, 250)",123,67,0.7455357142857143
13,Tongue,Rest,62.9188506603241,0.7053571428571429,0.9732142857142856,"(224, 64, 250)","(336, 64, 250)",123,67,0.7142857142857143
13,Mis,Rest,63.09768295288086,0.7232142857142857,0.9494047619047619,"(224, 64, 250)","(336, 64, 250)",123,67,0.71875
