participant,class1,class2,running_time,test_acc,train_acc,test_size,train_size,train_block,test_block,test_acc_vote
14,Hand,Rest,63.34937047958374,0.71875,0.9940476190476192,"(224, 64, 250)","(336, 64, 250)",123,67,0.7098214285714286
14,Feet,Rest,63.60654711723328,0.5848214285714286,0.9970238095238096,"(224, 64, 250)","(336, 64, 250)",123,67,0.5625
14,Tongue,Rest,63.77959585189819,0.5669642857142857,0.9970238095238096,"(224, 64, 250)","(336, 64, 250)",123,67,0.5625
14,Mis,Rest,63.68845462799072,0.6071428571428571,1.0,"(224, 64, 250)","(336, 64, 250)",123,67,0.625
