participant,class1,class2,running_time,test_acc,train_acc,test_size,train_size,train_block,test_block,test_acc_vote
15,Hand,Rest,62.98584938049317,0.7589285714285714,0.9970238095238096,"(224, 64, 250)","(336, 64, 250)",123,67,0.8080357142857143
15,Feet,Rest,62.89687752723694,0.6696428571428571,0.9970238095238096,"(224, 64, 250)","(336, 64, 250)",123,67,0.6919642857142857
15,Tongue,Rest,63.39735364913941,0.6919642857142857,0.9910714285714286,"(224, 64, 250)","(336, 64, 250)",123,67,0.7276785714285714
15,Mis,Rest,63.508551836013794,0.6473214285714286,0.9910714285714286,"(224, 64, 250)","(336, 64, 250)",123,67,0.6294642857142857
