participant,class1,class2,running_time,test_acc,train_acc,test_size,train_size,train_block,test_block,test_acc_vote
16,Hand,Rest,63.316370725631714,0.5803571428571429,0.9821428571428572,"(224, 64, 250)","(336, 64, 250)",123,67,0.5580357142857143
16,Feet,Rest,63.1502525806427,0.6517857142857143,0.9970238095238096,"(224, 64, 250)","(336, 64, 250)",123,67,0.6785714285714286
16,Tongue,Rest,63.27728581428528,0.7767857142857143,0.9672619047619048,"(224, 64, 250)","(336, 64, 250)",123,67,0.8482142857142857
16,Mis,Rest,63.788813829422,0.7633928571428571,0.9404761904761905,"(224, 64, 250)","(336, 64, 250)",123,67,0.7991071428571428
