participant,class1,class2,running_time,test_acc,train_acc,test_size,train_size,train_block,test_block,test_acc_vote
3,Hand,Rest,63.042680978775024,0.7678571428571429,0.9642857142857144,"(224, 64, 250)","(336, 64, 250)",123,67,0.7946428571428572
3,Feet,Rest,62.560136795043945,0.5625,0.9791666666666666,"(224, 64, 250)","(336, 64, 250)",123,67,0.6116071428571428
3,Tongue,Rest,63.48090100288391,0.6651785714285714,0.9821428571428572,"(224, 64, 250)","(336, 64, 250)",123,67,0.6696428571428572
3,Mis,Rest,63.386839866638184,0.7098214285714286,0.9970238095238095,"(224, 64, 250)","(336, 64, 250)",123,67,0.7008928571428572
