participant,class1,class2,running_time,test_acc,train_acc,test_size,train_size,train_block,test_block,test_acc_vote
5,Hand,Rest,64.16505289077759,0.59375,1.0,"(224, 64, 250)","(336, 64, 250)",123,67,0.59375
5,Feet,Rest,62.84304165840149,0.6473214285714286,1.0,"(224, 64, 250)","(336, 64, 250)",123,67,0.6160714285714286
5,Tongue,Rest,63.24532675743103,0.6875,1.0,"(224, 64, 250)","(336, 64, 250)",123,67,0.6741071428571428
5,Mis,Rest,63.58175611495972,0.65625,1.0,"(224, 64, 250)","(336, 64, 250)",123,67,0.6607142857142857
