participant,class1,class2,running_time,test_acc,train_acc,test_size,train_size,train_block,test_block,test_acc_vote
11,Hand,Rest,50.12426543235779,0.7767857142857143,1.0,"(224, 64, 250)","(224, 64, 250)",12,67,0.7991071428571428
11,Feet,Rest,49.779162645339966,0.7678571428571429,1.0,"(224, 64, 250)","(224, 64, 250)",12,67,0.7946428571428572
11,Tongue,Rest,49.25652098655701,0.6339285714285714,1.0,"(224, 64, 250)","(224, 64, 250)",12,67,0.65625
11,Mis,Rest,49.44570827484131,0.5758928571428571,1.0,"(224, 64, 250)","(224, 64, 250)",12,67,0.5758928571428572
