participant,class1,class2,running_time,test_acc,train_acc,test_size,train_size,train_block,test_block,test_acc_vote
14,Hand,Rest,49.24027490615845,0.6964285714285714,0.9955357142857144,"(224, 64, 250)","(224, 64, 250)",12,67,0.7008928571428572
14,Feet,Rest,49.74592900276184,0.6026785714285714,1.0,"(224, 64, 250)","(224, 64, 250)",12,67,0.5848214285714286
14,Tongue,Rest,49.35905480384827,0.5401785714285714,1.0,"(224, 64, 250)","(224, 64, 250)",12,67,0.5178571428571428
14,Mis,Rest,49.29375863075256,0.5357142857142857,1.0,"(224, 64, 250)","(224, 64, 250)",12,67,0.5446428571428572
