participant,class1,class2,running_time,test_acc,train_acc,test_size,train_size,train_block,test_block,test_acc_vote
15,Hand,Rest,49.11943554878235,0.7276785714285714,1.0,"(224, 64, 250)","(224, 64, 250)",12,67,0.7678571428571428
15,Feet,Rest,50.304242849349976,0.6383928571428571,1.0,"(224, 64, 250)","(224, 64, 250)",12,67,0.6875
15,Tongue,Rest,49.343018770217896,0.7142857142857143,0.9821428571428572,"(224, 64, 250)","(224, 64, 250)",12,67,0.7633928571428572
15,Mis,Rest,49.70782470703125,0.5982142857142857,0.9955357142857143,"(224, 64, 250)","(224, 64, 250)",12,67,0.5982142857142857
