participant,class1,class2,running_time,test_acc,train_acc,test_size,train_size,train_block,test_block,test_acc_vote
17,Hand,Rest,50.33864641189575,0.6919642857142857,0.9285714285714286,"(224, 64, 250)","(224, 64, 250)",12,67,0.6964285714285714
17,Feet,Rest,49.48675560951233,0.71875,0.9017857142857144,"(224, 64, 250)","(224, 64, 250)",12,67,0.71875
17,Tongue,Rest,49.89532446861267,0.7321428571428571,0.9910714285714286,"(224, 64, 250)","(224, 64, 250)",12,67,0.7276785714285714
17,Mis,Rest,51.00496292114258,0.5892857142857143,0.9866071428571429,"(224, 64, 250)","(224, 64, 250)",12,67,0.5848214285714286
