participant,class1,class2,running_time,test_acc,train_acc,test_size,train_size,train_block,test_block,test_acc_vote
19,Hand,Rest,49.50687861442566,0.6205357142857143,0.9910714285714286,"(224, 64, 250)","(224, 64, 250)",12,67,0.5982142857142857
19,Feet,Rest,49.35285687446594,0.5625,1.0,"(224, 64, 250)","(224, 64, 250)",12,67,0.5714285714285714
19,Tongue,Rest,49.85168099403381,0.7410714285714286,0.9910714285714286,"(224, 64, 250)","(224, 64, 250)",12,67,0.8035714285714286
19,Mis,Rest,49.581783294677734,0.7008928571428571,0.9955357142857143,"(224, 64, 250)","(224, 64, 250)",12,67,0.7321428571428572
