participant,class1,class2,running_time,test_acc,train_acc,test_size,train_size,train_block,test_block,test_acc_vote
5,Hand,Rest,50.51198673248291,0.5267857142857143,1.0,"(224, 64, 250)","(224, 64, 250)",12,67,0.5267857142857143
5,Feet,Rest,49.67414450645447,0.7321428571428571,1.0,"(224, 64, 250)","(224, 64, 250)",12,67,0.75
5,Tongue,Rest,49.75607395172119,0.7008928571428571,1.0,"(224, 64, 250)","(224, 64, 250)",12,67,0.6741071428571428
5,Mis,Rest,49.42737174034119,0.6830357142857143,1.0,"(224, 64, 250)","(224, 64, 250)",12,67,0.71875
