participant,class1,class2,running_time,test_acc,train_acc,test_size,train_size,train_block,test_block,test_acc_vote
9,Hand,Rest,49.407691955566406,0.7589285714285714,0.9419642857142856,"(224, 64, 250)","(224, 64, 250)",12,67,0.7946428571428572
9,Feet,Rest,49.3246648311615,0.7589285714285714,0.9955357142857144,"(224, 64, 250)","(224, 64, 250)",12,67,0.7455357142857143
9,Tongue,Rest,50.347482681274414,0.6517857142857143,1.0,"(224, 64, 250)","(224, 64, 250)",12,67,0.6517857142857143
9,Mis,Rest,49.821322441101074,0.5758928571428571,1.0,"(224, 64, 250)","(224, 64, 250)",12,67,0.5625
