participant,class1,class2,running_time,test_acc,train_acc,test_size,train_size,train_block,test_block,test_acc_vote
10,Hand,Rest,35.49238300323486,0.6964285714285714,1.0,"(112, 64, 500)","(112, 64, 500)",12,67,0.7142857142857143
10,Feet,Rest,35.41089606285095,0.625,1.0,"(112, 64, 500)","(112, 64, 500)",12,67,0.625
10,Tongue,Rest,35.734171628952026,0.5714285714285714,1.0,"(112, 64, 500)","(112, 64, 500)",12,67,0.5625
10,Mis,Rest,36.86310315132141,0.5803571428571429,1.0,"(112, 64, 500)","(112, 64, 500)",12,67,0.5714285714285714
