participant,class1,class2,running_time,test_acc,train_acc,test_size,train_size,train_block,test_block,test_acc_vote
11,Hand,Rest,36.62765169143677,0.7767857142857143,1.0,"(112, 64, 500)","(112, 64, 500)",12,67,0.7678571428571428
11,Feet,Rest,36.11650633811951,0.8571428571428571,1.0,"(112, 64, 500)","(112, 64, 500)",12,67,0.8660714285714286
11,Tongue,Rest,36.393842458724976,0.6696428571428571,1.0,"(112, 64, 500)","(112, 64, 500)",12,67,0.6785714285714286
11,Mis,Rest,35.6480028629303,0.6071428571428571,1.0,"(112, 64, 500)","(112, 64, 500)",12,67,0.5892857142857143
