participant,class1,class2,running_time,test_acc,train_acc,test_size,train_size,train_block,test_block,test_acc_vote
13,Hand,Rest,36.5949490070343,0.625,0.9732142857142856,"(112, 64, 500)","(112, 64, 500)",12,67,0.6071428571428572
13,Feet,Rest,36.327176332473755,0.7857142857142857,1.0,"(112, 64, 500)","(112, 64, 500)",12,67,0.7946428571428572
13,Tongue,Rest,36.315486907958984,0.6607142857142857,1.0,"(112, 64, 500)","(112, 64, 500)",12,67,0.6517857142857143
13,Mis,Rest,36.86062836647034,0.6785714285714286,0.9732142857142857,"(112, 64, 500)","(112, 64, 500)",12,67,0.7053571428571428
