participant,class1,class2,running_time,test_acc,train_acc,test_size,train_size,train_block,test_block,test_acc_vote
15,Hand,Rest,35.372615337371826,0.7232142857142857,1.0,"(112, 64, 500)","(112, 64, 500)",12,67,0.7857142857142857
15,Feet,Rest,35.39838147163391,0.6875,1.0,"(112, 64, 500)","(112, 64, 500)",12,67,0.7142857142857143
15,Tongue,Rest,36.71908473968506,0.7410714285714286,1.0,"(112, 64, 500)","(112, 64, 500)",12,67,0.7321428571428572
15,Mis,Rest,36.3331573009491,0.5892857142857143,1.0,"(112, 64, 500)","(112, 64, 500)",12,67,0.5625
