participant,class1,class2,running_time,test_acc,train_acc,test_size,train_size,train_block,test_block,test_acc_vote
3,Hand,Rest,35.387672424316406,0.5803571428571429,1.0,"(112, 64, 500)","(112, 64, 500)",12,67,0.5357142857142857
3,Feet,Rest,35.80361247062683,0.5357142857142857,0.9821428571428572,"(112, 64, 500)","(112, 64, 500)",12,67,0.5178571428571428
3,Tongue,Rest,35.753520488739014,0.6160714285714286,0.9910714285714286,"(112, 64, 500)","(112, 64, 500)",12,67,0.5714285714285714
3,Mis,Rest,35.62458038330078,0.6071428571428571,1.0,"(112, 64, 500)","(112, 64, 500)",12,67,0.5803571428571428
