participant,class1,class2,running_time,test_acc,train_acc,test_size,train_size,train_block,test_block,test_acc_vote
5,Hand,Rest,36.335537910461426,0.5357142857142857,1.0,"(112, 64, 500)","(112, 64, 500)",12,67,0.5267857142857143
5,Feet,Rest,36.16367840766907,0.7589285714285714,1.0,"(112, 64, 500)","(112, 64, 500)",12,67,0.75
5,Tongue,Rest,36.159663915634155,0.75,1.0,"(112, 64, 500)","(112, 64, 500)",12,67,0.7410714285714286
5,Mis,Rest,35.84903359413147,0.7678571428571429,1.0,"(112, 64, 500)","(112, 64, 500)",12,67,0.7946428571428572
