participant,class1,class2,running_time,test_acc,train_acc,test_size,train_size,train_block,test_block,test_acc_vote
9,Hand,Rest,35.72560667991638,0.7946428571428571,0.9553571428571428,"(112, 64, 500)","(112, 64, 500)",12,67,0.8125
9,Feet,Rest,36.203147888183594,0.7946428571428571,1.0,"(112, 64, 500)","(112, 64, 500)",12,67,0.8035714285714286
9,Tongue,Rest,35.37619686126709,0.7232142857142857,1.0,"(112, 64, 500)","(112, 64, 500)",12,67,0.7142857142857143
9,Mis,Rest,35.90823173522949,0.6160714285714286,1.0,"(112, 64, 500)","(112, 64, 500)",12,67,0.6160714285714286
