participant,class1,class2,running_time,test_acc,train_acc,test_size,train_size,train_block,test_block,test_acc_vote
3,Hand,Rest,31.66218328475952,0.7857142857142857,0.9642857142857144,"(56, 64, 1000)","(84, 64, 1000)",123,67,0.75
3,Feet,Rest,31.206011056900024,0.5,0.9642857142857144,"(56, 64, 1000)","(84, 64, 1000)",123,67,0.5357142857142857
3,Tongue,Rest,32.07698917388916,0.7678571428571429,1.0,"(56, 64, 1000)","(84, 64, 1000)",123,67,0.6785714285714286
3,Mis,Rest,31.643274784088135,0.8214285714285714,1.0,"(56, 64, 1000)","(84, 64, 1000)",123,67,0.8035714285714286
