participant,class1,class2,running_time,test_acc,train_acc,test_size,train_size,train_block,test_block,test_acc_vote
4,Hand,Rest,31.10994577407837,0.8571428571428571,1.0,"(56, 64, 1000)","(84, 64, 1000)",123,67,0.8392857142857143
4,Feet,Rest,31.292290925979614,0.75,1.0,"(56, 64, 1000)","(84, 64, 1000)",123,67,0.625
4,Tongue,Rest,31.33423638343811,0.8035714285714286,1.0,"(56, 64, 1000)","(84, 64, 1000)",123,67,0.7857142857142857
4,Mis,Rest,31.171314239501953,0.7321428571428571,0.9761904761904762,"(56, 64, 1000)","(84, 64, 1000)",123,67,0.6964285714285714
