participant,class1,class2,running_time,test_acc,train_acc,test_size,train_size,train_block,test_block,test_acc_vote
5,Hand,Rest,31.32079577445984,0.5535714285714286,0.988095238095238,"(56, 64, 1000)","(84, 64, 1000)",123,67,0.5714285714285714
5,Feet,Rest,30.748246908187863,0.875,0.988095238095238,"(56, 64, 1000)","(84, 64, 1000)",123,67,0.875
5,Tongue,Rest,31.29160523414612,0.7678571428571429,1.0,"(56, 64, 1000)","(84, 64, 1000)",123,67,0.75
5,Mis,Rest,30.940998077392578,0.5,1.0,"(56, 64, 1000)","(84, 64, 1000)",123,67,0.5178571428571428
