participant,class1,class2,running_time,test_acc,train_acc,test_size,train_size,train_block,test_block,test_acc_vote
9,Hand,Rest,31.45781302452087,0.875,0.9642857142857144,"(56, 64, 1000)","(84, 64, 1000)",123,67,0.8392857142857143
9,Feet,Rest,31.31718111038208,0.9642857142857144,1.0,"(56, 64, 1000)","(84, 64, 1000)",123,67,0.9464285714285714
9,Tongue,Rest,30.94984030723572,0.75,0.9761904761904762,"(56, 64, 1000)","(84, 64, 1000)",123,67,0.7678571428571428
9,Mis,Rest,30.983893871307373,0.6964285714285714,0.9880952380952381,"(56, 64, 1000)","(84, 64, 1000)",123,67,0.75
