participant,class1,class2,running_time,test_acc,train_acc,test_size,train_size,train_block,test_block,test_acc_vote
13,Hand,Rest,49.01615476608277,0.5535714285714286,1.0,"(56, 64, 1000)","(112, 64, 1000)",1234,67,0.5357142857142857
13,Feet,Rest,50.06154465675354,0.6607142857142857,1.0,"(56, 64, 1000)","(112, 64, 1000)",1234,67,0.6071428571428572
13,Tongue,Rest,50.3620011806488,0.8035714285714286,1.0,"(56, 64, 1000)","(112, 64, 1000)",1234,67,0.7678571428571428
13,Mis,Rest,48.766196966171265,0.7142857142857143,1.0,"(56, 64, 1000)","(112, 64, 1000)",1234,67,0.7321428571428572
