participant,class1,class2,running_time,test_acc,train_acc,test_size,train_size,train_block,test_block,test_acc_vote
3,Hand,Rest,49.44315719604492,0.6428571428571429,1.0,"(56, 64, 1000)","(112, 64, 1000)",1234,67,0.5178571428571428
3,Feet,Rest,48.21305632591248,0.6071428571428571,1.0,"(56, 64, 1000)","(112, 64, 1000)",1234,67,0.5892857142857143
3,Tongue,Rest,47.83299946784973,0.5714285714285714,1.0,"(56, 64, 1000)","(112, 64, 1000)",1234,67,0.625
3,Mis,Rest,49.166563510894775,0.7857142857142857,1.0,"(56, 64, 1000)","(112, 64, 1000)",1234,67,0.7857142857142857
