participant,class1,class2,running_time,test_acc,train_acc,test_size,train_size,train_block,test_block,test_acc_vote
15,Hand,Rest,38.98347735404968,0.5945945945945946,1.0,"(222, 64, 500)","(111, 64, 500)",1,67,0.5855855855855856
15,Feet,Rest,38.136401414871216,0.5045045045045045,1.0,"(222, 64, 500)","(111, 64, 500)",1,67,0.5
15,Tongue,Rest,37.571269512176514,0.5855855855855856,1.0,"(222, 64, 500)","(111, 64, 500)",1,67,0.5810810810810811
15,Mis,Rest,38.00050330162048,0.5495495495495496,1.0,"(222, 64, 500)","(111, 64, 500)",1,67,0.5675675675675675
