participant,class1,class2,running_time,test_acc,train_acc,test_size,train_size,train_block,test_block,test_acc_vote
16,Hand,Rest,38.41430640220642,0.6081081081081081,1.0,"(222, 64, 500)","(111, 64, 500)",1,67,0.6171171171171171
16,Feet,Rest,38.33931088447571,0.5405405405405406,1.0,"(222, 64, 500)","(111, 64, 500)",1,67,0.5405405405405406
16,Tongue,Rest,37.91456437110901,0.5495495495495496,1.0,"(222, 64, 500)","(111, 64, 500)",1,67,0.545045045045045
16,Mis,Rest,37.97636127471924,0.7207207207207207,1.0,"(222, 64, 500)","(111, 64, 500)",1,67,0.7567567567567568
