participant,class1,class2,running_time,test_acc,train_acc,test_size,train_size,train_block,test_block,test_acc_vote
17,Hand,Rest,38.44995045661926,0.6486486486486487,0.990990990990991,"(222, 64, 500)","(111, 64, 500)",1,67,0.6351351351351351
17,Feet,Rest,38.02452540397644,0.5945945945945946,0.972972972972973,"(222, 64, 500)","(111, 64, 500)",1,67,0.572072072072072
17,Tongue,Rest,38.03288197517395,0.6261261261261262,1.0,"(222, 64, 500)","(111, 64, 500)",1,67,0.6531531531531531
17,Mis,Rest,38.018141984939575,0.536036036036036,0.972972972972973,"(222, 64, 500)","(111, 64, 500)",1,67,0.5315315315315315
