participant,class1,class2,running_time,test_acc,train_acc,test_size,train_size,train_block,test_block,test_acc_vote
6,Hand,Rest,38.03298878669739,0.5720720720720721,1.0,"(222, 64, 500)","(111, 64, 500)",1,67,0.5765765765765766
6,Feet,Rest,38.46561288833618,0.5765765765765766,0.981981981981982,"(222, 64, 500)","(111, 64, 500)",1,67,0.5945945945945945
6,Tongue,Rest,38.00150799751282,0.5045045045045045,1.0,"(222, 64, 500)","(111, 64, 500)",1,67,0.5135135135135135
6,Mis,Rest,38.45482039451599,0.5855855855855856,0.9819819819819819,"(222, 64, 500)","(111, 64, 500)",1,67,0.6126126126126126
