participant,class1,class2,running_time,test_acc,train_acc,test_size,train_size,train_block,test_block,test_acc_vote
7,Hand,Rest,38.10237193107605,0.6036036036036037,1.0,"(222, 64, 500)","(111, 64, 500)",1,67,0.6216216216216216
7,Feet,Rest,37.87468075752258,0.6036036036036037,1.0,"(222, 64, 500)","(111, 64, 500)",1,67,0.6261261261261262
7,Tongue,Rest,37.678953647613525,0.509009009009009,1.0,"(222, 64, 500)","(111, 64, 500)",1,67,0.509009009009009
7,Mis,Rest,38.87256741523743,0.5945945945945946,1.0,"(222, 64, 500)","(111, 64, 500)",1,67,0.6126126126126126
