participant,class1,class2,running_time,test_acc,train_acc,test_size,train_size,train_block,test_block,test_acc_vote
9,Hand,Rest,38.78891324996948,0.8018018018018018,0.954954954954955,"(222, 64, 500)","(111, 64, 500)",1,67,0.8153153153153153
9,Feet,Rest,38.136218547821045,0.527027027027027,1.0,"(222, 64, 500)","(111, 64, 500)",1,67,0.5405405405405406
9,Tongue,Rest,37.4904305934906,0.4189189189189189,1.0,"(222, 64, 500)","(111, 64, 500)",1,67,0.3873873873873874
9,Mis,Rest,37.74022579193115,0.44144144144144143,1.0,"(222, 64, 500)","(111, 64, 500)",1,67,0.41891891891891897
