participant,class1,class2,running_time,test_acc,train_acc,test_size,train_size,train_block,test_block,test_acc_vote
4,Hand,Rest,62.2020206451416,0.9285714285714286,1.0,"(56, 64, 1000)","(140, 64, 1000)",12345,67,0.8928571428571429
4,Feet,Rest,62.199830293655396,0.875,1.0,"(56, 64, 1000)","(140, 64, 1000)",12345,67,0.7857142857142857
4,Tongue,Rest,63.70304298400879,0.7857142857142857,1.0,"(56, 64, 1000)","(140, 64, 1000)",12345,67,0.7857142857142857
4,Mis,Rest,62.55181360244751,0.625,1.0,"(56, 64, 1000)","(140, 64, 1000)",12345,67,0.5714285714285714
