participant,class1,class2,running_time,test_acc,train_acc,test_size,train_size,train_block,test_block,test_acc_vote
5,Hand,Rest,60.45848631858826,0.8214285714285714,1.0,"(56, 64, 1000)","(140, 64, 1000)",12345,67,0.8035714285714286
5,Feet,Rest,60.38346600532532,0.6607142857142857,1.0,"(56, 64, 1000)","(140, 64, 1000)",12345,67,0.7321428571428572
5,Tongue,Rest,61.982728481292725,0.7678571428571429,1.0,"(56, 64, 1000)","(140, 64, 1000)",12345,67,0.75
5,Mis,Rest,63.32415461540222,0.875,1.0,"(56, 64, 1000)","(140, 64, 1000)",12345,67,0.8571428571428572
