participant,class1,class2,running_time,test_acc,train_acc,test_size,train_size,train_block,test_block,test_acc_vote
6,Hand,Rest,61.020986795425415,0.7321428571428571,1.0,"(56, 64, 1000)","(140, 64, 1000)",12345,67,0.7321428571428572
6,Feet,Rest,61.39306282997131,0.8214285714285714,1.0,"(56, 64, 1000)","(140, 64, 1000)",12345,67,0.8571428571428572
6,Tongue,Rest,63.31393027305603,0.875,1.0,"(56, 64, 1000)","(140, 64, 1000)",12345,67,0.8571428571428572
6,Mis,Rest,63.588624477386475,0.8214285714285714,1.0,"(56, 64, 1000)","(140, 64, 1000)",12345,67,0.8035714285714286
