participant,class1,class2,running_time,test_acc,train_acc,test_size,train_size,train_block,test_block,test_acc_vote
13,Hand,Rest,53.77005434036255,0.5412844036697247,0.9908256880733946,"(218, 64, 1000)","(109, 64, 1000)",1,67,0.5504587155963303
13,Feet,Rest,55.27511739730835,0.5412844036697247,1.0,"(218, 64, 1000)","(109, 64, 1000)",1,67,0.555045871559633
13,Tongue,Rest,37.86317563056946,0.6009174311926605,0.981651376146789,"(218, 64, 1000)","(109, 64, 1000)",1,67,0.6055045871559632
13,Mis,Rest,46.33426094055176,0.5963302752293578,0.981651376146789,"(218, 64, 1000)","(109, 64, 1000)",1,67,0.6009174311926606
