participant,class1,class2,running_time,test_acc,train_acc,test_size,train_size,train_block,test_block,test_acc_vote
14,Hand,Rest,60.115350008010864,0.6926605504587156,0.9908256880733946,"(218, 64, 1000)","(109, 64, 1000)",1,67,0.6972477064220184
14,Feet,Rest,41.5874125957489,0.6376146788990825,1.0,"(218, 64, 1000)","(109, 64, 1000)",1,67,0.6376146788990826
14,Tongue,Rest,42.753493547439575,0.5412844036697247,1.0,"(218, 64, 1000)","(109, 64, 1000)",1,67,0.5412844036697247
14,Mis,Rest,48.28197932243347,0.5137614678899083,0.9908256880733946,"(218, 64, 1000)","(109, 64, 1000)",1,67,0.5229357798165137
