participant,class1,class2,running_time,test_acc,train_acc,test_size,train_size,train_block,test_block,test_acc_vote
17,Hand,Rest,60.54239892959595,0.6513761467889908,0.944954128440367,"(218, 64, 1000)","(109, 64, 1000)",1,67,0.6559633027522935
17,Feet,Rest,43.6021773815155,0.5688073394495413,0.963302752293578,"(218, 64, 1000)","(109, 64, 1000)",1,67,0.5779816513761468
17,Tongue,Rest,60.47880411148071,0.6605504587155964,1.0,"(218, 64, 1000)","(109, 64, 1000)",1,67,0.6513761467889908
17,Mis,Rest,59.605836153030396,0.4954128440366973,0.963302752293578,"(218, 64, 1000)","(109, 64, 1000)",1,67,0.49082568807339455
