participant,class1,class2,running_time,test_acc,train_acc,test_size,train_size,train_block,test_block,test_acc_vote
6,Hand,Rest,39.88478255271912,0.5825688073394495,0.981651376146789,"(218, 64, 1000)","(109, 64, 1000)",1,67,0.5596330275229358
6,Feet,Rest,54.6370108127594,0.5458715596330275,0.981651376146789,"(218, 64, 1000)","(109, 64, 1000)",1,67,0.555045871559633
6,Tongue,Rest,53.39900970458984,0.6055045871559633,0.9724770642201837,"(218, 64, 1000)","(109, 64, 1000)",1,67,0.6009174311926606
6,Mis,Rest,45.80668330192566,0.6055045871559633,0.9724770642201835,"(218, 64, 1000)","(109, 64, 1000)",1,67,0.6009174311926606
