participant,class1,class2,running_time,test_acc,train_acc,test_size,train_size,train_block,test_block,test_acc_vote
7,Hand,Rest,105.17990326881409,0.7599388379204893,1.0,"(654, 64, 1000)","(109, 64, 1000)",1,234567,0.7752293577981652
7,Feet,Rest,106.03412866592409,0.5856269113149847,1.0,"(654, 64, 1000)","(109, 64, 1000)",1,234567,0.5840978593272171
7,Tongue,Rest,107.13233733177184,0.5107033639143731,1.0,"(654, 64, 1000)","(109, 64, 1000)",1,234567,0.5091743119266054
7,Mis,Rest,108.24642062187195,0.518348623853211,1.0,"(654, 64, 1000)","(109, 64, 1000)",1,234567,0.5214067278287462
