participant,class1,class2,running_time,test_acc,train_acc,test_size,train_size,train_block,test_block,test_acc_vote
10,Hand,Rest,37.24069571495056,0.5,1.0,"(336, 64, 500)","(56, 64, 500)",1,234567,0.5059523809523809
10,Feet,Rest,37.450117349624634,0.4970238095238095,1.0,"(336, 64, 500)","(56, 64, 500)",1,234567,0.4761904761904761
10,Tongue,Rest,38.40265679359436,0.5416666666666666,1.0,"(336, 64, 500)","(56, 64, 500)",1,234567,0.5386904761904762
10,Mis,Rest,38.581093072891235,0.6130952380952381,1.0,"(336, 64, 500)","(56, 64, 500)",1,234567,0.6369047619047619
