participant,class1,class2,running_time,test_acc,train_acc,test_size,train_size,train_block,test_block,test_acc_vote
11,Hand,Rest,37.340219020843506,0.6190476190476191,1.0,"(336, 64, 500)","(56, 64, 500)",1,234567,0.6130952380952381
11,Feet,Rest,37.57245063781738,0.8065476190476191,1.0,"(336, 64, 500)","(56, 64, 500)",1,234567,0.8244047619047619
11,Tongue,Rest,38.497321367263794,0.5238095238095238,1.0,"(336, 64, 500)","(56, 64, 500)",1,234567,0.5208333333333333
11,Mis,Rest,38.53883981704712,0.6011904761904762,1.0,"(336, 64, 500)","(56, 64, 500)",1,234567,0.6011904761904762
