participant,class1,class2,running_time,test_acc,train_acc,test_size,train_size,train_block,test_block,test_acc_vote
13,Hand,Rest,37.321834087371826,0.6041666666666666,1.0,"(336, 64, 500)","(56, 64, 500)",1,234567,0.5863095238095238
13,Feet,Rest,36.980170011520386,0.625,1.0,"(336, 64, 500)","(56, 64, 500)",1,234567,0.6160714285714286
13,Tongue,Rest,38.349841594696045,0.6607142857142857,1.0,"(336, 64, 500)","(56, 64, 500)",1,234567,0.6934523809523809
13,Mis,Rest,38.39179849624634,0.5863095238095238,1.0,"(336, 64, 500)","(56, 64, 500)",1,234567,0.5922619047619048
