participant,class1,class2,running_time,test_acc,train_acc,test_size,train_size,train_block,test_block,test_acc_vote
14,Hand,Rest,37.26977252960205,0.6339285714285714,1.0,"(336, 64, 500)","(56, 64, 500)",1,234567,0.6428571428571428
14,Feet,Rest,37.63727426528931,0.6220238095238095,1.0,"(336, 64, 500)","(56, 64, 500)",1,234567,0.6130952380952381
14,Tongue,Rest,38.41098976135254,0.5119047619047619,1.0,"(336, 64, 500)","(56, 64, 500)",1,234567,0.4880952380952381
14,Mis,Rest,38.5745735168457,0.5535714285714286,1.0,"(336, 64, 500)","(56, 64, 500)",1,234567,0.5535714285714286
