participant,class1,class2,running_time,test_acc,train_acc,test_size,train_size,train_block,test_block,test_acc_vote
3,Hand,Rest,37.090574741363525,0.5357142857142857,1.0,"(336, 64, 500)","(56, 64, 500)",1,234567,0.4970238095238095
3,Feet,Rest,37.259981632232666,0.5565476190476191,1.0,"(336, 64, 500)","(56, 64, 500)",1,234567,0.5625
3,Tongue,Rest,38.57959628105163,0.5476190476190477,1.0,"(336, 64, 500)","(56, 64, 500)",1,234567,0.5297619047619048
3,Mis,Rest,38.42077112197876,0.6160714285714286,1.0,"(336, 64, 500)","(56, 64, 500)",1,234567,0.6369047619047619
