participant,class1,class2,running_time,test_acc,train_acc,test_size,train_size,train_block,test_block,test_acc_vote
4,Hand,Rest,36.9346182346344,0.8154761904761905,1.0,"(336, 64, 500)","(56, 64, 500)",1,234567,0.8363095238095238
4,Feet,Rest,37.39859986305237,0.7202380952380952,1.0,"(336, 64, 500)","(56, 64, 500)",1,234567,0.7708333333333334
4,Tongue,Rest,38.66988682746887,0.6577380952380952,1.0,"(336, 64, 500)","(56, 64, 500)",1,234567,0.6875
4,Mis,Rest,38.2745521068573,0.6011904761904762,1.0,"(336, 64, 500)","(56, 64, 500)",1,234567,0.5892857142857143
