participant,class1,class2,running_time,test_acc,train_acc,test_size,train_size,train_block,test_block,test_acc_vote
9,Hand,Rest,37.23622512817383,0.7559523809523809,1.0,"(336, 64, 500)","(56, 64, 500)",1,234567,0.7708333333333334
9,Feet,Rest,38.00431728363037,0.5059523809523809,1.0,"(336, 64, 500)","(56, 64, 500)",1,234567,0.5267857142857143
9,Tongue,Rest,38.39019298553467,0.4732142857142857,1.0,"(336, 64, 500)","(56, 64, 500)",1,234567,0.5
9,Mis,Rest,38.66403937339783,0.43154761904761907,1.0,"(336, 64, 500)","(56, 64, 500)",1,234567,0.40476190476190477
