participant,class1,class2,running_time,test_acc,train_acc,test_size,train_size,train_block,test_block,test_acc_vote
13,Hand,Rest,42.30484080314636,0.8571428571428571,1.0,"(56, 64, 1000)","(140, 64, 1000)",12345,67,0.8035714285714286
13,Feet,Rest,40.7334566116333,0.7857142857142857,1.0,"(56, 64, 1000)","(140, 64, 1000)",12345,67,0.8035714285714286
13,Tongue,Rest,42.26792359352112,0.7857142857142857,1.0,"(56, 64, 1000)","(140, 64, 1000)",12345,67,0.75
13,Mis,Rest,47.773560523986816,0.8035714285714286,1.0,"(56, 64, 1000)","(140, 64, 1000)",12345,67,0.75
