participant,class1,class2,running_time,test_acc,train_acc,test_size,train_size,train_block,test_block,test_acc_vote
3,Hand,Rest,44.64314150810242,0.875,1.0,"(56, 64, 1000)","(140, 64, 1000)",12345,67,0.8571428571428572
3,Feet,Rest,40.63810467720032,0.6607142857142857,1.0,"(56, 64, 1000)","(140, 64, 1000)",12345,67,0.5535714285714286
3,Tongue,Rest,54.64386749267578,0.8035714285714286,1.0,"(56, 64, 1000)","(140, 64, 1000)",12345,67,0.7321428571428572
3,Mis,Rest,56.59860420227051,0.8928571428571429,1.0,"(56, 64, 1000)","(140, 64, 1000)",12345,67,0.8928571428571429
