participant,class1,class2,running_time,test_acc,train_acc,test_size,train_size,train_block,test_block,test_acc_vote
4,Hand,Rest,58.91815638542175,0.9107142857142856,1.0,"(56, 64, 1000)","(140, 64, 1000)",12345,67,0.9107142857142856
4,Feet,Rest,59.51870679855347,0.8928571428571429,1.0,"(56, 64, 1000)","(140, 64, 1000)",12345,67,0.8214285714285714
4,Tongue,Rest,60.41074323654175,0.7142857142857143,1.0,"(56, 64, 1000)","(140, 64, 1000)",12345,67,0.6785714285714286
4,Mis,Rest,61.22410750389099,0.6071428571428571,1.0,"(56, 64, 1000)","(140, 64, 1000)",12345,67,0.5714285714285714
