participant,class1,class2,running_time,test_acc,train_acc,test_size,train_size,train_block,test_block,test_acc_vote
3,Hand,Rest,60.145530223846436,0.9107142857142856,0.9357142857142856,"(56, 64, 1000)","(140, 64, 1000)",12345,67,0.9464285714285714
3,Feet,Rest,59.24179267883301,0.6964285714285714,0.9714285714285714,"(56, 64, 1000)","(140, 64, 1000)",12345,67,0.6607142857142857
3,Tongue,Rest,60.4457790851593,0.7678571428571429,0.9071428571428573,"(56, 64, 1000)","(140, 64, 1000)",12345,67,0.6964285714285714
3,Mis,Rest,61.20199418067932,0.875,0.9428571428571428,"(56, 64, 1000)","(140, 64, 1000)",12345,67,0.8571428571428572
