participant,class1,class2,running_time,test_acc,train_acc,test_size,train_size,train_block,test_block,test_acc_vote
5,Hand,Rest,58.56158494949341,0.7857142857142857,0.9785714285714284,"(56, 64, 1000)","(140, 64, 1000)",12345,67,0.8035714285714286
5,Feet,Rest,58.5415997505188,0.9285714285714286,0.9785714285714284,"(56, 64, 1000)","(140, 64, 1000)",12345,67,0.9464285714285714
5,Tongue,Rest,60.19336485862732,0.7857142857142857,0.9428571428571428,"(56, 64, 1000)","(140, 64, 1000)",12345,67,0.8035714285714286
5,Mis,Rest,60.466851472854614,0.9642857142857143,1.0,"(56, 64, 1000)","(140, 64, 1000)",12345,67,0.9642857142857143
