participant,class1,class2,running_time,test_acc,train_acc,test_size,train_size,train_block,test_block,test_acc_vote
10,Hand,Rest,37.7206711769104,0.7321428571428571,1.0,"(56, 64, 1000)","(140, 64, 1000)",12345,67,0.7142857142857143
10,Feet,Rest,37.995357513427734,0.5714285714285714,1.0,"(56, 64, 1000)","(140, 64, 1000)",12345,67,0.5178571428571428
10,Tongue,Rest,38.6592800617218,0.7321428571428571,1.0,"(56, 64, 1000)","(140, 64, 1000)",12345,67,0.6785714285714286
10,Mis,Rest,38.72891855239868,0.8571428571428571,1.0,"(56, 64, 1000)","(140, 64, 1000)",12345,67,0.8392857142857143
