participant,class1,class2,running_time,test_acc,train_acc,test_size,train_size,train_block,test_block,test_acc_vote
3,Hand,Rest,44.25407195091248,0.9464285714285714,1.0,"(56, 64, 1000)","(140, 64, 1000)",12345,67,0.9464285714285714
3,Feet,Rest,37.68576216697693,0.6785714285714286,1.0,"(56, 64, 1000)","(140, 64, 1000)",12345,67,0.6428571428571428
3,Tongue,Rest,38.83517384529114,0.8035714285714286,1.0,"(56, 64, 1000)","(140, 64, 1000)",12345,67,0.7321428571428572
3,Mis,Rest,38.79493737220764,0.875,1.0,"(56, 64, 1000)","(140, 64, 1000)",12345,67,0.8571428571428572
