participant,class1,class2,running_time,test_acc,train_acc,test_size,train_size,train_block,test_block,test_acc_vote
10,Hand,Rest,147.1114945411682,0.6559633027522935,1.0,"(218, 64, 1000)","(545, 64, 1000)",12345,67,0.6697247706422018
10,Feet,Rest,131.88366317749023,0.6880733944954128,1.0,"(218, 64, 1000)","(545, 64, 1000)",12345,67,0.6880733944954128
10,Tongue,Rest,134.70672178268433,0.6743119266055045,1.0,"(218, 64, 1000)","(545, 64, 1000)",12345,67,0.6834862385321101
10,Mis,Rest,132.15322637557983,0.8348623853211009,1.0,"(218, 64, 1000)","(545, 64, 1000)",12345,67,0.8577981651376146
