participant,class1,class2,running_time,test_acc,train_acc,test_size,train_size,train_block,test_block,test_acc_vote
9,Hand,Rest,141.55271697044373,0.8669724770642202,1.0,"(218, 64, 1000)","(545, 64, 1000)",12345,67,0.8761467889908257
9,Feet,Rest,139.00129222869873,0.8623853211009175,1.0,"(218, 64, 1000)","(545, 64, 1000)",12345,67,0.8899082568807339
9,Tongue,Rest,133.9077649116516,0.7568807339449541,1.0,"(218, 64, 1000)","(545, 64, 1000)",12345,67,0.7706422018348624
9,Mis,Rest,134.07310962677002,0.7614678899082569,1.0,"(218, 64, 1000)","(545, 64, 1000)",12345,67,0.7660550458715596
