participant,class1,class2,running_time,test_acc,train_acc,test_size,train_size,train_block,test_block,test_acc_vote
10,Hand,Rest,53.34628629684448,0.65625,1.0,"(448, 64, 250)","(336, 64, 250)",123,4567,0.6852678571428572
10,Feet,Rest,52.26799535751343,0.6763392857142857,1.0,"(448, 64, 250)","(336, 64, 250)",123,4567,0.7053571428571428
10,Tongue,Rest,53.63623857498169,0.6138392857142857,1.0,"(448, 64, 250)","(336, 64, 250)",123,4567,0.6205357142857143
10,Mis,Rest,53.777761936187744,0.6517857142857143,1.0,"(448, 64, 250)","(336, 64, 250)",123,4567,0.6495535714285714
