participant,class1,class2,running_time,test_acc,train_acc,test_size,train_size,train_block,test_block,test_acc_vote
11,Hand,Rest,53.181118965148926,0.7589285714285714,1.0,"(448, 64, 250)","(336, 64, 250)",123,4567,0.8169642857142857
11,Feet,Rest,52.21883273124695,0.8482142857142857,1.0,"(448, 64, 250)","(336, 64, 250)",123,4567,0.8839285714285714
11,Tongue,Rest,54.54979109764099,0.6741071428571429,1.0,"(448, 64, 250)","(336, 64, 250)",123,4567,0.6785714285714286
11,Mis,Rest,53.51118469238281,0.6294642857142857,1.0,"(448, 64, 250)","(336, 64, 250)",123,4567,0.640625
