participant,class1,class2,running_time,test_acc,train_acc,test_size,train_size,train_block,test_block,test_acc_vote
13,Hand,Rest,52.76502203941345,0.6651785714285714,1.0,"(448, 64, 250)","(336, 64, 250)",123,4567,0.6808035714285714
13,Feet,Rest,51.99042797088623,0.7120535714285714,1.0,"(448, 64, 250)","(336, 64, 250)",123,4567,0.75
13,Tongue,Rest,54.35955452919006,0.7142857142857143,1.0,"(448, 64, 250)","(336, 64, 250)",123,4567,0.7388392857142857
13,Mis,Rest,53.58486580848694,0.7232142857142857,1.0,"(448, 64, 250)","(336, 64, 250)",123,4567,0.7678571428571428
