participant,class1,class2,running_time,test_acc,train_acc,test_size,train_size,train_block,test_block,test_acc_vote
3,Hand,Rest,52.71750497817993,0.6696428571428571,1.0,"(448, 64, 250)","(336, 64, 250)",123,4567,0.7142857142857143
3,Feet,Rest,55.38642191886902,0.6183035714285714,1.0,"(448, 64, 250)","(336, 64, 250)",123,4567,0.6383928571428572
3,Tongue,Rest,55.17296504974365,0.6584821428571429,1.0,"(448, 64, 250)","(336, 64, 250)",123,4567,0.6785714285714286
3,Mis,Rest,53.93176317214966,0.703125,1.0,"(448, 64, 250)","(336, 64, 250)",123,4567,0.7276785714285714
