participant,class1,class2,running_time,test_acc,train_acc,test_size,train_size,train_block,test_block,test_acc_vote
5,Hand,Rest,53.1507363319397,0.6026785714285714,1.0,"(448, 64, 250)","(336, 64, 250)",123,4567,0.6071428571428572
5,Feet,Rest,55.7949583530426,0.6450892857142857,1.0,"(448, 64, 250)","(336, 64, 250)",123,4567,0.6517857142857143
5,Tongue,Rest,54.04853940010071,0.6629464285714286,1.0,"(448, 64, 250)","(336, 64, 250)",123,4567,0.6674107142857143
5,Mis,Rest,53.666173696517944,0.546875,1.0,"(448, 64, 250)","(336, 64, 250)",123,4567,0.5424107142857143
