participant,class1,class2,running_time,test_acc,train_acc,test_size,train_size,train_block,test_block,test_acc_vote
6,Hand,Rest,53.11206388473511,0.6383928571428571,1.0,"(448, 64, 250)","(336, 64, 250)",123,4567,0.6696428571428572
6,Feet,Rest,52.83436536788941,0.5825892857142857,1.0,"(448, 64, 250)","(336, 64, 250)",123,4567,0.609375
6,Tongue,Rest,54.180463552474976,0.5848214285714286,1.0,"(448, 64, 250)","(336, 64, 250)",123,4567,0.5959821428571428
6,Mis,Rest,53.80384159088135,0.6272321428571429,1.0,"(448, 64, 250)","(336, 64, 250)",123,4567,0.6473214285714286
