participant,class1,class2,running_time,test_acc,train_acc,test_size,train_size,train_block,test_block,test_acc_vote
7,Hand,Rest,52.9018828868866,0.671875,1.0,"(448, 64, 250)","(336, 64, 250)",123,4567,0.734375
7,Feet,Rest,52.52025127410889,0.6785714285714286,1.0,"(448, 64, 250)","(336, 64, 250)",123,4567,0.7254464285714286
7,Tongue,Rest,54.35738468170166,0.609375,1.0,"(448, 64, 250)","(336, 64, 250)",123,4567,0.6473214285714286
7,Mis,Rest,53.90305781364441,0.5803571428571429,1.0,"(448, 64, 250)","(336, 64, 250)",123,4567,0.5892857142857143
