participant,class1,class2,running_time,test_acc,train_acc,test_size,train_size,train_block,test_block,test_acc_vote
9,Hand,Rest,52.84411859512329,0.765625,1.0,"(448, 64, 250)","(336, 64, 250)",123,4567,0.8236607142857143
9,Feet,Rest,54.44394016265869,0.8147321428571429,1.0,"(448, 64, 250)","(336, 64, 250)",123,4567,0.84375
9,Tongue,Rest,54.63800001144409,0.6584821428571429,1.0,"(448, 64, 250)","(336, 64, 250)",123,4567,0.703125
9,Mis,Rest,53.67340111732483,0.6852678571428571,1.0,"(448, 64, 250)","(336, 64, 250)",123,4567,0.7433035714285714
