participant,class1,class2,running_time,test_acc,train_acc,test_size,train_size,train_block,test_block,test_acc_vote
11,Hand,Rest,77.82488679885864,0.6636363636363637,1.0,"(110, 64, 1000)","(275, 64, 1000)",1234,56,0.6545454545454545
11,Feet,Rest,155.08886313438416,0.6272727272727273,1.0,"(110, 64, 1000)","(275, 64, 1000)",1234,56,0.6636363636363636
11,Tongue,Rest,233.4665849208832,0.6090909090909091,1.0,"(110, 64, 1000)","(275, 64, 1000)",1234,56,0.6181818181818182
11,Mis,Rest,311.80141282081604,0.8090909090909091,1.0,"(110, 64, 1000)","(275, 64, 1000)",01234,56,0.8181818181818181
