participant,class1,class2,running_time,test_acc,train_acc,test_size,train_size,train_block,test_block,test_acc_vote
3,Hand,Rest,77.41778421401978,0.8636363636363636,1.0,"(110, 64, 1000)","(275, 64, 1000)",1234,56,0.8909090909090909
3,Feet,Rest,154.5789988040924,0.7,1.0,"(110, 64, 1000)","(275, 64, 1000)",1234,56,0.6818181818181819
3,Tongue,Rest,233.02754592895508,0.7090909090909091,1.0,"(110, 64, 1000)","(275, 64, 1000)",1234,56,0.6636363636363636
3,Mis,Rest,311.08638167381287,0.7454545454545455,1.0,"(110, 64, 1000)","(275, 64, 1000)",01234,56,0.7727272727272727
