participant,class1,class2,running_time,test_acc,train_acc,test_size,train_size,train_block,test_block,test_acc_vote
4,Hand,Rest,77.42316031455994,0.8272727272727273,1.0,"(110, 64, 1000)","(275, 64, 1000)",1234,56,0.8545454545454545
4,Feet,Rest,154.82640838623047,0.8181818181818182,1.0,"(110, 64, 1000)","(275, 64, 1000)",1234,56,0.8
4,Tongue,Rest,232.6042411327362,0.7363636363636363,1.0,"(110, 64, 1000)","(275, 64, 1000)",1234,56,0.7636363636363637
4,Mis,Rest,310.7978274822235,0.6090909090909091,1.0,"(110, 64, 1000)","(275, 64, 1000)",01234,56,0.5909090909090908
