participant,class1,class2,running_time,test_acc,train_acc,test_size,train_size,train_block,test_block,test_acc_vote
6,Hand,Rest,76.68351197242737,0.4909090909090909,1.0,"(110, 64, 1000)","(275, 64, 1000)",1234,56,0.4818181818181818
6,Feet,Rest,153.20152187347412,0.6818181818181818,1.0,"(110, 64, 1000)","(275, 64, 1000)",1234,56,0.6727272727272727
6,Tongue,Rest,231.51238250732425,0.7181818181818181,1.0,"(110, 64, 1000)","(275, 64, 1000)",1234,56,0.7181818181818183
6,Mis,Rest,308.95963430404663,0.6727272727272727,1.0,"(110, 64, 1000)","(275, 64, 1000)",01234,56,0.6909090909090909
