participant,class1,class2,running_time,test_acc,train_acc,test_size,train_size,train_block,test_block,test_acc_vote
7,Hand,Rest,77.7574372291565,0.8272727272727273,1.0,"(110, 64, 1000)","(275, 64, 1000)",1234,56,0.8727272727272728
7,Feet,Rest,155.50797820091248,0.8181818181818182,1.0,"(110, 64, 1000)","(275, 64, 1000)",1234,56,0.8909090909090909
7,Tongue,Rest,234.17735624313352,0.6545454545454545,1.0,"(110, 64, 1000)","(275, 64, 1000)",1234,56,0.6363636363636364
7,Mis,Rest,313.0103120803833,0.6090909090909091,1.0,"(110, 64, 1000)","(275, 64, 1000)",01234,56,0.6090909090909091
