participant,class1,class2,running_time,test_acc,train_acc,test_size,train_size,train_block,test_block,test_acc_vote
17,Hand,Rest,32.3194694519043,0.75,1.0,"(56, 64, 1000)","(56, 64, 1000)",12,67,0.7678571428571428
17,Feet,Rest,31.487838983535767,0.6964285714285714,1.0,"(56, 64, 1000)","(56, 64, 1000)",12,67,0.6785714285714286
17,Tongue,Rest,33.60270833969116,0.625,1.0,"(56, 64, 1000)","(56, 64, 1000)",12,67,0.5892857142857143
17,Mis,Rest,31.827101945877075,0.7321428571428571,1.0,"(56, 64, 1000)","(56, 64, 1000)",12,67,0.6785714285714286
