participant,class1,class2,running_time,test_acc,train_acc,test_size,train_size,train_block,test_block,test_acc_vote
14,Hand,Rest,50.20265746116638,0.7023809523809523,1.0,"(168, 64, 1000)","(28, 64, 1000)",1,234567,0.6666666666666667
14,Feet,Rest,50.50300455093384,0.6011904761904762,1.0,"(168, 64, 1000)","(28, 64, 1000)",1,234567,0.5654761904761905
14,Tongue,Rest,52.05299472808838,0.5119047619047619,1.0,"(168, 64, 1000)","(28, 64, 1000)",1,234567,0.4880952380952381
14,Mis,Rest,51.8948290348053,0.6369047619047619,1.0,"(168, 64, 1000)","(28, 64, 1000)",1,234567,0.6130952380952381
