participant,class1,class2,running_time,test_acc,train_acc,test_size,train_size,train_block,test_block,test_acc_vote
6,Hand,Rest,50.52492332458496,0.6547619047619048,1.0,"(168, 64, 1000)","(28, 64, 1000)",1,234567,0.6726190476190477
6,Feet,Rest,51.36961221694946,0.6190476190476191,1.0,"(168, 64, 1000)","(28, 64, 1000)",1,234567,0.5654761904761905
6,Tongue,Rest,52.113243103027344,0.5892857142857143,1.0,"(168, 64, 1000)","(28, 64, 1000)",1,234567,0.5952380952380952
6,Mis,Rest,53.96364712715149,0.6190476190476191,1.0,"(168, 64, 1000)","(28, 64, 1000)",1,234567,0.6011904761904762
