participant,class1,class2,running_time,test_acc,train_acc,test_size,train_size,train_block,test_block,test_acc_vote
10,Hand,Rest,52.19431018829346,0.5297619047619048,1.0,"(672, 64, 250)","(112, 64, 250)",1,234567,0.5386904761904762
10,Feet,Rest,52.05590796470642,0.5357142857142857,1.0,"(672, 64, 250)","(112, 64, 250)",1,234567,0.5446428571428572
10,Tongue,Rest,53.70237064361572,0.5223214285714286,1.0,"(672, 64, 250)","(112, 64, 250)",1,234567,0.5267857142857143
10,Mis,Rest,53.04110288619995,0.5044642857142857,1.0,"(672, 64, 250)","(112, 64, 250)",1,234567,0.5014880952380952
