participant,class1,class2,running_time,test_acc,train_acc,test_size,train_size,train_block,test_block,test_acc_vote
11,Hand,Rest,51.57049369812012,0.6205357142857143,1.0,"(672, 64, 250)","(112, 64, 250)",1,234567,0.6607142857142857
11,Feet,Rest,52.084481716156006,0.6190476190476191,1.0,"(672, 64, 250)","(112, 64, 250)",1,234567,0.6056547619047619
11,Tongue,Rest,52.88302373886109,0.5,1.0,"(672, 64, 250)","(112, 64, 250)",1,234567,0.5044642857142857
11,Mis,Rest,53.280686378479004,0.5193452380952381,1.0,"(672, 64, 250)","(112, 64, 250)",1,234567,0.5074404761904762
