participant,class1,class2,running_time,test_acc,train_acc,test_size,train_size,train_block,test_block,test_acc_vote
13,Hand,Rest,52.24015522003174,0.5342261904761905,1.0,"(672, 64, 250)","(112, 64, 250)",1,234567,0.5178571428571428
13,Feet,Rest,53.507699489593506,0.53125,1.0,"(672, 64, 250)","(112, 64, 250)",1,234567,0.5193452380952381
13,Tongue,Rest,52.976974964141846,0.6220238095238095,1.0,"(672, 64, 250)","(112, 64, 250)",1,234567,0.6235119047619048
13,Mis,Rest,52.932384967803955,0.5491071428571429,1.0,"(672, 64, 250)","(112, 64, 250)",1,234567,0.5357142857142857
