participant,class1,class2,running_time,test_acc,train_acc,test_size,train_size,train_block,test_block,test_acc_vote
14,Hand,Rest,52.37264370918274,0.5535714285714286,1.0,"(672, 64, 250)","(112, 64, 250)",1,234567,0.5446428571428572
14,Feet,Rest,51.81003284454346,0.5238095238095238,1.0,"(672, 64, 250)","(112, 64, 250)",1,234567,0.53125
14,Tongue,Rest,53.065223932266235,0.4910714285714285,1.0,"(672, 64, 250)","(112, 64, 250)",1,234567,0.4955357142857143
14,Mis,Rest,52.907660245895386,0.5223214285714286,1.0,"(672, 64, 250)","(112, 64, 250)",1,234567,0.5431547619047619
