participant,class1,class2,running_time,test_acc,train_acc,test_size,train_size,train_block,test_block,test_acc_vote
4,Hand,Rest,51.97300338745117,0.7321428571428571,1.0,"(672, 64, 250)","(112, 64, 250)",1,234567,0.7633928571428572
4,Feet,Rest,51.956034660339355,0.7068452380952381,1.0,"(672, 64, 250)","(112, 64, 250)",1,234567,0.7455357142857143
4,Tongue,Rest,53.310755491256714,0.5803571428571429,1.0,"(672, 64, 250)","(112, 64, 250)",1,234567,0.5952380952380952
4,Mis,Rest,53.689470291137695,0.5535714285714286,1.0,"(672, 64, 250)","(112, 64, 250)",1,234567,0.5431547619047619
