participant,class1,class2,running_time,test_acc,train_acc,test_size,train_size,train_block,test_block,test_acc_vote
9,Hand,Rest,52.38891530036926,0.5505952380952381,1.0,"(672, 64, 250)","(112, 64, 250)",1,234567,0.5520833333333333
9,Feet,Rest,51.687028884887695,0.5327380952380952,1.0,"(672, 64, 250)","(112, 64, 250)",1,234567,0.5446428571428572
9,Tongue,Rest,53.19904851913452,0.4851190476190476,1.0,"(672, 64, 250)","(112, 64, 250)",1,234567,0.4732142857142857
9,Mis,Rest,52.92394137382507,0.49702380952380953,1.0,"(672, 64, 250)","(112, 64, 250)",1,234567,0.5029761904761905
