participant,class1,class2,running_time,test_acc,train_acc,test_size,train_size,train_block,test_block,test_acc_vote
13,Hand,Rest,132.0359935760498,0.7155963302752294,1.0,"(327, 64, 1000)","(436, 64, 1000)",1234,567,0.7064220183486238
13,Feet,Rest,132.99550986289978,0.8134556574923547,1.0,"(327, 64, 1000)","(436, 64, 1000)",1234,567,0.8348623853211009
13,Tongue,Rest,135.8458216190338,0.7614678899082569,1.0,"(327, 64, 1000)","(436, 64, 1000)",1234,567,0.7828746177370031
13,Mis,Rest,135.58607983589172,0.7584097859327217,1.0,"(327, 64, 1000)","(436, 64, 1000)",1234,567,0.7675840978593272
