participant,class1,class2,running_time,test_acc,train_acc,test_size,train_size,train_block,test_block,test_acc_vote
4,Hand,Rest,134.34539270401,0.8776758409785933,1.0,"(327, 64, 1000)","(436, 64, 1000)",1234,567,0.8837920489296636
4,Feet,Rest,132.39013981819153,0.7828746177370031,1.0,"(327, 64, 1000)","(436, 64, 1000)",1234,567,0.7951070336391437
4,Tongue,Rest,135.1484043598175,0.6850152905198776,1.0,"(327, 64, 1000)","(436, 64, 1000)",1234,567,0.6819571865443426
4,Mis,Rest,134.46588444709778,0.7064220183486238,1.0,"(327, 64, 1000)","(436, 64, 1000)",1234,567,0.7125382262996942
