participant,class1,class2,running_time,test_acc,train_acc,test_size,train_size,train_block,test_block,test_acc_vote
10,Hand,Rest,67.0606803894043,0.6309523809523809,1.0,"(168, 64, 1000)","(28, 64, 1000)",1,67,0.6190476190476191
10,Feet,Rest,66.67282962799072,0.6190476190476191,1.0,"(168, 64, 1000)","(28, 64, 1000)",1,67,0.5773809523809523
10,Tongue,Rest,68.05071187019348,0.6488095238095238,1.0,"(168, 64, 1000)","(28, 64, 1000)",1,67,0.6369047619047619
10,Mis,Rest,66.53505825996399,0.5892857142857143,1.0,"(168, 64, 1000)","(28, 64, 1000)",1,67,0.5714285714285714
