participant,class1,class2,running_time,test_acc,train_acc,test_size,train_size,train_block,test_block,test_acc_vote
13,Hand,Rest,67.2440276145935,0.5595238095238095,1.0,"(168, 64, 1000)","(28, 64, 1000)",1,67,0.5297619047619048
13,Feet,Rest,66.77009725570679,0.6666666666666666,1.0,"(168, 64, 1000)","(28, 64, 1000)",1,67,0.6130952380952381
13,Tongue,Rest,67.45249247550964,0.75,1.0,"(168, 64, 1000)","(28, 64, 1000)",1,67,0.7261904761904762
13,Mis,Rest,64.71083188056946,0.5773809523809523,1.0,"(168, 64, 1000)","(28, 64, 1000)",1,67,0.5297619047619048
