participant,class1,class2,running_time,test_acc,train_acc,test_size,train_size,train_block,test_block,test_acc_vote
16,Hand,Rest,66.48803663253784,0.5773809523809523,1.0,"(168, 64, 1000)","(28, 64, 1000)",1,67,0.5714285714285714
16,Feet,Rest,65.90237474441528,0.625,1.0,"(168, 64, 1000)","(28, 64, 1000)",1,67,0.6130952380952381
16,Tongue,Rest,64.67414808273315,0.7321428571428571,1.0,"(168, 64, 1000)","(28, 64, 1000)",1,67,0.7023809523809523
16,Mis,Rest,64.68513798713684,0.6071428571428571,1.0,"(168, 64, 1000)","(28, 64, 1000)",1,67,0.5476190476190477
