participant,class1,class2,running_time,test_acc,train_acc,test_size,train_size,train_block,test_block,test_acc_vote
17,Hand,Rest,64.34943270683289,0.75,1.0,"(168, 64, 1000)","(28, 64, 1000)",1,67,0.7142857142857143
17,Feet,Rest,66.98788857460022,0.5416666666666666,1.0,"(168, 64, 1000)","(28, 64, 1000)",1,67,0.5178571428571428
17,Tongue,Rest,66.52667164802551,0.625,1.0,"(168, 64, 1000)","(28, 64, 1000)",1,67,0.5952380952380952
17,Mis,Rest,65.92987179756165,0.7142857142857143,1.0,"(168, 64, 1000)","(28, 64, 1000)",1,67,0.6666666666666667
