participant,class1,class2,running_time,test_acc,train_acc,test_size,train_size,train_block,test_block,test_acc_vote
19,Hand,Rest,65.4773359298706,0.7857142857142857,1.0,"(168, 64, 1000)","(28, 64, 1000)",1,67,0.75
19,Feet,Rest,65.17654728889465,0.6845238095238095,1.0,"(168, 64, 1000)","(28, 64, 1000)",1,67,0.6369047619047619
19,Tongue,Rest,66.96287751197815,0.5773809523809523,1.0,"(168, 64, 1000)","(28, 64, 1000)",1,67,0.5535714285714286
19,Mis,Rest,67.58759617805481,0.7916666666666666,1.0,"(168, 64, 1000)","(28, 64, 1000)",1,67,0.7321428571428572
