participant,class1,class2,running_time,test_acc,train_acc,test_size,train_size,train_block,test_block,test_acc_vote
4,Hand,Rest,65.79558444023132,0.8869047619047619,1.0,"(168, 64, 1000)","(28, 64, 1000)",1,67,0.8869047619047619
4,Feet,Rest,65.84048891067505,0.7202380952380952,1.0,"(168, 64, 1000)","(28, 64, 1000)",1,67,0.6964285714285714
4,Tongue,Rest,66.3014440536499,0.6428571428571429,1.0,"(168, 64, 1000)","(28, 64, 1000)",1,67,0.6011904761904762
4,Mis,Rest,67.4668972492218,0.6726190476190477,1.0,"(168, 64, 1000)","(28, 64, 1000)",1,67,0.6547619047619048
