participant,class1,class2,running_time,test_acc,train_acc,test_size,train_size,train_block,test_block,test_acc_vote
5,Hand,Rest,66.26472425460815,0.6309523809523809,1.0,"(168, 64, 1000)","(28, 64, 1000)",1,67,0.6190476190476191
5,Feet,Rest,67.55883455276489,0.6011904761904762,1.0,"(168, 64, 1000)","(28, 64, 1000)",1,67,0.5476190476190477
5,Tongue,Rest,66.26887106895447,0.7261904761904762,1.0,"(168, 64, 1000)","(28, 64, 1000)",1,67,0.6785714285714286
5,Mis,Rest,65.74752926826477,0.4226190476190476,1.0,"(168, 64, 1000)","(28, 64, 1000)",1,67,0.4107142857142857
