participant,class1,class2,running_time,test_acc,train_acc,test_size,train_size,train_block,test_block,test_acc_vote
6,Hand,Rest,65.27656054496765,0.6071428571428571,1.0,"(168, 64, 1000)","(28, 64, 1000)",1,67,0.5952380952380952
6,Feet,Rest,65.61594724655151,0.5833333333333334,1.0,"(168, 64, 1000)","(28, 64, 1000)",1,67,0.5476190476190477
6,Tongue,Rest,67.39861726760864,0.6190476190476191,1.0,"(168, 64, 1000)","(28, 64, 1000)",1,67,0.5714285714285714
6,Mis,Rest,66.99719405174255,0.5476190476190477,1.0,"(168, 64, 1000)","(28, 64, 1000)",1,67,0.5297619047619048
