participant,class1,class2,running_time,test_acc,train_acc,test_size,train_size,train_block,test_block,test_acc_vote
7,Hand,Rest,66.32414865493774,0.7440476190476191,1.0,"(168, 64, 1000)","(28, 64, 1000)",1,67,0.7142857142857143
7,Feet,Rest,65.66756224632263,0.5535714285714286,1.0,"(168, 64, 1000)","(28, 64, 1000)",1,67,0.5178571428571428
7,Tongue,Rest,67.3639166355133,0.5059523809523809,1.0,"(168, 64, 1000)","(28, 64, 1000)",1,67,0.5059523809523809
7,Mis,Rest,67.61328125,0.6488095238095238,1.0,"(168, 64, 1000)","(28, 64, 1000)",1,67,0.6488095238095238
