participant,class1,class2,running_time,test_acc,train_acc,test_size,train_size,train_block,test_block,test_acc_vote
9,Hand,Rest,65.90473651885986,0.8214285714285714,1.0,"(168, 64, 1000)","(28, 64, 1000)",1,67,0.8095238095238095
9,Feet,Rest,65.70920300483704,0.8154761904761905,1.0,"(168, 64, 1000)","(28, 64, 1000)",1,67,0.8095238095238095
9,Tongue,Rest,66.20391607284546,0.6369047619047619,1.0,"(168, 64, 1000)","(28, 64, 1000)",1,67,0.6011904761904762
9,Mis,Rest,66.77703785896301,0.42857142857142855,1.0,"(168, 64, 1000)","(28, 64, 1000)",1,67,0.4285714285714286
