participant,class1,class2,running_time,test_acc,train_acc,test_size,train_size,train_block,test_block,test_acc_vote
10,Hand,Rest,9.285685062408447,0.5714285714285714,1.0,"(28, 64, 1123)","(28, 64, 1123)",1,28 randomly chosen!,0.5357142857142857
10,Feet,Rest,9.295677423477173,0.5714285714285714,1.0,"(28, 64, 1123)","(28, 64, 1123)",1,28 randomly chosen!,0.6428571428571428
10,Tongue,Rest,8.76059603691101,0.5357142857142857,1.0,"(28, 64, 1123)","(28, 64, 1123)",1,28 randomly chosen!,0.5357142857142857
10,Mis,Rest,9.908413887023926,0.5,1.0,"(28, 64, 1123)","(28, 64, 1123)",1,28 randomly chosen!,0.6071428571428572
