participant,class1,class2,running_time,test_acc,train_acc,test_size,train_size,train_block,test_block,test_acc_vote
11,Hand,Rest,9.18081259727478,0.6428571428571429,1.0,"(28, 64, 1123)","(28, 64, 1123)",1,28 randomly chosen!,0.5714285714285714
11,Feet,Rest,9.355783700942991,0.5714285714285714,1.0,"(28, 64, 1123)","(28, 64, 1123)",1,28 randomly chosen!,0.5714285714285714
11,Tongue,Rest,8.91947317123413,0.25,0.9285714285714286,"(28, 64, 1123)","(28, 64, 1123)",1,28 randomly chosen!,0.1785714285714286
11,Mis,Rest,8.77527904510498,0.42857142857142855,1.0,"(28, 64, 1123)","(28, 64, 1123)",1,28 randomly chosen!,0.4285714285714286
