participant,class1,class2,running_time,test_acc,train_acc,test_size,train_size,train_block,test_block,test_acc_vote
13,Hand,Rest,9.166473627090454,0.8928571428571429,1.0,"(28, 64, 1123)","(28, 64, 1123)",1,28 randomly chosen!,0.8928571428571429
13,Feet,Rest,8.795880317687988,0.8928571428571429,1.0,"(28, 64, 1123)","(28, 64, 1123)",1,28 randomly chosen!,0.8928571428571429
13,Tongue,Rest,8.373241901397705,0.9285714285714286,1.0,"(28, 64, 1123)","(28, 64, 1123)",1,28 randomly chosen!,0.9642857142857144
13,Mis,Rest,9.012388706207275,0.8928571428571429,1.0,"(28, 64, 1123)","(28, 64, 1123)",1,28 randomly chosen!,0.9642857142857143
