participant,class1,class2,running_time,test_acc,train_acc,test_size,train_size,train_block,test_block,test_acc_vote
5,Hand,Rest,8.826037883758545,0.5714285714285714,1.0,"(28, 64, 1123)","(28, 64, 1123)",1,28 randomly chosen!,0.5714285714285714
5,Feet,Rest,9.153934001922607,0.8214285714285714,1.0,"(28, 64, 1123)","(28, 64, 1123)",1,28 randomly chosen!,0.8214285714285714
5,Tongue,Rest,8.584850788116455,0.5,1.0,"(28, 64, 1123)","(28, 64, 1123)",1,28 randomly chosen!,0.5357142857142857
5,Mis,Rest,8.576494455337524,0.5357142857142857,1.0,"(28, 64, 1123)","(28, 64, 1123)",1,28 randomly chosen!,0.5357142857142857
