participant,class1,class2,running_time,test_acc,train_acc,test_size,train_size,train_block,test_block,test_acc_vote
17,Hand,Rest,61.98478412628174,0.7339449541284404,0.9311926605504588,"(218, 64, 1000)","(218, 64, 1000)",12,67,0.7522935779816513
17,Feet,Rest,61.1815128326416,0.6926605504587156,0.9128440366972476,"(218, 64, 1000)","(218, 64, 1000)",12,67,0.6926605504587156
17,Tongue,Rest,63.0849232673645,0.6559633027522935,0.9770642201834864,"(218, 64, 1000)","(218, 64, 1000)",12,67,0.6697247706422018
17,Mis,Rest,64.17680406570435,0.5779816513761468,0.9541284403669725,"(218, 64, 1000)","(218, 64, 1000)",12,67,0.5779816513761468
