participant,class1,class2,running_time,test_acc,train_acc,test_size,train_size,train_block,test_block,test_acc_vote
19,Hand,Rest,64.47323513031006,0.5504587155963303,0.981651376146789,"(218, 64, 1000)","(218, 64, 1000)",12,67,0.5504587155963303
19,Feet,Rest,71.52669191360474,0.555045871559633,0.9724770642201837,"(218, 64, 1000)","(218, 64, 1000)",12,67,0.5642201834862386
19,Tongue,Rest,66.74104022979736,0.8073394495412844,0.981651376146789,"(218, 64, 1000)","(218, 64, 1000)",12,67,0.8211009174311926
19,Mis,Rest,72.00491738319397,0.7385321100917431,0.963302752293578,"(218, 64, 1000)","(218, 64, 1000)",12,67,0.7522935779816513
