participant,class1,class2,running_time,test_acc,train_acc,test_size,train_size,train_block,test_block,test_acc_vote
10,Hand,Rest,43.398696184158325,0.6607142857142857,0.9761904761904762,"(56, 64, 1000)","(84, 64, 1000)",123,56 randomly chosen!,0.7321428571428572
10,Feet,Rest,42.36888289451599,0.5535714285714286,1.0,"(56, 64, 1000)","(84, 64, 1000)",123,56 randomly chosen!,0.5357142857142857
10,Tongue,Rest,42.33439660072327,0.6071428571428571,1.0,"(56, 64, 1000)","(84, 64, 1000)",123,56 randomly chosen!,0.6785714285714286
10,Mis,Rest,43.35360813140869,0.6071428571428571,0.9642857142857143,"(56, 64, 1000)","(84, 64, 1000)",123,56 randomly chosen!,0.6428571428571428
