participant,class1,class2,running_time,test_acc,train_acc,test_size,train_size,train_block,test_block,test_acc_vote
11,Hand,Rest,43.44091081619263,0.8214285714285714,0.9761904761904762,"(56, 64, 1000)","(84, 64, 1000)",123,56 randomly chosen!,0.8571428571428572
11,Feet,Rest,41.49384331703186,0.6964285714285714,0.9761904761904762,"(56, 64, 1000)","(84, 64, 1000)",123,56 randomly chosen!,0.75
11,Tongue,Rest,40.992478370666504,0.625,0.988095238095238,"(56, 64, 1000)","(84, 64, 1000)",123,56 randomly chosen!,0.6964285714285714
11,Mis,Rest,41.64540982246399,0.6428571428571429,0.9285714285714286,"(56, 64, 1000)","(84, 64, 1000)",123,56 randomly chosen!,0.625
