participant,class1,class2,running_time,test_acc,train_acc,test_size,train_size,train_block,test_block,test_acc_vote
14,Hand,Rest,41.85743308067322,1.0,1.0,"(56, 64, 1000)","(84, 64, 1000)",123,56 randomly chosen!,1.0
14,Feet,Rest,42.52870225906372,1.0,1.0,"(56, 64, 1000)","(84, 64, 1000)",123,56 randomly chosen!,1.0
14,Tongue,Rest,42.050750970840454,0.9821428571428572,1.0,"(56, 64, 1000)","(84, 64, 1000)",123,56 randomly chosen!,1.0
14,Mis,Rest,43.762479305267334,0.9464285714285714,1.0,"(56, 64, 1000)","(84, 64, 1000)",123,56 randomly chosen!,1.0
