participant,class1,class2,running_time,test_acc,train_acc,test_size,train_size,train_block,test_block,test_acc_vote
2,Hand,Rest,43.79974365234375,0.9821428571428572,1.0,"(56, 64, 1000)","(84, 64, 1000)",123,56 randomly chosen!,1.0
2,Feet,Rest,43.589991092681885,0.8571428571428571,1.0,"(56, 64, 1000)","(84, 64, 1000)",123,56 randomly chosen!,0.9642857142857144
2,Tongue,Rest,43.14481854438782,0.9285714285714286,1.0,"(56, 64, 1000)","(84, 64, 1000)",123,56 randomly chosen!,0.9821428571428572
2,Mis,Rest,40.176522731781006,0.9107142857142857,1.0,"(56, 64, 1000)","(84, 64, 1000)",123,56 randomly chosen!,0.9821428571428571
