participant,class1,class2,running_time,test_acc,train_acc,test_size,train_size,train_block,test_block,test_acc_vote
14,Hand,Rest,45.324177980422974,0.6036036036036037,0.990990990990991,"(222, 64, 500)","(111, 64, 500)",1,67,0.5765765765765766
14,Feet,Rest,39.21883201599121,0.5765765765765766,1.0,"(222, 64, 500)","(111, 64, 500)",1,67,0.572072072072072
14,Tongue,Rest,43.01129722595215,0.5135135135135135,1.0,"(222, 64, 500)","(111, 64, 500)",1,67,0.5135135135135135
14,Mis,Rest,30.043453454971313,0.509009009009009,1.0,"(222, 64, 500)","(111, 64, 500)",1,67,0.49549549549549554
