participant,class1,class2,running_time,test_acc,train_acc,test_size,train_size,train_block,test_block,test_acc_vote
18,Hand,Rest,32.15462899208069,0.5045045045045045,1.0,"(222, 64, 500)","(111, 64, 500)",1,67,0.4954954954954955
18,Feet,Rest,31.11063861846924,0.6036036036036037,0.990990990990991,"(222, 64, 500)","(111, 64, 500)",1,67,0.5855855855855856
18,Tongue,Rest,41.48667764663696,0.6666666666666666,1.0,"(222, 64, 500)","(111, 64, 500)",1,67,0.6486486486486487
18,Mis,Rest,41.98268914222717,0.6621621621621622,0.990990990990991,"(222, 64, 500)","(111, 64, 500)",1,67,0.6531531531531531
