participant,class1,class2,running_time,test_acc,train_acc,test_size,train_size,train_block,test_block,test_acc_vote
3,Hand,Rest,32.48248529434204,0.7117117117117117,1.0,"(222, 64, 500)","(111, 64, 500)",1,67,0.7342342342342343
3,Feet,Rest,30.29736018180847,0.5585585585585585,1.0,"(222, 64, 500)","(111, 64, 500)",1,67,0.5810810810810811
3,Tongue,Rest,30.56111216545105,0.527027027027027,0.981981981981982,"(222, 64, 500)","(111, 64, 500)",1,67,0.5585585585585586
3,Mis,Rest,48.88300633430481,0.5945945945945946,0.990990990990991,"(222, 64, 500)","(111, 64, 500)",1,67,0.6081081081081081
