participant,class1,class2,running_time,test_acc,train_acc,test_size,train_size,train_block,test_block,test_acc_vote
4,Hand,Rest,39.813725233078,0.6756756756756757,1.0,"(222, 64, 500)","(111, 64, 500)",1,67,0.6981981981981982
4,Feet,Rest,29.680997610092163,0.5900900900900901,0.990990990990991,"(222, 64, 500)","(111, 64, 500)",1,67,0.6036036036036037
4,Tongue,Rest,29.910430908203125,0.6306306306306306,1.0,"(222, 64, 500)","(111, 64, 500)",1,67,0.6396396396396397
4,Mis,Rest,30.440134286880493,0.545045045045045,0.972972972972973,"(222, 64, 500)","(111, 64, 500)",1,67,0.527027027027027
