participant,class1,class2,running_time,test_acc,train_acc,test_size,train_size,train_block,test_block,test_acc_vote
6,Hand,Rest,30.029107809066772,0.5855855855855856,1.0,"(222, 64, 500)","(111, 64, 500)",1,67,0.6036036036036037
6,Feet,Rest,31.15532088279724,0.5630630630630631,0.981981981981982,"(222, 64, 500)","(111, 64, 500)",1,67,0.6126126126126126
6,Tongue,Rest,53.558682918548584,0.509009009009009,1.0,"(222, 64, 500)","(111, 64, 500)",1,67,0.4954954954954955
6,Mis,Rest,35.57714629173279,0.5900900900900901,0.990990990990991,"(222, 64, 500)","(111, 64, 500)",1,67,0.5990990990990991
