participant,class1,class2,running_time,test_acc,train_acc,test_size,train_size,train_block,test_block,test_acc_vote
16,Hand,Rest,23.514254331588745,0.6607142857142857,1.0,"(56, 64, 1000)","(28, 64, 1000)",1,67,0.6071428571428572
16,Feet,Rest,23.509211540222168,0.6071428571428571,1.0,"(56, 64, 1000)","(28, 64, 1000)",1,67,0.5535714285714286
16,Tongue,Rest,23.608569383621216,0.6428571428571429,1.0,"(56, 64, 1000)","(28, 64, 1000)",1,67,0.625
16,Mis,Rest,23.604058027267456,0.5714285714285714,1.0,"(56, 64, 1000)","(28, 64, 1000)",1,67,0.5535714285714286
