participant,class1,class2,running_time,test_acc,train_acc,test_size,train_size,train_block,test_block,test_acc_vote
7,Hand,Rest,23.72793650627136,0.6964285714285714,1.0,"(56, 64, 1000)","(28, 64, 1000)",1,67,0.6428571428571428
7,Feet,Rest,23.941283226013184,0.5,1.0,"(56, 64, 1000)","(28, 64, 1000)",1,67,0.5178571428571428
7,Tongue,Rest,23.788921117782593,0.5,1.0,"(56, 64, 1000)","(28, 64, 1000)",1,67,0.5178571428571428
7,Mis,Rest,24.021577835083008,0.6607142857142857,1.0,"(56, 64, 1000)","(28, 64, 1000)",1,67,0.6428571428571428
