participant,class1,class2,running_time,test_acc,train_acc,test_size,train_size,train_block,test_block,test_acc_vote
6,Hand,Rest,37.242233991622925,0.625,1.0,"(56, 64, 1000)","(140, 64, 1000)",12345,67,0.5892857142857143
6,Feet,Rest,37.091837882995605,0.8035714285714286,1.0,"(56, 64, 1000)","(140, 64, 1000)",12345,67,0.8392857142857143
6,Tongue,Rest,39.29251194000244,0.8928571428571429,1.0,"(56, 64, 1000)","(140, 64, 1000)",12345,67,0.875
6,Mis,Rest,38.20652794837952,0.7678571428571429,1.0,"(56, 64, 1000)","(140, 64, 1000)",12345,67,0.8035714285714286
