participant,class1,class2,running_time,test_acc,train_acc,test_size,train_size,train_block,test_block,test_acc_vote
5,Hand,Rest,53.36140704154968,0.5857142857142857,1.0,"(140, 64, 1000)","(56, 64, 1000)",12,34567,0.5714285714285714
5,Feet,Rest,52.61788320541382,0.7285714285714285,1.0,"(140, 64, 1000)","(56, 64, 1000)",12,34567,0.6642857142857144
5,Tongue,Rest,54.734283447265625,0.6142857142857143,1.0,"(140, 64, 1000)","(56, 64, 1000)",12,34567,0.5642857142857143
5,Mis,Rest,55.04983925819397,0.6285714285714286,1.0,"(140, 64, 1000)","(56, 64, 1000)",12,34567,0.6142857142857143
