participant,class1,class2,running_time,test_acc,train_acc,test_size,train_size,train_block,test_block,test_acc_vote
18,Hand,Rest,68.48854398727417,0.6607142857142857,1.0,"(112, 64, 500)","(280, 64, 500)",12345,67,0.6339285714285714
18,Feet,Rest,67.3253333568573,0.6964285714285714,1.0,"(112, 64, 500)","(280, 64, 500)",12345,67,0.7142857142857143
18,Tongue,Rest,67.45129871368408,0.8125,1.0,"(112, 64, 500)","(280, 64, 500)",12345,67,0.8125
18,Mis,Rest,67.52673029899597,0.75,1.0,"(112, 64, 500)","(280, 64, 500)",12345,67,0.7678571428571428
