participant,class1,class2,running_time,test_acc,train_acc,test_size,train_size,train_block,test_block,test_acc_vote
5,Hand,Rest,66.75496220588684,0.7678571428571429,1.0,"(112, 64, 500)","(280, 64, 500)",12345,67,0.7678571428571428
5,Feet,Rest,66.8225200176239,0.6517857142857143,1.0,"(112, 64, 500)","(280, 64, 500)",12345,67,0.6517857142857143
5,Tongue,Rest,66.63146114349365,0.7142857142857143,1.0,"(112, 64, 500)","(280, 64, 500)",12345,67,0.7857142857142857
5,Mis,Rest,66.85120487213135,0.8214285714285714,1.0,"(112, 64, 500)","(280, 64, 500)",12345,67,0.8928571428571429
