participant,class1,class2,running_time,test_acc,train_acc,test_size,train_size,train_block,test_block,test_acc_vote
6,Hand,Rest,68.34637188911438,0.7053571428571429,1.0,"(112, 64, 500)","(280, 64, 500)",12345,67,0.8035714285714286
6,Feet,Rest,66.40252447128296,0.7589285714285714,1.0,"(112, 64, 500)","(280, 64, 500)",12345,67,0.7767857142857143
6,Tongue,Rest,66.76752305030823,0.7232142857142857,1.0,"(112, 64, 500)","(280, 64, 500)",12345,67,0.7410714285714286
6,Mis,Rest,67.2381100654602,0.7053571428571429,1.0,"(112, 64, 500)","(280, 64, 500)",12345,67,0.7053571428571428
