participant,class1,class2,running_time,test_acc,train_acc,test_size,train_size,train_block,test_block,test_acc_vote
9,Hand,Rest,67.1289050579071,0.8660714285714286,1.0,"(112, 64, 500)","(280, 64, 500)",12345,67,0.875
9,Feet,Rest,69.03716969490051,0.8928571428571429,1.0,"(112, 64, 500)","(280, 64, 500)",12345,67,0.9196428571428572
9,Tongue,Rest,67.20480108261108,0.7321428571428571,1.0,"(112, 64, 500)","(280, 64, 500)",12345,67,0.7857142857142857
9,Mis,Rest,67.13959884643555,0.7767857142857143,1.0,"(112, 64, 500)","(280, 64, 500)",12345,67,0.7857142857142857
