participant,class1,class2,running_time,test_acc,train_acc,test_size,train_size,train_block,test_block,test_acc_vote
4,Hand,Rest,31.865700721740723,0.7678571428571429,1.0,"(56, 64, 1000)","(56, 64, 1000)",12,67,0.75
4,Feet,Rest,31.101619720458984,0.6071428571428571,1.0,"(56, 64, 1000)","(56, 64, 1000)",12,67,0.5357142857142857
4,Tongue,Rest,31.80844736099243,0.7321428571428571,1.0,"(56, 64, 1000)","(56, 64, 1000)",12,67,0.7321428571428572
4,Mis,Rest,31.574355363845825,0.5892857142857143,1.0,"(56, 64, 1000)","(56, 64, 1000)",12,67,0.5357142857142857
