participant,class1,class2,running_time,test_acc,train_acc,test_size,train_size,train_block,test_block,test_acc_vote
5,Hand,Rest,32.033448696136475,0.5535714285714286,1.0,"(56, 64, 1000)","(56, 64, 1000)",12,67,0.5357142857142857
5,Feet,Rest,31.991758346557617,0.4642857142857143,1.0,"(56, 64, 1000)","(56, 64, 1000)",12,67,0.4464285714285714
5,Tongue,Rest,31.934617519378666,0.5535714285714286,1.0,"(56, 64, 1000)","(56, 64, 1000)",12,67,0.5714285714285714
5,Mis,Rest,31.02005434036255,0.5892857142857143,1.0,"(56, 64, 1000)","(56, 64, 1000)",12,67,0.5892857142857143
