participant,class1,class2,running_time,test_acc,train_acc,test_size,train_size,train_block,test_block,test_acc_vote
7,Hand,Rest,31.032217979431152,0.6607142857142857,1.0,"(56, 64, 1000)","(56, 64, 1000)",12,67,0.5535714285714286
7,Feet,Rest,31.62098383903503,0.6607142857142857,1.0,"(56, 64, 1000)","(56, 64, 1000)",12,67,0.625
7,Tongue,Rest,31.33025622367859,0.5714285714285714,1.0,"(56, 64, 1000)","(56, 64, 1000)",12,67,0.625
7,Mis,Rest,30.844655990600586,0.5535714285714286,1.0,"(56, 64, 1000)","(56, 64, 1000)",12,67,0.5892857142857143
