participant,class1,class2,running_time,test_acc,train_acc,test_size,train_size,train_block,test_block,test_acc_vote
11,Hand,Rest,62.256404876708984,0.75,0.988095238095238,"(56, 64, 1000)","(84, 64, 1000)",123,56,0.8571428571428572
11,Feet,Rest,43.39522099494934,0.7321428571428571,0.988095238095238,"(56, 64, 1000)","(84, 64, 1000)",123,56,0.8035714285714286
11,Tongue,Rest,57.91402888298035,0.6428571428571429,1.0,"(56, 64, 1000)","(84, 64, 1000)",123,56,0.7321428571428572
11,Mis,Rest,43.21515893936157,0.625,0.8690476190476191,"(56, 64, 1000)","(84, 64, 1000)",123,56,0.625
