participant,class1,class2,running_time,test_acc,train_acc,test_size,train_size,train_block,test_block,test_acc_vote
12,Hand,Rest,54.57673859596253,0.7678571428571429,0.988095238095238,"(56, 64, 1000)","(84, 64, 1000)",123,56,0.9107142857142856
12,Feet,Rest,40.64008378982544,0.75,1.0,"(56, 64, 1000)","(84, 64, 1000)",123,56,0.7857142857142857
12,Tongue,Rest,61.061890602111816,0.8214285714285714,1.0,"(56, 64, 1000)","(84, 64, 1000)",123,56,0.9285714285714286
12,Mis,Rest,42.0441632270813,0.7678571428571429,1.0,"(56, 64, 1000)","(84, 64, 1000)",123,56,0.8392857142857143
