participant,class1,class2,running_time,test_acc,train_acc,test_size,train_size,train_block,test_block,test_acc_vote
15,Hand,Rest,47.119420289993286,0.6964285714285714,1.0,"(56, 64, 1000)","(84, 64, 1000)",123,56,0.6964285714285714
15,Feet,Rest,54.94272565841675,0.7142857142857143,0.988095238095238,"(56, 64, 1000)","(84, 64, 1000)",123,56,0.8392857142857143
15,Tongue,Rest,43.705822706222534,0.8035714285714286,0.988095238095238,"(56, 64, 1000)","(84, 64, 1000)",123,56,0.8928571428571429
15,Mis,Rest,52.204076051712036,0.7142857142857143,0.9761904761904762,"(56, 64, 1000)","(84, 64, 1000)",123,56,0.7857142857142857
