participant,class1,class2,running_time,test_acc,train_acc,test_size,train_size,train_block,test_block,test_acc_vote
2,Hand,Rest,52.667973041534424,0.9821428571428572,1.0,"(56, 64, 1000)","(84, 64, 1000)",123,56,1.0
2,Feet,Rest,43.61488223075867,0.9107142857142856,1.0,"(56, 64, 1000)","(84, 64, 1000)",123,56,0.9821428571428572
2,Tongue,Rest,57.348156213760376,0.9464285714285714,1.0,"(56, 64, 1000)","(84, 64, 1000)",123,56,0.9821428571428572
2,Mis,Rest,39.27182626724243,0.9285714285714286,0.9761904761904762,"(56, 64, 1000)","(84, 64, 1000)",123,56,0.9821428571428571
