participant,class1,class2,running_time,test_acc,train_acc,test_size,train_size,train_block,test_block,test_acc_vote
4,Hand,Rest,51.399221658706665,0.6964285714285714,1.0,"(56, 64, 1000)","(84, 64, 1000)",123,56,0.7321428571428572
4,Feet,Rest,41.608962535858154,0.5892857142857143,1.0,"(56, 64, 1000)","(84, 64, 1000)",123,56,0.5535714285714286
4,Tongue,Rest,58.00285625457764,0.6785714285714286,1.0,"(56, 64, 1000)","(84, 64, 1000)",123,56,0.6964285714285714
4,Mis,Rest,45.665353298187256,0.7857142857142857,0.9880952380952381,"(56, 64, 1000)","(84, 64, 1000)",123,56,0.875
