participant,class1,class2,running_time,test_acc,train_acc,test_size,train_size,train_block,test_block,test_acc_vote
8,Hand,Rest,56.99520468711853,0.7321428571428571,0.9761904761904762,"(56, 64, 1000)","(84, 64, 1000)",123,56,0.7857142857142857
8,Feet,Rest,41.07709646224976,0.75,0.9761904761904762,"(56, 64, 1000)","(84, 64, 1000)",123,56,0.7857142857142857
8,Tongue,Rest,62.49732947349548,0.6428571428571429,0.9523809523809524,"(56, 64, 1000)","(84, 64, 1000)",123,56,0.6964285714285714
8,Mis,Rest,41.84444808959961,0.875,1.0,"(56, 64, 1000)","(84, 64, 1000)",123,56,0.9107142857142857
