participant,class1,class2,running_time,test_acc,train_acc,test_size,train_size,train_block,test_block,test_acc_vote
10,Hand,Rest,65.39444398880005,0.7027027027027027,0.990990990990991,"(222, 64, 500)","(222, 64, 500)",12,67,0.7162162162162162
10,Feet,Rest,43.9149854183197,0.6126126126126126,0.9864864864864864,"(222, 64, 500)","(222, 64, 500)",12,67,0.5810810810810811
10,Tongue,Rest,47.16090226173401,0.5720720720720721,0.9684684684684683,"(222, 64, 500)","(222, 64, 500)",12,67,0.5630630630630631
10,Mis,Rest,51.99906134605408,0.6621621621621622,0.9594594594594594,"(222, 64, 500)","(222, 64, 500)",12,67,0.6576576576576576
