participant,class1,class2,running_time,test_acc,train_acc,test_size,train_size,train_block,test_block,test_acc_vote
13,Hand,Rest,42.873003005981445,0.6036036036036037,0.9324324324324323,"(222, 64, 500)","(222, 64, 500)",12,67,0.6126126126126126
13,Feet,Rest,43.34977984428406,0.6846846846846847,0.972972972972973,"(222, 64, 500)","(222, 64, 500)",12,67,0.7162162162162162
13,Tongue,Rest,42.96563696861267,0.7117117117117117,0.972972972972973,"(222, 64, 500)","(222, 64, 500)",12,67,0.7162162162162162
13,Mis,Rest,44.1780960559845,0.6351351351351351,0.9099099099099099,"(222, 64, 500)","(222, 64, 500)",12,67,0.6576576576576576
