participant,class1,class2,running_time,test_acc,train_acc,test_size,train_size,train_block,test_block,test_acc_vote
4,Hand,Rest,42.5226104259491,0.6756756756756757,0.9504504504504504,"(222, 64, 500)","(222, 64, 500)",12,67,0.6711711711711712
4,Feet,Rest,43.13286471366882,0.6891891891891891,0.9324324324324323,"(222, 64, 500)","(222, 64, 500)",12,67,0.7027027027027026
4,Tongue,Rest,43.16207146644592,0.7702702702702703,0.9594594594594594,"(222, 64, 500)","(222, 64, 500)",12,67,0.7702702702702703
4,Mis,Rest,43.01755905151367,0.5585585585585585,0.954954954954955,"(222, 64, 500)","(222, 64, 500)",12,67,0.5630630630630631
