participant,class1,class2,running_time,test_acc,train_acc,test_size,train_size,train_block,test_block,test_acc_vote
5,Hand,Rest,42.84035134315491,0.6486486486486487,0.981981981981982,"(222, 64, 500)","(222, 64, 500)",12,67,0.6621621621621622
5,Feet,Rest,42.282601833343506,0.6936936936936937,0.990990990990991,"(222, 64, 500)","(222, 64, 500)",12,67,0.6891891891891893
5,Tongue,Rest,42.49693059921265,0.5225225225225225,0.981981981981982,"(222, 64, 500)","(222, 64, 500)",12,67,0.5135135135135135
5,Mis,Rest,43.91793441772461,0.5495495495495496,0.9954954954954955,"(222, 64, 500)","(222, 64, 500)",12,67,0.5495495495495495
