participant,class1,class2,running_time,test_acc,train_acc,test_size,train_size,train_block,test_block,test_acc_vote
6,Hand,Rest,54.07903265953064,0.6607142857142857,1.0,"(112, 64, 1000)","(84, 64, 1000)",123,4567,0.6607142857142857
6,Feet,Rest,54.07111954689026,0.7678571428571429,1.0,"(112, 64, 1000)","(84, 64, 1000)",123,4567,0.7767857142857143
6,Tongue,Rest,55.29135847091675,0.6875,1.0,"(112, 64, 1000)","(84, 64, 1000)",123,4567,0.6696428571428572
6,Mis,Rest,56.9100067615509,0.6517857142857143,1.0,"(112, 64, 1000)","(84, 64, 1000)",123,4567,0.5892857142857143
