participant,class1,class2,running_time,test_acc,train_acc,test_size,train_size,train_block,test_block,test_acc_vote
7,Hand,Rest,54.06600379943848,0.8303571428571429,1.0,"(112, 64, 1000)","(84, 64, 1000)",123,4567,0.8482142857142857
7,Feet,Rest,54.90578579902649,0.8303571428571429,1.0,"(112, 64, 1000)","(84, 64, 1000)",123,4567,0.8660714285714286
7,Tongue,Rest,55.57755208015442,0.7410714285714286,1.0,"(112, 64, 1000)","(84, 64, 1000)",123,4567,0.7321428571428572
7,Mis,Rest,55.704140186309814,0.5892857142857143,1.0,"(112, 64, 1000)","(84, 64, 1000)",123,4567,0.5714285714285714
