participant,class1,class2,running_time,test_acc,train_acc,test_size,train_size,train_block,test_block,test_acc_vote
10,Hand,Rest,52.79392051696777,0.6486486486486487,1.0,"(222, 64, 500)","(222, 64, 500)",12,67,0.6531531531531531
10,Feet,Rest,52.75456786155701,0.5855855855855856,1.0,"(222, 64, 500)","(222, 64, 500)",12,67,0.5810810810810811
10,Tongue,Rest,53.473653078079224,0.5675675675675675,1.0,"(222, 64, 500)","(222, 64, 500)",12,67,0.5585585585585586
10,Mis,Rest,53.629703998565674,0.5720720720720721,0.9864864864864865,"(222, 64, 500)","(222, 64, 500)",12,67,0.5765765765765766
