participant,class1,class2,running_time,test_acc,train_acc,test_size,train_size,train_block,test_block,test_acc_vote
13,Hand,Rest,53.39188861846924,0.6081081081081081,0.981981981981982,"(222, 64, 500)","(222, 64, 500)",12,67,0.6171171171171171
13,Feet,Rest,52.56317138671875,0.7567567567567568,0.9954954954954957,"(222, 64, 500)","(222, 64, 500)",12,67,0.7522522522522522
13,Tongue,Rest,52.58566927909851,0.6846846846846847,0.9864864864864864,"(222, 64, 500)","(222, 64, 500)",12,67,0.6846846846846847
13,Mis,Rest,53.048574447631836,0.6576576576576577,0.9774774774774775,"(222, 64, 500)","(222, 64, 500)",12,67,0.6576576576576576
