participant,class1,class2,running_time,test_acc,train_acc,test_size,train_size,train_block,test_block,test_acc_vote
16,Hand,Rest,53.03007793426514,0.6576576576576577,1.0,"(222, 64, 500)","(222, 64, 500)",12,67,0.6801801801801801
16,Feet,Rest,52.720892667770386,0.6621621621621622,1.0,"(222, 64, 500)","(222, 64, 500)",12,67,0.6711711711711712
16,Tongue,Rest,53.098872423172,0.6981981981981982,0.972972972972973,"(222, 64, 500)","(222, 64, 500)",12,67,0.7207207207207207
16,Mis,Rest,52.764567136764526,0.7072072072072072,1.0,"(222, 64, 500)","(222, 64, 500)",12,67,0.7072072072072072
