participant,class1,class2,running_time,test_acc,train_acc,test_size,train_size,train_block,test_block,test_acc_vote
17,Hand,Rest,52.69502902030945,0.6981981981981982,0.918918918918919,"(222, 64, 500)","(222, 64, 500)",12,67,0.7162162162162162
17,Feet,Rest,53.50478959083557,0.7297297297297297,0.9009009009009008,"(222, 64, 500)","(222, 64, 500)",12,67,0.7297297297297297
17,Tongue,Rest,52.82574295997619,0.6801801801801802,0.990990990990991,"(222, 64, 500)","(222, 64, 500)",12,67,0.6711711711711712
17,Mis,Rest,52.8250732421875,0.6171171171171171,0.972972972972973,"(222, 64, 500)","(222, 64, 500)",12,67,0.6171171171171171
