participant,class1,class2,running_time,test_acc,train_acc,test_size,train_size,train_block,test_block,test_acc_vote
3,Hand,Rest,52.09134459495544,0.581081081081081,0.9954954954954957,"(222, 64, 500)","(222, 64, 500)",12,67,0.5675675675675675
3,Feet,Rest,53.61427187919617,0.6441441441441441,0.954954954954955,"(222, 64, 500)","(222, 64, 500)",12,67,0.6441441441441442
3,Tongue,Rest,52.899219036102295,0.5675675675675675,0.9864864864864864,"(222, 64, 500)","(222, 64, 500)",12,67,0.5405405405405406
3,Mis,Rest,53.50018548965454,0.5945945945945946,0.9954954954954955,"(222, 64, 500)","(222, 64, 500)",12,67,0.5765765765765766
