participant,class1,class2,running_time,test_acc,train_acc,test_size,train_size,train_block,test_block,test_acc_vote
11,Hand,Rest,66.74534463882446,0.7857142857142857,1.0,"(140, 64, 1000)","(56, 64, 1000)",12,34567,0.7714285714285715
11,Feet,Rest,52.355398178100586,0.9428571428571428,1.0,"(140, 64, 1000)","(56, 64, 1000)",12,34567,0.9285714285714286
11,Tongue,Rest,57.10859560966492,0.5642857142857143,1.0,"(140, 64, 1000)","(56, 64, 1000)",12,34567,0.5357142857142857
11,Mis,Rest,65.6396267414093,0.6071428571428571,1.0,"(140, 64, 1000)","(56, 64, 1000)",12,34567,0.55
