participant,class1,class2,running_time,test_acc,train_acc,test_size,train_size,train_block,test_block,test_acc_vote
13,Hand,Rest,67.32193064689636,0.7785714285714286,1.0,"(140, 64, 1000)","(56, 64, 1000)",12,34567,0.75
13,Feet,Rest,69.08526849746704,0.65,1.0,"(140, 64, 1000)","(56, 64, 1000)",12,34567,0.5857142857142856
13,Tongue,Rest,56.3118622303009,0.7071428571428572,1.0,"(140, 64, 1000)","(56, 64, 1000)",12,34567,0.6857142857142857
13,Mis,Rest,53.74061608314514,0.6571428571428571,1.0,"(140, 64, 1000)","(56, 64, 1000)",12,34567,0.6357142857142857
