participant,class1,class2,running_time,test_acc,train_acc,test_size,train_size,train_block,test_block,test_acc_vote
14,Hand,Rest,53.93863773345947,0.8785714285714286,1.0,"(140, 64, 1000)","(56, 64, 1000)",12,34567,0.8428571428571429
14,Feet,Rest,53.623552560806274,0.6142857142857143,1.0,"(140, 64, 1000)","(56, 64, 1000)",12,34567,0.5857142857142856
14,Tongue,Rest,53.65999674797058,0.55,1.0,"(140, 64, 1000)","(56, 64, 1000)",12,34567,0.5285714285714286
14,Mis,Rest,66.89275860786438,0.6,1.0,"(140, 64, 1000)","(56, 64, 1000)",12,34567,0.6142857142857143
