participant,class1,class2,running_time,test_acc,train_acc,test_size,train_size,train_block,test_block,test_acc_vote
4,Hand,Rest,76.02228379249573,0.9071428571428573,1.0,"(140, 64, 1000)","(56, 64, 1000)",12,34567,0.8928571428571429
4,Feet,Rest,75.76912426948547,0.7285714285714285,1.0,"(140, 64, 1000)","(56, 64, 1000)",12,34567,0.6785714285714286
4,Tongue,Rest,78.94572901725769,0.7357142857142858,1.0,"(140, 64, 1000)","(56, 64, 1000)",12,34567,0.7142857142857143
4,Mis,Rest,79.95986318588257,0.6214285714285714,1.0,"(140, 64, 1000)","(56, 64, 1000)",12,34567,0.5928571428571429
