participant,class1,class2,running_time,test_acc,train_acc,test_size,train_size,train_block,test_block,test_acc_vote
5,Hand,Rest,76.79466247558594,0.5,1.0,"(140, 64, 1000)","(56, 64, 1000)",12,34567,0.4928571428571429
5,Feet,Rest,77.07683324813843,0.7357142857142858,1.0,"(140, 64, 1000)","(56, 64, 1000)",12,34567,0.6928571428571428
5,Tongue,Rest,80.6825020313263,0.7357142857142858,1.0,"(140, 64, 1000)","(56, 64, 1000)",12,34567,0.7071428571428571
5,Mis,Rest,54.206889152526855,0.4785714285714286,1.0,"(140, 64, 1000)","(56, 64, 1000)",12,34567,0.4928571428571429
