participant,class1,class2,running_time,test_acc,train_acc,test_size,train_size,train_block,test_block,test_acc_vote
7,Hand,Rest,52.929551124572754,0.7928571428571428,1.0,"(140, 64, 1000)","(56, 64, 1000)",12,34567,0.7571428571428571
7,Feet,Rest,53.35482025146485,0.7071428571428572,1.0,"(140, 64, 1000)","(56, 64, 1000)",12,34567,0.6857142857142857
7,Tongue,Rest,53.99017286300659,0.6214285714285714,1.0,"(140, 64, 1000)","(56, 64, 1000)",12,34567,0.5571428571428572
7,Mis,Rest,54.53539204597473,0.5428571428571428,1.0,"(140, 64, 1000)","(56, 64, 1000)",12,34567,0.5642857142857143
