participant,class1,class2,running_time,test_acc,train_acc,test_size,train_size,train_block,test_block,test_acc_vote
10,Hand,Rest,35.010623931884766,0.4583333333333333,1.0,"(168, 64, 1000)","(28, 64, 1000)",1,234567,0.4642857142857143
10,Feet,Rest,34.85201668739319,0.6607142857142857,1.0,"(168, 64, 1000)","(28, 64, 1000)",1,234567,0.6547619047619048
10,Tongue,Rest,35.721007347106934,0.5476190476190477,1.0,"(168, 64, 1000)","(28, 64, 1000)",1,234567,0.5476190476190477
10,Mis,Rest,36.02290987968445,0.6785714285714286,1.0,"(168, 64, 1000)","(28, 64, 1000)",1,234567,0.6607142857142857
