participant,class1,class2,running_time,test_acc,train_acc,test_size,train_size,train_block,test_block,test_acc_vote
14,Hand,Rest,34.8397421836853,0.8333333333333334,1.0,"(168, 64, 1000)","(28, 64, 1000)",1,234567,0.7857142857142857
14,Feet,Rest,34.71963167190552,0.6666666666666666,1.0,"(168, 64, 1000)","(28, 64, 1000)",1,234567,0.6309523809523809
14,Tongue,Rest,36.1990339756012,0.5238095238095238,1.0,"(168, 64, 1000)","(28, 64, 1000)",1,234567,0.494047619047619
14,Mis,Rest,35.95492768287659,0.625,1.0,"(168, 64, 1000)","(28, 64, 1000)",1,234567,0.6309523809523809
