participant,class1,class2,running_time,test_acc,train_acc,test_size,train_size,train_block,test_block,test_acc_vote
6,Hand,Rest,34.94489502906799,0.6428571428571429,1.0,"(168, 64, 1000)","(28, 64, 1000)",1,234567,0.6666666666666667
6,Feet,Rest,35.308537006378174,0.5535714285714286,1.0,"(168, 64, 1000)","(28, 64, 1000)",1,234567,0.5119047619047619
6,Tongue,Rest,36.066227436065674,0.5654761904761905,1.0,"(168, 64, 1000)","(28, 64, 1000)",1,234567,0.5238095238095238
6,Mis,Rest,36.09395933151245,0.6190476190476191,1.0,"(168, 64, 1000)","(28, 64, 1000)",1,234567,0.625
