participant,class1,class2,running_time,test_acc,train_acc,test_size,train_size,train_block,test_block,test_acc_vote
4,Hand,Rest,57.55532431602478,0.8214285714285714,1.0,"(140, 64, 1000)","(56, 64, 1000)",12,34567,0.8
4,Feet,Rest,54.54935359954834,0.7214285714285714,1.0,"(140, 64, 1000)","(56, 64, 1000)",12,34567,0.65
4,Tongue,Rest,54.36553430557251,0.8142857142857143,1.0,"(140, 64, 1000)","(56, 64, 1000)",12,34567,0.7928571428571428
4,Mis,Rest,54.26052808761597,0.6785714285714286,1.0,"(140, 64, 1000)","(56, 64, 1000)",12,34567,0.6214285714285714
