participant,class1,class2,running_time,test_acc,train_acc,test_size,train_size,train_block,test_block,test_acc_vote
7,Hand,Rest,55.60465598106384,0.7214285714285714,1.0,"(140, 64, 1000)","(56, 64, 1000)",12,34567,0.7642857142857142
7,Feet,Rest,52.74163818359375,0.6428571428571429,1.0,"(140, 64, 1000)","(56, 64, 1000)",12,34567,0.6357142857142857
7,Tongue,Rest,54.696603536605835,0.7142857142857143,1.0,"(140, 64, 1000)","(56, 64, 1000)",12,34567,0.6714285714285715
7,Mis,Rest,54.823718786239624,0.6285714285714286,1.0,"(140, 64, 1000)","(56, 64, 1000)",12,34567,0.6
