participant,class1,class2,running_time,test_acc,train_acc,test_size,train_size,train_block,test_block,test_acc_vote
13,Hand,Rest,39.69003343582153,0.5892857142857143,1.0,"(56, 64, 1000)","(84, 64, 1000)",123,67,0.5535714285714286
13,Feet,Rest,40.12135314941406,0.7678571428571429,1.0,"(56, 64, 1000)","(84, 64, 1000)",123,67,0.7678571428571428
13,Tongue,Rest,40.229774713516235,0.6607142857142857,1.0,"(56, 64, 1000)","(84, 64, 1000)",123,67,0.6071428571428572
13,Mis,Rest,39.4212281703949,0.7321428571428571,1.0,"(56, 64, 1000)","(84, 64, 1000)",123,67,0.6607142857142857
