participant,class1,class2,running_time,test_acc,train_acc,test_size,train_size,train_block,test_block,test_acc_vote
17,Hand,Rest,40.684956550598145,0.7857142857142857,1.0,"(56, 64, 1000)","(84, 64, 1000)",123,67,0.7321428571428572
17,Feet,Rest,40.38677668571472,0.6964285714285714,1.0,"(56, 64, 1000)","(84, 64, 1000)",123,67,0.6964285714285714
17,Tongue,Rest,40.18586754798889,0.75,1.0,"(56, 64, 1000)","(84, 64, 1000)",123,67,0.6607142857142857
17,Mis,Rest,39.432244300842285,0.7678571428571429,1.0,"(56, 64, 1000)","(84, 64, 1000)",123,67,0.7321428571428572
