participant,class1,class2,running_time,test_acc,train_acc,test_size,train_size,train_block,test_block,test_acc_vote
18,Hand,Rest,39.783933877944946,0.6428571428571429,1.0,"(56, 64, 1000)","(84, 64, 1000)",123,67,0.6607142857142857
18,Feet,Rest,39.990802526474,0.6607142857142857,1.0,"(56, 64, 1000)","(84, 64, 1000)",123,67,0.6607142857142857
18,Tongue,Rest,41.465070724487305,0.6785714285714286,1.0,"(56, 64, 1000)","(84, 64, 1000)",123,67,0.625
18,Mis,Rest,40.490147829055786,0.6785714285714286,1.0,"(56, 64, 1000)","(84, 64, 1000)",123,67,0.625
