participant,class1,class2,running_time,test_acc,train_acc,test_size,train_size,train_block,test_block,test_acc_vote
11,Hand,Rest,52.90472412109375,0.6,1.0,"(140, 64, 1000)","(56, 64, 1000)",12,34567,0.5571428571428572
11,Feet,Rest,52.369508266448975,0.9214285714285714,1.0,"(140, 64, 1000)","(56, 64, 1000)",12,34567,0.9071428571428573
11,Tongue,Rest,53.32191777229309,0.55,1.0,"(140, 64, 1000)","(56, 64, 1000)",12,34567,0.5214285714285714
11,Mis,Rest,54.34210228919983,0.6714285714285714,1.0,"(140, 64, 1000)","(56, 64, 1000)",12,34567,0.65
