participant,class1,class2,running_time,test_acc,train_acc,test_size,train_size,train_block,test_block,test_acc_vote
14,Hand,Rest,51.621516942977905,0.8714285714285714,1.0,"(140, 64, 1000)","(56, 64, 1000)",12,34567,0.8357142857142857
14,Feet,Rest,51.61284399032593,0.6285714285714286,1.0,"(140, 64, 1000)","(56, 64, 1000)",12,34567,0.6071428571428572
14,Tongue,Rest,54.607255697250366,0.5357142857142857,1.0,"(140, 64, 1000)","(56, 64, 1000)",12,34567,0.5357142857142857
14,Mis,Rest,54.72778582572937,0.5,1.0,"(140, 64, 1000)","(56, 64, 1000)",12,34567,0.5285714285714286
