participant,class1,class2,running_time,test_acc,train_acc,test_size,train_size,train_block,test_block,test_acc_vote
10,Hand,Rest,58.938735485076904,0.7321428571428571,1.0,"(56, 64, 1000)","(140, 64, 1000)",12345,67,0.6607142857142857
10,Feet,Rest,57.60534358024597,0.625,1.0,"(56, 64, 1000)","(140, 64, 1000)",12345,67,0.6071428571428572
10,Tongue,Rest,58.09347748756409,0.75,1.0,"(56, 64, 1000)","(140, 64, 1000)",12345,67,0.6607142857142857
10,Mis,Rest,59.48375844955444,0.8571428571428571,1.0,"(56, 64, 1000)","(140, 64, 1000)",12345,67,0.8571428571428572
