participant,class1,class2,running_time,test_acc,train_acc,test_size,train_size,train_block,test_block,test_acc_vote
6,Hand,Rest,58.51506853103638,0.7857142857142857,1.0,"(56, 64, 1000)","(140, 64, 1000)",12345,67,0.7142857142857143
6,Feet,Rest,58.492435693740845,0.7678571428571429,1.0,"(56, 64, 1000)","(140, 64, 1000)",12345,67,0.6785714285714286
6,Tongue,Rest,59.71790671348572,0.875,1.0,"(56, 64, 1000)","(140, 64, 1000)",12345,67,0.8035714285714286
6,Mis,Rest,58.142271757125854,0.7857142857142857,1.0,"(56, 64, 1000)","(140, 64, 1000)",12345,67,0.6785714285714286
