participant,class1,class2,running_time,test_acc,train_acc,test_size,train_size,train_block,test_block,test_acc_vote
11,Hand,Rest,36.60966968536377,0.9166666666666666,1.0,"(84, 64, 1000)","(112, 64, 1000)",1234,567,0.9166666666666666
11,Feet,Rest,36.53825283050537,0.9285714285714286,1.0,"(84, 64, 1000)","(112, 64, 1000)",1234,567,0.9166666666666666
11,Tongue,Rest,37.81576824188232,0.6071428571428571,1.0,"(84, 64, 1000)","(112, 64, 1000)",1234,567,0.5595238095238095
11,Mis,Rest,37.63666486740112,0.6190476190476191,1.0,"(84, 64, 1000)","(112, 64, 1000)",1234,567,0.5952380952380952
