participant,class1,class2,running_time,test_acc,train_acc,test_size,train_size,train_block,test_block,test_acc_vote
10,Hand,Rest,53.4257698059082,0.6160714285714286,0.988095238095238,"(112, 64, 1000)","(84, 64, 1000)",123,4567,0.5982142857142857
10,Feet,Rest,53.23348808288574,0.6071428571428571,0.9761904761904762,"(112, 64, 1000)","(84, 64, 1000)",123,4567,0.5714285714285714
10,Tongue,Rest,54.70137572288513,0.6339285714285714,1.0,"(112, 64, 1000)","(84, 64, 1000)",123,4567,0.5714285714285714
10,Mis,Rest,55.37980675697327,0.7767857142857143,0.9880952380952381,"(112, 64, 1000)","(84, 64, 1000)",123,4567,0.7321428571428572
