participant,class1,class2,running_time,test_acc,train_acc,test_size,train_size,train_block,test_block,test_acc_vote
4,Hand,Rest,55.12620997428894,0.7678571428571429,0.988095238095238,"(112, 64, 1000)","(84, 64, 1000)",123,4567,0.7589285714285714
4,Feet,Rest,53.099066495895386,0.7678571428571429,0.988095238095238,"(112, 64, 1000)","(84, 64, 1000)",123,4567,0.7321428571428572
4,Tongue,Rest,54.891470432281494,0.7857142857142857,1.0,"(112, 64, 1000)","(84, 64, 1000)",123,4567,0.7589285714285714
4,Mis,Rest,55.076953172683716,0.7053571428571429,1.0,"(112, 64, 1000)","(84, 64, 1000)",123,4567,0.6964285714285714
