participant,class1,class2,running_time,test_acc,train_acc,test_size,train_size,train_block,test_block,test_acc_vote
6,Hand,Rest,54.69307804107666,0.5714285714285714,0.988095238095238,"(112, 64, 1000)","(84, 64, 1000)",123,4567,0.5267857142857143
6,Feet,Rest,53.15634369850159,0.7678571428571429,0.988095238095238,"(112, 64, 1000)","(84, 64, 1000)",123,4567,0.7678571428571428
6,Tongue,Rest,54.703797340393066,0.7142857142857143,0.9761904761904762,"(112, 64, 1000)","(84, 64, 1000)",123,4567,0.6964285714285714
6,Mis,Rest,55.717633962631226,0.5446428571428571,1.0,"(112, 64, 1000)","(84, 64, 1000)",123,4567,0.5357142857142857
