participant,class1,class2,running_time,test_acc,train_acc,test_size,train_size,train_block,test_block,test_acc_vote
7,Hand,Rest,53.31795859336853,0.9196428571428572,0.988095238095238,"(112, 64, 1000)","(84, 64, 1000)",123,4567,0.9285714285714286
7,Feet,Rest,53.08391737937927,0.7857142857142857,0.988095238095238,"(112, 64, 1000)","(84, 64, 1000)",123,4567,0.7946428571428572
7,Tongue,Rest,55.13021516799927,0.6428571428571429,0.988095238095238,"(112, 64, 1000)","(84, 64, 1000)",123,4567,0.5803571428571428
7,Mis,Rest,55.42411684989929,0.5178571428571429,0.9880952380952381,"(112, 64, 1000)","(84, 64, 1000)",123,4567,0.5446428571428572
