participant,class1,class2,running_time,test_acc,train_acc,test_size,train_size,train_block,test_block,test_acc_vote
11,Hand,Rest,36.74025583267212,0.7544642857142857,1.0,"(224, 64, 250)","(112, 64, 250)",1,67,0.7633928571428572
11,Feet,Rest,36.94758749008179,0.84375,1.0,"(224, 64, 250)","(112, 64, 250)",1,67,0.8660714285714286
11,Tongue,Rest,36.531567096710205,0.5580357142857143,1.0,"(224, 64, 250)","(112, 64, 250)",1,67,0.5491071428571428
11,Mis,Rest,36.96670341491699,0.5758928571428571,1.0,"(224, 64, 250)","(112, 64, 250)",1,67,0.5714285714285714
