participant,class1,class2,running_time,test_acc,train_acc,test_size,train_size,train_block,test_block,test_acc_vote
13,Hand,Rest,36.88882899284363,0.5714285714285714,1.0,"(224, 64, 250)","(112, 64, 250)",1,67,0.5446428571428572
13,Feet,Rest,36.9398193359375,0.5803571428571429,0.9910714285714286,"(224, 64, 250)","(112, 64, 250)",1,67,0.5669642857142857
13,Tongue,Rest,37.04495191574097,0.6785714285714286,1.0,"(224, 64, 250)","(112, 64, 250)",1,67,0.6875
13,Mis,Rest,37.22254300117493,0.5580357142857143,1.0,"(224, 64, 250)","(112, 64, 250)",1,67,0.5535714285714286
