participant,class1,class2,running_time,test_acc,train_acc,test_size,train_size,train_block,test_block,test_acc_vote
14,Hand,Rest,37.31023621559143,0.5803571428571429,1.0,"(224, 64, 250)","(112, 64, 250)",1,67,0.5669642857142857
14,Feet,Rest,37.01907563209534,0.5669642857142857,1.0,"(224, 64, 250)","(112, 64, 250)",1,67,0.5535714285714286
14,Tongue,Rest,36.778568506240845,0.5044642857142857,1.0,"(224, 64, 250)","(112, 64, 250)",1,67,0.4866071428571429
14,Mis,Rest,36.640422344207764,0.5044642857142857,1.0,"(224, 64, 250)","(112, 64, 250)",1,67,0.5
