participant,class1,class2,running_time,test_acc,train_acc,test_size,train_size,train_block,test_block,test_acc_vote
17,Hand,Rest,37.02128529548645,0.6473214285714286,0.9553571428571428,"(224, 64, 250)","(112, 64, 250)",1,67,0.6428571428571428
17,Feet,Rest,37.28126621246338,0.6205357142857143,0.9910714285714286,"(224, 64, 250)","(112, 64, 250)",1,67,0.6160714285714286
17,Tongue,Rest,37.313891649246216,0.6116071428571429,1.0,"(224, 64, 250)","(112, 64, 250)",1,67,0.59375
17,Mis,Rest,36.92995309829712,0.5803571428571429,1.0,"(224, 64, 250)","(112, 64, 250)",1,67,0.5714285714285714
