participant,class1,class2,running_time,test_acc,train_acc,test_size,train_size,train_block,test_block,test_acc_vote
11,Hand,Rest,55.10303997993469,0.6696428571428571,1.0,"(112, 64, 1000)","(84, 64, 1000)",123,4567,0.625
11,Feet,Rest,54.21155619621277,0.9464285714285714,1.0,"(112, 64, 1000)","(84, 64, 1000)",123,4567,0.9464285714285714
11,Tongue,Rest,55.704158306121826,0.6071428571428571,1.0,"(112, 64, 1000)","(84, 64, 1000)",123,4567,0.5803571428571428
11,Mis,Rest,56.549193143844604,0.7053571428571429,1.0,"(112, 64, 1000)","(84, 64, 1000)",123,4567,0.6428571428571428
