participant,class1,class2,running_time,test_acc,train_acc,test_size,train_size,train_block,test_block,test_acc_vote
13,Hand,Rest,68.23599481582642,0.8035714285714286,1.0,"(112, 64, 500)","(280, 64, 500)",12345,67,0.8035714285714286
13,Feet,Rest,68.03513598442078,0.7678571428571429,1.0,"(112, 64, 500)","(280, 64, 500)",12345,67,0.8125
13,Tongue,Rest,66.84555101394653,0.75,1.0,"(112, 64, 500)","(280, 64, 500)",12345,67,0.7678571428571428
13,Mis,Rest,66.96664452552795,0.7321428571428571,1.0,"(112, 64, 500)","(280, 64, 500)",12345,67,0.7232142857142857
