participant,class1,class2,running_time,test_acc,train_acc,test_size,train_size,train_block,test_block,test_acc_vote
16,Hand,Rest,67.28147339820862,0.6428571428571429,1.0,"(112, 64, 500)","(280, 64, 500)",12345,67,0.625
16,Feet,Rest,67.33481478691101,0.6428571428571429,1.0,"(112, 64, 500)","(280, 64, 500)",12345,67,0.6071428571428572
16,Tongue,Rest,67.71252155303955,0.7678571428571429,1.0,"(112, 64, 500)","(280, 64, 500)",12345,67,0.8392857142857143
16,Mis,Rest,67.45189452171326,0.7589285714285714,1.0,"(112, 64, 500)","(280, 64, 500)",12345,67,0.7321428571428572
