participant,class1,class2,running_time,test_acc,train_acc,test_size,train_size,train_block,test_block,test_acc_vote
19,Hand,Rest,68.1150975227356,0.8571428571428571,1.0,"(112, 64, 500)","(280, 64, 500)",12345,67,0.8571428571428572
19,Feet,Rest,67.62692093849182,0.6964285714285714,1.0,"(112, 64, 500)","(280, 64, 500)",12345,67,0.6785714285714286
19,Tongue,Rest,67.39544105529785,0.8660714285714286,1.0,"(112, 64, 500)","(280, 64, 500)",12345,67,0.9017857142857144
19,Mis,Rest,67.51130318641663,0.7767857142857143,1.0,"(112, 64, 500)","(280, 64, 500)",12345,67,0.8214285714285714
