participant,class1,class2,running_time,test_acc,train_acc,test_size,train_size,train_block,test_block,test_acc_vote
3,Hand,Rest,64.34323310852051,0.8392857142857143,1.0,"(112, 64, 500)","(280, 64, 500)",12345,67,0.9107142857142856
3,Feet,Rest,64.04509162902832,0.6339285714285714,1.0,"(112, 64, 500)","(280, 64, 500)",12345,67,0.6517857142857143
3,Tongue,Rest,66.69050359725952,0.7857142857142857,1.0,"(112, 64, 500)","(280, 64, 500)",12345,67,0.8035714285714286
3,Mis,Rest,65.22150564193726,0.8392857142857143,1.0,"(112, 64, 500)","(280, 64, 500)",12345,67,0.8571428571428572
