participant,class1,class2,running_time,test_acc,train_acc,test_size,train_size,train_block,test_block,test_acc_vote
4,Hand,Rest,65.97085690498352,0.875,1.0,"(112, 64, 500)","(280, 64, 500)",12345,67,0.9107142857142856
4,Feet,Rest,66.38363218307495,0.8035714285714286,1.0,"(112, 64, 500)","(280, 64, 500)",12345,67,0.8035714285714286
4,Tongue,Rest,67.18188714981079,0.7767857142857143,1.0,"(112, 64, 500)","(280, 64, 500)",12345,67,0.8035714285714286
4,Mis,Rest,67.87753391265869,0.6160714285714286,1.0,"(112, 64, 500)","(280, 64, 500)",12345,67,0.5892857142857143
