participant,class1,class2,running_time,test_acc,train_acc,test_size,train_size,train_block,test_block,test_acc_vote
7,Hand,Rest,67.02656030654907,0.7232142857142857,1.0,"(112, 64, 500)","(280, 64, 500)",12345,67,0.7321428571428572
7,Feet,Rest,68.19838404655457,0.8035714285714286,1.0,"(112, 64, 500)","(280, 64, 500)",12345,67,0.8660714285714286
7,Tongue,Rest,67.34081196784973,0.6964285714285714,1.0,"(112, 64, 500)","(280, 64, 500)",12345,67,0.7410714285714286
7,Mis,Rest,67.32760286331177,0.75,1.0,"(112, 64, 500)","(280, 64, 500)",12345,67,0.7589285714285714
