participant,class1,class2,running_time,test_acc,train_acc,test_size,train_size,train_block,test_block,test_acc_vote
11,Hand,Rest,120.29700994491576,0.7247706422018348,0.9908256880733946,"(218, 64, 1000)","(436, 64, 1000)",1234,67,0.7339449541284404
11,Feet,Rest,122.0805094242096,0.7935779816513762,1.0,"(218, 64, 1000)","(436, 64, 1000)",1234,67,0.7981651376146789
11,Tongue,Rest,121.98874282836914,0.6834862385321101,0.9954128440366972,"(218, 64, 1000)","(436, 64, 1000)",1234,67,0.6972477064220184
11,Mis,Rest,121.77575159072876,0.5642201834862385,0.9954128440366973,"(218, 64, 1000)","(436, 64, 1000)",1234,67,0.5688073394495412
