participant,class1,class2,running_time,test_acc,train_acc,test_size,train_size,train_block,test_block,test_acc_vote
13,Hand,Rest,121.70266270637512,0.591743119266055,0.9610091743119266,"(218, 64, 1000)","(436, 64, 1000)",1234,67,0.5963302752293578
13,Feet,Rest,121.06647062301636,0.6834862385321101,0.9678899082568808,"(218, 64, 1000)","(436, 64, 1000)",1234,67,0.6743119266055047
13,Tongue,Rest,121.02876710891724,0.7706422018348624,0.9724770642201837,"(218, 64, 1000)","(436, 64, 1000)",1234,67,0.7752293577981652
13,Mis,Rest,120.59834361076355,0.6880733944954128,0.981651376146789,"(218, 64, 1000)","(436, 64, 1000)",1234,67,0.6834862385321101
