participant,class1,class2,running_time,test_acc,train_acc,test_size,train_size,train_block,test_block,test_acc_vote
14,Hand,Rest,120.59837603569032,0.8027522935779816,0.9908256880733946,"(218, 64, 1000)","(436, 64, 1000)",1234,67,0.8073394495412844
14,Feet,Rest,120.29470086097716,0.6284403669724771,0.9954128440366972,"(218, 64, 1000)","(436, 64, 1000)",1234,67,0.6055045871559632
14,Tongue,Rest,119.9227740764618,0.6146788990825688,1.0,"(218, 64, 1000)","(436, 64, 1000)",1234,67,0.5963302752293578
14,Mis,Rest,121.44900822639465,0.591743119266055,0.981651376146789,"(218, 64, 1000)","(436, 64, 1000)",1234,67,0.5779816513761468
