participant,class1,class2,running_time,test_acc,train_acc,test_size,train_size,train_block,test_block,test_acc_vote
16,Hand,Rest,121.32995367050172,0.6376146788990825,0.9747706422018348,"(218, 64, 1000)","(436, 64, 1000)",1234,67,0.6513761467889908
16,Feet,Rest,120.69027972221376,0.7431192660550459,0.9862385321100916,"(218, 64, 1000)","(436, 64, 1000)",1234,67,0.7477064220183487
16,Tongue,Rest,119.95077657699584,0.7018348623853211,0.9793577981651376,"(218, 64, 1000)","(436, 64, 1000)",1234,67,0.6926605504587156
16,Mis,Rest,120.12152981758118,0.6880733944954128,0.9610091743119266,"(218, 64, 1000)","(436, 64, 1000)",1234,67,0.7155963302752293
