participant,class1,class2,running_time,test_acc,train_acc,test_size,train_size,train_block,test_block,test_acc_vote
17,Hand,Rest,119.50358700752258,0.7752293577981652,0.9724770642201837,"(218, 64, 1000)","(436, 64, 1000)",1234,67,0.7935779816513762
17,Feet,Rest,121.0742518901825,0.6192660550458715,0.944954128440367,"(218, 64, 1000)","(436, 64, 1000)",1234,67,0.6330275229357798
17,Tongue,Rest,120.31579732894896,0.7660550458715596,0.9747706422018348,"(218, 64, 1000)","(436, 64, 1000)",1234,67,0.7568807339449541
17,Mis,Rest,120.22245764732361,0.8073394495412844,0.9610091743119266,"(218, 64, 1000)","(436, 64, 1000)",1234,67,0.8073394495412844
