participant,class1,class2,running_time,test_acc,train_acc,test_size,train_size,train_block,test_block,test_acc_vote
6,Hand,Rest,121.50676155090332,0.6238532110091743,0.993119266055046,"(218, 64, 1000)","(436, 64, 1000)",1234,67,0.6284403669724771
6,Feet,Rest,119.64304757118224,0.6192660550458715,0.9908256880733946,"(218, 64, 1000)","(436, 64, 1000)",1234,67,0.6192660550458715
6,Tongue,Rest,121.71823692321776,0.6697247706422018,0.9770642201834864,"(218, 64, 1000)","(436, 64, 1000)",1234,67,0.6697247706422018
6,Mis,Rest,119.88785910606384,0.6743119266055045,0.9747706422018348,"(218, 64, 1000)","(436, 64, 1000)",1234,67,0.6834862385321101
