participant,class1,class2,running_time,test_acc,train_acc,test_size,train_size,train_block,test_block,test_acc_vote
7,Hand,Rest,120.57135891914368,0.6055045871559633,0.9908256880733946,"(218, 64, 1000)","(436, 64, 1000)",1234,67,0.6146788990825688
7,Feet,Rest,119.6881332397461,0.7385321100917431,0.993119266055046,"(218, 64, 1000)","(436, 64, 1000)",1234,67,0.7568807339449541
7,Tongue,Rest,119.63997292518616,0.6146788990825688,0.9908256880733946,"(218, 64, 1000)","(436, 64, 1000)",1234,67,0.6146788990825688
7,Mis,Rest,120.99574398994446,0.518348623853211,0.9793577981651376,"(218, 64, 1000)","(436, 64, 1000)",1234,67,0.5137614678899083
