participant,class1,class2,running_time,test_acc,train_acc,test_size,train_size,train_block,test_block,test_acc_vote
11,Hand,Rest,55.9400200843811,0.8690476190476191,1.0,"(84, 64, 1000)","(112, 64, 1000)",1234,567,0.8333333333333334
11,Feet,Rest,56.290796756744385,0.9404761904761904,1.0,"(84, 64, 1000)","(112, 64, 1000)",1234,567,0.9404761904761904
11,Tongue,Rest,58.90683174133301,0.6190476190476191,0.9821428571428572,"(84, 64, 1000)","(112, 64, 1000)",1234,567,0.5595238095238095
11,Mis,Rest,58.59132242202759,0.5714285714285714,0.9910714285714286,"(84, 64, 1000)","(112, 64, 1000)",1234,567,0.5
