participant,class1,class2,running_time,test_acc,train_acc,test_size,train_size,train_block,test_block,test_acc_vote
13,Hand,Rest,57.169573068618774,0.5952380952380952,1.0,"(84, 64, 1000)","(112, 64, 1000)",1234,567,0.5476190476190477
13,Feet,Rest,55.83494973182678,0.8214285714285714,0.9910714285714286,"(84, 64, 1000)","(112, 64, 1000)",1234,567,0.7857142857142857
13,Tongue,Rest,57.77340269088745,0.75,0.9910714285714286,"(84, 64, 1000)","(112, 64, 1000)",1234,567,0.7142857142857143
13,Mis,Rest,57.25264596939087,0.7619047619047619,0.9821428571428571,"(84, 64, 1000)","(112, 64, 1000)",1234,567,0.7023809523809523
