participant,class1,class2,running_time,test_acc,train_acc,test_size,train_size,train_block,test_block,test_acc_vote
14,Hand,Rest,57.1469931602478,0.8809523809523809,1.0,"(84, 64, 1000)","(112, 64, 1000)",1234,567,0.8214285714285714
14,Feet,Rest,57.49559307098389,0.7976190476190477,0.9910714285714286,"(84, 64, 1000)","(112, 64, 1000)",1234,567,0.7857142857142857
14,Tongue,Rest,58.4201283454895,0.5357142857142857,1.0,"(84, 64, 1000)","(112, 64, 1000)",1234,567,0.5119047619047619
14,Mis,Rest,58.77393317222595,0.6785714285714286,1.0,"(84, 64, 1000)","(112, 64, 1000)",1234,567,0.6666666666666667
