participant,class1,class2,running_time,test_acc,train_acc,test_size,train_size,train_block,test_block,test_acc_vote
6,Hand,Rest,55.64613127708435,0.7142857142857143,1.0,"(84, 64, 1000)","(112, 64, 1000)",1234,567,0.6785714285714286
6,Feet,Rest,56.11525011062622,0.7023809523809523,0.9821428571428572,"(84, 64, 1000)","(112, 64, 1000)",1234,567,0.6547619047619048
6,Tongue,Rest,57.578203201293945,0.7738095238095238,1.0,"(84, 64, 1000)","(112, 64, 1000)",1234,567,0.7380952380952381
6,Mis,Rest,57.38450574874878,0.7142857142857143,1.0,"(84, 64, 1000)","(112, 64, 1000)",1234,567,0.7023809523809523
