participant,class1,class2,running_time,test_acc,train_acc,test_size,train_size,train_block,test_block,test_acc_vote
6,Hand,Rest,140.68486070632937,0.7110091743119266,0.9394495412844036,"(218, 64, 1000)","(545, 64, 1000)",12345,67,0.7201834862385321
6,Feet,Rest,143.12333703041077,0.6559633027522935,0.9137614678899084,"(218, 64, 1000)","(545, 64, 1000)",12345,67,0.6559633027522935
6,Tongue,Rest,143.73263931274414,0.7660550458715596,0.9321100917431192,"(218, 64, 1000)","(545, 64, 1000)",12345,67,0.7889908256880733
6,Mis,Rest,144.076646566391,0.6651376146788991,0.9137614678899083,"(218, 64, 1000)","(545, 64, 1000)",12345,67,0.6697247706422018
