participant,class1,class2,running_time,test_acc,train_acc,test_size,train_size,train_block,test_block,test_acc_vote
14,Hand,Rest,62.39658546447754,0.7901785714285714,1.0,"(224, 64, 250)","(336, 64, 250)",123,67,0.8214285714285714
14,Feet,Rest,63.46188926696777,0.6071428571428571,1.0,"(224, 64, 250)","(336, 64, 250)",123,67,0.59375
14,Tongue,Rest,63.17611360549927,0.5446428571428571,1.0,"(224, 64, 250)","(336, 64, 250)",123,67,0.5625
14,Mis,Rest,61.77153778076172,0.6160714285714286,1.0,"(224, 64, 250)","(336, 64, 250)",123,67,0.6383928571428572
