participant,class1,class2,running_time,test_acc,train_acc,test_size,train_size,train_block,test_block,test_acc_vote
17,Hand,Rest,61.946555376052856,0.6919642857142857,1.0,"(224, 64, 250)","(336, 64, 250)",123,67,0.7008928571428572
17,Feet,Rest,62.44583296775818,0.6473214285714286,1.0,"(224, 64, 250)","(336, 64, 250)",123,67,0.6607142857142857
17,Tongue,Rest,62.78208589553833,0.7008928571428571,1.0,"(224, 64, 250)","(336, 64, 250)",123,67,0.6964285714285714
17,Mis,Rest,61.82938003540039,0.71875,1.0,"(224, 64, 250)","(336, 64, 250)",123,67,0.71875
