participant,class1,class2,running_time,test_acc,train_acc,test_size,train_size,train_block,test_block,test_acc_vote
3,Hand,Rest,62.95130491256714,0.7053571428571429,1.0,"(224, 64, 250)","(336, 64, 250)",123,67,0.7544642857142857
3,Feet,Rest,62.155577182769775,0.5580357142857143,1.0,"(224, 64, 250)","(336, 64, 250)",123,67,0.5714285714285714
3,Tongue,Rest,63.01189088821411,0.65625,1.0,"(224, 64, 250)","(336, 64, 250)",123,67,0.6741071428571428
3,Mis,Rest,62.58197641372681,0.6741071428571429,1.0,"(224, 64, 250)","(336, 64, 250)",123,67,0.7142857142857143
