participant,class1,class2,running_time,test_acc,train_acc,test_size,train_size,train_block,test_block,test_acc_vote
4,Hand,Rest,62.794167280197144,0.8035714285714286,1.0,"(224, 64, 250)","(336, 64, 250)",123,67,0.8214285714285714
4,Feet,Rest,63.22375822067261,0.7053571428571429,1.0,"(224, 64, 250)","(336, 64, 250)",123,67,0.7366071428571428
4,Tongue,Rest,63.54338598251343,0.7053571428571429,1.0,"(224, 64, 250)","(336, 64, 250)",123,67,0.7544642857142857
4,Mis,Rest,62.240559339523315,0.6919642857142857,1.0,"(224, 64, 250)","(336, 64, 250)",123,67,0.6875
