participant,class1,class2,running_time,test_acc,train_acc,test_size,train_size,train_block,test_block,test_acc_vote
5,Hand,Rest,62.34532928466797,0.5491071428571429,1.0,"(224, 64, 250)","(336, 64, 250)",123,67,0.5401785714285714
5,Feet,Rest,61.89160943031311,0.6160714285714286,1.0,"(224, 64, 250)","(336, 64, 250)",123,67,0.6026785714285714
5,Tongue,Rest,61.499669551849365,0.5625,1.0,"(224, 64, 250)","(336, 64, 250)",123,67,0.5401785714285714
5,Mis,Rest,61.96695375442505,0.5491071428571429,1.0,"(224, 64, 250)","(336, 64, 250)",123,67,0.5401785714285714
