class,test_acc,vote_acc
Hand,0.8154761904761904,0.7964285714285715
Feet,0.7892857142857144,0.7785714285714287
Tongue,0.7726190476190475,0.75
Mis,0.7595238095238094,0.7261904761904762
