participant,class1,class2,running_time,test_acc,train_acc,test_size,train_size,train_block,test_block,test_acc_vote
11,Hand,Rest,62.49302530288696,0.8392857142857143,1.0,"(56, 64, 1000)","(140, 64, 1000)",12345,67,0.8928571428571429
11,Feet,Rest,61.00612759590149,0.9285714285714286,1.0,"(56, 64, 1000)","(140, 64, 1000)",12345,67,0.9285714285714286
11,Tongue,Rest,60.565229177474976,0.75,1.0,"(56, 64, 1000)","(140, 64, 1000)",12345,67,0.75
11,Mis,Rest,60.875338077545166,0.6428571428571429,1.0,"(56, 64, 1000)","(140, 64, 1000)",12345,67,0.5892857142857143
