participant,class1,class2,running_time,test_acc,train_acc,test_size,train_size,train_block,test_block,test_acc_vote
15,Hand,Rest,59.57211232185364,0.8928571428571429,1.0,"(56, 64, 1000)","(131, 64, 1000)",12345,67,0.8392857142857143
15,Feet,Rest,61.201985120773315,0.8571428571428571,1.0,"(56, 64, 1000)","(140, 64, 1000)",12345,67,0.8214285714285714
15,Tongue,Rest,62.9334409236908,0.7678571428571429,1.0,"(56, 64, 1000)","(140, 64, 1000)",12345,67,0.75
15,Mis,Rest,61.359779357910156,0.6785714285714286,1.0,"(56, 64, 1000)","(140, 64, 1000)",12345,67,0.5714285714285714
