participant,class1,class2,running_time,test_acc,train_acc,test_size,train_size,train_block,test_block,test_acc_vote
16,Hand,Rest,61.57865047454834,0.7142857142857143,1.0,"(56, 64, 1000)","(140, 64, 1000)",12345,67,0.75
16,Feet,Rest,61.09909439086914,0.7321428571428571,1.0,"(56, 64, 1000)","(140, 64, 1000)",12345,67,0.7321428571428572
16,Tongue,Rest,60.839972257614136,0.8392857142857143,1.0,"(56, 64, 1000)","(140, 64, 1000)",12345,67,0.8392857142857143
16,Mis,Rest,60.79828691482544,0.9107142857142857,1.0,"(56, 64, 1000)","(140, 64, 1000)",12345,67,0.8928571428571429
