participant,class1,class2,running_time,test_acc,train_acc,test_size,train_size,train_block,test_block,test_acc_vote
18,Hand,Rest,61.49375247955322,0.6964285714285714,1.0,"(56, 64, 1000)","(140, 64, 1000)",12345,67,0.6607142857142857
18,Feet,Rest,61.456665992736816,0.7678571428571429,1.0,"(56, 64, 1000)","(140, 64, 1000)",12345,67,0.7857142857142857
18,Tongue,Rest,61.19590473175049,0.8571428571428571,1.0,"(56, 64, 1000)","(140, 64, 1000)",12345,67,0.8035714285714286
18,Mis,Rest,60.48429727554321,0.625,1.0,"(56, 64, 1000)","(140, 64, 1000)",12345,67,0.625
