participant,class1,class2,running_time,test_acc,train_acc,test_size,train_size,train_block,test_block,test_acc_vote
19,Hand,Rest,61.19086003303528,0.8392857142857143,1.0,"(56, 64, 1000)","(140, 64, 1000)",12345,67,0.7857142857142857
19,Feet,Rest,62.7521755695343,0.7142857142857143,1.0,"(56, 64, 1000)","(140, 64, 1000)",12345,67,0.6607142857142857
19,Tongue,Rest,62.24507474899292,0.8928571428571429,1.0,"(56, 64, 1000)","(140, 64, 1000)",12345,67,0.9107142857142856
19,Mis,Rest,62.11131548881531,0.75,1.0,"(56, 64, 1000)","(140, 64, 1000)",12345,67,0.75
