participant,class1,class2,running_time,test_acc,train_acc,test_size,train_size,train_block,test_block,test_acc_vote
5,Hand,Rest,63.238534450531006,0.8392857142857143,1.0,"(56, 64, 1000)","(140, 64, 1000)",12345,67,0.8392857142857143
5,Feet,Rest,62.4014105796814,0.6607142857142857,1.0,"(56, 64, 1000)","(140, 64, 1000)",12345,67,0.6785714285714286
5,Tongue,Rest,60.898181200027466,0.7321428571428571,1.0,"(56, 64, 1000)","(140, 64, 1000)",12345,67,0.75
5,Mis,Rest,60.918378829956055,0.9107142857142857,1.0,"(56, 64, 1000)","(140, 64, 1000)",12345,67,0.9107142857142857
