participant,class1,class2,running_time,test_acc,train_acc,test_size,train_size,train_block,test_block,test_acc_vote
10,Hand,Rest,52.11210036277771,0.5642857142857143,1.0,"(140, 64, 1000)","(56, 64, 1000)",12,34567,0.5357142857142857
10,Feet,Rest,51.62732362747192,0.4928571428571429,1.0,"(140, 64, 1000)","(56, 64, 1000)",12,34567,0.5071428571428571
10,Tongue,Rest,52.33241391181946,0.5285714285714286,1.0,"(140, 64, 1000)","(56, 64, 1000)",12,34567,0.5142857142857142
10,Mis,Rest,52.04037380218506,0.5642857142857143,1.0,"(140, 64, 1000)","(56, 64, 1000)",12,34567,0.5214285714285714
