participant,class1,class2,running_time,test_acc,train_acc,test_size,train_size,train_block,test_block,test_acc_vote
11,Hand,Rest,51.2178418636322,0.7071428571428572,1.0,"(140, 64, 1000)","(56, 64, 1000)",12,34567,0.6428571428571428
11,Feet,Rest,52.04290747642517,0.8714285714285714,1.0,"(140, 64, 1000)","(56, 64, 1000)",12,34567,0.8285714285714285
11,Tongue,Rest,52.34312558174133,0.4928571428571429,1.0,"(140, 64, 1000)","(56, 64, 1000)",12,34567,0.5142857142857142
11,Mis,Rest,52.04277777671814,0.4928571428571429,1.0,"(140, 64, 1000)","(56, 64, 1000)",12,34567,0.48571428571428577
