participant,class1,class2,running_time,test_acc,train_acc,test_size,train_size,train_block,test_block,test_acc_vote
13,Hand,Rest,51.85358190536499,0.6571428571428571,1.0,"(140, 64, 1000)","(56, 64, 1000)",12,34567,0.5857142857142856
13,Feet,Rest,51.183732748031616,0.5214285714285715,1.0,"(140, 64, 1000)","(56, 64, 1000)",12,34567,0.5071428571428571
13,Tongue,Rest,52.33824872970581,0.5785714285714286,1.0,"(140, 64, 1000)","(56, 64, 1000)",12,34567,0.5285714285714286
13,Mis,Rest,52.64612936973572,0.55,1.0,"(140, 64, 1000)","(56, 64, 1000)",12,34567,0.4928571428571429
