participant,class1,class2,running_time,test_acc,train_acc,test_size,train_size,train_block,test_block,test_acc_vote
4,Hand,Rest,51.274720668792725,0.6785714285714286,1.0,"(140, 64, 1000)","(56, 64, 1000)",12,34567,0.6214285714285714
4,Feet,Rest,50.86713719367981,0.6785714285714286,1.0,"(140, 64, 1000)","(56, 64, 1000)",12,34567,0.6714285714285715
4,Tongue,Rest,52.26873564720154,0.5857142857142857,1.0,"(140, 64, 1000)","(56, 64, 1000)",12,34567,0.4714285714285714
4,Mis,Rest,52.741281509399414,0.5357142857142857,1.0,"(140, 64, 1000)","(56, 64, 1000)",12,34567,0.55
