participant,class1,class2,running_time,test_acc,train_acc,test_size,train_size,train_block,test_block,test_acc_vote
5,Hand,Rest,51.807597398757935,0.5285714285714286,1.0,"(140, 64, 1000)","(56, 64, 1000)",12,34567,0.5214285714285714
5,Feet,Rest,51.089385747909546,0.6214285714285714,1.0,"(140, 64, 1000)","(56, 64, 1000)",12,34567,0.5571428571428572
5,Tongue,Rest,53.49803042411804,0.6857142857142857,1.0,"(140, 64, 1000)","(56, 64, 1000)",12,34567,0.6142857142857143
5,Mis,Rest,53.451722383499146,0.5,1.0,"(140, 64, 1000)","(56, 64, 1000)",12,34567,0.48571428571428577
