participant,class1,class2,running_time,test_acc,train_acc,test_size,train_size,train_block,test_block,test_acc_vote
9,Hand,Rest,52.22538352012634,0.5785714285714286,1.0,"(140, 64, 1000)","(56, 64, 1000)",12,34567,0.5214285714285714
9,Feet,Rest,51.75674295425415,0.5071428571428571,1.0,"(140, 64, 1000)","(56, 64, 1000)",12,34567,0.5071428571428571
9,Tongue,Rest,53.5630042552948,0.5142857142857142,1.0,"(140, 64, 1000)","(56, 64, 1000)",12,34567,0.4785714285714285
9,Mis,Rest,53.27860403060913,0.5071428571428571,1.0,"(140, 64, 1000)","(56, 64, 1000)",12,34567,0.5214285714285714
