participant,class1,class2,running_time,test_acc,train_acc,test_size,train_size,train_block,test_block,test_acc_vote
10,Hand,Rest,47.541364908218384,0.4908256880733945,1.0,"(218, 64, 1000)","(109, 64, 1000)",1,67,0.481651376146789
10,Feet,Rest,47.39462375640869,0.4770642201834862,1.0,"(218, 64, 1000)","(109, 64, 1000)",1,67,0.463302752293578
10,Tongue,Rest,47.939321756362915,0.555045871559633,1.0,"(218, 64, 1000)","(109, 64, 1000)",1,67,0.536697247706422
10,Mis,Rest,47.827831983566284,0.5275229357798165,1.0,"(218, 64, 1000)","(109, 64, 1000)",1,67,0.536697247706422
