participant,class1,class2,running_time,test_acc,train_acc,test_size,train_size,train_block,test_block,test_acc_vote
16,Hand,Rest,46.969398736953735,0.4495412844036697,1.0,"(218, 64, 1000)","(109, 64, 1000)",1,67,0.4495412844036697
16,Feet,Rest,47.84819030761719,0.5091743119266054,1.0,"(218, 64, 1000)","(109, 64, 1000)",1,67,0.518348623853211
16,Tongue,Rest,46.785457134246826,0.4724770642201835,1.0,"(218, 64, 1000)","(109, 64, 1000)",1,67,0.463302752293578
16,Mis,Rest,47.03191041946411,0.38073394495412843,1.0,"(218, 64, 1000)","(109, 64, 1000)",1,67,0.3853211009174312
