participant,class1,class2,running_time,test_acc,train_acc,test_size,train_size,train_block,test_block,test_acc_vote
19,Hand,Rest,47.21471834182739,0.518348623853211,1.0,"(218, 64, 1000)","(109, 64, 1000)",1,67,0.5275229357798166
19,Feet,Rest,47.5322322845459,0.4724770642201835,1.0,"(218, 64, 1000)","(109, 64, 1000)",1,67,0.4678899082568807
19,Tongue,Rest,47.66329789161682,0.536697247706422,1.0,"(218, 64, 1000)","(109, 64, 1000)",1,67,0.5137614678899083
19,Mis,Rest,47.376197814941406,0.5045871559633027,1.0,"(218, 64, 1000)","(109, 64, 1000)",1,67,0.5091743119266054
