participant,class1,class2,running_time,test_acc,train_acc,test_size,train_size,train_block,test_block,test_acc_vote
3,Hand,Rest,47.20861458778381,0.536697247706422,1.0,"(218, 64, 1000)","(109, 64, 1000)",1,67,0.518348623853211
3,Feet,Rest,46.79277157783508,0.5779816513761468,1.0,"(218, 64, 1000)","(109, 64, 1000)",1,67,0.5779816513761468
3,Tongue,Rest,47.024529695510864,0.5458715596330275,1.0,"(218, 64, 1000)","(109, 64, 1000)",1,67,0.555045871559633
3,Mis,Rest,46.80740284919739,0.4908256880733945,1.0,"(218, 64, 1000)","(109, 64, 1000)",1,67,0.5091743119266054
