participant,class1,class2,running_time,test_acc,train_acc,test_size,train_size,train_block,test_block,test_acc_vote
4,Hand,Rest,47.391483306884766,0.5275229357798165,1.0,"(218, 64, 1000)","(109, 64, 1000)",1,67,0.518348623853211
4,Feet,Rest,46.82290983200073,0.573394495412844,1.0,"(218, 64, 1000)","(109, 64, 1000)",1,67,0.573394495412844
4,Tongue,Rest,47.28083896636963,0.6100917431192661,1.0,"(218, 64, 1000)","(109, 64, 1000)",1,67,0.6146788990825688
4,Mis,Rest,47.31661581993103,0.44495412844036697,1.0,"(218, 64, 1000)","(109, 64, 1000)",1,67,0.42201834862385323
