participant,class1,class2,running_time,test_acc,train_acc,test_size,train_size,train_block,test_block,test_acc_vote
7,Hand,Rest,47.4277880191803,0.5137614678899083,1.0,"(218, 64, 1000)","(109, 64, 1000)",1,67,0.5091743119266054
7,Feet,Rest,47.075308084487915,0.3899082568807339,1.0,"(218, 64, 1000)","(109, 64, 1000)",1,67,0.3761467889908256
7,Tongue,Rest,47.478081703186035,0.5642201834862385,1.0,"(218, 64, 1000)","(109, 64, 1000)",1,67,0.573394495412844
7,Mis,Rest,46.971986532211304,0.43577981651376146,1.0,"(218, 64, 1000)","(109, 64, 1000)",1,67,0.45871559633027525
