participant,class1,class2,running_time,test_acc,train_acc,test_size,train_size,train_block,test_block,test_acc_vote
9,Hand,Rest,47.67498469352722,0.4678899082568807,1.0,"(218, 64, 1000)","(109, 64, 1000)",1,67,0.463302752293578
9,Feet,Rest,47.0727972984314,0.5688073394495413,1.0,"(218, 64, 1000)","(109, 64, 1000)",1,67,0.5779816513761468
9,Tongue,Rest,47.25396156311035,0.5091743119266054,1.0,"(218, 64, 1000)","(109, 64, 1000)",1,67,0.5091743119266054
9,Mis,Rest,47.016637086868286,0.5458715596330275,1.0,"(218, 64, 1000)","(109, 64, 1000)",1,67,0.5458715596330275
