participant,class1,class2,running_time,test_acc,train_acc,test_size,train_size,train_block,test_block,test_acc_vote
14,Hand,Rest,51.00793194770813,0.4345238095238095,1.0,"(168, 64, 1000)","(28, 64, 1000)",1,234567,0.5059523809523809
14,Feet,Rest,52.01486563682556,0.6071428571428571,1.0,"(168, 64, 1000)","(28, 64, 1000)",1,234567,0.5595238095238095
14,Tongue,Rest,53.43360209465027,0.5178571428571429,1.0,"(168, 64, 1000)","(28, 64, 1000)",1,234567,0.4821428571428571
14,Mis,Rest,52.2684907913208,0.5238095238095238,1.0,"(168, 64, 1000)","(28, 64, 1000)",1,234567,0.5119047619047619
