participant,class1,class2,running_time,test_acc,train_acc,test_size,train_size,train_block,test_block,test_acc_vote
4,Hand,Rest,51.43361067771912,0.5654761904761905,1.0,"(168, 64, 1000)","(28, 64, 1000)",1,234567,0.5595238095238095
4,Feet,Rest,51.67151403427124,0.5833333333333334,1.0,"(168, 64, 1000)","(28, 64, 1000)",1,234567,0.5535714285714286
4,Tongue,Rest,51.98704433441162,0.6130952380952381,1.0,"(168, 64, 1000)","(28, 64, 1000)",1,234567,0.5476190476190477
4,Mis,Rest,52.037718772888184,0.5416666666666666,1.0,"(168, 64, 1000)","(28, 64, 1000)",1,234567,0.5476190476190477
