participant,class1,class2,running_time,test_acc,train_acc,test_size,train_size,train_block,test_block,test_acc_vote
5,Hand,Rest,50.87243318557739,0.5,1.0,"(168, 64, 1000)","(28, 64, 1000)",1,234567,0.4761904761904761
5,Feet,Rest,51.68162822723389,0.5,1.0,"(168, 64, 1000)","(28, 64, 1000)",1,234567,0.4880952380952381
5,Tongue,Rest,53.32068967819214,0.5,1.0,"(168, 64, 1000)","(28, 64, 1000)",1,234567,0.5178571428571428
5,Mis,Rest,52.63546895980835,0.4880952380952381,1.0,"(168, 64, 1000)","(28, 64, 1000)",1,234567,0.49404761904761907
