participant,class1,class2,running_time,test_acc,train_acc,test_size,train_size,train_block,test_block,test_acc_vote
6,Hand,Rest,50.76780414581299,0.5357142857142857,1.0,"(168, 64, 1000)","(28, 64, 1000)",1,234567,0.4880952380952381
6,Feet,Rest,50.76779079437256,0.4761904761904761,1.0,"(168, 64, 1000)","(28, 64, 1000)",1,234567,0.5
6,Tongue,Rest,52.576751708984375,0.5476190476190477,1.0,"(168, 64, 1000)","(28, 64, 1000)",1,234567,0.5357142857142857
6,Mis,Rest,52.344045877456665,0.5416666666666666,1.0,"(168, 64, 1000)","(28, 64, 1000)",1,234567,0.5059523809523809
