participant,class1,class2,running_time,test_acc,train_acc,test_size,train_size,train_block,test_block,test_acc_vote
9,Hand,Rest,50.73706817626953,0.5,1.0,"(168, 64, 1000)","(28, 64, 1000)",1,234567,0.5178571428571428
9,Feet,Rest,51.63858056068421,0.5357142857142857,1.0,"(168, 64, 1000)","(28, 64, 1000)",1,234567,0.5119047619047619
9,Tongue,Rest,51.79029369354248,0.5,1.0,"(168, 64, 1000)","(28, 64, 1000)",1,234567,0.5178571428571428
9,Mis,Rest,51.93879318237305,0.5,1.0,"(168, 64, 1000)","(28, 64, 1000)",1,234567,0.48809523809523814
