participant,class1,class2,running_time,test_acc,train_acc,test_size,train_size,train_block,test_block,test_acc_vote
13,Hand,Rest,60.38570427894592,0.5714285714285714,1.0,"(56, 64, 1000)","(140, 64, 1000)",12345,67,0.5178571428571428
13,Feet,Rest,58.973212242126465,0.7678571428571429,1.0,"(56, 64, 1000)","(140, 64, 1000)",12345,67,0.75
13,Tongue,Rest,58.64298129081726,0.7142857142857143,1.0,"(56, 64, 1000)","(140, 64, 1000)",12345,67,0.7321428571428572
13,Mis,Rest,58.871235847473145,0.7678571428571429,1.0,"(56, 64, 1000)","(140, 64, 1000)",12345,67,0.75
