participant,class1,class2,running_time,test_acc,train_acc,test_size,train_size,train_block,test_block,test_acc_vote
17,Hand,Rest,58.61060690879822,0.8035714285714286,1.0,"(56, 64, 1000)","(140, 64, 1000)",12345,67,0.8035714285714286
17,Feet,Rest,58.16895389556885,0.6964285714285714,1.0,"(56, 64, 1000)","(140, 64, 1000)",12345,67,0.7321428571428572
17,Tongue,Rest,58.063467264175415,0.6785714285714286,1.0,"(56, 64, 1000)","(140, 64, 1000)",12345,67,0.6428571428571428
17,Mis,Rest,58.458762645721436,0.7857142857142857,1.0,"(56, 64, 1000)","(140, 64, 1000)",12345,67,0.75
