participant,class1,class2,running_time,test_acc,train_acc,test_size,train_size,train_block,test_block,test_acc_vote
13,Hand,Rest,61.16211032867432,0.8071428571428572,1.0,"(140, 64, 1000)","(56, 64, 1000)",12,34567,0.7571428571428571
13,Feet,Rest,61.24181628227234,0.6214285714285714,1.0,"(140, 64, 1000)","(56, 64, 1000)",12,34567,0.5571428571428572
13,Tongue,Rest,62.16727900505066,0.7357142857142858,1.0,"(140, 64, 1000)","(56, 64, 1000)",12,34567,0.7071428571428571
13,Mis,Rest,60.598021030426025,0.6571428571428571,1.0,"(140, 64, 1000)","(56, 64, 1000)",12,34567,0.6071428571428572
