participant,class1,class2,running_time,test_acc,train_acc,test_size,train_size,train_block,test_block,test_acc_vote
6,Hand,Rest,61.97494840621948,0.5857142857142857,1.0,"(140, 64, 1000)","(56, 64, 1000)",12,34567,0.5857142857142856
6,Feet,Rest,60.10255026817322,0.6285714285714286,1.0,"(140, 64, 1000)","(56, 64, 1000)",12,34567,0.6285714285714286
6,Tongue,Rest,63.39319038391113,0.55,1.0,"(140, 64, 1000)","(56, 64, 1000)",12,34567,0.5357142857142857
6,Mis,Rest,63.22001314163208,0.5214285714285715,1.0,"(140, 64, 1000)","(56, 64, 1000)",12,34567,0.4928571428571429
