participant,class1,class2,running_time,test_acc,train_acc,test_size,train_size,train_block,test_block,test_acc_vote
10,Hand,Rest,24.770387411117554,0.6428571428571429,1.0,"(28, 64, 1000)","(112, 64, 1000)",1234,28,0.75
10,Feet,Rest,28.922048091888428,0.7142857142857143,1.0,"(28, 64, 1000)","(112, 64, 1000)",1234,28,0.8571428571428572
10,Tongue,Rest,24.54088568687439,0.4642857142857143,1.0,"(28, 64, 1000)","(112, 64, 1000)",1234,28,0.5
10,Mis,Rest,30.737784147262573,0.6785714285714286,1.0,"(28, 64, 1000)","(112, 64, 1000)",1234,28,0.7857142857142857
