participant,class1,class2,running_time,test_acc,train_acc,test_size,train_size,train_block,test_block,test_acc_vote
11,Hand,Rest,27.005731105804443,0.6428571428571429,1.0,"(28, 64, 1000)","(112, 64, 1000)",1234,28,0.7142857142857143
11,Feet,Rest,32.8200409412384,0.6785714285714286,1.0,"(28, 64, 1000)","(112, 64, 1000)",1234,28,0.6785714285714286
11,Tongue,Rest,29.674102067947388,0.6785714285714286,1.0,"(28, 64, 1000)","(112, 64, 1000)",1234,28,0.8928571428571429
11,Mis,Rest,29.914259910583496,0.6071428571428571,1.0,"(28, 64, 1000)","(112, 64, 1000)",1234,28,0.6071428571428572
