participant,class1,class2,running_time,test_acc,train_acc,test_size,train_size,train_block,test_block,test_acc_vote
13,Hand,Rest,30.518966913223267,1.0,1.0,"(28, 64, 1000)","(112, 64, 1000)",1234,28,1.0
13,Feet,Rest,30.30766797065735,1.0,1.0,"(28, 64, 1000)","(112, 64, 1000)",1234,28,1.0
13,Tongue,Rest,26.857491731643677,0.9629629629629628,1.0,"(27, 64, 1000)","(112, 64, 1000)",1234,27,0.962962962962963
13,Mis,Rest,27.872039318084717,0.9259259259259259,1.0,"(27, 64, 1000)","(112, 64, 1000)",1234,27,1.0
