participant,class1,class2,running_time,test_acc,train_acc,test_size,train_size,train_block,test_block,test_acc_vote
14,Hand,Rest,24.868248224258423,1.0,1.0,"(28, 64, 1000)","(112, 64, 1000)",1234,28,1.0
14,Feet,Rest,31.051396131515503,1.0,1.0,"(28, 64, 1000)","(112, 64, 1000)",1234,28,1.0
14,Tongue,Rest,24.863534212112427,1.0,1.0,"(28, 64, 1000)","(112, 64, 1000)",1234,28,1.0
14,Mis,Rest,30.022265434265137,1.0,1.0,"(28, 64, 1000)","(112, 64, 1000)",1234,28,1.0
