participant,class1,class2,running_time,test_acc,train_acc,test_size,train_size,train_block,test_block,test_acc_vote
2,Hand,Rest,26.99724292755127,1.0,1.0,"(28, 64, 1000)","(112, 64, 1000)",1234,28,1.0
2,Feet,Rest,27.086368560791016,0.9285714285714286,1.0,"(28, 64, 1000)","(112, 64, 1000)",1234,28,1.0
2,Tongue,Rest,31.33431649208069,0.9285714285714286,1.0,"(28, 64, 1000)","(112, 64, 1000)",1234,28,0.9642857142857144
2,Mis,Rest,23.046080589294434,0.8214285714285714,1.0,"(28, 64, 1000)","(112, 64, 1000)",1234,28,0.8928571428571429
