participant,class1,class2,running_time,test_acc,train_acc,test_size,train_size,train_block,test_block,test_acc_vote
4,Hand,Rest,27.208322286605835,0.6428571428571429,1.0,"(28, 64, 1000)","(112, 64, 1000)",1234,28,0.6428571428571428
4,Feet,Rest,28.081153392791748,0.7142857142857143,1.0,"(28, 64, 1000)","(112, 64, 1000)",1234,28,0.8571428571428572
4,Tongue,Rest,23.8130362033844,0.75,1.0,"(28, 64, 1000)","(112, 64, 1000)",1234,28,0.8214285714285714
4,Mis,Rest,30.85659170150757,0.75,1.0,"(28, 64, 1000)","(112, 64, 1000)",1234,28,0.8214285714285714
