participant,class1,class2,running_time,test_acc,train_acc,test_size,train_size,train_block,test_block,test_acc_vote
8,Hand,Rest,30.23147749900818,0.75,1.0,"(28, 64, 1000)","(112, 64, 1000)",1234,28,0.8928571428571429
8,Feet,Rest,27.32085680961609,0.6785714285714286,1.0,"(28, 64, 1000)","(112, 64, 1000)",1234,28,0.7142857142857143
8,Tongue,Rest,28.518681287765503,0.8214285714285714,1.0,"(28, 64, 1000)","(112, 64, 1000)",1234,28,1.0
8,Mis,Rest,28.13797378540039,0.9285714285714286,1.0,"(28, 64, 1000)","(112, 64, 1000)",1234,28,1.0
