participant,class1,class2,running_time,test_acc,train_acc,test_size,train_size,train_block,test_block,test_acc_vote
10,Hand,Rest,48.68895530700683,0.536697247706422,1.0,"(218, 64, 1000)","(109, 64, 1000)",1,67,0.536697247706422
10,Feet,Rest,48.65431761741638,0.6009174311926605,1.0,"(218, 64, 1000)","(109, 64, 1000)",1,67,0.6146788990825688
10,Tongue,Rest,48.63903260231018,0.573394495412844,0.9908256880733946,"(218, 64, 1000)","(109, 64, 1000)",1,67,0.5596330275229358
10,Mis,Rest,48.134623289108276,0.573394495412844,1.0,"(218, 64, 1000)","(109, 64, 1000)",1,67,0.5779816513761468
