participant,class1,class2,running_time,test_acc,train_acc,test_size,train_size,train_block,test_block,test_acc_vote
11,Hand,Rest,48.73400664329529,0.6238532110091743,1.0,"(218, 64, 1000)","(109, 64, 1000)",1,67,0.6192660550458715
11,Feet,Rest,48.35127067565918,0.6880733944954128,1.0,"(218, 64, 1000)","(109, 64, 1000)",1,67,0.6834862385321101
11,Tongue,Rest,48.213716983795166,0.6055045871559633,1.0,"(218, 64, 1000)","(109, 64, 1000)",1,67,0.6238532110091743
11,Mis,Rest,49.10336756706238,0.6376146788990825,0.9908256880733946,"(218, 64, 1000)","(109, 64, 1000)",1,67,0.6376146788990826
