participant,class1,class2,running_time,test_acc,train_acc,test_size,train_size,train_block,test_block,test_acc_vote
13,Hand,Rest,49.09935569763184,0.5412844036697247,0.981651376146789,"(218, 64, 1000)","(109, 64, 1000)",1,67,0.536697247706422
13,Feet,Rest,48.29045033454895,0.6697247706422018,0.981651376146789,"(218, 64, 1000)","(109, 64, 1000)",1,67,0.6697247706422018
13,Tongue,Rest,48.362919092178345,0.6651376146788991,0.9908256880733946,"(218, 64, 1000)","(109, 64, 1000)",1,67,0.6651376146788991
13,Mis,Rest,48.691924810409546,0.555045871559633,0.981651376146789,"(218, 64, 1000)","(109, 64, 1000)",1,67,0.5458715596330275
