participant,class1,class2,running_time,test_acc,train_acc,test_size,train_size,train_block,test_block,test_acc_vote
17,Hand,Rest,48.50611138343811,0.6513761467889908,0.9541284403669724,"(218, 64, 1000)","(109, 64, 1000)",1,67,0.6513761467889908
17,Feet,Rest,48.73993706703186,0.6055045871559633,0.9357798165137616,"(218, 64, 1000)","(109, 64, 1000)",1,67,0.6009174311926606
17,Tongue,Rest,48.516608476638794,0.6376146788990825,0.9908256880733946,"(218, 64, 1000)","(109, 64, 1000)",1,67,0.6238532110091743
17,Mis,Rest,48.33298969268799,0.5137614678899083,0.9724770642201835,"(218, 64, 1000)","(109, 64, 1000)",1,67,0.5091743119266054
