participant,class1,class2,running_time,test_acc,train_acc,test_size,train_size,train_block,test_block,test_acc_vote
5,Hand,Rest,48.15096926689148,0.5321100917431193,1.0,"(218, 64, 1000)","(109, 64, 1000)",1,67,0.5321100917431192
5,Feet,Rest,48.888384103775024,0.5229357798165137,0.9908256880733946,"(218, 64, 1000)","(109, 64, 1000)",1,67,0.5045871559633027
5,Tongue,Rest,48.570467472076416,0.7889908256880734,1.0,"(218, 64, 1000)","(109, 64, 1000)",1,67,0.7844036697247706
5,Mis,Rest,49.00208377838135,0.5045871559633027,1.0,"(218, 64, 1000)","(109, 64, 1000)",1,67,0.5
