participant,class1,class2,running_time,test_acc,train_acc,test_size,train_size,train_block,test_block,test_acc_vote
6,Hand,Rest,48.41668725013733,0.7247706422018348,0.981651376146789,"(218, 64, 1000)","(109, 64, 1000)",1,67,0.7247706422018348
6,Feet,Rest,48.360793590545654,0.518348623853211,0.981651376146789,"(218, 64, 1000)","(109, 64, 1000)",1,67,0.5229357798165137
6,Tongue,Rest,49.121501445770264,0.536697247706422,0.9724770642201837,"(218, 64, 1000)","(109, 64, 1000)",1,67,0.5229357798165137
6,Mis,Rest,48.38776230812073,0.6009174311926605,0.963302752293578,"(218, 64, 1000)","(109, 64, 1000)",1,67,0.5963302752293578
