participant,class1,class2,running_time,test_acc,train_acc,test_size,train_size,train_block,test_block,test_acc_vote
7,Hand,Rest,48.35038995742798,0.6605504587155964,1.0,"(218, 64, 1000)","(109, 64, 1000)",1,67,0.6330275229357798
7,Feet,Rest,48.256139039993286,0.6743119266055045,1.0,"(218, 64, 1000)","(109, 64, 1000)",1,67,0.6651376146788991
7,Tongue,Rest,48.37083101272583,0.4954128440366973,1.0,"(218, 64, 1000)","(109, 64, 1000)",1,67,0.5
7,Mis,Rest,49.14137029647827,0.6009174311926605,0.9908256880733946,"(218, 64, 1000)","(109, 64, 1000)",1,67,0.591743119266055
