class,test_acc,vote_acc
Hand,0.637797619047619,0.6556547619047618
Feet,0.619047619047619,0.6318452380952381
Tongue,0.605654761904762,0.6226190476190475
Mis,0.5919642857142857,0.6098214285714286
