participant,class1,class2,running_time,test_acc,train_acc,test_size,train_size,train_block,test_block,test_acc_vote
11,Hand,Rest,49.58010220527649,0.6830357142857143,1.0,"(224, 64, 250)","(224, 64, 250)",12,67,0.7142857142857143
11,Feet,Rest,49.049015283584595,0.7008928571428571,1.0,"(224, 64, 250)","(224, 64, 250)",12,67,0.7053571428571428
11,Tongue,Rest,49.74319338798523,0.5446428571428571,1.0,"(224, 64, 250)","(224, 64, 250)",12,67,0.53125
11,Mis,Rest,49.37750768661499,0.5267857142857143,1.0,"(224, 64, 250)","(224, 64, 250)",12,67,0.5267857142857143
