participant,class1,class2,running_time,test_acc,train_acc,test_size,train_size,train_block,test_block,test_acc_vote
13,Hand,Rest,48.9438533782959,0.6607142857142857,0.9955357142857144,"(224, 64, 250)","(224, 64, 250)",12,67,0.7232142857142857
13,Feet,Rest,49.0485246181488,0.6651785714285714,1.0,"(224, 64, 250)","(224, 64, 250)",12,67,0.6964285714285714
13,Tongue,Rest,49.370468854904175,0.6607142857142857,1.0,"(224, 64, 250)","(224, 64, 250)",12,67,0.6696428571428572
13,Mis,Rest,49.4189977645874,0.6428571428571429,0.9866071428571429,"(224, 64, 250)","(224, 64, 250)",12,67,0.6741071428571428
