participant,class1,class2,running_time,test_acc,train_acc,test_size,train_size,train_block,test_block,test_acc_vote
15,Hand,Rest,49.73674774169922,0.6696428571428571,1.0,"(224, 64, 250)","(224, 64, 250)",12,67,0.7098214285714286
15,Feet,Rest,48.96883821487427,0.5848214285714286,1.0,"(224, 64, 250)","(224, 64, 250)",12,67,0.59375
15,Tongue,Rest,49.08274435997009,0.59375,0.9910714285714286,"(224, 64, 250)","(224, 64, 250)",12,67,0.6071428571428572
15,Mis,Rest,49.326409101486206,0.6116071428571429,0.9910714285714286,"(224, 64, 250)","(224, 64, 250)",12,67,0.6428571428571428
