participant,class1,class2,running_time,test_acc,train_acc,test_size,train_size,train_block,test_block,test_acc_vote
3,Hand,Rest,49.85364198684693,0.6116071428571429,0.9955357142857144,"(224, 64, 250)","(224, 64, 250)",12,67,0.6383928571428572
3,Feet,Rest,48.94519352912903,0.5982142857142857,1.0,"(224, 64, 250)","(224, 64, 250)",12,67,0.6205357142857143
3,Tongue,Rest,49.26598405838013,0.6160714285714286,0.9866071428571428,"(224, 64, 250)","(224, 64, 250)",12,67,0.6741071428571428
3,Mis,Rest,49.1482834815979,0.5803571428571429,1.0,"(224, 64, 250)","(224, 64, 250)",12,67,0.5803571428571428
