participant,class1,class2,running_time,test_acc,train_acc,test_size,train_size,train_block,test_block,test_acc_vote
11,Hand,Rest,63.044042348861694,0.9642857142857144,1.0,"(56, 64, 1000)","(140, 64, 1000)",12345,67,0.9642857142857144
11,Feet,Rest,65.7161180973053,0.9464285714285714,1.0,"(56, 64, 1000)","(140, 64, 1000)",12345,67,0.9464285714285714
11,Tongue,Rest,66.20148301124573,0.7857142857142857,1.0,"(56, 64, 1000)","(140, 64, 1000)",12345,67,0.7678571428571428
11,Mis,Rest,65.0162615776062,0.6607142857142857,1.0,"(56, 64, 1000)","(140, 64, 1000)",12345,67,0.6428571428571428
