participant,class1,class2,running_time,test_acc,train_acc,test_size,train_size,train_block,test_block,test_acc_vote
13,Hand,Rest,62.886110067367554,0.8571428571428571,1.0,"(56, 64, 1000)","(140, 64, 1000)",12345,67,0.7857142857142857
13,Feet,Rest,63.04751753807068,0.8214285714285714,1.0,"(56, 64, 1000)","(140, 64, 1000)",12345,67,0.8214285714285714
13,Tongue,Rest,65.32774567604065,0.8928571428571429,1.0,"(56, 64, 1000)","(140, 64, 1000)",12345,67,0.8392857142857143
13,Mis,Rest,65.96790337562561,0.625,1.0,"(56, 64, 1000)","(140, 64, 1000)",12345,67,0.625
