participant,class1,class2,running_time,test_acc,train_acc,test_size,train_size,train_block,test_block,test_acc_vote
7,Hand,Rest,64.22964143753052,0.75,1.0,"(56, 64, 1000)","(140, 64, 1000)",12345,67,0.7142857142857143
7,Feet,Rest,63.4025022983551,0.7857142857142857,1.0,"(56, 64, 1000)","(140, 64, 1000)",12345,67,0.875
7,Tongue,Rest,65.16681361198425,0.625,1.0,"(56, 64, 1000)","(140, 64, 1000)",12345,67,0.6071428571428572
7,Mis,Rest,65.13411474227905,0.7142857142857143,1.0,"(56, 64, 1000)","(140, 64, 1000)",12345,67,0.6964285714285714
