participant,class1,class2,running_time,test_acc,train_acc,test_size,train_size,train_block,test_block,test_acc_vote
9,Hand,Rest,64.0946831703186,0.9285714285714286,1.0,"(56, 64, 1000)","(140, 64, 1000)",12345,67,0.8928571428571429
9,Feet,Rest,64.17204761505127,0.9107142857142856,1.0,"(56, 64, 1000)","(140, 64, 1000)",12345,67,0.8928571428571429
9,Tongue,Rest,65.56078338623047,0.6785714285714286,1.0,"(56, 64, 1000)","(140, 64, 1000)",12345,67,0.7142857142857143
9,Mis,Rest,66.85831046104431,0.7321428571428571,1.0,"(56, 64, 1000)","(140, 64, 1000)",12345,67,0.6964285714285714
