participant,class1,class2,running_time,test_acc,train_acc,test_size,train_size,train_block,test_block,test_acc_vote
15,Hand,Rest,61.84320855140686,0.7946428571428571,1.0,"(224, 64, 250)","(336, 64, 250)",123,67,0.84375
15,Feet,Rest,62.54949140548706,0.625,1.0,"(224, 64, 250)","(336, 64, 250)",123,67,0.6160714285714286
15,Tongue,Rest,62.791566133499146,0.6517857142857143,1.0,"(224, 64, 250)","(336, 64, 250)",123,67,0.65625
15,Mis,Rest,61.97743344306946,0.6696428571428571,1.0,"(224, 64, 250)","(336, 64, 250)",123,67,0.7053571428571428
