participant,class1,class2,running_time,test_acc,train_acc,test_size,train_size,train_block,test_block,test_acc_vote
6,Hand,Rest,62.21160697937012,0.6473214285714286,1.0,"(224, 64, 250)","(336, 64, 250)",123,67,0.6964285714285714
6,Feet,Rest,63.040579080581665,0.5848214285714286,1.0,"(224, 64, 250)","(336, 64, 250)",123,67,0.6116071428571428
6,Tongue,Rest,62.13631319999695,0.6071428571428571,1.0,"(224, 64, 250)","(336, 64, 250)",123,67,0.6026785714285714
6,Mis,Rest,62.00468182563782,0.6294642857142857,1.0,"(224, 64, 250)","(336, 64, 250)",123,67,0.65625
