participant,class1,class2,running_time,test_acc,train_acc,test_size,train_size,train_block,test_block,test_acc_vote
10,Hand,Rest,35.95697784423828,0.5952380952380952,1.0,"(84, 64, 1000)","(112, 64, 1000)",1234,567,0.5238095238095238
10,Feet,Rest,35.97164607048035,0.6904761904761905,1.0,"(84, 64, 1000)","(112, 64, 1000)",1234,567,0.6547619047619048
10,Tongue,Rest,37.113338470458984,0.6547619047619048,1.0,"(84, 64, 1000)","(112, 64, 1000)",1234,567,0.6309523809523809
10,Mis,Rest,37.04215097427368,0.75,1.0,"(84, 64, 1000)","(112, 64, 1000)",1234,567,0.7261904761904762
