participant,class1,class2,running_time,test_acc,train_acc,test_size,train_size,train_block,test_block,test_acc_vote
13,Hand,Rest,36.27034902572632,0.6666666666666666,1.0,"(84, 64, 1000)","(112, 64, 1000)",1234,567,0.6309523809523809
13,Feet,Rest,36.35577726364136,0.8690476190476191,1.0,"(84, 64, 1000)","(112, 64, 1000)",1234,567,0.8690476190476191
13,Tongue,Rest,37.58830761909485,0.8452380952380952,1.0,"(84, 64, 1000)","(112, 64, 1000)",1234,567,0.8571428571428572
13,Mis,Rest,39.966222286224365,0.7976190476190477,1.0,"(84, 64, 1000)","(112, 64, 1000)",1234,567,0.75
