participant,class1,class2,running_time,test_acc,train_acc,test_size,train_size,train_block,test_block,test_acc_vote
3,Hand,Rest,36.09506106376648,0.8928571428571429,1.0,"(84, 64, 1000)","(112, 64, 1000)",1234,567,0.8809523809523809
3,Feet,Rest,36.38344693183899,0.6190476190476191,1.0,"(84, 64, 1000)","(112, 64, 1000)",1234,567,0.5714285714285714
3,Tongue,Rest,37.11946630477905,0.7976190476190477,1.0,"(84, 64, 1000)","(112, 64, 1000)",1234,567,0.7738095238095238
3,Mis,Rest,37.02907729148865,0.8333333333333334,1.0,"(84, 64, 1000)","(112, 64, 1000)",1234,567,0.8095238095238095
