participant,class1,class2,running_time,test_acc,train_acc,test_size,train_size,train_block,test_block,test_acc_vote
9,Hand,Rest,35.17498064041138,0.8333333333333334,1.0,"(84, 64, 1000)","(112, 64, 1000)",1234,567,0.8214285714285714
9,Feet,Rest,34.870893239974976,0.9404761904761904,1.0,"(84, 64, 1000)","(112, 64, 1000)",1234,567,0.9285714285714286
9,Tongue,Rest,44.991217851638794,0.7738095238095238,1.0,"(84, 64, 1000)","(112, 64, 1000)",1234,567,0.8095238095238095
9,Mis,Rest,36.60128092765808,0.7857142857142857,1.0,"(84, 64, 1000)","(112, 64, 1000)",1234,567,0.7380952380952381
