participant,class1,class2,running_time,test_acc,train_acc,test_size,train_size,train_block,test_block,test_acc_vote
16,Hand,Rest,44.87612342834473,0.6160714285714286,0.9732142857142856,"(112, 64, 500)","(224, 64, 500)",1234,67,0.6339285714285714
16,Feet,Rest,44.371341705322266,0.6428571428571429,0.9598214285714286,"(112, 64, 500)","(224, 64, 500)",1234,67,0.6696428571428572
16,Tongue,Rest,47.49038577079773,0.7678571428571429,0.9196428571428572,"(112, 64, 500)","(224, 64, 500)",1234,67,0.8392857142857143
16,Mis,Rest,45.55962586402893,0.7857142857142857,0.875,"(112, 64, 500)","(224, 64, 500)",1234,67,0.8571428571428572
