participant,class1,class2,running_time,test_acc,train_acc,test_size,train_size,train_block,test_block,test_acc_vote
4,Hand,Rest,43.797762393951416,0.8660714285714286,0.9776785714285714,"(112, 64, 500)","(224, 64, 500)",1234,67,0.8928571428571429
4,Feet,Rest,43.70616006851196,0.7589285714285714,0.9151785714285714,"(112, 64, 500)","(224, 64, 500)",1234,67,0.75
4,Tongue,Rest,47.19699501991272,0.7767857142857143,0.9553571428571428,"(112, 64, 500)","(224, 64, 500)",1234,67,0.7857142857142857
4,Mis,Rest,50.594655990600586,0.6696428571428571,0.9375,"(112, 64, 500)","(224, 64, 500)",1234,67,0.625
