participant,class1,class2,running_time,test_acc,train_acc,test_size,train_size,train_block,test_block,test_acc_vote
9,Hand,Rest,43.69706439971924,0.8482142857142857,0.9419642857142856,"(112, 64, 500)","(224, 64, 500)",1234,67,0.875
9,Feet,Rest,51.71013689041138,0.8928571428571429,0.9821428571428572,"(112, 64, 500)","(224, 64, 500)",1234,67,0.8928571428571429
9,Tongue,Rest,44.28327798843384,0.6964285714285714,0.9107142857142856,"(112, 64, 500)","(224, 64, 500)",1234,67,0.6339285714285714
9,Mis,Rest,54.620771169662476,0.7410714285714286,0.9464285714285714,"(112, 64, 500)","(224, 64, 500)",1234,67,0.75
