participant,class1,class2,running_time,test_acc,train_acc,test_size,train_size,train_block,test_block,test_acc_vote
6,Hand,Rest,96.73660826683044,0.6559633027522935,0.9504587155963304,"(218, 64, 1000)","(545, 64, 1000)",12345,67,0.6513761467889908
6,Feet,Rest,96.36473608016968,0.7064220183486238,0.9339449541284404,"(218, 64, 1000)","(545, 64, 1000)",12345,67,0.7155963302752293
6,Tongue,Rest,97.201247215271,0.7247706422018348,0.9412844036697248,"(218, 64, 1000)","(545, 64, 1000)",12345,67,0.7385321100917431
6,Mis,Rest,96.77678775787354,0.7247706422018348,0.9229357798165138,"(218, 64, 1000)","(545, 64, 1000)",12345,67,0.7477064220183487
