participant,class1,class2,running_time,test_acc,train_acc,test_size,train_size,train_block,test_block,test_acc_vote
9,Hand,Rest,97.00114583969116,0.9174311926605504,0.9339449541284404,"(218, 64, 1000)","(545, 64, 1000)",12345,67,0.926605504587156
9,Feet,Rest,96.2062921524048,0.8853211009174312,0.9651376146788992,"(218, 64, 1000)","(545, 64, 1000)",12345,67,0.8944954128440367
9,Tongue,Rest,97.90687322616576,0.7339449541284404,0.908256880733945,"(218, 64, 1000)","(545, 64, 1000)",12345,67,0.7385321100917431
9,Mis,Rest,96.81446766853333,0.6880733944954128,0.8770642201834863,"(218, 64, 1000)","(545, 64, 1000)",12345,67,0.7018348623853211
