participant,class1,class2,running_time,test_acc,train_acc,test_size,train_size,train_block,test_block,test_acc_vote
6,Hand,Rest,52.54817342758179,0.5595238095238095,1.0,"(168, 64, 1000)","(28, 64, 1000)",1,234567,0.5357142857142857
6,Feet,Rest,51.11761522293091,0.4702380952380952,1.0,"(168, 64, 1000)","(28, 64, 1000)",1,234567,0.4702380952380952
6,Tongue,Rest,52.87675666809082,0.4761904761904761,1.0,"(168, 64, 1000)","(28, 64, 1000)",1,234567,0.4821428571428571
6,Mis,Rest,52.716222286224365,0.5654761904761905,1.0,"(168, 64, 1000)","(28, 64, 1000)",1,234567,0.5833333333333333
