participant,class1,class2,running_time,test_acc,train_acc,test_size,train_size,train_block,test_block,test_acc_vote
7,Hand,Rest,50.92764186859131,0.5059523809523809,1.0,"(168, 64, 1000)","(28, 64, 1000)",1,234567,0.5416666666666667
7,Feet,Rest,51.31425619125366,0.5416666666666666,1.0,"(168, 64, 1000)","(28, 64, 1000)",1,234567,0.5654761904761905
7,Tongue,Rest,52.48176097869873,0.494047619047619,1.0,"(168, 64, 1000)","(28, 64, 1000)",1,234567,0.5178571428571428
7,Mis,Rest,52.73174834251404,0.48214285714285715,1.0,"(168, 64, 1000)","(28, 64, 1000)",1,234567,0.47023809523809523
