participant,class1,class2,running_time,test_acc,train_acc,test_size,train_size,train_block,test_block,test_acc_vote
9,Hand,Rest,51.03159523010254,0.5654761904761905,1.0,"(168, 64, 1000)","(28, 64, 1000)",1,234567,0.5178571428571428
9,Feet,Rest,51.364176750183105,0.3988095238095238,1.0,"(168, 64, 1000)","(28, 64, 1000)",1,234567,0.369047619047619
9,Tongue,Rest,54.039817094802856,0.4761904761904761,1.0,"(168, 64, 1000)","(28, 64, 1000)",1,234567,0.494047619047619
9,Mis,Rest,54.41387605667114,0.5595238095238095,1.0,"(168, 64, 1000)","(28, 64, 1000)",1,234567,0.5178571428571428
