participant,class1,class2,running_time,test_acc,train_acc,test_size,train_size,train_block,test_block,test_acc_vote
13,Hand,Rest,57.549960136413574,0.5952380952380952,0.8839285714285714,"(84, 64, 1000)","(112, 64, 1000)",1234,567,0.5357142857142857
13,Feet,Rest,57.591825008392334,0.8095238095238095,0.875,"(84, 64, 1000)","(112, 64, 1000)",1234,567,0.8571428571428572
13,Tongue,Rest,59.30933141708374,0.7619047619047619,0.8928571428571429,"(84, 64, 1000)","(112, 64, 1000)",1234,567,0.7261904761904762
13,Mis,Rest,59.188260316848755,0.7857142857142857,0.9464285714285714,"(84, 64, 1000)","(112, 64, 1000)",1234,567,0.7261904761904762
