participant,class1,class2,running_time,test_acc,train_acc,test_size,train_size,train_block,test_block,test_acc_vote
6,Hand,Rest,56.89729714393616,0.7738095238095238,0.9017857142857144,"(84, 64, 1000)","(112, 64, 1000)",1234,567,0.6904761904761905
6,Feet,Rest,56.05815124511719,0.7023809523809523,0.9285714285714286,"(84, 64, 1000)","(112, 64, 1000)",1234,567,0.6547619047619048
6,Tongue,Rest,59.09811758995056,0.8095238095238095,0.9553571428571428,"(84, 64, 1000)","(112, 64, 1000)",1234,567,0.8095238095238095
6,Mis,Rest,58.93938899040222,0.6309523809523809,0.8571428571428571,"(84, 64, 1000)","(112, 64, 1000)",1234,567,0.5119047619047619
