participant,class1,class2,running_time,test_acc,train_acc,test_size,train_size,train_block,test_block,test_acc_vote
11,Hand,Rest,39.664228677749634,0.8571428571428571,1.0,"(56, 64, 1000)","(84, 64, 1000)",123,67,0.8571428571428572
11,Feet,Rest,39.88762950897217,0.9285714285714286,1.0,"(56, 64, 1000)","(84, 64, 1000)",123,67,0.9464285714285714
11,Tongue,Rest,40.97227120399475,0.5892857142857143,0.988095238095238,"(56, 64, 1000)","(84, 64, 1000)",123,67,0.5714285714285714
11,Mis,Rest,40.271103620529175,0.6785714285714286,1.0,"(56, 64, 1000)","(84, 64, 1000)",123,67,0.6428571428571428
