participant,class1,class2,running_time,test_acc,train_acc,test_size,train_size,train_block,test_block,test_acc_vote
15,Hand,Rest,39.72524380683899,0.8571428571428571,1.0,"(56, 64, 1000)","(84, 64, 1000)",123,67,0.8214285714285714
15,Feet,Rest,39.715601444244385,0.6428571428571429,1.0,"(56, 64, 1000)","(84, 64, 1000)",123,67,0.5714285714285714
15,Tongue,Rest,39.49129486083984,0.625,0.988095238095238,"(56, 64, 1000)","(84, 64, 1000)",123,67,0.5714285714285714
15,Mis,Rest,39.579115867614746,0.75,1.0,"(56, 64, 1000)","(84, 64, 1000)",123,67,0.7321428571428572
