participant,class1,class2,running_time,test_acc,train_acc,test_size,train_size,train_block,test_block,test_acc_vote
16,Hand,Rest,39.5381600856781,0.6428571428571429,1.0,"(56, 64, 1000)","(84, 64, 1000)",123,67,0.5892857142857143
16,Feet,Rest,40.822102785110474,0.7142857142857143,1.0,"(56, 64, 1000)","(84, 64, 1000)",123,67,0.6607142857142857
16,Tongue,Rest,40.958064794540405,0.8214285714285714,1.0,"(56, 64, 1000)","(84, 64, 1000)",123,67,0.7857142857142857
16,Mis,Rest,39.59005427360535,0.8214285714285714,0.9880952380952381,"(56, 64, 1000)","(84, 64, 1000)",123,67,0.8392857142857143
