participant,class1,class2,running_time,test_acc,train_acc,test_size,train_size,train_block,test_block,test_acc_vote
3,Hand,Rest,54.039931297302246,0.6071428571428571,1.0,"(140, 64, 1000)","(56, 64, 1000)",12,34567,0.55
3,Feet,Rest,52.95610594749451,0.5642857142857143,1.0,"(140, 64, 1000)","(56, 64, 1000)",12,34567,0.55
3,Tongue,Rest,55.20612263679504,0.5071428571428571,1.0,"(140, 64, 1000)","(56, 64, 1000)",12,34567,0.5071428571428571
3,Mis,Rest,54.1417601108551,0.6571428571428571,1.0,"(140, 64, 1000)","(56, 64, 1000)",12,34567,0.6642857142857144
