participant,class1,class2,running_time,test_acc,train_acc,test_size,train_size,train_block,test_block,test_acc_vote
7,Hand,Rest,53.97165369987488,0.6071428571428571,1.0,"(140, 64, 1000)","(56, 64, 1000)",12,34567,0.5857142857142856
7,Feet,Rest,53.842501163482666,0.7285714285714285,1.0,"(140, 64, 1000)","(56, 64, 1000)",12,34567,0.7142857142857143
7,Tongue,Rest,54.5903537273407,0.7071428571428572,1.0,"(140, 64, 1000)","(56, 64, 1000)",12,34567,0.6857142857142857
7,Mis,Rest,55.8561053276062,0.5642857142857143,1.0,"(140, 64, 1000)","(56, 64, 1000)",12,34567,0.5714285714285714
