participant,class1,class2,running_time,test_acc,train_acc,test_size,train_size,train_block,test_block,test_acc_vote
14,Hand,Rest,37.54007411003113,0.9464285714285714,1.0,"(56, 64, 1000)","(140, 64, 1000)",12345,67,0.9285714285714286
14,Feet,Rest,37.00973916053772,0.875,1.0,"(56, 64, 1000)","(140, 64, 1000)",12345,67,0.8392857142857143
14,Tongue,Rest,39.00448775291443,0.7857142857142857,1.0,"(56, 64, 1000)","(140, 64, 1000)",12345,67,0.7857142857142857
14,Mis,Rest,38.02683901786804,0.75,1.0,"(56, 64, 1000)","(140, 64, 1000)",12345,67,0.6964285714285714
