participant,class1,class2,running_time,test_acc,train_acc,test_size,train_size,train_block,test_block,test_acc_vote
3,Hand,Rest,37.62526845932007,0.9107142857142856,1.0,"(56, 64, 1000)","(140, 64, 1000)",12345,67,0.9107142857142856
3,Feet,Rest,36.9151086807251,0.6964285714285714,1.0,"(56, 64, 1000)","(140, 64, 1000)",12345,67,0.6071428571428572
3,Tongue,Rest,38.51119518280029,0.8035714285714286,1.0,"(56, 64, 1000)","(140, 64, 1000)",12345,67,0.6964285714285714
3,Mis,Rest,38.058924198150635,0.8928571428571429,1.0,"(56, 64, 1000)","(140, 64, 1000)",12345,67,0.8928571428571429
