participant,class1,class2,running_time,test_acc,train_acc,test_size,train_size,train_block,test_block,test_acc_vote
4,Hand,Rest,79.21031832695007,0.8256880733944955,1.0,"(545, 64, 1000)","(218, 64, 1000)",12,34567,0.8275229357798165
4,Feet,Rest,79.34759759902954,0.7321100917431193,1.0,"(545, 64, 1000)","(218, 64, 1000)",12,34567,0.7412844036697248
4,Tongue,Rest,81.20978474617004,0.7394495412844037,1.0,"(545, 64, 1000)","(218, 64, 1000)",12,34567,0.7541284403669725
4,Mis,Rest,81.51671814918518,0.6954128440366972,1.0,"(545, 64, 1000)","(218, 64, 1000)",12,34567,0.710091743119266
