participant,class1,class2,running_time,test_acc,train_acc,test_size,train_size,train_block,test_block,test_acc_vote
13,Hand,Rest,103.90087556838988,0.6055045871559633,1.0,"(218, 64, 1000)","(545, 64, 1000)",12345,67,0.591743119266055
13,Feet,Rest,99.11037874221802,0.7660550458715596,1.0,"(218, 64, 1000)","(545, 64, 1000)",12345,67,0.7614678899082569
13,Tongue,Rest,99.25584626197816,0.7339449541284404,1.0,"(218, 64, 1000)","(545, 64, 1000)",12345,67,0.7522935779816513
13,Mis,Rest,98.15845704078674,0.6743119266055045,1.0,"(218, 64, 1000)","(545, 64, 1000)",12345,67,0.6743119266055047
