participant,class1,class2,running_time,test_acc,train_acc,test_size,train_size,train_block,test_block,test_acc_vote
7,Hand,Rest,105.83601069450378,0.6345565749235474,0.9908256880733946,"(654, 64, 1000)","(109, 64, 1000)",1,234567,0.6559633027522935
7,Feet,Rest,105.58498072624208,0.5948012232415902,0.981651376146789,"(654, 64, 1000)","(109, 64, 1000)",1,234567,0.6131498470948012
7,Tongue,Rest,107.56301927566528,0.518348623853211,0.981651376146789,"(654, 64, 1000)","(109, 64, 1000)",1,234567,0.518348623853211
7,Mis,Rest,106.29219126701355,0.5351681957186545,1.0,"(654, 64, 1000)","(109, 64, 1000)",1,234567,0.5458715596330275
