participant,class1,class2,running_time,test_acc,train_acc,test_size,train_size,train_block,test_block,test_acc_vote
10,Hand,Rest,40.27223610877991,0.75,1.0,"(56, 64, 1000)","(140, 64, 1000)",12345,67,0.6964285714285714
10,Feet,Rest,39.87475037574768,0.6071428571428571,1.0,"(56, 64, 1000)","(140, 64, 1000)",12345,67,0.5535714285714286
10,Tongue,Rest,40.26535415649414,0.6964285714285714,1.0,"(56, 64, 1000)","(140, 64, 1000)",12345,67,0.6428571428571428
10,Mis,Rest,40.506351470947266,0.7857142857142857,1.0,"(56, 64, 1000)","(140, 64, 1000)",12345,67,0.7857142857142857
