participant,class1,class2,running_time,test_acc,train_acc,test_size,train_size,train_block,test_block,test_acc_vote
13,Hand,Rest,39.51756405830383,0.9107142857142856,1.0,"(56, 64, 1000)","(140, 64, 1000)",12345,67,0.8571428571428572
13,Feet,Rest,39.4550998210907,0.8214285714285714,1.0,"(56, 64, 1000)","(140, 64, 1000)",12345,67,0.8214285714285714
13,Tongue,Rest,40.81853914260864,0.7857142857142857,1.0,"(56, 64, 1000)","(140, 64, 1000)",12345,67,0.7857142857142857
13,Mis,Rest,40.93657684326172,0.75,1.0,"(56, 64, 1000)","(140, 64, 1000)",12345,67,0.7142857142857143
