participant,class1,class2,running_time,test_acc,train_acc,test_size,train_size,train_block,test_block,test_acc_vote
10,Hand,Rest,52.49664568901062,0.6875,0.8883928571428571,"(224, 64, 250)","(448, 64, 250)",1234,67,0.6875
10,Feet,Rest,52.37953233718872,0.6875,0.921875,"(224, 64, 250)","(448, 64, 250)",1234,67,0.6651785714285714
10,Tongue,Rest,52.52830481529236,0.6116071428571429,0.8883928571428571,"(224, 64, 250)","(448, 64, 250)",1234,67,0.6160714285714286
10,Mis,Rest,52.64863848686218,0.7633928571428571,0.8928571428571429,"(224, 64, 250)","(448, 64, 250)",1234,67,0.78125
