participant,class1,class2,running_time,test_acc,train_acc,test_size,train_size,train_block,test_block,test_acc_vote
15,Hand,Rest,135.43132257461548,0.7767857142857143,0.8932038834951457,"(224, 64, 250)","(412, 64, 250)",1234,67,0.8214285714285714
15,Feet,Rest,129.50441598892212,0.7053571428571429,0.9375,"(224, 64, 250)","(448, 64, 250)",1234,67,0.6741071428571428
15,Tongue,Rest,121.41089725494383,0.6517857142857143,0.8861607142857143,"(224, 64, 250)","(448, 64, 250)",1234,67,0.6741071428571428
15,Mis,Rest,147.52523946762085,0.7053571428571429,0.8727678571428571,"(224, 64, 250)","(448, 64, 250)",1234,67,0.75
