participant,class1,class2,running_time,test_acc,train_acc,test_size,train_size,train_block,test_block,test_acc_vote
9,Hand,Rest,52.554075717926025,0.8348214285714286,0.8839285714285714,"(224, 64, 250)","(448, 64, 250)",1234,67,0.8616071428571428
9,Feet,Rest,52.3673198223114,0.8616071428571429,0.9151785714285714,"(224, 64, 250)","(448, 64, 250)",1234,67,0.8883928571428571
9,Tongue,Rest,52.65565490722656,0.7142857142857143,0.8571428571428571,"(224, 64, 250)","(448, 64, 250)",1234,67,0.7678571428571428
9,Mis,Rest,52.25435996055603,0.6607142857142857,0.8794642857142857,"(224, 64, 250)","(448, 64, 250)",1234,67,0.7142857142857143
