participant,class1,class2,running_time,test_acc,train_acc,test_size,train_size,train_block,test_block,test_acc_vote
11,Hand,Rest,37.33531641960144,0.9642857142857144,1.0,"(84, 64, 1000)","(112, 64, 1000)",1234,567,0.9523809523809524
11,Feet,Rest,36.80888533592224,0.9285714285714286,1.0,"(84, 64, 1000)","(112, 64, 1000)",1234,567,0.9285714285714286
11,Tongue,Rest,37.98945713043213,0.6904761904761905,1.0,"(84, 64, 1000)","(112, 64, 1000)",1234,567,0.6547619047619048
11,Mis,Rest,37.64218997955322,0.8214285714285714,1.0,"(84, 64, 1000)","(112, 64, 1000)",1234,567,0.7857142857142857
