participant,class1,class2,running_time,test_acc,train_acc,test_size,train_size,train_block,test_block,test_acc_vote
3,Hand,Rest,64.1959593296051,0.9285714285714286,1.0,"(56, 64, 1000)","(140, 64, 1000)",12345,67,0.9107142857142856
3,Feet,Rest,63.03955268859863,0.6785714285714286,1.0,"(56, 64, 1000)","(140, 64, 1000)",12345,67,0.6071428571428572
3,Tongue,Rest,58.674208879470825,0.7678571428571429,1.0,"(56, 64, 1000)","(140, 64, 1000)",12345,67,0.6785714285714286
3,Mis,Rest,55.772019386291504,0.875,1.0,"(56, 64, 1000)","(140, 64, 1000)",12345,67,0.875
