participant,class1,class2,running_time,test_acc,train_acc,test_size,train_size,train_block,test_block,test_acc_vote
5,Hand,Rest,61.4827733039856,0.8571428571428571,1.0,"(56, 64, 1000)","(140, 64, 1000)",12345,67,0.875
5,Feet,Rest,59.836825132369995,0.6785714285714286,1.0,"(56, 64, 1000)","(140, 64, 1000)",12345,67,0.625
5,Tongue,Rest,65.05971884727478,0.8035714285714286,1.0,"(56, 64, 1000)","(140, 64, 1000)",12345,67,0.8035714285714286
5,Mis,Rest,55.297977924346924,0.875,1.0,"(56, 64, 1000)","(140, 64, 1000)",12345,67,0.8571428571428572
