participant,class1,class2,running_time,test_acc,train_acc,test_size,train_size,train_block,test_block,test_acc_vote
6,Hand,Rest,53.76255536079407,0.8214285714285714,1.0,"(56, 64, 1000)","(140, 64, 1000)",12345,67,0.7678571428571428
6,Feet,Rest,40.58052444458008,0.8571428571428571,1.0,"(56, 64, 1000)","(140, 64, 1000)",12345,67,0.8571428571428572
6,Tongue,Rest,64.51258420944214,0.8571428571428571,1.0,"(56, 64, 1000)","(140, 64, 1000)",12345,67,0.8214285714285714
6,Mis,Rest,62.48040223121643,0.8392857142857143,1.0,"(56, 64, 1000)","(140, 64, 1000)",12345,67,0.8214285714285714
