participant,class1,class2,running_time,test_acc,train_acc,test_size,train_size,train_block,test_block,test_acc_vote
7,Hand,Rest,56.61955261230469,0.7321428571428571,1.0,"(56, 64, 1000)","(140, 64, 1000)",12345,67,0.7321428571428572
7,Feet,Rest,41.90954351425171,0.8571428571428571,1.0,"(56, 64, 1000)","(140, 64, 1000)",12345,67,0.8392857142857143
7,Tongue,Rest,42.05597949028015,0.6964285714285714,1.0,"(56, 64, 1000)","(140, 64, 1000)",12345,67,0.6607142857142857
7,Mis,Rest,42.17079472541809,0.6428571428571429,1.0,"(56, 64, 1000)","(140, 64, 1000)",12345,67,0.5892857142857143
