participant,class1,class2,running_time,test_acc,train_acc,test_size,train_size,train_block,test_block,test_acc_vote
7,Hand,Rest,34.99033856391907,0.5714285714285714,1.0,"(168, 64, 1000)","(28, 64, 1000)",1,234567,0.5535714285714286
7,Feet,Rest,34.94817090034485,0.5892857142857143,1.0,"(168, 64, 1000)","(28, 64, 1000)",1,234567,0.5535714285714286
7,Tongue,Rest,35.78578281402588,0.5535714285714286,1.0,"(168, 64, 1000)","(28, 64, 1000)",1,234567,0.5535714285714286
7,Mis,Rest,35.65013408660889,0.5178571428571429,1.0,"(168, 64, 1000)","(28, 64, 1000)",1,234567,0.5119047619047619
