participant,class1,class2,running_time,test_acc,train_acc,test_size,train_size,train_block,test_block,test_acc_vote
9,Hand,Rest,34.56626558303833,0.5595238095238095,1.0,"(168, 64, 1000)","(28, 64, 1000)",1,234567,0.5119047619047619
9,Feet,Rest,35.010658979415894,0.5654761904761905,1.0,"(168, 64, 1000)","(28, 64, 1000)",1,234567,0.5833333333333333
9,Tongue,Rest,36.09583854675293,0.4761904761904761,1.0,"(168, 64, 1000)","(28, 64, 1000)",1,234567,0.4404761904761904
9,Mis,Rest,35.94663882255554,0.5773809523809523,1.0,"(168, 64, 1000)","(28, 64, 1000)",1,234567,0.5357142857142857
