participant,class1,class2,running_time,test_acc,train_acc,test_size,train_size,train_block,test_block,test_acc_vote
5,Hand,Rest,53.22174668312073,0.4928571428571429,1.0,"(140, 64, 1000)","(56, 64, 1000)",12,34567,0.5
5,Feet,Rest,51.94947552680969,0.5785714285714286,0.9642857142857144,"(140, 64, 1000)","(56, 64, 1000)",12,34567,0.55
5,Tongue,Rest,55.01929807662964,0.7,1.0,"(140, 64, 1000)","(56, 64, 1000)",12,34567,0.6785714285714286
5,Mis,Rest,54.72202801704407,0.4857142857142857,1.0,"(140, 64, 1000)","(56, 64, 1000)",12,34567,0.5214285714285714
