participant,class1,class2,running_time,test_acc,train_acc,test_size,train_size,train_block,test_block,test_acc_vote
14,Hand,Rest,100.44161891937256,0.7747747747747747,1.0,"(222, 64, 500)","(555, 64, 500)",12345,67,0.8108108108108107
14,Feet,Rest,100.71970868110655,0.6891891891891891,1.0,"(222, 64, 500)","(555, 64, 500)",12345,67,0.7117117117117118
14,Tongue,Rest,101.13022994995116,0.7207207207207207,1.0,"(222, 64, 500)","(555, 64, 500)",12345,67,0.7522522522522522
14,Mis,Rest,99.66461277008057,0.6351351351351351,1.0,"(222, 64, 500)","(555, 64, 500)",12345,67,0.6441441441441442
