participant,class1,class2,running_time,test_acc,train_acc,test_size,train_size,train_block,test_block,test_acc_vote
15,Hand,Rest,97.40641474723816,0.7702702702702703,1.0,"(222, 64, 500)","(519, 64, 500)",12345,67,0.7882882882882882
15,Feet,Rest,101.76125907897948,0.7612612612612613,1.0,"(222, 64, 500)","(555, 64, 500)",12345,67,0.7792792792792793
15,Tongue,Rest,101.21755528450012,0.7162162162162162,1.0,"(222, 64, 500)","(555, 64, 500)",12345,67,0.7252252252252251
15,Mis,Rest,101.37098383903503,0.6711711711711712,1.0,"(222, 64, 500)","(555, 64, 500)",12345,67,0.6846846846846847
