participant,class1,class2,running_time,test_acc,train_acc,test_size,train_size,train_block,test_block,test_acc_vote
18,Hand,Rest,99.93427753448486,0.6621621621621622,1.0,"(222, 64, 500)","(555, 64, 500)",12345,67,0.6666666666666667
18,Feet,Rest,101.3685622215271,0.6756756756756757,1.0,"(222, 64, 500)","(555, 64, 500)",12345,67,0.6801801801801801
18,Tongue,Rest,101.2779438495636,0.8333333333333334,1.0,"(222, 64, 500)","(555, 64, 500)",12345,67,0.8288288288288288
18,Mis,Rest,99.95225071907043,0.7252252252252253,1.0,"(222, 64, 500)","(555, 64, 500)",12345,67,0.7522522522522522
