participant,class1,class2,running_time,test_acc,train_acc,test_size,train_size,train_block,test_block,test_acc_vote
3,Hand,Rest,99.7685022354126,0.8153153153153153,1.0,"(222, 64, 500)","(555, 64, 500)",12345,67,0.8423423423423424
3,Feet,Rest,102.12249898910522,0.6351351351351351,1.0,"(222, 64, 500)","(555, 64, 500)",12345,67,0.6756756756756757
3,Tongue,Rest,99.2321035861969,0.7522522522522522,1.0,"(222, 64, 500)","(555, 64, 500)",12345,67,0.7657657657657657
3,Mis,Rest,99.548495054245,0.7477477477477478,1.0,"(222, 64, 500)","(555, 64, 500)",12345,67,0.7567567567567568
