participant,class1,class2,running_time,test_acc,train_acc,test_size,train_size,train_block,test_block,test_acc_vote
5,Hand,Rest,99.78712916374208,0.6396396396396397,1.0,"(222, 64, 500)","(555, 64, 500)",12345,67,0.6261261261261262
5,Feet,Rest,100.00090384483336,0.7477477477477478,1.0,"(222, 64, 500)","(555, 64, 500)",12345,67,0.8063063063063063
5,Tongue,Rest,99.4727292060852,0.7477477477477478,1.0,"(222, 64, 500)","(555, 64, 500)",12345,67,0.7792792792792793
5,Mis,Rest,99.48491358757019,0.8828828828828829,1.0,"(222, 64, 500)","(555, 64, 500)",12345,67,0.9234234234234234
