participant,class1,class2,running_time,test_acc,train_acc,test_size,train_size,train_block,test_block,test_acc_vote
7,Hand,Rest,101.2799391746521,0.8063063063063063,1.0,"(222, 64, 500)","(555, 64, 500)",12345,67,0.8198198198198199
7,Feet,Rest,101.17116189002992,0.8108108108108109,1.0,"(222, 64, 500)","(555, 64, 500)",12345,67,0.8513513513513513
7,Tongue,Rest,99.58935046195984,0.6486486486486487,1.0,"(222, 64, 500)","(555, 64, 500)",12345,67,0.6666666666666667
7,Mis,Rest,99.89431047439575,0.6891891891891891,1.0,"(222, 64, 500)","(555, 64, 500)",12345,67,0.6756756756756757
