participant,class1,class2,running_time,test_acc,train_acc,test_size,train_size,train_block,test_block,test_acc_vote
6,Hand,Rest,98.51329827308656,0.6376146788990825,1.0,"(218, 64, 1000)","(545, 64, 1000)",12345,67,0.6146788990825688
6,Feet,Rest,97.41239547729492,0.7018348623853211,1.0,"(218, 64, 1000)","(545, 64, 1000)",12345,67,0.7201834862385321
6,Tongue,Rest,99.01073956489564,0.7477064220183486,1.0,"(218, 64, 1000)","(545, 64, 1000)",12345,67,0.7522935779816513
6,Mis,Rest,99.36747074127197,0.7155963302752294,1.0,"(218, 64, 1000)","(545, 64, 1000)",12345,67,0.7247706422018348
