participant,class1,class2,running_time,test_acc,train_acc,test_size,train_size,train_block,test_block,test_acc_vote
10,Hand,Rest,35.868189334869385,0.6964285714285714,1.0,"(112, 64, 1000)","(84, 64, 1000)",123,4567,0.6875
10,Feet,Rest,37.10436010360718,0.6607142857142857,1.0,"(112, 64, 1000)","(84, 64, 1000)",123,4567,0.6160714285714286
10,Tongue,Rest,37.2502019405365,0.6428571428571429,0.988095238095238,"(112, 64, 1000)","(84, 64, 1000)",123,4567,0.6071428571428572
10,Mis,Rest,37.28158092498779,0.7410714285714286,1.0,"(112, 64, 1000)","(84, 64, 1000)",123,4567,0.7053571428571428
