participant,class1,class2,running_time,test_acc,train_acc,test_size,train_size,train_block,test_block,test_acc_vote
7,Hand,Rest,35.190571546554565,0.8660714285714286,1.0,"(112, 64, 1000)","(84, 64, 1000)",123,4567,0.8571428571428572
7,Feet,Rest,36.32553696632385,0.8928571428571429,1.0,"(112, 64, 1000)","(84, 64, 1000)",123,4567,0.875
7,Tongue,Rest,36.91521334648132,0.7589285714285714,1.0,"(112, 64, 1000)","(84, 64, 1000)",123,4567,0.7321428571428572
7,Mis,Rest,36.67778778076172,0.6875,0.9880952380952381,"(112, 64, 1000)","(84, 64, 1000)",123,4567,0.625
