participant,class1,class2,running_time,test_acc,train_acc,test_size,train_size,train_block,test_block,test_acc_vote
9,Hand,Rest,36.166760206222534,0.8928571428571429,0.988095238095238,"(112, 64, 1000)","(84, 64, 1000)",123,4567,0.8392857142857143
9,Feet,Rest,36.02542781829834,0.9196428571428572,1.0,"(112, 64, 1000)","(84, 64, 1000)",123,4567,0.8928571428571429
9,Tongue,Rest,37.16255044937134,0.7053571428571429,1.0,"(112, 64, 1000)","(84, 64, 1000)",123,4567,0.7232142857142857
9,Mis,Rest,36.9914345741272,0.625,1.0,"(112, 64, 1000)","(84, 64, 1000)",123,4567,0.6607142857142857
