participant,class1,class2,running_time,test_acc,train_acc,test_size,train_size,train_block,test_block,test_acc_vote
14,Hand,Rest,32.99386739730835,0.8571428571428571,1.0,"(84, 64, 1000)","(112, 64, 1000)",1234,567,0.7857142857142857
14,Feet,Rest,34.579622983932495,0.8333333333333334,1.0,"(84, 64, 1000)","(112, 64, 1000)",1234,567,0.8095238095238095
14,Tongue,Rest,33.98758363723755,0.6428571428571429,1.0,"(84, 64, 1000)","(112, 64, 1000)",1234,567,0.6785714285714286
14,Mis,Rest,33.77209138870239,0.7619047619047619,1.0,"(84, 64, 1000)","(112, 64, 1000)",1234,567,0.7738095238095238
