participant,class1,class2,running_time,test_acc,train_acc,test_size,train_size,train_block,test_block,test_acc_vote
7,Hand,Rest,32.936949014663696,0.8214285714285714,1.0,"(84, 64, 1000)","(112, 64, 1000)",1234,567,0.8214285714285714
7,Feet,Rest,32.629724740982056,0.7857142857142857,1.0,"(84, 64, 1000)","(112, 64, 1000)",1234,567,0.8095238095238095
7,Tongue,Rest,36.84215688705444,0.7023809523809523,1.0,"(84, 64, 1000)","(112, 64, 1000)",1234,567,0.6785714285714286
7,Mis,Rest,33.95511293411255,0.6785714285714286,1.0,"(84, 64, 1000)","(112, 64, 1000)",1234,567,0.6547619047619048
