participant,class1,class2,running_time,test_acc,train_acc,test_size,train_size,train_block,test_block,test_acc_vote
10,Hand,Rest,52.61307978630066,0.5,0.9732142857142856,"(28, 64, 1000)","(112, 64, 1000)",1234,28,0.4642857142857143
10,Feet,Rest,43.81720566749573,0.8571428571428571,0.9732142857142856,"(28, 64, 1000)","(112, 64, 1000)",1234,28,0.9642857142857144
10,Tongue,Rest,51.99684762954712,0.4642857142857143,1.0,"(28, 64, 1000)","(112, 64, 1000)",1234,28,0.5
10,Mis,Rest,44.526413917541504,0.75,0.9910714285714286,"(28, 64, 1000)","(112, 64, 1000)",1234,28,0.7857142857142857
