participant,class1,class2,running_time,test_acc,train_acc,test_size,train_size,train_block,test_block,test_acc_vote
13,Hand,Rest,49.568077087402344,1.0,0.9910714285714286,"(28, 64, 1000)","(112, 64, 1000)",1234,28,1.0
13,Feet,Rest,59.1798415184021,1.0,1.0,"(28, 64, 1000)","(112, 64, 1000)",1234,28,1.0
13,Tongue,Rest,45.32980275154114,0.9629629629629628,1.0,"(27, 64, 1000)","(112, 64, 1000)",1234,27,0.962962962962963
13,Mis,Rest,61.78765845298767,0.8888888888888888,1.0,"(27, 64, 1000)","(112, 64, 1000)",1234,27,0.9259259259259259
