participant,class1,class2,running_time,test_acc,train_acc,test_size,train_size,train_block,test_block,test_acc_vote
14,Hand,Rest,46.15258836746216,1.0,1.0,"(28, 64, 1000)","(112, 64, 1000)",1234,28,1.0
14,Feet,Rest,56.37307786941528,1.0,1.0,"(28, 64, 1000)","(112, 64, 1000)",1234,28,1.0
14,Tongue,Rest,46.00725984573364,1.0,0.9821428571428572,"(28, 64, 1000)","(112, 64, 1000)",1234,28,1.0
14,Mis,Rest,56.61734914779663,1.0,1.0,"(28, 64, 1000)","(112, 64, 1000)",1234,28,1.0
