participant,class1,class2,running_time,test_acc,train_acc,test_size,train_size,train_block,test_block,test_acc_vote
2,Hand,Rest,48.77641844749451,1.0,0.9821428571428572,"(28, 64, 1000)","(112, 64, 1000)",1234,28,1.0
2,Feet,Rest,55.65581226348877,0.9285714285714286,1.0,"(28, 64, 1000)","(112, 64, 1000)",1234,28,1.0
2,Tongue,Rest,48.15027332305908,1.0,0.9910714285714286,"(28, 64, 1000)","(112, 64, 1000)",1234,28,1.0
2,Mis,Rest,53.967986822128296,0.9285714285714286,0.9642857142857143,"(28, 64, 1000)","(112, 64, 1000)",1234,28,0.9642857142857143
