participant,class1,class2,running_time,test_acc,train_acc,test_size,train_size,train_block,test_block,test_acc_vote
4,Hand,Rest,57.187928676605225,0.75,1.0,"(28, 64, 1000)","(112, 64, 1000)",1234,28,0.8214285714285714
4,Feet,Rest,47.38416051864624,0.6071428571428571,0.9910714285714286,"(28, 64, 1000)","(112, 64, 1000)",1234,28,0.6785714285714286
4,Tongue,Rest,59.34990096092224,0.7857142857142857,0.9642857142857144,"(28, 64, 1000)","(112, 64, 1000)",1234,28,0.8571428571428572
4,Mis,Rest,50.102997064590454,0.8214285714285714,1.0,"(28, 64, 1000)","(112, 64, 1000)",1234,28,0.8571428571428572
