participant,class1,class2,running_time,test_acc,train_acc,test_size,train_size,train_block,test_block,test_acc_vote
6,Hand,Rest,53.72884702682495,0.9285714285714286,0.9821428571428572,"(28, 64, 1000)","(112, 64, 1000)",1234,28,0.9642857142857144
6,Feet,Rest,55.03222894668579,0.8571428571428571,1.0,"(28, 64, 1000)","(112, 64, 1000)",1234,28,0.9285714285714286
6,Tongue,Rest,44.20021367073059,0.8214285714285714,0.8839285714285714,"(28, 64, 1000)","(112, 64, 1000)",1234,28,0.8928571428571429
6,Mis,Rest,63.13187003135681,0.8571428571428571,1.0,"(28, 64, 1000)","(112, 64, 1000)",1234,28,0.8928571428571429
