participant,class1,class2,running_time,test_acc,train_acc,test_size,train_size,train_block,test_block,test_acc_vote
8,Hand,Rest,49.97892904281616,0.7142857142857143,0.9464285714285714,"(28, 64, 1000)","(112, 64, 1000)",1234,28,0.7857142857142857
8,Feet,Rest,55.546915769577026,0.75,0.9464285714285714,"(28, 64, 1000)","(112, 64, 1000)",1234,28,0.7142857142857143
8,Tongue,Rest,47.34048891067505,0.7142857142857143,0.9464285714285714,"(28, 64, 1000)","(112, 64, 1000)",1234,28,0.7142857142857143
8,Mis,Rest,49.708163022994995,0.8571428571428571,1.0,"(28, 64, 1000)","(112, 64, 1000)",1234,28,0.8928571428571429
