participant,class1,class2,running_time,test_acc,train_acc,test_size,train_size,train_block,test_block,test_acc_vote
3,Hand,Rest,137.34415292739868,0.8195718654434251,0.963302752293578,"(327, 64, 1000)","(436, 64, 1000)",1234,567,0.8165137614678899
3,Feet,Rest,138.4961678981781,0.6238532110091743,0.9128440366972476,"(327, 64, 1000)","(436, 64, 1000)",1234,567,0.6299694189602447
3,Tongue,Rest,145.13805150985718,0.7675840978593272,0.9472477064220184,"(327, 64, 1000)","(436, 64, 1000)",1234,567,0.7706422018348624
3,Mis,Rest,141.8875379562378,0.8165137614678899,0.9518348623853211,"(327, 64, 1000)","(436, 64, 1000)",1234,567,0.8348623853211009
