participant,class1,class2,running_time,test_acc,train_acc,test_size,train_size,train_block,test_block,test_acc_vote
7,Hand,Rest,139.7861363887787,0.8226299694189603,0.9655963302752294,"(327, 64, 1000)","(436, 64, 1000)",1234,567,0.8348623853211009
7,Feet,Rest,138.0286238193512,0.8073394495412844,0.970183486238532,"(327, 64, 1000)","(436, 64, 1000)",1234,567,0.7981651376146789
7,Tongue,Rest,144.3394956588745,0.7889908256880734,0.9724770642201837,"(327, 64, 1000)","(436, 64, 1000)",1234,567,0.7889908256880733
7,Mis,Rest,145.0012514591217,0.7186544342507645,0.9610091743119266,"(327, 64, 1000)","(436, 64, 1000)",1234,567,0.7155963302752293
