participant,class1,class2,running_time,test_acc,train_acc,test_size,train_size,train_block,test_block,test_acc_vote
13,Hand,Rest,37.49644207954407,0.6306306306306306,1.0,"(222, 64, 500)","(111, 64, 500)",1,67,0.6216216216216216
13,Feet,Rest,37.06033968925476,0.5180180180180181,1.0,"(222, 64, 500)","(111, 64, 500)",1,67,0.509009009009009
13,Tongue,Rest,37.02834606170654,0.5990990990990991,1.0,"(222, 64, 500)","(111, 64, 500)",1,67,0.6351351351351351
13,Mis,Rest,37.06096410751343,0.5180180180180181,1.0,"(222, 64, 500)","(111, 64, 500)",1,67,0.49549549549549554
