participant,class1,class2,running_time,test_acc,train_acc,test_size,train_size,train_block,test_block,test_acc_vote
17,Hand,Rest,37.50269508361816,0.5900900900900901,1.0,"(222, 64, 500)","(111, 64, 500)",1,67,0.5855855855855856
17,Feet,Rest,36.92900395393371,0.5540540540540541,1.0,"(222, 64, 500)","(111, 64, 500)",1,67,0.545045045045045
17,Tongue,Rest,36.92289972305298,0.6891891891891891,1.0,"(222, 64, 500)","(111, 64, 500)",1,67,0.7342342342342343
17,Mis,Rest,36.92447257041931,0.536036036036036,1.0,"(222, 64, 500)","(111, 64, 500)",1,67,0.5225225225225225
