participant,class1,class2,running_time,test_acc,train_acc,test_size,train_size,train_block,test_block,test_acc_vote
18,Hand,Rest,36.23728680610657,0.4594594594594595,1.0,"(222, 64, 500)","(111, 64, 500)",1,67,0.4594594594594594
18,Feet,Rest,37.370306968688965,0.4324324324324324,1.0,"(222, 64, 500)","(111, 64, 500)",1,67,0.4234234234234234
18,Tongue,Rest,37.83955264091492,0.5045045045045045,1.0,"(222, 64, 500)","(111, 64, 500)",1,67,0.5180180180180181
18,Mis,Rest,37.47546315193176,0.5,1.0,"(222, 64, 500)","(111, 64, 500)",1,67,0.49549549549549554
