participant,class1,class2,running_time,test_acc,train_acc,test_size,train_size,train_block,test_block,test_acc_vote
9,Hand,Rest,37.629387855529785,0.5495495495495496,1.0,"(222, 64, 500)","(111, 64, 500)",1,67,0.5405405405405406
9,Feet,Rest,36.533315658569336,0.581081081081081,1.0,"(222, 64, 500)","(111, 64, 500)",1,67,0.5585585585585586
9,Tongue,Rest,37.44435286521912,0.5225225225225225,1.0,"(222, 64, 500)","(111, 64, 500)",1,67,0.527027027027027
9,Mis,Rest,36.98778057098389,0.40540540540540543,1.0,"(222, 64, 500)","(111, 64, 500)",1,67,0.37387387387387383
