participant,class1,class2,running_time,test_acc,train_acc,test_size,train_size,train_block,test_block,test_acc_vote
4,Hand,Rest,38.38214564323425,0.8095238095238095,1.0,"(336, 64, 500)","(56, 64, 500)",1,234567,0.8363095238095238
4,Feet,Rest,38.3582079410553,0.5714285714285714,1.0,"(336, 64, 500)","(56, 64, 500)",1,234567,0.5714285714285714
4,Tongue,Rest,39.37557625770569,0.5416666666666666,1.0,"(336, 64, 500)","(56, 64, 500)",1,234567,0.5416666666666667
4,Mis,Rest,39.59085702896118,0.5267857142857143,1.0,"(336, 64, 500)","(56, 64, 500)",1,234567,0.5267857142857143
