participant,class1,class2,running_time,test_acc,train_acc,test_size,train_size,train_block,test_block,test_acc_vote
6,Hand,Rest,38.21905732154846,0.5952380952380952,1.0,"(336, 64, 500)","(56, 64, 500)",1,234567,0.5803571428571428
6,Feet,Rest,38.341368436813354,0.6011904761904762,1.0,"(336, 64, 500)","(56, 64, 500)",1,234567,0.6071428571428572
6,Tongue,Rest,39.56444072723389,0.5535714285714286,1.0,"(336, 64, 500)","(56, 64, 500)",1,234567,0.5386904761904762
6,Mis,Rest,39.33182430267334,0.5208333333333334,1.0,"(336, 64, 500)","(56, 64, 500)",1,234567,0.5119047619047619
