participant,class1,class2,running_time,test_acc,train_acc,test_size,train_size,train_block,test_block,test_acc_vote
7,Hand,Rest,37.88606262207031,0.5892857142857143,1.0,"(336, 64, 500)","(56, 64, 500)",1,234567,0.5803571428571428
7,Feet,Rest,70.74623227119446,0.4613095238095238,1.0,"(336, 64, 500)","(56, 64, 500)",1,234567,0.4404761904761904
7,Tongue,Rest,39.31702494621277,0.5297619047619048,1.0,"(336, 64, 500)","(56, 64, 500)",1,234567,0.5059523809523809
7,Mis,Rest,39.45027494430542,0.49107142857142855,1.0,"(336, 64, 500)","(56, 64, 500)",1,234567,0.49404761904761907
