participant,class1,class2,running_time,test_acc,train_acc,test_size,train_size,train_block,test_block,test_acc_vote
13,Hand,Rest,95.0613305568695,0.6428571428571429,0.8482142857142857,"(224, 64, 250)","(560, 64, 250)",12345,67,0.6428571428571428
13,Feet,Rest,143.98539853096008,0.8080357142857143,0.8642857142857143,"(224, 64, 250)","(560, 64, 250)",12345,67,0.8303571428571428
13,Tongue,Rest,71.80243849754333,0.75,0.8892857142857142,"(224, 64, 250)","(560, 64, 250)",12345,67,0.7678571428571428
13,Mis,Rest,74.77050137519836,0.6785714285714286,0.8410714285714286,"(224, 64, 250)","(560, 64, 250)",12345,67,0.7008928571428572
