participant,class1,class2,running_time,test_acc,train_acc,test_size,train_size,train_block,test_block,test_acc_vote
6,Hand,Rest,72.776775598526,0.7276785714285714,0.8732142857142857,"(224, 64, 250)","(560, 64, 250)",12345,67,0.7767857142857143
6,Feet,Rest,71.73210787773132,0.71875,0.9035714285714286,"(224, 64, 250)","(560, 64, 250)",12345,67,0.78125
6,Tongue,Rest,70.92401242256165,0.6785714285714286,0.8375,"(224, 64, 250)","(560, 64, 250)",12345,67,0.7321428571428572
6,Mis,Rest,79.49225115776062,0.6607142857142857,0.8607142857142858,"(224, 64, 250)","(560, 64, 250)",12345,67,0.6875
