participant,class1,class2,running_time,test_acc,train_acc,test_size,train_size,train_block,test_block,test_acc_vote
7,Hand,Rest,71.90517044067383,0.7321428571428571,0.8821428571428571,"(224, 64, 250)","(560, 64, 250)",12345,67,0.78125
7,Feet,Rest,70.68612933158875,0.7946428571428571,0.8767857142857143,"(224, 64, 250)","(560, 64, 250)",12345,67,0.8348214285714286
7,Tongue,Rest,114.80487537384032,0.6383928571428571,0.8803571428571428,"(224, 64, 250)","(560, 64, 250)",12345,67,0.6964285714285714
7,Mis,Rest,122.20665717124939,0.6383928571428571,0.8339285714285715,"(224, 64, 250)","(560, 64, 250)",12345,67,0.6964285714285714
