class,test_acc,vote_acc
Hand,0.7785714285714287,0.7428571428571429
Feet,0.7714285714285715,0.7404761904761904
Tongue,0.694047619047619,0.6833333333333333
Mis,0.7,0.675
