participant,class1,class2,running_time,test_acc,train_acc,test_size,train_size,train_block,test_block,test_acc_vote
10,Hand,Rest,55.603190660476685,0.6309523809523809,1.0,"(84, 64, 1000)","(112, 64, 1000)",1234,567,0.6071428571428572
10,Feet,Rest,55.50550317764282,0.6666666666666666,0.9910714285714286,"(84, 64, 1000)","(112, 64, 1000)",1234,567,0.6428571428571428
10,Tongue,Rest,57.11755704879761,0.6547619047619048,1.0,"(84, 64, 1000)","(112, 64, 1000)",1234,567,0.6309523809523809
10,Mis,Rest,58.236716508865356,0.6547619047619048,1.0,"(84, 64, 1000)","(112, 64, 1000)",1234,567,0.6309523809523809
