participant,class1,class2,running_time,test_acc,train_acc,test_size,train_size,train_block,test_block,test_acc_vote
13,Hand,Rest,56.066619634628296,0.6547619047619048,0.9910714285714286,"(84, 64, 1000)","(112, 64, 1000)",1234,567,0.5714285714285714
13,Feet,Rest,55.331218004226685,0.8452380952380952,1.0,"(84, 64, 1000)","(112, 64, 1000)",1234,567,0.8333333333333334
13,Tongue,Rest,56.89951968193054,0.7261904761904762,1.0,"(84, 64, 1000)","(112, 64, 1000)",1234,567,0.7261904761904762
13,Mis,Rest,56.897311210632324,0.7738095238095238,0.9910714285714286,"(84, 64, 1000)","(112, 64, 1000)",1234,567,0.7142857142857143
