participant,class1,class2,running_time,test_acc,train_acc,test_size,train_size,train_block,test_block,test_acc_vote
13,Hand,Rest,36.86774563789368,0.5630630630630631,1.0,"(222, 64, 500)","(111, 64, 500)",1,67,0.5630630630630631
13,Feet,Rest,37.92489409446716,0.6576576576576577,1.0,"(222, 64, 500)","(111, 64, 500)",1,67,0.6621621621621622
13,Tongue,Rest,37.98327016830444,0.5315315315315315,1.0,"(222, 64, 500)","(111, 64, 500)",1,67,0.5495495495495495
13,Mis,Rest,37.02929401397705,0.5540540540540541,1.0,"(222, 64, 500)","(111, 64, 500)",1,67,0.5585585585585586
