participant,class1,class2,running_time,test_acc,train_acc,test_size,train_size,train_block,test_block,test_acc_vote
15,Hand,Rest,36.87709093093872,0.5990990990990991,1.0,"(222, 64, 500)","(111, 64, 500)",1,67,0.5990990990990991
15,Feet,Rest,37.0457124710083,0.5315315315315315,1.0,"(222, 64, 500)","(111, 64, 500)",1,67,0.5180180180180181
15,Tongue,Rest,36.84350943565369,0.5495495495495496,1.0,"(222, 64, 500)","(111, 64, 500)",1,67,0.545045045045045
15,Mis,Rest,36.93121933937073,0.6756756756756757,1.0,"(222, 64, 500)","(111, 64, 500)",1,67,0.7207207207207207
