participant,class1,class2,running_time,test_acc,train_acc,test_size,train_size,train_block,test_block,test_acc_vote
3,Hand,Rest,37.60881447792053,0.6216216216216216,1.0,"(222, 64, 500)","(111, 64, 500)",1,67,0.6801801801801801
3,Feet,Rest,37.69811153411865,0.5135135135135135,1.0,"(222, 64, 500)","(111, 64, 500)",1,67,0.5135135135135135
3,Tongue,Rest,36.83009052276611,0.6216216216216216,1.0,"(222, 64, 500)","(111, 64, 500)",1,67,0.6216216216216216
3,Mis,Rest,36.62985801696777,0.6081081081081081,1.0,"(222, 64, 500)","(111, 64, 500)",1,67,0.5945945945945945
