participant,class1,class2,running_time,test_acc,train_acc,test_size,train_size,train_block,test_block,test_acc_vote
6,Hand,Rest,37.26337289810181,0.5585585585585585,1.0,"(222, 64, 500)","(111, 64, 500)",1,67,0.5315315315315315
6,Feet,Rest,36.55126643180847,0.536036036036036,1.0,"(222, 64, 500)","(111, 64, 500)",1,67,0.509009009009009
6,Tongue,Rest,36.83692193031311,0.5225225225225225,1.0,"(222, 64, 500)","(111, 64, 500)",1,67,0.5045045045045045
6,Mis,Rest,36.43274545669556,0.5630630630630631,1.0,"(222, 64, 500)","(111, 64, 500)",1,67,0.5855855855855856
