participant,class1,class2,running_time,test_acc,train_acc,test_size,train_size,train_block,test_block,test_acc_vote
10,Hand,Rest,81.78056216239929,0.6607142857142857,1.0,"(224, 64, 500)","(168, 64, 500)",123,4567,0.6517857142857143
10,Feet,Rest,98.05833435058594,0.6607142857142857,1.0,"(224, 64, 500)","(168, 64, 500)",123,4567,0.6428571428571428
10,Tongue,Rest,94.38150119781494,0.625,1.0,"(224, 64, 500)","(168, 64, 500)",123,4567,0.6116071428571428
10,Mis,Rest,103.85946726799011,0.6964285714285714,1.0,"(224, 64, 500)","(168, 64, 500)",123,4567,0.6830357142857143
