participant,class1,class2,running_time,test_acc,train_acc,test_size,train_size,train_block,test_block,test_acc_vote
11,Hand,Rest,99.55291318893433,0.7589285714285714,1.0,"(224, 64, 500)","(168, 64, 500)",123,4567,0.7321428571428572
11,Feet,Rest,97.34701204299928,0.9017857142857144,1.0,"(224, 64, 500)","(168, 64, 500)",123,4567,0.9196428571428572
11,Tongue,Rest,102.69900751113892,0.7053571428571429,1.0,"(224, 64, 500)","(168, 64, 500)",123,4567,0.6919642857142857
11,Mis,Rest,104.55586123466492,0.6830357142857143,1.0,"(224, 64, 500)","(168, 64, 500)",123,4567,0.7008928571428572
