participant,class1,class2,running_time,test_acc,train_acc,test_size,train_size,train_block,test_block,test_acc_vote
13,Hand,Rest,102.95736575126648,0.59375,1.0,"(224, 64, 500)","(168, 64, 500)",123,4567,0.5892857142857143
13,Feet,Rest,104.14364719390868,0.7767857142857143,1.0,"(224, 64, 500)","(168, 64, 500)",123,4567,0.7767857142857143
13,Tongue,Rest,88.35987663269043,0.7633928571428571,1.0,"(224, 64, 500)","(168, 64, 500)",123,4567,0.7544642857142857
13,Mis,Rest,94.880606174469,0.7321428571428571,1.0,"(224, 64, 500)","(168, 64, 500)",123,4567,0.7053571428571428
