participant,class1,class2,running_time,test_acc,train_acc,test_size,train_size,train_block,test_block,test_acc_vote
14,Hand,Rest,99.64875626564026,0.7455357142857143,1.0,"(224, 64, 500)","(168, 64, 500)",123,4567,0.6919642857142857
14,Feet,Rest,100.04278469085692,0.5803571428571429,1.0,"(224, 64, 500)","(168, 64, 500)",123,4567,0.5535714285714286
14,Tongue,Rest,70.89545774459839,0.5803571428571429,1.0,"(224, 64, 500)","(168, 64, 500)",123,4567,0.625
14,Mis,Rest,75.92978286743164,0.625,1.0,"(224, 64, 500)","(168, 64, 500)",123,4567,0.6830357142857143
