participant,class1,class2,running_time,test_acc,train_acc,test_size,train_size,train_block,test_block,test_acc_vote
3,Hand,Rest,99.20242404937744,0.7901785714285714,1.0,"(224, 64, 500)","(168, 64, 500)",123,4567,0.7723214285714286
3,Feet,Rest,82.79737520217896,0.5892857142857143,1.0,"(224, 64, 500)","(168, 64, 500)",123,4567,0.5669642857142857
3,Tongue,Rest,80.5577940940857,0.6830357142857143,1.0,"(224, 64, 500)","(168, 64, 500)",123,4567,0.6651785714285714
3,Mis,Rest,106.83313941955566,0.7991071428571429,1.0,"(224, 64, 500)","(168, 64, 500)",123,4567,0.7857142857142857
