participant,class1,class2,running_time,test_acc,train_acc,test_size,train_size,train_block,test_block,test_acc_vote
4,Hand,Rest,98.72455406188963,0.875,1.0,"(224, 64, 500)","(168, 64, 500)",123,4567,0.8705357142857143
4,Feet,Rest,98.2184739112854,0.7544642857142857,1.0,"(224, 64, 500)","(168, 64, 500)",123,4567,0.7544642857142857
4,Tongue,Rest,98.1131362915039,0.7633928571428571,1.0,"(224, 64, 500)","(168, 64, 500)",123,4567,0.7633928571428572
4,Mis,Rest,71.32010269165039,0.7321428571428571,1.0,"(224, 64, 500)","(168, 64, 500)",123,4567,0.7053571428571428
