participant,class1,class2,running_time,test_acc,train_acc,test_size,train_size,train_block,test_block,test_acc_vote
6,Hand,Rest,83.13246464729309,0.6741071428571429,1.0,"(224, 64, 500)","(168, 64, 500)",123,4567,0.6785714285714286
6,Feet,Rest,74.41170120239258,0.7276785714285714,1.0,"(224, 64, 500)","(168, 64, 500)",123,4567,0.7366071428571428
6,Tongue,Rest,76.77355813980103,0.6517857142857143,1.0,"(224, 64, 500)","(168, 64, 500)",123,4567,0.7142857142857143
6,Mis,Rest,83.71911239624023,0.59375,1.0,"(224, 64, 500)","(168, 64, 500)",123,4567,0.5848214285714286
