participant,class1,class2,running_time,test_acc,train_acc,test_size,train_size,train_block,test_block,test_acc_vote
7,Hand,Rest,99.22995281219482,0.71875,1.0,"(224, 64, 500)","(168, 64, 500)",123,4567,0.7410714285714286
7,Feet,Rest,101.60361790657043,0.7053571428571429,1.0,"(224, 64, 500)","(168, 64, 500)",123,4567,0.6919642857142857
7,Tongue,Rest,102.77998948097228,0.6919642857142857,1.0,"(224, 64, 500)","(168, 64, 500)",123,4567,0.6696428571428572
7,Mis,Rest,90.08116793632507,0.6205357142857143,1.0,"(224, 64, 500)","(168, 64, 500)",123,4567,0.6473214285714286
