participant,class1,class2,running_time,test_acc,train_acc,test_size,train_size,train_block,test_block,test_acc_vote
9,Hand,Rest,84.97509384155273,0.8035714285714286,1.0,"(224, 64, 500)","(168, 64, 500)",123,4567,0.8169642857142857
9,Feet,Rest,102.04733419418336,0.8794642857142857,1.0,"(224, 64, 500)","(168, 64, 500)",123,4567,0.8794642857142857
9,Tongue,Rest,104.75112414360046,0.6651785714285714,1.0,"(224, 64, 500)","(168, 64, 500)",123,4567,0.6964285714285714
9,Mis,Rest,98.7484667301178,0.6473214285714286,1.0,"(224, 64, 500)","(168, 64, 500)",123,4567,0.6964285714285714
