participant,class1,class2,running_time,test_acc,train_acc,test_size,train_size,train_block,test_block,test_acc_vote
4,Hand,Rest,50.848881483078,0.8988095238095238,1.0,"(168, 64, 1000)","(28, 64, 1000)",1,234567,0.8809523809523809
4,Feet,Rest,49.873738050460815,0.5595238095238095,1.0,"(168, 64, 1000)","(28, 64, 1000)",1,234567,0.5595238095238095
4,Tongue,Rest,52.19053602218628,0.5476190476190477,1.0,"(168, 64, 1000)","(28, 64, 1000)",1,234567,0.5357142857142857
4,Mis,Rest,52.28789186477661,0.4880952380952381,1.0,"(168, 64, 1000)","(28, 64, 1000)",1,234567,0.49404761904761907
