participant,class1,class2,running_time,test_acc,train_acc,test_size,train_size,train_block,test_block,test_acc_vote
5,Hand,Rest,50.61575222015381,0.4642857142857143,1.0,"(168, 64, 1000)","(28, 64, 1000)",1,234567,0.494047619047619
5,Feet,Rest,50.95277762413025,0.4821428571428571,1.0,"(168, 64, 1000)","(28, 64, 1000)",1,234567,0.5059523809523809
5,Tongue,Rest,51.377434492111206,0.5,1.0,"(168, 64, 1000)","(28, 64, 1000)",1,234567,0.5059523809523809
5,Mis,Rest,51.3374285697937,0.5,1.0,"(168, 64, 1000)","(28, 64, 1000)",1,234567,0.5059523809523809
