participant,class1,class2,running_time,test_acc,train_acc,test_size,train_size,train_block,test_block,test_acc_vote
7,Hand,Rest,49.80555605888367,0.5,1.0,"(168, 64, 1000)","(28, 64, 1000)",1,234567,0.4821428571428571
7,Feet,Rest,50.57297992706299,0.5535714285714286,1.0,"(168, 64, 1000)","(28, 64, 1000)",1,234567,0.5178571428571428
7,Tongue,Rest,51.795072078704834,0.4821428571428571,1.0,"(168, 64, 1000)","(28, 64, 1000)",1,234567,0.4880952380952381
7,Mis,Rest,53.682167291641235,0.5833333333333334,1.0,"(168, 64, 1000)","(28, 64, 1000)",1,234567,0.5833333333333333
