participant,class1,class2,running_time,test_acc,train_acc,test_size,train_size,train_block,test_block,test_acc_vote
10,Hand,Rest,123.6220157146454,0.6926605504587156,0.9321100917431192,"(218, 64, 1000)","(545, 64, 1000)",12345,67,0.6972477064220184
10,Feet,Rest,124.96956205368042,0.6376146788990825,0.8990825688073395,"(218, 64, 1000)","(545, 64, 1000)",12345,67,0.6376146788990826
10,Tongue,Rest,121.95511746406557,0.7155963302752294,0.9321100917431192,"(218, 64, 1000)","(545, 64, 1000)",12345,67,0.7247706422018348
10,Mis,Rest,121.33031916618347,0.8761467889908257,0.9211009174311927,"(218, 64, 1000)","(545, 64, 1000)",12345,67,0.8853211009174312
