participant,class1,class2,running_time,test_acc,train_acc,test_size,train_size,train_block,test_block,test_acc_vote
13,Hand,Rest,127.0835690498352,0.7247706422018348,0.8697247706422019,"(218, 64, 1000)","(545, 64, 1000)",12345,67,0.7201834862385321
13,Feet,Rest,124.3235092163086,0.8073394495412844,0.9192660550458716,"(218, 64, 1000)","(545, 64, 1000)",12345,67,0.8256880733944953
13,Tongue,Rest,153.37116312980652,0.7798165137614679,0.9486238532110092,"(218, 64, 1000)","(545, 64, 1000)",12345,67,0.7844036697247706
13,Mis,Rest,197.21700954437256,0.7339449541284404,0.8844036697247707,"(218, 64, 1000)","(545, 64, 1000)",12345,67,0.7247706422018348
