participant,class1,class2,running_time,test_acc,train_acc,test_size,train_size,train_block,test_block,test_acc_vote
15,Hand,Rest,182.55454087257385,0.8715596330275229,0.93713163064833,"(218, 64, 1000)","(509, 64, 1000)",12345,67,0.8761467889908257
15,Feet,Rest,243.29149341583252,0.7844036697247706,0.9504587155963304,"(218, 64, 1000)","(545, 64, 1000)",12345,67,0.7935779816513762
15,Tongue,Rest,209.25747966766355,0.6513761467889908,0.9211009174311928,"(218, 64, 1000)","(545, 64, 1000)",12345,67,0.6605504587155964
15,Mis,Rest,217.0355942249298,0.7568807339449541,0.9211009174311927,"(218, 64, 1000)","(545, 64, 1000)",12345,67,0.7660550458715596
