participant,class1,class2,running_time,test_acc,train_acc,test_size,train_size,train_block,test_block,test_acc_vote
16,Hand,Rest,212.26999425888064,0.6697247706422018,0.9174311926605504,"(218, 64, 1000)","(545, 64, 1000)",12345,67,0.6926605504587156
16,Feet,Rest,200.43254780769348,0.7568807339449541,0.9321100917431192,"(218, 64, 1000)","(545, 64, 1000)",12345,67,0.7568807339449541
16,Tongue,Rest,171.72374558448792,0.7660550458715596,0.9174311926605504,"(218, 64, 1000)","(545, 64, 1000)",12345,67,0.7844036697247706
16,Mis,Rest,158.16536116600037,0.7752293577981652,0.8440366972477065,"(218, 64, 1000)","(545, 64, 1000)",12345,67,0.7844036697247706
