participant,class1,class2,running_time,test_acc,train_acc,test_size,train_size,train_block,test_block,test_acc_vote
10,Hand,Rest,189.46640586853027,0.6972477064220184,1.0,"(218, 64, 1000)","(545, 64, 1000)",12345,67,0.7110091743119267
10,Feet,Rest,115.02673077583312,0.6605504587155964,1.0,"(218, 64, 1000)","(545, 64, 1000)",12345,67,0.6605504587155964
10,Tongue,Rest,212.65221190452576,0.6880733944954128,1.0,"(218, 64, 1000)","(545, 64, 1000)",12345,67,0.6972477064220184
10,Mis,Rest,142.0663459300995,0.8165137614678899,1.0,"(218, 64, 1000)","(545, 64, 1000)",12345,67,0.8211009174311926
