participant,class1,class2,running_time,test_acc,train_acc,test_size,train_size,train_block,test_block,test_acc_vote
3,Hand,Rest,192.6130702495575,0.8761467889908257,1.0,"(218, 64, 1000)","(545, 64, 1000)",12345,67,0.8761467889908257
3,Feet,Rest,129.41934418678284,0.6697247706422018,1.0,"(218, 64, 1000)","(545, 64, 1000)",12345,67,0.6559633027522935
3,Tongue,Rest,265.50141739845276,0.7935779816513762,1.0,"(218, 64, 1000)","(545, 64, 1000)",12345,67,0.7981651376146789
3,Mis,Rest,215.27410221099854,0.8348623853211009,1.0,"(218, 64, 1000)","(545, 64, 1000)",12345,67,0.8440366972477065
