participant,class1,class2,running_time,test_acc,train_acc,test_size,train_size,train_block,test_block,test_acc_vote
6,Hand,Rest,189.20848035812375,0.6834862385321101,1.0,"(218, 64, 1000)","(545, 64, 1000)",12345,67,0.6651376146788991
6,Feet,Rest,196.71658277511597,0.6972477064220184,1.0,"(218, 64, 1000)","(545, 64, 1000)",12345,67,0.6972477064220184
6,Tongue,Rest,131.4268183708191,0.7293577981651376,1.0,"(218, 64, 1000)","(545, 64, 1000)",12345,67,0.7477064220183487
6,Mis,Rest,153.18121027946472,0.7706422018348624,1.0,"(218, 64, 1000)","(545, 64, 1000)",12345,67,0.7981651376146789
