participant,class1,class2,running_time,test_acc,train_acc,test_size,train_size,train_block,test_block,test_acc_vote
13,Hand,Rest,38.172401428222656,0.5833333333333334,1.0,"(84, 64, 1000)","(112, 64, 1000)",1234,567,0.5595238095238095
13,Feet,Rest,41.20882534980774,0.75,1.0,"(84, 64, 1000)","(112, 64, 1000)",1234,567,0.7380952380952381
13,Tongue,Rest,40.20703864097595,0.7619047619047619,1.0,"(84, 64, 1000)","(112, 64, 1000)",1234,567,0.7261904761904762
13,Mis,Rest,43.23227095603943,0.8095238095238095,0.9910714285714286,"(84, 64, 1000)","(112, 64, 1000)",1234,567,0.75
