participant,class1,class2,running_time,test_acc,train_acc,test_size,train_size,train_block,test_block,test_acc_vote
3,Hand,Rest,50.800177335739136,0.8214285714285714,1.0,"(84, 64, 1000)","(112, 64, 1000)",1234,567,0.7738095238095238
3,Feet,Rest,38.08702254295349,0.5119047619047619,1.0,"(84, 64, 1000)","(112, 64, 1000)",1234,567,0.5
3,Tongue,Rest,39.28593373298645,0.75,1.0,"(84, 64, 1000)","(112, 64, 1000)",1234,567,0.7142857142857143
3,Mis,Rest,38.40387010574341,0.6785714285714286,1.0,"(84, 64, 1000)","(112, 64, 1000)",1234,567,0.6428571428571428
