participant,class1,class2,running_time,test_acc,train_acc,test_size,train_size,train_block,test_block,test_acc_vote
6,Hand,Rest,37.88462424278259,0.7738095238095238,1.0,"(84, 64, 1000)","(112, 64, 1000)",1234,567,0.7261904761904762
6,Feet,Rest,42.55496311187744,0.6904761904761905,1.0,"(84, 64, 1000)","(112, 64, 1000)",1234,567,0.6785714285714286
6,Tongue,Rest,40.76271677017212,0.7619047619047619,1.0,"(84, 64, 1000)","(112, 64, 1000)",1234,567,0.75
6,Mis,Rest,37.657764196395874,0.7261904761904762,1.0,"(84, 64, 1000)","(112, 64, 1000)",1234,567,0.6666666666666667
