participant,class1,class2,running_time,test_acc,train_acc,test_size,train_size,train_block,test_block,test_acc_vote
7,Hand,Rest,37.32973909378052,0.8452380952380952,1.0,"(84, 64, 1000)","(112, 64, 1000)",1234,567,0.8333333333333334
7,Feet,Rest,41.03573751449585,0.8095238095238095,1.0,"(84, 64, 1000)","(112, 64, 1000)",1234,567,0.8214285714285714
7,Tongue,Rest,39.879003286361694,0.7023809523809523,1.0,"(84, 64, 1000)","(112, 64, 1000)",1234,567,0.6547619047619048
7,Mis,Rest,46.916356801986694,0.4166666666666667,0.9910714285714286,"(84, 64, 1000)","(112, 64, 1000)",1234,567,0.44047619047619047
