class,test_acc,vote_acc
Hand,0.8273809523809523,0.8
Feet,0.761904761904762,0.7440476190476192
Tongue,0.7107142857142856,0.680952380952381
Mis,0.7047619047619047,0.6738095238095239
