participant,class1,class2,running_time,test_acc,train_acc,test_size,train_size,train_block,test_block,test_acc_vote
10,Hand,Rest,56.04464626312256,0.7738095238095238,0.9107142857142856,"(84, 64, 1000)","(112, 64, 1000)",1234,567,0.75
10,Feet,Rest,56.022178173065186,0.6428571428571429,0.9017857142857144,"(84, 64, 1000)","(112, 64, 1000)",1234,567,0.6428571428571428
10,Tongue,Rest,57.780288219451904,0.5595238095238095,0.9107142857142856,"(84, 64, 1000)","(112, 64, 1000)",1234,567,0.5595238095238095
10,Mis,Rest,57.844531774520874,0.6309523809523809,0.9107142857142857,"(84, 64, 1000)","(112, 64, 1000)",1234,567,0.6309523809523809
