participant,class1,class2,running_time,test_acc,train_acc,test_size,train_size,train_block,test_block,test_acc_vote
3,Hand,Rest,56.02587008476257,0.8452380952380952,0.9464285714285714,"(84, 64, 1000)","(112, 64, 1000)",1234,567,0.8333333333333334
3,Feet,Rest,55.92742538452149,0.5476190476190477,0.8214285714285714,"(84, 64, 1000)","(112, 64, 1000)",1234,567,0.5119047619047619
3,Tongue,Rest,57.53820824623108,0.7619047619047619,0.8392857142857143,"(84, 64, 1000)","(112, 64, 1000)",1234,567,0.6904761904761905
3,Mis,Rest,60.24284338951111,0.8571428571428571,0.9464285714285714,"(84, 64, 1000)","(112, 64, 1000)",1234,567,0.8452380952380952
