participant,class1,class2,running_time,test_acc,train_acc,test_size,train_size,train_block,test_block,test_acc_vote
5,Hand,Rest,57.25556468963623,0.8452380952380952,0.9642857142857144,"(84, 64, 1000)","(112, 64, 1000)",1234,567,0.8095238095238095
5,Feet,Rest,56.39519500732422,0.7738095238095238,0.9464285714285714,"(84, 64, 1000)","(112, 64, 1000)",1234,567,0.7738095238095238
5,Tongue,Rest,57.77383065223694,0.8214285714285714,0.9285714285714286,"(84, 64, 1000)","(112, 64, 1000)",1234,567,0.8214285714285714
5,Mis,Rest,59.28917455673218,0.7142857142857143,0.9196428571428571,"(84, 64, 1000)","(112, 64, 1000)",1234,567,0.6904761904761905
