participant,class1,class2,running_time,test_acc,train_acc,test_size,train_size,train_block,test_block,test_acc_vote
7,Hand,Rest,57.53088402748108,0.7976190476190477,0.9642857142857144,"(84, 64, 1000)","(112, 64, 1000)",1234,567,0.8214285714285714
7,Feet,Rest,56.78341269493103,0.7857142857142857,0.8660714285714286,"(84, 64, 1000)","(112, 64, 1000)",1234,567,0.7976190476190477
7,Tongue,Rest,58.41447854042053,0.6547619047619048,0.9375,"(84, 64, 1000)","(112, 64, 1000)",1234,567,0.6190476190476191
7,Mis,Rest,58.54857158660889,0.7023809523809523,0.8660714285714286,"(84, 64, 1000)","(112, 64, 1000)",1234,567,0.7261904761904762
