participant,class1,class2,running_time,test_acc,train_acc,test_size,train_size,train_block,test_block,test_acc_vote
13,Hand,Rest,145.0320360660553,0.5803571428571429,1.0,"(672, 64, 250)","(112, 64, 250)",1,234567,0.5639880952380952
13,Feet,Rest,136.97507309913635,0.6011904761904762,1.0,"(672, 64, 250)","(112, 64, 250)",1,234567,0.5758928571428572
13,Tongue,Rest,140.7400290966034,0.6577380952380952,1.0,"(672, 64, 250)","(112, 64, 250)",1,234567,0.6592261904761905
13,Mis,Rest,137.49691462516785,0.5892857142857143,1.0,"(672, 64, 250)","(112, 64, 250)",1,234567,0.5877976190476191
