participant,class1,class2,running_time,test_acc,train_acc,test_size,train_size,train_block,test_block,test_acc_vote
14,Hand,Rest,119.23329138755798,0.6339285714285714,1.0,"(672, 64, 250)","(112, 64, 250)",1,234567,0.5967261904761905
14,Feet,Rest,116.88642954826356,0.5892857142857143,1.0,"(672, 64, 250)","(112, 64, 250)",1,234567,0.6011904761904762
14,Tongue,Rest,133.6728048324585,0.4910714285714285,1.0,"(672, 64, 250)","(112, 64, 250)",1,234567,0.4776785714285714
14,Mis,Rest,139.51183533668518,0.5148809523809523,1.0,"(672, 64, 250)","(112, 64, 250)",1,234567,0.5252976190476191
