participant,class1,class2,running_time,test_acc,train_acc,test_size,train_size,train_block,test_block,test_acc_vote
3,Hand,Rest,120.10060954093932,0.5625,1.0,"(672, 64, 250)","(112, 64, 250)",1,234567,0.5401785714285714
3,Feet,Rest,127.37083458900452,0.5863095238095238,1.0,"(672, 64, 250)","(112, 64, 250)",1,234567,0.5744047619047619
3,Tongue,Rest,139.60222458839417,0.5610119047619048,1.0,"(672, 64, 250)","(112, 64, 250)",1,234567,0.5714285714285714
3,Mis,Rest,143.18198156356812,0.5952380952380952,1.0,"(672, 64, 250)","(112, 64, 250)",1,234567,0.6041666666666667
