participant,class1,class2,running_time,test_acc,train_acc,test_size,train_size,train_block,test_block,test_acc_vote
9,Hand,Rest,134.307626247406,0.7380952380952381,1.0,"(672, 64, 250)","(112, 64, 250)",1,234567,0.7663690476190477
9,Feet,Rest,135.37831354141235,0.6056547619047619,1.0,"(672, 64, 250)","(112, 64, 250)",1,234567,0.6279761904761905
9,Tongue,Rest,140.36509227752686,0.4970238095238095,1.0,"(672, 64, 250)","(112, 64, 250)",1,234567,0.4925595238095238
9,Mis,Rest,146.10690712928772,0.4791666666666667,1.0,"(672, 64, 250)","(112, 64, 250)",1,234567,0.4732142857142857
