participant,class1,class2,running_time,test_acc,train_acc,test_size,train_size,train_block,test_block,test_acc_vote
14,Hand,Rest,52.579259395599365,0.8785714285714286,1.0,"(140, 64, 1000)","(56, 64, 1000)",12,34567,0.8428571428571429
14,Feet,Rest,52.49721693992615,0.6571428571428571,0.9821428571428572,"(140, 64, 1000)","(56, 64, 1000)",12,34567,0.6
14,Tongue,Rest,54.47131848335266,0.5785714285714286,0.9821428571428572,"(140, 64, 1000)","(56, 64, 1000)",12,34567,0.5357142857142857
14,Mis,Rest,54.08641767501831,0.4714285714285714,0.9821428571428571,"(140, 64, 1000)","(56, 64, 1000)",12,34567,0.5071428571428571
