participant,class1,class2,running_time,test_acc,train_acc,test_size,train_size,train_block,test_block,test_acc_vote
3,Hand,Rest,52.69365453720093,0.5928571428571429,1.0,"(140, 64, 1000)","(56, 64, 1000)",12,34567,0.5714285714285714
3,Feet,Rest,52.71326398849487,0.5785714285714286,1.0,"(140, 64, 1000)","(56, 64, 1000)",12,34567,0.5571428571428572
3,Tongue,Rest,54.26540565490723,0.5928571428571429,0.9821428571428572,"(140, 64, 1000)","(56, 64, 1000)",12,34567,0.5714285714285714
3,Mis,Rest,54.02581858634949,0.7,0.9642857142857143,"(140, 64, 1000)","(56, 64, 1000)",12,34567,0.6428571428571428
