participant,class1,class2,running_time,test_acc,train_acc,test_size,train_size,train_block,test_block,test_acc_vote
5,Hand,Rest,52.38052845001221,0.5071428571428571,1.0,"(140, 64, 1000)","(56, 64, 1000)",12,34567,0.5
5,Feet,Rest,52.45863628387451,0.5928571428571429,0.9821428571428572,"(140, 64, 1000)","(56, 64, 1000)",12,34567,0.5785714285714285
5,Tongue,Rest,53.91701102256775,0.5142857142857142,0.9821428571428572,"(140, 64, 1000)","(56, 64, 1000)",12,34567,0.4928571428571429
5,Mis,Rest,54.110326051712036,0.5714285714285714,1.0,"(140, 64, 1000)","(56, 64, 1000)",12,34567,0.5571428571428572
