participant,class1,class2,running_time,test_acc,train_acc,test_size,train_size,train_block,test_block,test_acc_vote
9,Hand,Rest,52.465813398361206,0.8714285714285714,0.9821428571428572,"(140, 64, 1000)","(56, 64, 1000)",12,34567,0.8428571428571429
9,Feet,Rest,53.89727020263672,0.8357142857142857,1.0,"(140, 64, 1000)","(56, 64, 1000)",12,34567,0.7928571428571428
9,Tongue,Rest,55.37509632110596,0.4857142857142857,0.9821428571428572,"(140, 64, 1000)","(56, 64, 1000)",12,34567,0.4357142857142857
9,Mis,Rest,54.2940194606781,0.4928571428571429,0.9821428571428571,"(140, 64, 1000)","(56, 64, 1000)",12,34567,0.47857142857142854
