participant,class1,class2,running_time,test_acc,train_acc,test_size,train_size,train_block,test_block,test_acc_vote
10,Hand,Rest,42.83001470565796,0.7321428571428571,1.0,"(56, 64, 1000)","(140, 64, 1000)",12345,67,0.75
10,Feet,Rest,51.60143995285034,0.5714285714285714,1.0,"(56, 64, 1000)","(140, 64, 1000)",12345,67,0.5892857142857143
10,Tongue,Rest,42.94412612915039,0.7321428571428571,1.0,"(56, 64, 1000)","(140, 64, 1000)",12345,67,0.6607142857142857
10,Mis,Rest,59.58753514289856,0.875,1.0,"(56, 64, 1000)","(140, 64, 1000)",12345,67,0.875
