participant,class1,class2,running_time,test_acc,train_acc,test_size,train_size,train_block,test_block,test_acc_vote
11,Hand,Rest,30.00805354118347,0.625,1.0,"(112, 64, 500)","(56, 64, 500)",1,67,0.7053571428571428
11,Feet,Rest,18.84094715118408,0.7678571428571429,1.0,"(112, 64, 500)","(56, 64, 500)",1,67,0.7857142857142857
11,Tongue,Rest,23.46419930458069,0.5535714285714286,1.0,"(112, 64, 500)","(56, 64, 500)",1,67,0.5625
11,Mis,Rest,30.09027624130249,0.5803571428571429,1.0,"(112, 64, 500)","(56, 64, 500)",1,67,0.5267857142857143
