participant,class1,class2,running_time,test_acc,train_acc,test_size,train_size,train_block,test_block,test_acc_vote
3,Hand,Rest,32.94372606277466,0.5625,1.0,"(112, 64, 500)","(56, 64, 500)",1,67,0.5357142857142857
3,Feet,Rest,26.44788956642151,0.5892857142857143,1.0,"(112, 64, 500)","(56, 64, 500)",1,67,0.6160714285714286
3,Tongue,Rest,20.546794414520264,0.4821428571428571,1.0,"(112, 64, 500)","(56, 64, 500)",1,67,0.4910714285714286
3,Mis,Rest,21.52060294151306,0.5625,1.0,"(112, 64, 500)","(56, 64, 500)",1,67,0.5714285714285714
