participant,class1,class2,running_time,test_acc,train_acc,test_size,train_size,train_block,test_block,test_acc_vote
6,Hand,Rest,20.40736389160156,0.6696428571428571,1.0,"(112, 64, 500)","(56, 64, 500)",1,67,0.6875
6,Feet,Rest,21.318787574768063,0.5714285714285714,1.0,"(112, 64, 500)","(56, 64, 500)",1,67,0.5267857142857143
6,Tongue,Rest,25.015043258666992,0.5803571428571429,1.0,"(112, 64, 500)","(56, 64, 500)",1,67,0.625
6,Mis,Rest,28.034867763519287,0.6517857142857143,1.0,"(112, 64, 500)","(56, 64, 500)",1,67,0.6785714285714286
