participant,class1,class2,running_time,test_acc,train_acc,test_size,train_size,train_block,test_block,test_acc_vote
13,Hand,Rest,35.030685901641846,0.5357142857142857,1.0,"(112, 64, 500)","(112, 64, 500)",12,67,0.5446428571428572
13,Feet,Rest,35.58039975166321,0.5446428571428571,1.0,"(112, 64, 500)","(112, 64, 500)",12,67,0.5178571428571428
13,Tongue,Rest,35.522438764572144,0.5982142857142857,1.0,"(112, 64, 500)","(112, 64, 500)",12,67,0.5714285714285714
13,Mis,Rest,34.98863482475281,0.625,1.0,"(112, 64, 500)","(112, 64, 500)",12,67,0.5982142857142857
