participant,class1,class2,running_time,test_acc,train_acc,test_size,train_size,train_block,test_block,test_acc_vote
14,Hand,Rest,34.918418407440186,0.6964285714285714,1.0,"(112, 64, 500)","(112, 64, 500)",12,67,0.6875
14,Feet,Rest,34.89036965370178,0.6339285714285714,1.0,"(112, 64, 500)","(112, 64, 500)",12,67,0.6428571428571428
14,Tongue,Rest,34.97358751296997,0.6607142857142857,1.0,"(112, 64, 500)","(112, 64, 500)",12,67,0.6517857142857143
14,Mis,Rest,35.81892991065979,0.5178571428571429,1.0,"(112, 64, 500)","(112, 64, 500)",12,67,0.4910714285714286
