participant,class1,class2,running_time,test_acc,train_acc,test_size,train_size,train_block,test_block,test_acc_vote
11,Hand,Rest,47.24960994720459,0.5642201834862385,1.0,"(218, 64, 1000)","(109, 64, 1000)",1,67,0.555045871559633
11,Feet,Rest,46.83910346031189,0.4587155963302752,1.0,"(218, 64, 1000)","(109, 64, 1000)",1,67,0.463302752293578
11,Tongue,Rest,47.27197599411011,0.4862385321100917,1.0,"(218, 64, 1000)","(109, 64, 1000)",1,67,0.4770642201834862
11,Mis,Rest,46.878238916397095,0.48623853211009177,1.0,"(218, 64, 1000)","(109, 64, 1000)",1,67,0.49082568807339455
