participant,class1,class2,running_time,test_acc,train_acc,test_size,train_size,train_block,test_block,test_acc_vote
13,Hand,Rest,47.50213646888733,0.5275229357798165,1.0,"(218, 64, 1000)","(109, 64, 1000)",1,67,0.5275229357798166
13,Feet,Rest,46.93451261520386,0.4311926605504587,1.0,"(218, 64, 1000)","(109, 64, 1000)",1,67,0.4311926605504587
13,Tongue,Rest,47.318727254867554,0.6009174311926605,1.0,"(218, 64, 1000)","(109, 64, 1000)",1,67,0.6100917431192661
13,Mis,Rest,47.56327486038208,0.6192660550458715,1.0,"(218, 64, 1000)","(109, 64, 1000)",1,67,0.6146788990825688
