participant,class1,class2,running_time,test_acc,train_acc,test_size,train_size,train_block,test_block,test_acc_vote
5,Hand,Rest,46.95440316200256,0.4770642201834862,1.0,"(218, 64, 1000)","(109, 64, 1000)",1,67,0.481651376146789
5,Feet,Rest,47.498666763305664,0.536697247706422,1.0,"(218, 64, 1000)","(109, 64, 1000)",1,67,0.5275229357798166
5,Tongue,Rest,47.000367879867554,0.463302752293578,1.0,"(218, 64, 1000)","(109, 64, 1000)",1,67,0.463302752293578
5,Mis,Rest,47.818472146987915,0.463302752293578,1.0,"(218, 64, 1000)","(109, 64, 1000)",1,67,0.463302752293578
