participant,class1,class2,running_time,test_acc,train_acc,test_size,train_size,train_block,test_block,test_acc_vote
4,Hand,Rest,56.1318883895874,0.9285714285714286,1.0,"(56, 64, 1000)","(140, 64, 1000)",12345,67,0.8928571428571429
4,Feet,Rest,44.39431929588318,0.875,1.0,"(56, 64, 1000)","(140, 64, 1000)",12345,67,0.7857142857142857
4,Tongue,Rest,45.074790477752686,0.75,1.0,"(56, 64, 1000)","(140, 64, 1000)",12345,67,0.7321428571428572
4,Mis,Rest,54.067444801330566,0.5892857142857143,1.0,"(56, 64, 1000)","(140, 64, 1000)",12345,67,0.5178571428571428
