participant,class1,class2,running_time,test_acc,train_acc,test_size,train_size,train_block,test_block,test_acc_vote
4,Hand,Rest,23.32512879371643,0.7142857142857143,0.9821428571428572,"(28, 64, 1123)","(112, 64, 1123)",1234,28 randomly chosen!,0.7142857142857143
4,Feet,Rest,21.842154502868652,0.75,0.9910714285714286,"(28, 64, 1123)","(112, 64, 1123)",1234,28 randomly chosen!,0.8214285714285714
4,Tongue,Rest,21.905803442001343,0.7857142857142857,0.9732142857142856,"(28, 64, 1123)","(112, 64, 1123)",1234,28 randomly chosen!,0.8928571428571429
4,Mis,Rest,22.16783046722412,0.7857142857142857,0.9910714285714286,"(28, 64, 1123)","(112, 64, 1123)",1234,28 randomly chosen!,0.75
