participant,class1,class2,running_time,test_acc,train_acc,test_size,train_size,train_block,test_block,test_acc_vote
17,Hand,Rest,100.43295454978944,0.7972972972972973,0.90990990990991,"(222, 64, 500)","(555, 64, 500)",12345,67,0.8063063063063063
17,Feet,Rest,101.46309852600098,0.7117117117117117,0.8990990990990991,"(222, 64, 500)","(555, 64, 500)",12345,67,0.7207207207207207
17,Tongue,Rest,100.80306220054626,0.8378378378378378,0.927927927927928,"(222, 64, 500)","(555, 64, 500)",12345,67,0.8468468468468469
17,Mis,Rest,101.06776785850525,0.7747747747747747,0.9225225225225225,"(222, 64, 500)","(555, 64, 500)",12345,67,0.7702702702702703
