participant,class1,class2,running_time,test_acc,train_acc,test_size,train_size,train_block,test_block,test_acc_vote
4,Hand,Rest,100.35174703598022,0.8243243243243243,0.9243243243243244,"(222, 64, 500)","(555, 64, 500)",12345,67,0.8423423423423424
4,Feet,Rest,99.8374526500702,0.7252252252252253,0.9477477477477476,"(222, 64, 500)","(555, 64, 500)",12345,67,0.7297297297297297
4,Tongue,Rest,100.60789918899536,0.7387387387387387,0.9387387387387388,"(222, 64, 500)","(555, 64, 500)",12345,67,0.7477477477477478
4,Mis,Rest,101.86854982376099,0.6531531531531531,0.9567567567567568,"(222, 64, 500)","(555, 64, 500)",12345,67,0.6351351351351351
