participant,class1,class2,running_time,test_acc,train_acc,test_size,train_size,train_block,test_block,test_acc_vote
10,Hand,Rest,50.70751428604126,0.6285714285714286,1.0,"(140, 64, 1000)","(56, 64, 1000)",12,34567,0.5928571428571429
10,Feet,Rest,49.59979963302612,0.5714285714285714,1.0,"(140, 64, 1000)","(56, 64, 1000)",12,34567,0.5785714285714285
10,Tongue,Rest,52.392250299453735,0.5357142857142857,1.0,"(140, 64, 1000)","(56, 64, 1000)",12,34567,0.5071428571428571
10,Mis,Rest,51.26574110984802,0.6357142857142857,1.0,"(140, 64, 1000)","(56, 64, 1000)",12,34567,0.6
