participant,class1,class2,running_time,test_acc,train_acc,test_size,train_size,train_block,test_block,test_acc_vote
13,Hand,Rest,50.68274545669556,0.6928571428571428,1.0,"(140, 64, 1000)","(56, 64, 1000)",12,34567,0.6785714285714286
13,Feet,Rest,50.53808951377869,0.6071428571428571,1.0,"(140, 64, 1000)","(56, 64, 1000)",12,34567,0.5571428571428572
13,Tongue,Rest,51.473493337631226,0.6785714285714286,1.0,"(140, 64, 1000)","(56, 64, 1000)",12,34567,0.6071428571428572
13,Mis,Rest,52.54368329048157,0.7214285714285714,1.0,"(140, 64, 1000)","(56, 64, 1000)",12,34567,0.6785714285714286
