participant,class1,class2,running_time,test_acc,train_acc,test_size,train_size,train_block,test_block,test_acc_vote
6,Hand,Rest,49.89471507072449,0.7285714285714285,1.0,"(140, 64, 1000)","(56, 64, 1000)",12,34567,0.7142857142857143
6,Feet,Rest,50.73582696914673,0.6357142857142857,1.0,"(140, 64, 1000)","(56, 64, 1000)",12,34567,0.6642857142857144
6,Tongue,Rest,52.09754180908203,0.5642857142857143,1.0,"(140, 64, 1000)","(56, 64, 1000)",12,34567,0.55
6,Mis,Rest,51.20972490310669,0.5714285714285714,1.0,"(140, 64, 1000)","(56, 64, 1000)",12,34567,0.5428571428571429
