participant,class1,class2,running_time,test_acc,train_acc,test_size,train_size,train_block,test_block,test_acc_vote
5,Hand,Rest,66.02759909629822,0.8035714285714286,1.0,"(56, 64, 1000)","(140, 64, 1000)",12345,67,0.8392857142857143
5,Feet,Rest,64.77526688575745,0.5892857142857143,1.0,"(56, 64, 1000)","(140, 64, 1000)",12345,67,0.5535714285714286
5,Tongue,Rest,65.63326025009155,0.7857142857142857,1.0,"(56, 64, 1000)","(140, 64, 1000)",12345,67,0.7857142857142857
5,Mis,Rest,65.75816059112549,0.9285714285714286,1.0,"(56, 64, 1000)","(140, 64, 1000)",12345,67,0.9285714285714286
