participant,class1,class2,running_time,test_acc,train_acc,test_size,train_size,train_block,test_block,test_acc_vote
10,Hand,Rest,40.3192036151886,0.6607142857142857,1.0,"(112, 64, 1000)","(84, 64, 1000)",123,4567,0.6428571428571428
10,Feet,Rest,40.312873125076294,0.7767857142857143,1.0,"(112, 64, 1000)","(84, 64, 1000)",123,4567,0.7589285714285714
10,Tongue,Rest,42.03216814994812,0.6696428571428571,1.0,"(112, 64, 1000)","(84, 64, 1000)",123,4567,0.625
10,Mis,Rest,41.148993253707886,0.5625,1.0,"(112, 64, 1000)","(84, 64, 1000)",123,4567,0.5535714285714286
