participant,class1,class2,running_time,test_acc,train_acc,test_size,train_size,train_block,test_block,test_acc_vote
13,Hand,Rest,40.39980173110962,0.6785714285714286,0.9642857142857144,"(112, 64, 1000)","(84, 64, 1000)",123,4567,0.6517857142857143
13,Feet,Rest,40.02793836593628,0.7857142857142857,0.988095238095238,"(112, 64, 1000)","(84, 64, 1000)",123,4567,0.7767857142857143
13,Tongue,Rest,41.69292068481445,0.7410714285714286,0.9761904761904762,"(112, 64, 1000)","(84, 64, 1000)",123,4567,0.7410714285714286
13,Mis,Rest,41.59518265724182,0.8392857142857143,0.9880952380952381,"(112, 64, 1000)","(84, 64, 1000)",123,4567,0.7946428571428572
