participant,class1,class2,running_time,test_acc,train_acc,test_size,train_size,train_block,test_block,test_acc_vote
4,Hand,Rest,41.68475937843323,0.8392857142857143,1.0,"(112, 64, 1000)","(84, 64, 1000)",123,4567,0.8125
4,Feet,Rest,39.52418613433838,0.7142857142857143,1.0,"(112, 64, 1000)","(84, 64, 1000)",123,4567,0.6696428571428572
4,Tongue,Rest,41.112438917160034,0.8125,0.988095238095238,"(112, 64, 1000)","(84, 64, 1000)",123,4567,0.7946428571428572
4,Mis,Rest,40.616185903549194,0.8035714285714286,1.0,"(112, 64, 1000)","(84, 64, 1000)",123,4567,0.7767857142857143
