participant,class1,class2,running_time,test_acc,train_acc,test_size,train_size,train_block,test_block,test_acc_vote
5,Hand,Rest,39.355833768844604,0.7232142857142857,1.0,"(112, 64, 1000)","(84, 64, 1000)",123,4567,0.7589285714285714
5,Feet,Rest,38.765658378601074,0.5625,1.0,"(112, 64, 1000)","(84, 64, 1000)",123,4567,0.5446428571428572
5,Tongue,Rest,40.39962720870972,0.8392857142857143,1.0,"(112, 64, 1000)","(84, 64, 1000)",123,4567,0.8214285714285714
5,Mis,Rest,40.92668581008911,0.6428571428571429,1.0,"(112, 64, 1000)","(84, 64, 1000)",123,4567,0.5803571428571428
