participant,class1,class2,running_time,test_acc,train_acc,test_size,train_size,train_block,test_block,test_acc_vote
7,Hand,Rest,40.451921463012695,0.8035714285714286,1.0,"(112, 64, 1000)","(84, 64, 1000)",123,4567,0.7857142857142857
7,Feet,Rest,40.38105654716492,0.8660714285714286,1.0,"(112, 64, 1000)","(84, 64, 1000)",123,4567,0.8482142857142857
7,Tongue,Rest,41.87679600715637,0.7678571428571429,1.0,"(112, 64, 1000)","(84, 64, 1000)",123,4567,0.7232142857142857
7,Mis,Rest,41.23879384994507,0.6964285714285714,1.0,"(112, 64, 1000)","(84, 64, 1000)",123,4567,0.6696428571428572
