participant,class1,class2,running_time,test_acc,train_acc,test_size,train_size,train_block,test_block,test_acc_vote
9,Hand,Rest,50.12971568107605,0.9464285714285714,0.9821428571428572,"(56, 64, 1000)","(112, 64, 1000)",1234,67,0.9285714285714286
9,Feet,Rest,51.28169775009155,0.875,1.0,"(56, 64, 1000)","(112, 64, 1000)",1234,67,0.8392857142857143
9,Tongue,Rest,50.87868118286133,0.7321428571428571,0.9821428571428572,"(56, 64, 1000)","(112, 64, 1000)",1234,67,0.75
9,Mis,Rest,50.06222748756409,0.75,0.9375,"(56, 64, 1000)","(112, 64, 1000)",1234,67,0.7321428571428572
