participant,class1,class2,running_time,test_acc,train_acc,test_size,train_size,train_block,test_block,test_acc_vote
11,Hand,Rest,123.59459590911864,0.7431192660550459,1.0,"(436, 64, 1000)","(327, 64, 1000)",123,4567,0.7339449541284404
11,Feet,Rest,124.00134706497192,0.8738532110091743,1.0,"(436, 64, 1000)","(327, 64, 1000)",123,4567,0.8784403669724771
11,Tongue,Rest,125.85121822357178,0.676605504587156,1.0,"(436, 64, 1000)","(327, 64, 1000)",123,4567,0.6995412844036697
11,Mis,Rest,125.51330208778381,0.7224770642201835,1.0,"(436, 64, 1000)","(327, 64, 1000)",123,4567,0.7454128440366973
