participant,class1,class2,running_time,test_acc,train_acc,test_size,train_size,train_block,test_block,test_acc_vote
7,Hand,Rest,125.04468107223512,0.6720183486238532,1.0,"(436, 64, 1000)","(327, 64, 1000)",123,4567,0.6788990825688073
7,Feet,Rest,124.26616311073305,0.8027522935779816,1.0,"(436, 64, 1000)","(327, 64, 1000)",123,4567,0.8096330275229358
7,Tongue,Rest,125.3295831680298,0.6100917431192661,1.0,"(436, 64, 1000)","(327, 64, 1000)",123,4567,0.6284403669724771
7,Mis,Rest,125.55411720275879,0.6651376146788991,1.0,"(436, 64, 1000)","(327, 64, 1000)",123,4567,0.6628440366972477
