participant,class1,class2,running_time,test_acc,train_acc,test_size,train_size,train_block,test_block,test_acc_vote
10,Hand,Rest,63.73804521560669,0.6190476190476191,1.0,"(84, 64, 1000)","(112, 64, 1000)",1234,567,0.6071428571428572
10,Feet,Rest,59.87760281562805,0.7261904761904762,1.0,"(84, 64, 1000)","(112, 64, 1000)",1234,567,0.7142857142857143
10,Tongue,Rest,65.132155418396,0.6785714285714286,1.0,"(84, 64, 1000)","(112, 64, 1000)",1234,567,0.7023809523809523
10,Mis,Rest,65.47820997238159,0.7857142857142857,1.0,"(84, 64, 1000)","(112, 64, 1000)",1234,567,0.7857142857142857
