participant,class1,class2,running_time,test_acc,train_acc,test_size,train_size,train_block,test_block,test_acc_vote
3,Hand,Rest,64.57961225509644,0.8809523809523809,1.0,"(84, 64, 1000)","(112, 64, 1000)",1234,567,0.8452380952380952
3,Feet,Rest,60.0813353061676,0.6428571428571429,1.0,"(84, 64, 1000)","(112, 64, 1000)",1234,567,0.6309523809523809
3,Tongue,Rest,60.07009530067444,0.7261904761904762,1.0,"(84, 64, 1000)","(112, 64, 1000)",1234,567,0.7261904761904762
3,Mis,Rest,62.48254895210266,0.8095238095238095,1.0,"(84, 64, 1000)","(112, 64, 1000)",1234,567,0.7857142857142857
