participant,class1,class2,running_time,test_acc,train_acc,test_size,train_size,train_block,test_block,test_acc_vote
4,Hand,Rest,60.61653923988342,0.8809523809523809,1.0,"(84, 64, 1000)","(112, 64, 1000)",1234,567,0.8809523809523809
4,Feet,Rest,63.09722352027893,0.8095238095238095,1.0,"(84, 64, 1000)","(112, 64, 1000)",1234,567,0.7380952380952381
4,Tongue,Rest,62.87195038795471,0.6785714285714286,1.0,"(84, 64, 1000)","(112, 64, 1000)",1234,567,0.5952380952380952
4,Mis,Rest,62.109124422073364,0.6785714285714286,1.0,"(84, 64, 1000)","(112, 64, 1000)",1234,567,0.6309523809523809
