participant,class1,class2,running_time,test_acc,train_acc,test_size,train_size,train_block,test_block,test_acc_vote
17,Hand,Rest,38.1661114692688,0.8571428571428571,0.9553571428571428,"(56, 64, 1000)","(112, 64, 1000)",1234,67,0.8214285714285714
17,Feet,Rest,38.11770009994507,0.7321428571428571,0.9375,"(56, 64, 1000)","(112, 64, 1000)",1234,67,0.7678571428571428
17,Tongue,Rest,37.227837562561035,0.8392857142857143,0.9285714285714286,"(56, 64, 1000)","(112, 64, 1000)",1234,67,0.8035714285714286
17,Mis,Rest,38.95269536972046,0.8392857142857143,1.0,"(56, 64, 1000)","(112, 64, 1000)",1234,67,0.8035714285714286
