participant,class1,class2,running_time,test_acc,train_acc,test_size,train_size,train_block,test_block,test_acc_vote
3,Hand,Rest,36.86379837989807,0.875,0.9732142857142856,"(56, 64, 1000)","(112, 64, 1000)",1234,67,0.8571428571428572
3,Feet,Rest,53.16033887863159,0.6071428571428571,0.9375,"(56, 64, 1000)","(112, 64, 1000)",1234,67,0.5178571428571428
3,Tongue,Rest,68.56339883804321,0.6607142857142857,0.9375,"(56, 64, 1000)","(112, 64, 1000)",1234,67,0.5892857142857143
3,Mis,Rest,68.09859156608582,0.8392857142857143,0.9732142857142857,"(56, 64, 1000)","(112, 64, 1000)",1234,67,0.8214285714285714
