participant,class1,class2,running_time,test_acc,train_acc,test_size,train_size,train_block,test_block,test_acc_vote
9,Hand,Rest,37.5103120803833,0.8214285714285714,0.9821428571428572,"(56, 64, 1000)","(112, 64, 1000)",1234,67,0.7857142857142857
9,Feet,Rest,39.30700731277466,0.9285714285714286,0.9910714285714286,"(56, 64, 1000)","(112, 64, 1000)",1234,67,0.8928571428571429
9,Tongue,Rest,37.88581132888794,0.75,0.9910714285714286,"(56, 64, 1000)","(112, 64, 1000)",1234,67,0.75
9,Mis,Rest,37.68924427032471,0.6964285714285714,0.9642857142857143,"(56, 64, 1000)","(112, 64, 1000)",1234,67,0.6785714285714286
