participant,class1,class2,running_time,test_acc,train_acc,test_size,train_size,train_block,test_block,test_acc_vote
14,Hand,Rest,149.09168362617493,0.8807339449541285,0.963302752293578,"(218, 64, 1000)","(545, 64, 1000)",12345,67,0.8853211009174312
14,Feet,Rest,148.68943619728088,0.7981651376146789,0.9688073394495412,"(218, 64, 1000)","(545, 64, 1000)",12345,67,0.8165137614678899
14,Tongue,Rest,152.9169659614563,0.7064220183486238,0.9669724770642202,"(218, 64, 1000)","(545, 64, 1000)",12345,67,0.7064220183486238
14,Mis,Rest,149.51107120513916,0.6972477064220184,0.9577981651376147,"(218, 64, 1000)","(545, 64, 1000)",12345,67,0.7293577981651376
