participant,class1,class2,running_time,test_acc,train_acc,test_size,train_size,train_block,test_block,test_acc_vote
5,Hand,Rest,148.40887308120728,0.7018348623853211,0.9559633027522936,"(218, 64, 1000)","(545, 64, 1000)",12345,67,0.7018348623853211
5,Feet,Rest,151.34852480888367,0.7018348623853211,0.9596330275229358,"(218, 64, 1000)","(545, 64, 1000)",12345,67,0.6972477064220184
5,Tongue,Rest,151.4078106880188,0.7798165137614679,0.9651376146788992,"(218, 64, 1000)","(545, 64, 1000)",12345,67,0.8073394495412844
5,Mis,Rest,153.47950530052185,0.8440366972477065,0.9651376146788991,"(218, 64, 1000)","(545, 64, 1000)",12345,67,0.8440366972477065
