participant,class1,class2,running_time,test_acc,train_acc,test_size,train_size,train_block,test_block,test_acc_vote
13,Hand,Rest,85.99429368972778,0.7270642201834863,0.8990825688073395,"(436, 64, 1000)","(327, 64, 1000)",123,4567,0.7408256880733946
13,Feet,Rest,86.3862247467041,0.7935779816513762,0.9694189602446484,"(436, 64, 1000)","(327, 64, 1000)",123,4567,0.7958715596330275
13,Tongue,Rest,86.72284317016602,0.7729357798165137,0.9541284403669724,"(436, 64, 1000)","(327, 64, 1000)",123,4567,0.7729357798165137
13,Mis,Rest,87.01026129722595,0.7568807339449541,0.926605504587156,"(436, 64, 1000)","(327, 64, 1000)",123,4567,0.7706422018348624
