participant,class1,class2,running_time,test_acc,train_acc,test_size,train_size,train_block,test_block,test_acc_vote
6,Hand,Rest,86.20580387115479,0.6192660550458715,0.981651376146789,"(436, 64, 1000)","(327, 64, 1000)",123,4567,0.6169724770642202
6,Feet,Rest,85.81818652153015,0.7155963302752294,0.9480122324159022,"(436, 64, 1000)","(327, 64, 1000)",123,4567,0.7224770642201834
6,Tongue,Rest,87.6698145866394,0.7247706422018348,0.9571865443425076,"(436, 64, 1000)","(327, 64, 1000)",123,4567,0.7431192660550459
6,Mis,Rest,87.66804671287537,0.518348623853211,0.944954128440367,"(436, 64, 1000)","(327, 64, 1000)",123,4567,0.5114678899082569
