participant,class1,class2,running_time,test_acc,train_acc,test_size,train_size,train_block,test_block,test_acc_vote
11,Hand,Rest,131.90363597869873,0.908256880733945,0.93348623853211,"(327, 64, 1000)","(436, 64, 1000)",1234,567,0.9143730886850152
11,Feet,Rest,132.15637826919556,0.8807339449541285,0.9495412844036696,"(327, 64, 1000)","(436, 64, 1000)",1234,567,0.8807339449541285
11,Tongue,Rest,135.22927355766296,0.6880733944954128,0.9495412844036696,"(327, 64, 1000)","(436, 64, 1000)",1234,567,0.6880733944954128
11,Mis,Rest,132.8878788948059,0.6819571865443425,0.9495412844036697,"(327, 64, 1000)","(436, 64, 1000)",1234,567,0.6972477064220184
