participant,class1,class2,running_time,test_acc,train_acc,test_size,train_size,train_block,test_block,test_acc_vote
13,Hand,Rest,133.36299228668213,0.7217125382262997,0.8577981651376146,"(327, 64, 1000)","(436, 64, 1000)",1234,567,0.7217125382262997
13,Feet,Rest,133.56090641021729,0.8287461773700305,0.9426605504587156,"(327, 64, 1000)","(436, 64, 1000)",1234,567,0.8409785932721713
13,Tongue,Rest,134.6740205287933,0.7431192660550459,0.9105504587155964,"(327, 64, 1000)","(436, 64, 1000)",1234,567,0.7431192660550459
13,Mis,Rest,133.75288152694702,0.7522935779816514,0.8853211009174312,"(327, 64, 1000)","(436, 64, 1000)",1234,567,0.7675840978593272
