participant,class1,class2,running_time,test_acc,train_acc,test_size,train_size,train_block,test_block,test_acc_vote
10,Hand,Rest,31.651784658432007,0.625,1.0,"(56, 64, 1000)","(56, 64, 1000)",12,67,0.5892857142857143
10,Feet,Rest,31.511521577835083,0.5535714285714286,1.0,"(56, 64, 1000)","(56, 64, 1000)",12,67,0.5178571428571428
10,Tongue,Rest,32.00466847419739,0.5357142857142857,1.0,"(56, 64, 1000)","(56, 64, 1000)",12,67,0.5178571428571428
10,Mis,Rest,31.316152572631836,0.5892857142857143,1.0,"(56, 64, 1000)","(56, 64, 1000)",12,67,0.5714285714285714
