participant,class1,class2,running_time,test_acc,train_acc,test_size,train_size,train_block,test_block,test_acc_vote
19,Hand,Rest,31.899778127670288,0.6071428571428571,1.0,"(56, 64, 1000)","(56, 64, 1000)",12,67,0.5535714285714286
19,Feet,Rest,31.70523762702942,0.5178571428571429,1.0,"(56, 64, 1000)","(56, 64, 1000)",12,67,0.5357142857142857
19,Tongue,Rest,30.87864661216736,0.5892857142857143,1.0,"(56, 64, 1000)","(56, 64, 1000)",12,67,0.5714285714285714
19,Mis,Rest,30.97208595275879,0.7142857142857143,1.0,"(56, 64, 1000)","(56, 64, 1000)",12,67,0.6964285714285714
