participant,class1,class2,running_time,test_acc,train_acc,test_size,train_size,train_block,test_block,test_acc_vote
3,Hand,Rest,31.196985244750977,0.5892857142857143,1.0,"(56, 64, 1000)","(56, 64, 1000)",12,67,0.4821428571428571
3,Feet,Rest,30.871288061141968,0.6607142857142857,1.0,"(56, 64, 1000)","(56, 64, 1000)",12,67,0.5892857142857143
3,Tongue,Rest,31.23723721504211,0.6785714285714286,1.0,"(56, 64, 1000)","(56, 64, 1000)",12,67,0.7321428571428572
3,Mis,Rest,30.97689938545227,0.5178571428571429,1.0,"(56, 64, 1000)","(56, 64, 1000)",12,67,0.5
