participant,class1,class2,running_time,test_acc,train_acc,test_size,train_size,train_block,test_block,test_acc_vote
9,Hand,Rest,31.691590070724487,0.7321428571428571,1.0,"(56, 64, 1000)","(56, 64, 1000)",12,67,0.6785714285714286
9,Feet,Rest,31.032931089401245,0.6071428571428571,1.0,"(56, 64, 1000)","(56, 64, 1000)",12,67,0.5714285714285714
9,Tongue,Rest,31.564850091934204,0.5892857142857143,1.0,"(56, 64, 1000)","(56, 64, 1000)",12,67,0.5714285714285714
9,Mis,Rest,30.771296739578247,0.5714285714285714,1.0,"(56, 64, 1000)","(56, 64, 1000)",12,67,0.5357142857142857
