class,test_acc,vote_acc
Hand,0.6916666666666665,0.6630952380952381
Feet,0.6452380952380953,0.6107142857142857
Tongue,0.6023809523809525,0.575
Mis,0.6285714285714286,0.6011904761904762
