participant,class1,class2,running_time,test_acc,train_acc,test_size,train_size,train_block,test_block,test_acc_vote
14,Hand,Rest,32.011903524398804,0.8214285714285714,1.0,"(56, 64, 1000)","(56, 64, 1000)",12,67,0.75
14,Feet,Rest,31.700846672058105,0.7321428571428571,1.0,"(56, 64, 1000)","(56, 64, 1000)",12,67,0.7142857142857143
14,Tongue,Rest,31.39242482185364,0.5535714285714286,1.0,"(56, 64, 1000)","(56, 64, 1000)",12,67,0.4821428571428571
14,Mis,Rest,31.80037546157837,0.5535714285714286,1.0,"(56, 64, 1000)","(56, 64, 1000)",12,67,0.6071428571428572
