participant,class1,class2,running_time,test_acc,train_acc,test_size,train_size,train_block,test_block,test_acc_vote
15,Hand,Rest,32.41361427307129,0.9107142857142856,1.0,"(56, 64, 1000)","(56, 64, 1000)",12,67,0.8928571428571429
15,Feet,Rest,31.622537851333615,0.5178571428571429,1.0,"(56, 64, 1000)","(56, 64, 1000)",12,67,0.5
15,Tongue,Rest,31.48721170425415,0.5714285714285714,1.0,"(56, 64, 1000)","(56, 64, 1000)",12,67,0.625
15,Mis,Rest,31.81210160255432,0.625,1.0,"(56, 64, 1000)","(56, 64, 1000)",12,67,0.5535714285714286
