participant,class1,class2,running_time,test_acc,train_acc,test_size,train_size,train_block,test_block,test_acc_vote
17,Hand,Rest,31.471684455871586,0.75,1.0,"(56, 64, 1000)","(56, 64, 1000)",12,67,0.7678571428571428
17,Feet,Rest,31.576261520385746,0.7321428571428571,1.0,"(56, 64, 1000)","(56, 64, 1000)",12,67,0.7678571428571428
17,Tongue,Rest,31.40587902069092,0.5892857142857143,1.0,"(56, 64, 1000)","(56, 64, 1000)",12,67,0.5
17,Mis,Rest,31.2570219039917,0.6428571428571429,1.0,"(56, 64, 1000)","(56, 64, 1000)",12,67,0.5357142857142857
