participant,class1,class2,running_time,test_acc,train_acc,test_size,train_size,train_block,test_block,test_acc_vote
6,Hand,Rest,32.050220012664795,0.6785714285714286,1.0,"(56, 64, 1000)","(56, 64, 1000)",12,67,0.625
6,Feet,Rest,32.36579203605652,0.625,1.0,"(56, 64, 1000)","(56, 64, 1000)",12,67,0.6428571428571428
6,Tongue,Rest,31.48753547668457,0.5714285714285714,1.0,"(56, 64, 1000)","(56, 64, 1000)",12,67,0.5892857142857143
6,Mis,Rest,31.314559936523438,0.6607142857142857,1.0,"(56, 64, 1000)","(56, 64, 1000)",12,67,0.6964285714285714
