participant,class1,class2,running_time,test_acc,train_acc,test_size,train_size,train_block,test_block,test_acc_vote
13,Hand,Rest,50.00545620918274,0.5535714285714286,1.0,"(168, 64, 1000)","(28, 64, 1000)",1,234567,0.5178571428571428
13,Feet,Rest,51.395347356796265,0.4821428571428571,1.0,"(168, 64, 1000)","(28, 64, 1000)",1,234567,0.4880952380952381
13,Tongue,Rest,53.718992471694946,0.6428571428571429,1.0,"(168, 64, 1000)","(28, 64, 1000)",1,234567,0.6726190476190477
13,Mis,Rest,53.86803889274597,0.7380952380952381,1.0,"(168, 64, 1000)","(28, 64, 1000)",1,234567,0.7142857142857143
