participant,class1,class2,running_time,test_acc,train_acc,test_size,train_size,train_block,test_block,test_acc_vote
10,Hand,Rest,31.5441837310791,0.7321428571428571,1.0,"(56, 64, 1000)","(56, 64, 1000)",12,67,0.6785714285714286
10,Feet,Rest,31.5861234664917,0.5714285714285714,1.0,"(56, 64, 1000)","(56, 64, 1000)",12,67,0.5714285714285714
10,Tongue,Rest,32.23817706108093,0.6071428571428571,1.0,"(56, 64, 1000)","(56, 64, 1000)",12,67,0.6071428571428572
10,Mis,Rest,32.386170387268066,0.6071428571428571,1.0,"(56, 64, 1000)","(56, 64, 1000)",12,67,0.6071428571428572
