participant,class1,class2,running_time,test_acc,train_acc,test_size,train_size,train_block,test_block,test_acc_vote
17,Hand,Rest,32.71818733215332,0.7142857142857143,0.9821428571428572,"(56, 64, 1000)","(56, 64, 1000)",12,67,0.7142857142857143
17,Feet,Rest,32.60657858848572,0.7321428571428571,0.9642857142857144,"(56, 64, 1000)","(56, 64, 1000)",12,67,0.75
17,Tongue,Rest,32.26285219192505,0.625,1.0,"(56, 64, 1000)","(56, 64, 1000)",12,67,0.5535714285714286
17,Mis,Rest,32.40347194671631,0.625,1.0,"(56, 64, 1000)","(56, 64, 1000)",12,67,0.6071428571428572
