participant,class1,class2,running_time,test_acc,train_acc,test_size,train_size,train_block,test_block,test_acc_vote
6,Hand,Rest,31.777632236480713,0.7142857142857143,1.0,"(56, 64, 1000)","(56, 64, 1000)",12,67,0.6428571428571428
6,Feet,Rest,31.78970217704773,0.6428571428571429,1.0,"(56, 64, 1000)","(56, 64, 1000)",12,67,0.6428571428571428
6,Tongue,Rest,31.36855149269104,0.5892857142857143,0.9821428571428572,"(56, 64, 1000)","(56, 64, 1000)",12,67,0.5
6,Mis,Rest,31.922635555267334,0.6607142857142857,0.9821428571428571,"(56, 64, 1000)","(56, 64, 1000)",12,67,0.6964285714285714
