participant,class1,class2,running_time,test_acc,train_acc,test_size,train_size,train_block,test_block,test_acc_vote
11,Hand,Rest,39.39341926574707,0.9642857142857144,1.0,"(56, 64, 1000)","(140, 64, 1000)",12345,67,1.0
11,Feet,Rest,39.17496109008789,0.9464285714285714,1.0,"(56, 64, 1000)","(140, 64, 1000)",12345,67,0.9464285714285714
11,Tongue,Rest,40.42285871505737,0.7678571428571429,1.0,"(56, 64, 1000)","(140, 64, 1000)",12345,67,0.75
11,Mis,Rest,40.40147066116333,0.7678571428571429,1.0,"(56, 64, 1000)","(140, 64, 1000)",12345,67,0.6964285714285714
