participant,class1,class2,running_time,test_acc,train_acc,test_size,train_size,train_block,test_block,test_acc_vote
7,Hand,Rest,39.16509652137756,0.8571428571428571,1.0,"(56, 64, 1000)","(140, 64, 1000)",12345,67,0.8928571428571429
7,Feet,Rest,39.44182586669922,0.8035714285714286,1.0,"(56, 64, 1000)","(140, 64, 1000)",12345,67,0.8214285714285714
7,Tongue,Rest,40.79034876823425,0.6428571428571429,1.0,"(56, 64, 1000)","(140, 64, 1000)",12345,67,0.6071428571428572
7,Mis,Rest,43.67251396179199,0.44642857142857145,1.0,"(56, 64, 1000)","(140, 64, 1000)",12345,67,0.4464285714285714
