participant,class1,class2,running_time,test_acc,train_acc,test_size,train_size,train_block,test_block,test_acc_vote
13,Hand,Rest,58.68628692626953,0.75,1.0,"(56, 64, 1000)","(140, 64, 1000)",12345,67,0.7142857142857143
13,Feet,Rest,58.05885934829712,0.8571428571428571,1.0,"(56, 64, 1000)","(140, 64, 1000)",12345,67,0.8571428571428572
13,Tongue,Rest,59.16853547096253,0.7857142857142857,1.0,"(56, 64, 1000)","(140, 64, 1000)",12345,67,0.6964285714285714
13,Mis,Rest,58.6196551322937,0.7678571428571429,1.0,"(56, 64, 1000)","(140, 64, 1000)",12345,67,0.6785714285714286
