participant,class1,class2,running_time,test_acc,train_acc,test_size,train_size,train_block,test_block,test_acc_vote
4,Hand,Rest,58.589226961135864,0.9464285714285714,1.0,"(56, 64, 1000)","(140, 64, 1000)",12345,67,0.9464285714285714
4,Feet,Rest,57.383487701416016,0.8571428571428571,1.0,"(56, 64, 1000)","(140, 64, 1000)",12345,67,0.7857142857142857
4,Tongue,Rest,60.75972819328308,0.7857142857142857,1.0,"(56, 64, 1000)","(140, 64, 1000)",12345,67,0.7678571428571428
4,Mis,Rest,59.82131338119507,0.6428571428571429,1.0,"(56, 64, 1000)","(140, 64, 1000)",12345,67,0.6071428571428572
