class,test_acc,vote_acc
Hand,0.7175595238095237,0.7479166666666668
Feet,0.6931547619047619,0.7172619047619049
Tongue,0.7020833333333336,0.7446428571428573
Mis,0.7,0.7303571428571428
