participant,class1,class2,running_time,test_acc,train_acc,test_size,train_size,train_block,test_block,test_acc_vote
15,Hand,Rest,87.79696345329285,0.78125,0.9770992366412212,"(224, 64, 250)","(524, 64, 250)",12345,67,0.8169642857142857
15,Feet,Rest,89.77604603767395,0.7232142857142857,0.975,"(224, 64, 250)","(560, 64, 250)",12345,67,0.7366071428571428
15,Tongue,Rest,90.24836564064026,0.6741071428571429,0.9571428571428572,"(224, 64, 250)","(560, 64, 250)",12345,67,0.7098214285714286
15,Mis,Rest,90.52909564971924,0.6383928571428571,0.9785714285714285,"(224, 64, 250)","(560, 64, 250)",12345,67,0.6875
