participant,class1,class2,running_time,test_acc,train_acc,test_size,train_size,train_block,test_block,test_acc_vote
18,Hand,Rest,90.46679353713988,0.6205357142857143,0.9357142857142856,"(224, 64, 250)","(560, 64, 250)",12345,67,0.6517857142857143
18,Feet,Rest,89.92832159996033,0.6428571428571429,0.9357142857142856,"(224, 64, 250)","(560, 64, 250)",12345,67,0.6607142857142857
18,Tongue,Rest,90.05972385406494,0.7857142857142857,0.9446428571428572,"(224, 64, 250)","(560, 64, 250)",12345,67,0.84375
18,Mis,Rest,90.32360911369324,0.7053571428571429,0.9428571428571428,"(224, 64, 250)","(560, 64, 250)",12345,67,0.7410714285714286
