participant,class1,class2,running_time,test_acc,train_acc,test_size,train_size,train_block,test_block,test_acc_vote
3,Hand,Rest,91.91869831085204,0.75,0.9303571428571428,"(224, 64, 250)","(560, 64, 250)",12345,67,0.78125
3,Feet,Rest,89.10955500602722,0.6473214285714286,0.9267857142857144,"(224, 64, 250)","(560, 64, 250)",12345,67,0.6919642857142857
3,Tongue,Rest,90.69971132278442,0.6651785714285714,0.9178571428571428,"(224, 64, 250)","(560, 64, 250)",12345,67,0.6875
3,Mis,Rest,89.28957509994507,0.71875,0.9142857142857143,"(224, 64, 250)","(560, 64, 250)",12345,67,0.75
