participant,class1,class2,running_time,test_acc,train_acc,test_size,train_size,train_block,test_block,test_acc_vote
4,Hand,Rest,91.32024788856506,0.8080357142857143,0.9339285714285714,"(224, 64, 250)","(560, 64, 250)",12345,67,0.84375
4,Feet,Rest,91.42129254341124,0.7678571428571429,0.9089285714285714,"(224, 64, 250)","(560, 64, 250)",12345,67,0.8125
4,Tongue,Rest,89.84302115440369,0.7232142857142857,0.925,"(224, 64, 250)","(560, 64, 250)",12345,67,0.78125
4,Mis,Rest,89.6783835887909,0.65625,0.9375,"(224, 64, 250)","(560, 64, 250)",12345,67,0.6517857142857143
