participant,class1,class2,running_time,test_acc,train_acc,test_size,train_size,train_block,test_block,test_acc_vote
14,Hand,Rest,38.92381858825683,0.7797619047619048,1.0,"(168, 64, 1000)","(28, 64, 1000)",1,234567,0.7261904761904762
14,Feet,Rest,38.99127745628357,0.5952380952380952,1.0,"(168, 64, 1000)","(28, 64, 1000)",1,234567,0.5773809523809523
14,Tongue,Rest,40.04189658164978,0.5416666666666666,1.0,"(168, 64, 1000)","(28, 64, 1000)",1,234567,0.5297619047619048
14,Mis,Rest,40.02471876144409,0.5,1.0,"(168, 64, 1000)","(28, 64, 1000)",1,234567,0.4821428571428571
