participant,class1,class2,running_time,test_acc,train_acc,test_size,train_size,train_block,test_block,test_acc_vote
3,Hand,Rest,38.50078201293945,0.5059523809523809,1.0,"(168, 64, 1000)","(28, 64, 1000)",1,234567,0.494047619047619
3,Feet,Rest,38.54087328910827,0.6190476190476191,1.0,"(168, 64, 1000)","(28, 64, 1000)",1,234567,0.5952380952380952
3,Tongue,Rest,39.66907286643982,0.494047619047619,1.0,"(168, 64, 1000)","(28, 64, 1000)",1,234567,0.5059523809523809
3,Mis,Rest,39.640220165252686,0.5297619047619048,1.0,"(168, 64, 1000)","(28, 64, 1000)",1,234567,0.5178571428571428
