participant,class1,class2,running_time,test_acc,train_acc,test_size,train_size,train_block,test_block,test_acc_vote
7,Hand,Rest,38.589221477508545,0.5,1.0,"(168, 64, 1000)","(28, 64, 1000)",1,234567,0.5178571428571428
7,Feet,Rest,38.4604754447937,0.5238095238095238,1.0,"(168, 64, 1000)","(28, 64, 1000)",1,234567,0.5297619047619048
7,Tongue,Rest,39.11980843544006,0.5,1.0,"(168, 64, 1000)","(28, 64, 1000)",1,234567,0.5059523809523809
7,Mis,Rest,40.29574465751648,0.47023809523809523,1.0,"(168, 64, 1000)","(28, 64, 1000)",1,234567,0.5
