participant,class1,class2,running_time,test_acc,train_acc,test_size,train_size,train_block,test_block,test_acc_vote
9,Hand,Rest,38.11916756629944,0.6666666666666666,1.0,"(168, 64, 1000)","(28, 64, 1000)",1,234567,0.6547619047619048
9,Feet,Rest,38.9948570728302,0.5238095238095238,1.0,"(168, 64, 1000)","(28, 64, 1000)",1,234567,0.5178571428571428
9,Tongue,Rest,39.20965337753296,0.5238095238095238,1.0,"(168, 64, 1000)","(28, 64, 1000)",1,234567,0.4880952380952381
9,Mis,Rest,38.961505651474,0.44642857142857145,1.0,"(168, 64, 1000)","(28, 64, 1000)",1,234567,0.44047619047619047
