class,test_acc,vote_acc
Hand,0.8482142857142858,0.8428571428571429
Feet,0.8535714285714284,0.8446428571428571
Tongue,0.775,0.7535714285714286
Mis,0.7892857142857144,0.7767857142857143
