participant,class1,class2,running_time,test_acc,train_acc,test_size,train_size,train_block,test_block,test_acc_vote
11,Hand,Rest,58.60743951797485,0.9821428571428572,0.9714285714285714,"(56, 64, 1000)","(140, 64, 1000)",12345,67,0.9821428571428572
11,Feet,Rest,58.6881844997406,0.9107142857142856,0.9928571428571428,"(56, 64, 1000)","(140, 64, 1000)",12345,67,0.9107142857142856
11,Tongue,Rest,60.17440700531006,0.7857142857142857,0.9714285714285714,"(56, 64, 1000)","(140, 64, 1000)",12345,67,0.7321428571428572
11,Mis,Rest,61.20367097854614,0.625,0.9928571428571429,"(56, 64, 1000)","(140, 64, 1000)",12345,67,0.5714285714285714
