participant,class1,class2,running_time,test_acc,train_acc,test_size,train_size,train_block,test_block,test_acc_vote
10,Hand,Rest,137.27941918373108,0.636085626911315,0.963302752293578,"(327, 64, 1000)","(436, 64, 1000)",1234,567,0.636085626911315
10,Feet,Rest,135.95078372955322,0.6238532110091743,0.9564220183486238,"(327, 64, 1000)","(436, 64, 1000)",1234,567,0.6207951070336392
10,Tongue,Rest,135.5240352153778,0.6636085626911316,0.9541284403669724,"(327, 64, 1000)","(436, 64, 1000)",1234,567,0.6513761467889908
10,Mis,Rest,138.67286729812622,0.8226299694189603,0.9610091743119266,"(327, 64, 1000)","(436, 64, 1000)",1234,567,0.8348623853211009
