participant,class1,class2,running_time,test_acc,train_acc,test_size,train_size,train_block,test_block,test_acc_vote
11,Hand,Rest,135.50211906433103,0.8532110091743119,0.9862385321100916,"(327, 64, 1000)","(436, 64, 1000)",1234,567,0.8532110091743119
11,Feet,Rest,135.866455078125,0.9021406727828746,0.9747706422018348,"(327, 64, 1000)","(436, 64, 1000)",1234,567,0.9021406727828746
11,Tongue,Rest,137.92536044120789,0.6574923547400612,0.9839449541284404,"(327, 64, 1000)","(436, 64, 1000)",1234,567,0.6605504587155964
11,Mis,Rest,137.85968232154846,0.6483180428134556,0.9724770642201835,"(327, 64, 1000)","(436, 64, 1000)",1234,567,0.654434250764526
