participant,class1,class2,running_time,test_acc,train_acc,test_size,train_size,train_block,test_block,test_acc_vote
6,Hand,Rest,137.1831886768341,0.672782874617737,0.963302752293578,"(327, 64, 1000)","(436, 64, 1000)",1234,567,0.7033639143730888
6,Feet,Rest,137.11133861541748,0.7125382262996942,0.9426605504587156,"(327, 64, 1000)","(436, 64, 1000)",1234,567,0.7186544342507646
6,Tongue,Rest,139.27151370048523,0.7828746177370031,0.9403669724770642,"(327, 64, 1000)","(436, 64, 1000)",1234,567,0.7920489296636086
6,Mis,Rest,137.601304769516,0.6207951070336392,0.9564220183486238,"(327, 64, 1000)","(436, 64, 1000)",1234,567,0.6238532110091743
