participant,class1,class2,running_time,test_acc,train_acc,test_size,train_size,train_block,test_block,test_acc_vote
9,Hand,Rest,140.90779089927673,0.8929663608562691,0.9311926605504588,"(327, 64, 1000)","(436, 64, 1000)",1234,567,0.8960244648318043
9,Feet,Rest,136.78578066825867,0.9021406727828746,0.970183486238532,"(327, 64, 1000)","(436, 64, 1000)",1234,567,0.9143730886850152
9,Tongue,Rest,140.17381310462952,0.7155963302752294,0.944954128440367,"(327, 64, 1000)","(436, 64, 1000)",1234,567,0.7217125382262997
9,Mis,Rest,140.15613293647766,0.709480122324159,0.944954128440367,"(327, 64, 1000)","(436, 64, 1000)",1234,567,0.7155963302752293
