participant,class1,class2,running_time,test_acc,train_acc,test_size,train_size,train_block,test_block,test_acc_vote
11,Hand,Rest,53.8557562828064,0.7252252252252253,1.0,"(222, 64, 500)","(222, 64, 500)",12,67,0.7792792792792793
11,Feet,Rest,52.25779604911804,0.8288288288288288,1.0,"(222, 64, 500)","(222, 64, 500)",12,67,0.8693693693693694
11,Tongue,Rest,52.09225511550903,0.5675675675675675,1.0,"(222, 64, 500)","(222, 64, 500)",12,67,0.5855855855855856
11,Mis,Rest,53.36176609992981,0.5495495495495496,1.0,"(222, 64, 500)","(222, 64, 500)",12,67,0.5405405405405406
