participant,class1,class2,running_time,test_acc,train_acc,test_size,train_size,train_block,test_block,test_acc_vote
14,Hand,Rest,53.3472158908844,0.7342342342342343,1.0,"(222, 64, 500)","(222, 64, 500)",12,67,0.7387387387387387
14,Feet,Rest,52.8362238407135,0.6171171171171171,1.0,"(222, 64, 500)","(222, 64, 500)",12,67,0.6306306306306306
14,Tongue,Rest,52.540287494659424,0.6576576576576577,1.0,"(222, 64, 500)","(222, 64, 500)",12,67,0.6531531531531531
14,Mis,Rest,53.15212559700012,0.509009009009009,1.0,"(222, 64, 500)","(222, 64, 500)",12,67,0.48198198198198194
