participant,class1,class2,running_time,test_acc,train_acc,test_size,train_size,train_block,test_block,test_acc_vote
19,Hand,Rest,53.42418313026428,0.7252252252252253,1.0,"(222, 64, 500)","(222, 64, 500)",12,67,0.7432432432432432
19,Feet,Rest,53.19936847686768,0.5900900900900901,1.0,"(222, 64, 500)","(222, 64, 500)",12,67,0.572072072072072
19,Tongue,Rest,52.75640678405762,0.6306306306306306,1.0,"(222, 64, 500)","(222, 64, 500)",12,67,0.6261261261261262
19,Mis,Rest,52.52249622344971,0.7612612612612613,1.0,"(222, 64, 500)","(222, 64, 500)",12,67,0.8153153153153153
