participant,class1,class2,running_time,test_acc,train_acc,test_size,train_size,train_block,test_block,test_acc_vote
4,Hand,Rest,53.69947910308838,0.7747747747747747,1.0,"(222, 64, 500)","(222, 64, 500)",12,67,0.7792792792792793
4,Feet,Rest,54.27217149734497,0.7072072072072072,1.0,"(222, 64, 500)","(222, 64, 500)",12,67,0.7387387387387387
4,Tongue,Rest,52.91932201385498,0.7207207207207207,1.0,"(222, 64, 500)","(222, 64, 500)",12,67,0.7432432432432432
4,Mis,Rest,52.622679471969604,0.6216216216216216,1.0,"(222, 64, 500)","(222, 64, 500)",12,67,0.6171171171171171
