participant,class1,class2,running_time,test_acc,train_acc,test_size,train_size,train_block,test_block,test_acc_vote
10,Hand,Rest,75.25568628311157,0.625,0.9888392857142856,"(224, 64, 250)","(448, 64, 250)",1234,67,0.625
10,Feet,Rest,75.40073275566101,0.6651785714285714,0.9866071428571428,"(224, 64, 250)","(448, 64, 250)",1234,67,0.6473214285714286
10,Tongue,Rest,76.64394998550415,0.6696428571428571,0.9665178571428572,"(224, 64, 250)","(448, 64, 250)",1234,67,0.6875
10,Mis,Rest,74.9146945476532,0.8125,0.9620535714285714,"(224, 64, 250)","(448, 64, 250)",1234,67,0.8616071428571428
