participant,class1,class2,running_time,test_acc,train_acc,test_size,train_size,train_block,test_block,test_acc_vote
14,Hand,Rest,76.47018957138062,0.8035714285714286,0.9866071428571428,"(224, 64, 250)","(448, 64, 250)",1234,67,0.8258928571428572
14,Feet,Rest,76.36339473724365,0.6160714285714286,0.9933035714285714,"(224, 64, 250)","(448, 64, 250)",1234,67,0.6294642857142857
14,Tongue,Rest,76.29994583129883,0.6294642857142857,0.9910714285714286,"(224, 64, 250)","(448, 64, 250)",1234,67,0.6607142857142857
14,Mis,Rest,74.4290497303009,0.5892857142857143,0.9866071428571429,"(224, 64, 250)","(448, 64, 250)",1234,67,0.625
