participant,class1,class2,running_time,test_acc,train_acc,test_size,train_size,train_block,test_block,test_acc_vote
15,Hand,Rest,72.30776882171631,0.7410714285714286,0.9805825242718448,"(224, 64, 250)","(412, 64, 250)",1234,67,0.7901785714285714
15,Feet,Rest,76.19869613647461,0.7098214285714286,0.9821428571428572,"(224, 64, 250)","(448, 64, 250)",1234,67,0.6964285714285714
15,Tongue,Rest,76.77081394195557,0.6696428571428571,0.9776785714285714,"(224, 64, 250)","(448, 64, 250)",1234,67,0.6651785714285714
15,Mis,Rest,76.20138120651245,0.65625,0.9732142857142857,"(224, 64, 250)","(448, 64, 250)",1234,67,0.6964285714285714
