participant,class1,class2,running_time,test_acc,train_acc,test_size,train_size,train_block,test_block,test_acc_vote
7,Hand,Rest,75.51734828948975,0.6339285714285714,0.9955357142857144,"(224, 64, 250)","(448, 64, 250)",1234,67,0.6785714285714286
7,Feet,Rest,75.57556056976318,0.6875,0.9888392857142856,"(224, 64, 250)","(448, 64, 250)",1234,67,0.7232142857142857
7,Tongue,Rest,76.38524007797241,0.6071428571428571,0.9665178571428572,"(224, 64, 250)","(448, 64, 250)",1234,67,0.6607142857142857
7,Mis,Rest,76.29533386230469,0.6026785714285714,0.9375,"(224, 64, 250)","(448, 64, 250)",1234,67,0.6116071428571428
