participant,class1,class2,running_time,test_acc,train_acc,test_size,train_size,train_block,test_block,test_acc_vote
10,Hand,Rest,56.2771315574646,0.5892857142857143,1.0,"(112, 64, 500)","(224, 64, 500)",1234,67,0.5982142857142857
10,Feet,Rest,55.1184241771698,0.6517857142857143,1.0,"(112, 64, 500)","(224, 64, 500)",1234,67,0.6607142857142857
10,Tongue,Rest,55.96399474143982,0.6517857142857143,1.0,"(112, 64, 500)","(224, 64, 500)",1234,67,0.6607142857142857
10,Mis,Rest,56.35372853279114,0.8125,1.0,"(112, 64, 500)","(224, 64, 500)",1234,67,0.8571428571428572
