participant,class1,class2,running_time,test_acc,train_acc,test_size,train_size,train_block,test_block,test_acc_vote
18,Hand,Rest,56.09473991394043,0.5714285714285714,0.9910714285714286,"(112, 64, 500)","(224, 64, 500)",1234,67,0.5803571428571428
18,Feet,Rest,54.98468327522278,0.6428571428571429,0.9955357142857144,"(112, 64, 500)","(224, 64, 500)",1234,67,0.6785714285714286
18,Tongue,Rest,54.940014123916626,0.7232142857142857,1.0,"(112, 64, 500)","(224, 64, 500)",1234,67,0.7053571428571428
18,Mis,Rest,56.657874584198,0.6785714285714286,0.9955357142857143,"(112, 64, 500)","(224, 64, 500)",1234,67,0.7232142857142857
