participant,class1,class2,running_time,test_acc,train_acc,test_size,train_size,train_block,test_block,test_acc_vote
4,Hand,Rest,56.62741732597351,0.8303571428571429,1.0,"(112, 64, 500)","(224, 64, 500)",1234,67,0.8392857142857143
4,Feet,Rest,55.19854736328125,0.7232142857142857,0.9910714285714286,"(112, 64, 500)","(224, 64, 500)",1234,67,0.7410714285714286
4,Tongue,Rest,56.25422739982605,0.75,0.9866071428571428,"(112, 64, 500)","(224, 64, 500)",1234,67,0.7767857142857143
4,Mis,Rest,55.061659812927246,0.6875,1.0,"(112, 64, 500)","(224, 64, 500)",1234,67,0.6696428571428572
