participant,class1,class2,running_time,test_acc,train_acc,test_size,train_size,train_block,test_block,test_acc_vote
5,Hand,Rest,54.936418294906616,0.6339285714285714,1.0,"(112, 64, 500)","(224, 64, 500)",1234,67,0.5714285714285714
5,Feet,Rest,54.99389743804931,0.6964285714285714,1.0,"(112, 64, 500)","(224, 64, 500)",1234,67,0.7232142857142857
5,Tongue,Rest,55.22147846221924,0.7232142857142857,1.0,"(112, 64, 500)","(224, 64, 500)",1234,67,0.7410714285714286
5,Mis,Rest,56.24515652656555,0.7767857142857143,1.0,"(112, 64, 500)","(224, 64, 500)",1234,67,0.7946428571428572
