participant,class1,class2,running_time,test_acc,train_acc,test_size,train_size,train_block,test_block,test_acc_vote
11,Hand,Rest,52.99851608276367,0.7882882882882883,1.0,"(222, 64, 500)","(222, 64, 500)",12,67,0.7972972972972973
11,Feet,Rest,52.50273633003235,0.8108108108108109,0.9954954954954957,"(222, 64, 500)","(222, 64, 500)",12,67,0.8153153153153153
11,Tongue,Rest,52.992202043533325,0.6666666666666666,1.0,"(222, 64, 500)","(222, 64, 500)",12,67,0.6531531531531531
11,Mis,Rest,53.64001512527466,0.5540540540540541,0.9954954954954955,"(222, 64, 500)","(222, 64, 500)",12,67,0.5495495495495495
