participant,class1,class2,running_time,test_acc,train_acc,test_size,train_size,train_block,test_block,test_acc_vote
15,Hand,Rest,52.4059202671051,0.6621621621621622,1.0,"(222, 64, 500)","(222, 64, 500)",12,67,0.6531531531531531
15,Feet,Rest,52.87914562225342,0.6621621621621622,1.0,"(222, 64, 500)","(222, 64, 500)",12,67,0.7027027027027026
15,Tongue,Rest,53.10181999206543,0.6576576576576577,0.9954954954954957,"(222, 64, 500)","(222, 64, 500)",12,67,0.6621621621621622
15,Mis,Rest,53.23436665534973,0.6936936936936937,1.0,"(222, 64, 500)","(222, 64, 500)",12,67,0.6981981981981982
