participant,class1,class2,running_time,test_acc,train_acc,test_size,train_size,train_block,test_block,test_acc_vote
18,Hand,Rest,53.59004044532776,0.5,0.990990990990991,"(222, 64, 500)","(222, 64, 500)",12,67,0.5
18,Feet,Rest,52.765440940856934,0.5675675675675675,0.9864864864864864,"(222, 64, 500)","(222, 64, 500)",12,67,0.5630630630630631
18,Tongue,Rest,53.70157217979431,0.7477477477477478,0.9954954954954957,"(222, 64, 500)","(222, 64, 500)",12,67,0.7612612612612613
18,Mis,Rest,53.523842096328735,0.6801801801801802,0.9819819819819819,"(222, 64, 500)","(222, 64, 500)",12,67,0.6666666666666667
