participant,class1,class2,running_time,test_acc,train_acc,test_size,train_size,train_block,test_block,test_acc_vote
11,Hand,Rest,69.16674208641052,0.8571428571428571,0.9928571428571428,"(112, 64, 500)","(280, 64, 500)",12345,67,0.8660714285714286
11,Feet,Rest,69.36910009384155,0.8839285714285714,1.0,"(112, 64, 500)","(280, 64, 500)",12345,67,0.9107142857142856
11,Tongue,Rest,69.53018188476562,0.6696428571428571,0.9964285714285714,"(112, 64, 500)","(280, 64, 500)",12345,67,0.6607142857142857
11,Mis,Rest,68.79309916496277,0.6696428571428571,1.0,"(112, 64, 500)","(280, 64, 500)",12345,67,0.6428571428571428
