participant,class1,class2,running_time,test_acc,train_acc,test_size,train_size,train_block,test_block,test_acc_vote
5,Hand,Rest,70.01701164245605,0.7053571428571429,1.0,"(112, 64, 500)","(280, 64, 500)",12345,67,0.7321428571428572
5,Feet,Rest,70.18098855018616,0.7589285714285714,0.9892857142857144,"(112, 64, 500)","(280, 64, 500)",12345,67,0.7321428571428572
5,Tongue,Rest,70.32043790817261,0.7678571428571429,0.9892857142857144,"(112, 64, 500)","(280, 64, 500)",12345,67,0.8303571428571428
5,Mis,Rest,71.28421783447266,0.7767857142857143,1.0,"(112, 64, 500)","(280, 64, 500)",12345,67,0.7946428571428572
