participant,class1,class2,running_time,test_acc,train_acc,test_size,train_size,train_block,test_block,test_acc_vote
10,Hand,Rest,52.6482298374176,0.5405405405405406,1.0,"(222, 64, 500)","(222, 64, 500)",12,67,0.5315315315315315
10,Feet,Rest,51.03531455993652,0.5900900900900901,1.0,"(222, 64, 500)","(222, 64, 500)",12,67,0.5990990990990991
10,Tongue,Rest,52.96761655807495,0.5990990990990991,1.0,"(222, 64, 500)","(222, 64, 500)",12,67,0.6081081081081081
10,Mis,Rest,52.23458480834961,0.5720720720720721,1.0,"(222, 64, 500)","(222, 64, 500)",12,67,0.5765765765765766
