participant,class1,class2,running_time,test_acc,train_acc,test_size,train_size,train_block,test_block,test_acc_vote
16,Hand,Rest,52.273101568222046,0.5540540540540541,1.0,"(222, 64, 500)","(222, 64, 500)",12,67,0.5855855855855856
16,Feet,Rest,51.33043169975281,0.5675675675675675,1.0,"(222, 64, 500)","(222, 64, 500)",12,67,0.5630630630630631
16,Tongue,Rest,51.45370030403137,0.6351351351351351,1.0,"(222, 64, 500)","(222, 64, 500)",12,67,0.6486486486486487
16,Mis,Rest,51.80059289932251,0.5765765765765766,1.0,"(222, 64, 500)","(222, 64, 500)",12,67,0.5945945945945945
