participant,class1,class2,running_time,test_acc,train_acc,test_size,train_size,train_block,test_block,test_acc_vote
19,Hand,Rest,53.0622878074646,0.6531531531531531,1.0,"(222, 64, 500)","(222, 64, 500)",12,67,0.6711711711711712
19,Feet,Rest,52.18536424636841,0.536036036036036,1.0,"(222, 64, 500)","(222, 64, 500)",12,67,0.5225225225225225
19,Tongue,Rest,52.43197751045227,0.5540540540540541,1.0,"(222, 64, 500)","(222, 64, 500)",12,67,0.545045045045045
19,Mis,Rest,51.673579454422,0.7072072072072072,1.0,"(222, 64, 500)","(222, 64, 500)",12,67,0.7477477477477478
