participant,class1,class2,running_time,test_acc,train_acc,test_size,train_size,train_block,test_block,test_acc_vote
3,Hand,Rest,52.34397554397583,0.5315315315315315,1.0,"(222, 64, 500)","(222, 64, 500)",12,67,0.5225225225225225
3,Feet,Rest,52.306700229644775,0.5135135135135135,0.990990990990991,"(222, 64, 500)","(222, 64, 500)",12,67,0.4909909909909909
3,Tongue,Rest,51.94980430603027,0.6171171171171171,0.9954954954954957,"(222, 64, 500)","(222, 64, 500)",12,67,0.6171171171171171
3,Mis,Rest,52.76570415496826,0.5585585585585585,1.0,"(222, 64, 500)","(222, 64, 500)",12,67,0.5540540540540541
