participant,class1,class2,running_time,test_acc,train_acc,test_size,train_size,train_block,test_block,test_acc_vote
5,Hand,Rest,51.37605595588684,0.5135135135135135,1.0,"(222, 64, 500)","(222, 64, 500)",12,67,0.5225225225225225
5,Feet,Rest,52.646634578704834,0.5405405405405406,1.0,"(222, 64, 500)","(222, 64, 500)",12,67,0.5405405405405406
5,Tongue,Rest,52.31341338157654,0.5855855855855856,1.0,"(222, 64, 500)","(222, 64, 500)",12,67,0.5900900900900901
5,Mis,Rest,51.462711572647095,0.7117117117117117,1.0,"(222, 64, 500)","(222, 64, 500)",12,67,0.7207207207207207
