participant,class1,class2,running_time,test_acc,train_acc,test_size,train_size,train_block,test_block,test_acc_vote
6,Hand,Rest,52.320024728775024,0.6171171171171171,1.0,"(222, 64, 500)","(222, 64, 500)",12,67,0.6441441441441442
6,Feet,Rest,51.55425190925598,0.5540540540540541,1.0,"(222, 64, 500)","(222, 64, 500)",12,67,0.572072072072072
6,Tongue,Rest,52.51276111602783,0.5765765765765766,0.9954954954954957,"(222, 64, 500)","(222, 64, 500)",12,67,0.5675675675675675
6,Mis,Rest,51.45582342147827,0.6306306306306306,0.9954954954954955,"(222, 64, 500)","(222, 64, 500)",12,67,0.6891891891891893
