participant,class1,class2,running_time,test_acc,train_acc,test_size,train_size,train_block,test_block,test_acc_vote
10,Hand,Rest,112.65055418014526,0.5559633027522936,0.9954128440366972,"(545, 64, 1000)","(218, 64, 1000)",12,34567,0.5522935779816514
10,Feet,Rest,112.17959809303284,0.6642201834862386,0.9954128440366972,"(545, 64, 1000)","(218, 64, 1000)",12,34567,0.6715596330275229
10,Tongue,Rest,112.87392616271973,0.5577981651376147,0.9954128440366972,"(545, 64, 1000)","(218, 64, 1000)",12,34567,0.5559633027522936
10,Mis,Rest,113.81974530220032,0.6972477064220184,0.9954128440366973,"(545, 64, 1000)","(218, 64, 1000)",12,34567,0.7064220183486238
