participant,class1,class2,running_time,test_acc,train_acc,test_size,train_size,train_block,test_block,test_acc_vote
14,Hand,Rest,111.73539972305298,0.7871559633027523,0.9954128440366972,"(545, 64, 1000)","(218, 64, 1000)",12,34567,0.7834862385321101
14,Feet,Rest,113.52182388305664,0.6642201834862386,1.0,"(545, 64, 1000)","(218, 64, 1000)",12,34567,0.655045871559633
14,Tongue,Rest,113.20597004890442,0.6091743119266055,1.0,"(545, 64, 1000)","(218, 64, 1000)",12,34567,0.6073394495412844
14,Mis,Rest,116.08488988876343,0.46788990825688076,1.0,"(545, 64, 1000)","(218, 64, 1000)",12,34567,0.46238532110091746
