participant,class1,class2,running_time,test_acc,train_acc,test_size,train_size,train_block,test_block,test_acc_vote
4,Hand,Rest,111.81944704055786,0.8403669724770643,0.9954128440366972,"(545, 64, 1000)","(218, 64, 1000)",12,34567,0.8440366972477065
4,Feet,Rest,112.71530103683472,0.673394495412844,1.0,"(545, 64, 1000)","(218, 64, 1000)",12,34567,0.6825688073394496
4,Tongue,Rest,113.7065405845642,0.7211009174311926,0.9954128440366972,"(545, 64, 1000)","(218, 64, 1000)",12,34567,0.7467889908256881
4,Mis,Rest,114.5299220085144,0.5009174311926605,1.0,"(545, 64, 1000)","(218, 64, 1000)",12,34567,0.4990825688073395
