participant,class1,class2,running_time,test_acc,train_acc,test_size,train_size,train_block,test_block,test_acc_vote
7,Hand,Rest,113.2457377910614,0.636697247706422,1.0,"(545, 64, 1000)","(218, 64, 1000)",12,34567,0.6385321100917432
7,Feet,Rest,111.40086388587952,0.6036697247706422,1.0,"(545, 64, 1000)","(218, 64, 1000)",12,34567,0.6018348623853211
7,Tongue,Rest,115.58917903900146,0.7045871559633028,1.0,"(545, 64, 1000)","(218, 64, 1000)",12,34567,0.7174311926605504
7,Mis,Rest,113.32261776924133,0.5834862385321101,0.9954128440366973,"(545, 64, 1000)","(218, 64, 1000)",12,34567,0.5926605504587156
