participant,class1,class2,running_time,test_acc,train_acc,test_size,train_size,train_block,test_block,test_acc_vote
3,Hand,Rest,87.47820138931274,0.7844036697247706,1.0,"(436, 64, 1000)","(327, 64, 1000)",123,4567,0.7958715596330275
3,Feet,Rest,86.11180329322815,0.6032110091743119,1.0,"(436, 64, 1000)","(327, 64, 1000)",123,4567,0.6100917431192661
3,Tongue,Rest,88.98586344718933,0.6559633027522935,1.0,"(436, 64, 1000)","(327, 64, 1000)",123,4567,0.658256880733945
3,Mis,Rest,88.20468783378601,0.7660550458715596,1.0,"(436, 64, 1000)","(327, 64, 1000)",123,4567,0.768348623853211
