participant,class1,class2,running_time,test_acc,train_acc,test_size,train_size,train_block,test_block,test_acc_vote
4,Hand,Rest,88.28987669944763,0.8830275229357798,1.0,"(436, 64, 1000)","(327, 64, 1000)",123,4567,0.8830275229357798
4,Feet,Rest,87.41738224029541,0.75,1.0,"(436, 64, 1000)","(327, 64, 1000)",123,4567,0.7545871559633027
4,Tongue,Rest,88.78208637237549,0.7844036697247706,1.0,"(436, 64, 1000)","(327, 64, 1000)",123,4567,0.7912844036697247
4,Mis,Rest,87.73370337486267,0.6628440366972477,1.0,"(436, 64, 1000)","(327, 64, 1000)",123,4567,0.6651376146788991
