participant,class1,class2,running_time,test_acc,train_acc,test_size,train_size,train_block,test_block,test_acc_vote
6,Hand,Rest,87.13334822654724,0.6674311926605505,1.0,"(436, 64, 1000)","(327, 64, 1000)",123,4567,0.6743119266055047
6,Feet,Rest,87.48586940765381,0.7018348623853211,1.0,"(436, 64, 1000)","(327, 64, 1000)",123,4567,0.7041284403669725
6,Tongue,Rest,89.04711604118347,0.7362385321100917,1.0,"(436, 64, 1000)","(327, 64, 1000)",123,4567,0.7522935779816513
6,Mis,Rest,88.79688477516174,0.5963302752293578,1.0,"(436, 64, 1000)","(327, 64, 1000)",123,4567,0.6009174311926606
