participant,class1,class2,running_time,test_acc,train_acc,test_size,train_size,train_block,test_block,test_acc_vote
15,Hand,Rest,47.51758694648743,0.9107142857142856,1.0,"(56, 64, 1000)","(103, 64, 1000)",1234,67,0.8571428571428572
15,Feet,Rest,49.76126766204834,0.8035714285714286,1.0,"(56, 64, 1000)","(112, 64, 1000)",1234,67,0.7142857142857143
15,Tongue,Rest,49.404255628585815,0.6607142857142857,1.0,"(56, 64, 1000)","(112, 64, 1000)",1234,67,0.625
15,Mis,Rest,49.67042517662048,0.6428571428571429,1.0,"(56, 64, 1000)","(112, 64, 1000)",1234,67,0.625
