participant,class1,class2,running_time,test_acc,train_acc,test_size,train_size,train_block,test_block,test_acc_vote
17,Hand,Rest,50.83551526069641,0.8571428571428571,1.0,"(56, 64, 1000)","(112, 64, 1000)",1234,67,0.875
17,Feet,Rest,50.073500633239746,0.7321428571428571,1.0,"(56, 64, 1000)","(112, 64, 1000)",1234,67,0.8035714285714286
17,Tongue,Rest,49.96220254898071,0.7678571428571429,1.0,"(56, 64, 1000)","(112, 64, 1000)",1234,67,0.6964285714285714
17,Mis,Rest,49.55693030357361,0.7678571428571429,1.0,"(56, 64, 1000)","(112, 64, 1000)",1234,67,0.7321428571428572
