participant,class1,class2,running_time,test_acc,train_acc,test_size,train_size,train_block,test_block,test_acc_vote
10,Hand,Rest,55.0985062122345,0.6607142857142857,0.9285714285714286,"(112, 64, 1000)","(84, 64, 1000)",123,4567,0.6428571428571428
10,Feet,Rest,53.35905599594116,0.6696428571428571,0.8928571428571429,"(112, 64, 1000)","(84, 64, 1000)",123,4567,0.625
10,Tongue,Rest,55.323464155197144,0.6339285714285714,0.8928571428571429,"(112, 64, 1000)","(84, 64, 1000)",123,4567,0.5892857142857143
10,Mis,Rest,55.52460074424744,0.7857142857142857,0.9642857142857143,"(112, 64, 1000)","(84, 64, 1000)",123,4567,0.7589285714285714
