participant,class1,class2,running_time,test_acc,train_acc,test_size,train_size,train_block,test_block,test_acc_vote
3,Hand,Rest,54.79323410987854,0.9107142857142856,0.9047619047619048,"(112, 64, 1000)","(84, 64, 1000)",123,4567,0.8928571428571429
3,Feet,Rest,54.154884338378906,0.5803571428571429,0.9047619047619048,"(112, 64, 1000)","(84, 64, 1000)",123,4567,0.5625
3,Tongue,Rest,55.82415294647217,0.6875,0.8690476190476191,"(112, 64, 1000)","(84, 64, 1000)",123,4567,0.6160714285714286
3,Mis,Rest,55.51123809814453,0.8035714285714286,0.9523809523809523,"(112, 64, 1000)","(84, 64, 1000)",123,4567,0.7946428571428572
