participant,class1,class2,running_time,test_acc,train_acc,test_size,train_size,train_block,test_block,test_acc_vote
6,Hand,Rest,54.60463905334473,0.6517857142857143,0.9523809523809524,"(112, 64, 1000)","(84, 64, 1000)",123,4567,0.6428571428571428
6,Feet,Rest,53.362058877944946,0.8214285714285714,0.9642857142857144,"(112, 64, 1000)","(84, 64, 1000)",123,4567,0.8125
6,Tongue,Rest,56.22786831855774,0.7321428571428571,0.9523809523809524,"(112, 64, 1000)","(84, 64, 1000)",123,4567,0.7321428571428572
6,Mis,Rest,56.339542388916016,0.5089285714285714,0.9523809523809523,"(112, 64, 1000)","(84, 64, 1000)",123,4567,0.4910714285714286
