participant,class1,class2,running_time,test_acc,train_acc,test_size,train_size,train_block,test_block,test_acc_vote
13,Hand,Rest,53.134623527526855,0.5357142857142857,1.0,"(168, 64, 1000)","(28, 64, 1000)",1,234567,0.494047619047619
13,Feet,Rest,52.65718126296997,0.5476190476190477,1.0,"(168, 64, 1000)","(28, 64, 1000)",1,234567,0.4880952380952381
13,Tongue,Rest,54.74105501174927,0.5773809523809523,1.0,"(168, 64, 1000)","(28, 64, 1000)",1,234567,0.5238095238095238
13,Mis,Rest,54.09806227684021,0.6011904761904762,1.0,"(168, 64, 1000)","(28, 64, 1000)",1,234567,0.5654761904761905
