participant,class1,class2,running_time,test_acc,train_acc,test_size,train_size,train_block,test_block,test_acc_vote
3,Hand,Rest,54.74133634567261,0.5059523809523809,1.0,"(168, 64, 1000)","(28, 64, 1000)",1,234567,0.4642857142857143
3,Feet,Rest,51.94053912162781,0.5714285714285714,1.0,"(168, 64, 1000)","(28, 64, 1000)",1,234567,0.5297619047619048
3,Tongue,Rest,52.474273443222046,0.5119047619047619,1.0,"(168, 64, 1000)","(28, 64, 1000)",1,234567,0.4821428571428571
3,Mis,Rest,53.246687173843384,0.5,1.0,"(168, 64, 1000)","(28, 64, 1000)",1,234567,0.5059523809523809
