participant,class1,class2,running_time,test_acc,train_acc,test_size,train_size,train_block,test_block,test_acc_vote
7,Hand,Rest,51.19631481170654,0.5,1.0,"(168, 64, 1000)","(28, 64, 1000)",1,234567,0.4880952380952381
7,Feet,Rest,51.40954327583313,0.5535714285714286,1.0,"(168, 64, 1000)","(28, 64, 1000)",1,234567,0.5059523809523809
7,Tongue,Rest,52.02752232551575,0.4821428571428571,1.0,"(168, 64, 1000)","(28, 64, 1000)",1,234567,0.4821428571428571
7,Mis,Rest,51.87398910522461,0.5833333333333334,1.0,"(168, 64, 1000)","(28, 64, 1000)",1,234567,0.5833333333333333
