participant,class1,class2,running_time,test_acc,train_acc,test_size,train_size,train_block,test_block,test_acc_vote
6,Hand,Rest,90.13538432121275,0.5761467889908257,0.8715596330275229,"(545, 64, 1000)","(218, 64, 1000)",12,34567,0.5706422018348624
6,Feet,Rest,89.9674129486084,0.6293577981651376,0.8944954128440367,"(545, 64, 1000)","(218, 64, 1000)",12,34567,0.620183486238532
6,Tongue,Rest,91.36378979682922,0.5743119266055046,0.8990825688073395,"(545, 64, 1000)","(218, 64, 1000)",12,34567,0.5798165137614679
6,Mis,Rest,90.62110257148743,0.5798165137614679,0.8853211009174312,"(545, 64, 1000)","(218, 64, 1000)",12,34567,0.5871559633027523
