participant,class1,class2,running_time,test_acc,train_acc,test_size,train_size,train_block,test_block,test_acc_vote
10,Hand,Rest,40.33497643470764,0.6428571428571429,1.0,"(56, 64, 1000)","(140, 64, 1000)",12345,67,0.625
10,Feet,Rest,39.909597635269165,0.5892857142857143,1.0,"(56, 64, 1000)","(140, 64, 1000)",12345,67,0.6071428571428572
10,Tongue,Rest,41.216291427612305,0.6785714285714286,1.0,"(56, 64, 1000)","(140, 64, 1000)",12345,67,0.6607142857142857
10,Mis,Rest,41.284796476364136,0.8214285714285714,1.0,"(56, 64, 1000)","(140, 64, 1000)",12345,67,0.7857142857142857
