participant,class1,class2,running_time,test_acc,train_acc,test_size,train_size,train_block,test_block,test_acc_vote
6,Hand,Rest,60.66352581977844,0.8214285714285714,0.9571428571428572,"(56, 64, 1000)","(140, 64, 1000)",12345,67,0.7857142857142857
6,Feet,Rest,59.991658210754395,0.7678571428571429,0.9928571428571428,"(56, 64, 1000)","(140, 64, 1000)",12345,67,0.7321428571428572
6,Tongue,Rest,61.61526584625244,0.8571428571428571,0.9928571428571428,"(56, 64, 1000)","(140, 64, 1000)",12345,67,0.8571428571428572
6,Mis,Rest,61.32887935638428,0.7678571428571429,0.9571428571428572,"(56, 64, 1000)","(140, 64, 1000)",12345,67,0.8035714285714286
