participant,class1,class2,running_time,test_acc,train_acc,test_size,train_size,train_block,test_block,test_acc_vote
10,Hand,Rest,82.03829336166382,0.6309523809523809,1.0,"(84, 64, 1000)","(112, 64, 1000)",1234,567,0.5595238095238095
10,Feet,Rest,81.87804937362671,0.6785714285714286,1.0,"(84, 64, 1000)","(112, 64, 1000)",1234,567,0.6309523809523809
10,Tongue,Rest,86.85377240180969,0.6428571428571429,1.0,"(84, 64, 1000)","(112, 64, 1000)",1234,567,0.6309523809523809
10,Mis,Rest,78.89139127731323,0.7619047619047619,1.0,"(84, 64, 1000)","(112, 64, 1000)",1234,567,0.75
