participant,class1,class2,running_time,test_acc,train_acc,test_size,train_size,train_block,test_block,test_acc_vote
14,Hand,Rest,75.5506067276001,0.9166666666666666,1.0,"(84, 64, 1000)","(112, 64, 1000)",1234,567,0.8809523809523809
14,Feet,Rest,78.5345687866211,0.8214285714285714,1.0,"(84, 64, 1000)","(112, 64, 1000)",1234,567,0.8095238095238095
14,Tongue,Rest,82.05069923400879,0.5833333333333334,1.0,"(84, 64, 1000)","(112, 64, 1000)",1234,567,0.5476190476190477
14,Mis,Rest,84.65305995941162,0.7380952380952381,1.0,"(84, 64, 1000)","(112, 64, 1000)",1234,567,0.7619047619047619
