participant,class1,class2,running_time,test_acc,train_acc,test_size,train_size,train_block,test_block,test_acc_vote
5,Hand,Rest,56.92070555686951,0.7261904761904762,1.0,"(84, 64, 1000)","(112, 64, 1000)",1234,567,0.6785714285714286
5,Feet,Rest,69.47902798652649,0.6190476190476191,1.0,"(84, 64, 1000)","(112, 64, 1000)",1234,567,0.6190476190476191
5,Tongue,Rest,70.90437316894531,0.7738095238095238,1.0,"(84, 64, 1000)","(112, 64, 1000)",1234,567,0.75
5,Mis,Rest,74.76229405403137,0.7380952380952381,1.0,"(84, 64, 1000)","(112, 64, 1000)",1234,567,0.7023809523809523
