participant,class1,class2,running_time,test_acc,train_acc,test_size,train_size,train_block,test_block,test_acc_vote
6,Hand,Rest,52.627105474472046,0.6785714285714286,1.0,"(84, 64, 1000)","(112, 64, 1000)",1234,567,0.6666666666666667
6,Feet,Rest,53.882431745529175,0.7857142857142857,1.0,"(84, 64, 1000)","(112, 64, 1000)",1234,567,0.8214285714285714
6,Tongue,Rest,55.037089109420776,0.8095238095238095,1.0,"(84, 64, 1000)","(112, 64, 1000)",1234,567,0.7619047619047619
6,Mis,Rest,54.51890802383423,0.7023809523809523,1.0,"(84, 64, 1000)","(112, 64, 1000)",1234,567,0.6428571428571428
