participant,class1,class2,running_time,test_acc,train_acc,test_size,train_size,train_block,test_block,test_acc_vote
7,Hand,Rest,53.62615084648132,0.8214285714285714,1.0,"(84, 64, 1000)","(112, 64, 1000)",1234,567,0.8333333333333334
7,Feet,Rest,56.08717679977417,0.8095238095238095,1.0,"(84, 64, 1000)","(112, 64, 1000)",1234,567,0.7738095238095238
7,Tongue,Rest,58.36432266235352,0.7619047619047619,1.0,"(84, 64, 1000)","(112, 64, 1000)",1234,567,0.7142857142857143
7,Mis,Rest,58.43267273902893,0.75,1.0,"(84, 64, 1000)","(112, 64, 1000)",1234,567,0.7976190476190477
