participant,class1,class2,running_time,test_acc,train_acc,test_size,train_size,train_block,test_block,test_acc_vote
11,Hand,Rest,59.09559106826782,0.8571428571428571,1.0,"(56, 64, 1000)","(140, 64, 1000)",12345,67,0.8571428571428572
11,Feet,Rest,58.750428199768066,0.9642857142857144,1.0,"(56, 64, 1000)","(140, 64, 1000)",12345,67,0.9642857142857144
11,Tongue,Rest,60.65278387069702,0.6785714285714286,0.9857142857142858,"(56, 64, 1000)","(140, 64, 1000)",12345,67,0.5892857142857143
11,Mis,Rest,60.16472268104553,0.6785714285714286,0.9857142857142858,"(56, 64, 1000)","(140, 64, 1000)",12345,67,0.5892857142857143
