participant,class1,class2,running_time,test_acc,train_acc,test_size,train_size,train_block,test_block,test_acc_vote
13,Hand,Rest,59.88691258430481,0.625,1.0,"(56, 64, 1000)","(140, 64, 1000)",12345,67,0.6071428571428572
13,Feet,Rest,59.994802713394165,0.8571428571428571,1.0,"(56, 64, 1000)","(140, 64, 1000)",12345,67,0.8928571428571429
13,Tongue,Rest,60.85341143608093,0.8035714285714286,1.0,"(56, 64, 1000)","(140, 64, 1000)",12345,67,0.7142857142857143
13,Mis,Rest,60.32130432128906,0.7142857142857143,1.0,"(56, 64, 1000)","(140, 64, 1000)",12345,67,0.6964285714285714
