participant,class1,class2,running_time,test_acc,train_acc,test_size,train_size,train_block,test_block,test_acc_vote
14,Hand,Rest,58.610087633132935,0.9285714285714286,1.0,"(56, 64, 1000)","(140, 64, 1000)",12345,67,0.9107142857142856
14,Feet,Rest,58.63373303413391,0.8571428571428571,1.0,"(56, 64, 1000)","(140, 64, 1000)",12345,67,0.8928571428571429
14,Tongue,Rest,60.509089946746826,0.7321428571428571,1.0,"(56, 64, 1000)","(140, 64, 1000)",12345,67,0.7142857142857143
14,Mis,Rest,60.21688199043274,0.6964285714285714,1.0,"(56, 64, 1000)","(140, 64, 1000)",12345,67,0.75
