participant,class1,class2,running_time,test_acc,train_acc,test_size,train_size,train_block,test_block,test_acc_vote
6,Hand,Rest,58.900028467178345,0.8035714285714286,1.0,"(56, 64, 1000)","(140, 64, 1000)",12345,67,0.75
6,Feet,Rest,60.116400480270386,0.7857142857142857,0.9928571428571428,"(56, 64, 1000)","(140, 64, 1000)",12345,67,0.6964285714285714
6,Tongue,Rest,60.56928825378418,0.8392857142857143,1.0,"(56, 64, 1000)","(140, 64, 1000)",12345,67,0.8571428571428572
6,Mis,Rest,61.72077751159668,0.6607142857142857,1.0,"(56, 64, 1000)","(140, 64, 1000)",12345,67,0.5535714285714286
