participant,class1,class2,running_time,test_acc,train_acc,test_size,train_size,train_block,test_block,test_acc_vote
10,Hand,Rest,87.8493800163269,0.6605504587155964,1.0,"(436, 64, 1000)","(327, 64, 1000)",123,4567,0.6743119266055047
10,Feet,Rest,87.96276450157166,0.6261467889908257,1.0,"(436, 64, 1000)","(327, 64, 1000)",123,4567,0.6353211009174312
10,Tongue,Rest,88.03756523132324,0.6215596330275229,1.0,"(436, 64, 1000)","(327, 64, 1000)",123,4567,0.6284403669724771
10,Mis,Rest,88.97258114814758,0.6536697247706422,1.0,"(436, 64, 1000)","(327, 64, 1000)",123,4567,0.6467889908256881
