participant,class1,class2,running_time,test_acc,train_acc,test_size,train_size,train_block,test_block,test_acc_vote
11,Hand,Rest,88.25187516212463,0.7752293577981652,1.0,"(436, 64, 1000)","(327, 64, 1000)",123,4567,0.7844036697247706
11,Feet,Rest,88.10783123970032,0.8738532110091743,1.0,"(436, 64, 1000)","(327, 64, 1000)",123,4567,0.8761467889908257
11,Tongue,Rest,89.2105462551117,0.5940366972477065,1.0,"(436, 64, 1000)","(327, 64, 1000)",123,4567,0.591743119266055
11,Mis,Rest,88.58233284950256,0.6674311926605505,1.0,"(436, 64, 1000)","(327, 64, 1000)",123,4567,0.6834862385321101
