participant,class1,class2,running_time,test_acc,train_acc,test_size,train_size,train_block,test_block,test_acc_vote
14,Hand,Rest,86.98947405815125,0.6926605504587156,1.0,"(436, 64, 1000)","(327, 64, 1000)",123,4567,0.6972477064220184
14,Feet,Rest,88.41285037994385,0.5986238532110092,1.0,"(436, 64, 1000)","(327, 64, 1000)",123,4567,0.591743119266055
14,Tongue,Rest,89.51908469200134,0.5940366972477065,1.0,"(436, 64, 1000)","(327, 64, 1000)",123,4567,0.5963302752293578
14,Mis,Rest,88.45248174667358,0.6077981651376146,1.0,"(436, 64, 1000)","(327, 64, 1000)",123,4567,0.6169724770642202
