participant,class1,class2,running_time,test_acc,train_acc,test_size,train_size,train_block,test_block,test_acc_vote
5,Hand,Rest,87.04566788673401,0.573394495412844,1.0,"(436, 64, 1000)","(327, 64, 1000)",123,4567,0.5963302752293578
5,Feet,Rest,87.09125518798828,0.6284403669724771,1.0,"(436, 64, 1000)","(327, 64, 1000)",123,4567,0.6353211009174312
5,Tongue,Rest,88.44550728797913,0.7545871559633027,1.0,"(436, 64, 1000)","(327, 64, 1000)",123,4567,0.7729357798165137
5,Mis,Rest,88.9309983253479,0.6009174311926605,1.0,"(436, 64, 1000)","(327, 64, 1000)",123,4567,0.6055045871559632
