participant,class1,class2,running_time,test_acc,train_acc,test_size,train_size,train_block,test_block,test_acc_vote
14,Hand,Rest,104.44447207450868,0.6788990825688074,1.0,"(654, 64, 1000)","(109, 64, 1000)",1,234567,0.6681957186544343
14,Feet,Rest,104.6603331565857,0.6116207951070336,0.9908256880733946,"(654, 64, 1000)","(109, 64, 1000)",1,234567,0.6055045871559632
14,Tongue,Rest,107.01172614097597,0.5382262996941896,0.9908256880733946,"(654, 64, 1000)","(109, 64, 1000)",1,234567,0.5321100917431192
14,Mis,Rest,107.15095114707947,0.5397553516819572,0.981651376146789,"(654, 64, 1000)","(109, 64, 1000)",1,234567,0.5412844036697247
