class,test_acc,vote_acc
Hand,0.7386904761904761,0.7357142857142855
Feet,0.7232142857142856,0.7119047619047619
Tongue,0.6922619047619047,0.6827380952380953
Mis,0.6988095238095238,0.6875
