participant,class1,class2,running_time,test_acc,train_acc,test_size,train_size,train_block,test_block,test_acc_vote
10,Hand,Rest,78.69951319694519,0.5535714285714286,1.0,"(168, 64, 500)","(224, 64, 500)",1234,567,0.5833333333333333
10,Feet,Rest,80.64617013931274,0.6369047619047619,1.0,"(168, 64, 500)","(224, 64, 500)",1234,567,0.6309523809523809
10,Tongue,Rest,82.91605186462402,0.5357142857142857,1.0,"(168, 64, 500)","(224, 64, 500)",1234,567,0.5297619047619048
10,Mis,Rest,82.58771634101868,0.6190476190476191,1.0,"(168, 64, 500)","(224, 64, 500)",1234,567,0.5833333333333333
