participant,class1,class2,running_time,test_acc,train_acc,test_size,train_size,train_block,test_block,test_acc_vote
13,Hand,Rest,88.77364015579224,0.6726190476190477,1.0,"(168, 64, 500)","(224, 64, 500)",1234,567,0.6428571428571428
13,Feet,Rest,93.24886178970335,0.7857142857142857,1.0,"(168, 64, 500)","(224, 64, 500)",1234,567,0.7797619047619048
13,Tongue,Rest,104.3334469795227,0.7857142857142857,1.0,"(168, 64, 500)","(224, 64, 500)",1234,567,0.7738095238095238
13,Mis,Rest,93.33872103691101,0.7738095238095238,1.0,"(168, 64, 500)","(224, 64, 500)",1234,567,0.7380952380952381
