participant,class1,class2,running_time,test_acc,train_acc,test_size,train_size,train_block,test_block,test_acc_vote
5,Hand,Rest,76.19147658348083,0.6547619047619048,1.0,"(168, 64, 500)","(224, 64, 500)",1234,567,0.6845238095238095
5,Feet,Rest,76.64871096611023,0.6309523809523809,1.0,"(168, 64, 500)","(224, 64, 500)",1234,567,0.6011904761904762
5,Tongue,Rest,81.46725463867188,0.7976190476190477,1.0,"(168, 64, 500)","(224, 64, 500)",1234,567,0.8392857142857143
5,Mis,Rest,85.87167620658875,0.7202380952380952,1.0,"(168, 64, 500)","(224, 64, 500)",1234,567,0.6904761904761905
