participant,class1,class2,running_time,test_acc,train_acc,test_size,train_size,train_block,test_block,test_acc_vote
6,Hand,Rest,84.75562000274658,0.6488095238095238,1.0,"(168, 64, 500)","(224, 64, 500)",1234,567,0.6666666666666667
6,Feet,Rest,86.95699071884155,0.6964285714285714,1.0,"(168, 64, 500)","(224, 64, 500)",1234,567,0.6726190476190477
6,Tongue,Rest,86.5963203907013,0.7380952380952381,1.0,"(168, 64, 500)","(224, 64, 500)",1234,567,0.7678571428571428
6,Mis,Rest,89.2350869178772,0.6369047619047619,1.0,"(168, 64, 500)","(224, 64, 500)",1234,567,0.6309523809523809
