participant,class1,class2,running_time,test_acc,train_acc,test_size,train_size,train_block,test_block,test_acc_vote
7,Hand,Rest,80.65774011611938,0.7380952380952381,1.0,"(168, 64, 500)","(224, 64, 500)",1234,567,0.7619047619047619
7,Feet,Rest,80.5577802658081,0.7321428571428571,1.0,"(168, 64, 500)","(224, 64, 500)",1234,567,0.7440476190476191
7,Tongue,Rest,79.4908344745636,0.6488095238095238,1.0,"(168, 64, 500)","(224, 64, 500)",1234,567,0.5952380952380952
7,Mis,Rest,86.47689628601074,0.6607142857142857,1.0,"(168, 64, 500)","(224, 64, 500)",1234,567,0.6726190476190477
