participant,class1,class2,running_time,test_acc,train_acc,test_size,train_size,train_block,test_block,test_acc_vote
13,Hand,Rest,23.34323525428772,0.6785714285714286,1.0,"(56, 64, 1000)","(28, 64, 1000)",1,67,0.6964285714285714
13,Feet,Rest,23.318052768707275,0.5,1.0,"(56, 64, 1000)","(28, 64, 1000)",1,67,0.4821428571428571
13,Tongue,Rest,23.466769218444824,0.6428571428571429,1.0,"(56, 64, 1000)","(28, 64, 1000)",1,67,0.625
13,Mis,Rest,23.313101291656494,0.6071428571428571,1.0,"(56, 64, 1000)","(28, 64, 1000)",1,67,0.5714285714285714
