participant,class1,class2,running_time,test_acc,train_acc,test_size,train_size,train_block,test_block,test_acc_vote
14,Hand,Rest,23.54540228843689,0.4642857142857143,1.0,"(56, 64, 1000)","(28, 64, 1000)",1,67,0.5178571428571428
14,Feet,Rest,23.644366979599,0.4821428571428571,1.0,"(56, 64, 1000)","(28, 64, 1000)",1,67,0.5
14,Tongue,Rest,23.22217321395874,0.5357142857142857,1.0,"(56, 64, 1000)","(28, 64, 1000)",1,67,0.5357142857142857
14,Mis,Rest,23.429640293121338,0.4642857142857143,1.0,"(56, 64, 1000)","(28, 64, 1000)",1,67,0.5178571428571428
