participant,class1,class2,running_time,test_acc,train_acc,test_size,train_size,train_block,test_block,test_acc_vote
15,Hand,Rest,23.29386806488037,0.5,1.0,"(56, 64, 1000)","(28, 64, 1000)",1,67,0.4464285714285714
15,Feet,Rest,23.24550151824951,0.5178571428571429,1.0,"(56, 64, 1000)","(28, 64, 1000)",1,67,0.5535714285714286
15,Tongue,Rest,23.330392599105835,0.5178571428571429,1.0,"(56, 64, 1000)","(28, 64, 1000)",1,67,0.5357142857142857
15,Mis,Rest,23.133074283599854,0.48214285714285715,1.0,"(56, 64, 1000)","(28, 64, 1000)",1,67,0.4821428571428571
