participant,class1,class2,running_time,test_acc,train_acc,test_size,train_size,train_block,test_block,test_acc_vote
3,Hand,Rest,23.459951639175415,0.6785714285714286,1.0,"(56, 64, 1000)","(28, 64, 1000)",1,67,0.6071428571428572
3,Feet,Rest,23.36827802658081,0.5535714285714286,1.0,"(56, 64, 1000)","(28, 64, 1000)",1,67,0.4821428571428571
3,Tongue,Rest,23.270731687545776,0.5535714285714286,1.0,"(56, 64, 1000)","(28, 64, 1000)",1,67,0.5178571428571428
3,Mis,Rest,23.457463026046753,0.5535714285714286,1.0,"(56, 64, 1000)","(28, 64, 1000)",1,67,0.5178571428571428
