participant,class1,class2,running_time,test_acc,train_acc,test_size,train_size,train_block,test_block,test_acc_vote
6,Hand,Rest,24.100818872451782,0.5357142857142857,1.0,"(56, 64, 1000)","(28, 64, 1000)",1,67,0.5535714285714286
6,Feet,Rest,23.40283226966858,0.5357142857142857,1.0,"(56, 64, 1000)","(28, 64, 1000)",1,67,0.4821428571428571
6,Tongue,Rest,22.90050172805786,0.6428571428571429,1.0,"(56, 64, 1000)","(28, 64, 1000)",1,67,0.5714285714285714
6,Mis,Rest,23.312041997909546,0.5535714285714286,1.0,"(56, 64, 1000)","(28, 64, 1000)",1,67,0.5357142857142857
