participant,class1,class2,running_time,test_acc,train_acc,test_size,train_size,train_block,test_block,test_acc_vote
10,Hand,Rest,42.572603702545166,0.6666666666666666,0.9910714285714286,"(84, 64, 1000)","(112, 64, 1000)",1234,567,0.6190476190476191
10,Feet,Rest,42.195820569992065,0.6428571428571429,0.9910714285714286,"(84, 64, 1000)","(112, 64, 1000)",1234,567,0.5952380952380952
10,Tongue,Rest,43.84965968132019,0.6428571428571429,1.0,"(84, 64, 1000)","(112, 64, 1000)",1234,567,0.5714285714285714
10,Mis,Rest,43.36063194274902,0.8809523809523809,0.9821428571428571,"(84, 64, 1000)","(112, 64, 1000)",1234,567,0.8809523809523809
