participant,class1,class2,running_time,test_acc,train_acc,test_size,train_size,train_block,test_block,test_acc_vote
11,Hand,Rest,42.66015148162842,0.9166666666666666,0.9910714285714286,"(84, 64, 1000)","(112, 64, 1000)",1234,567,0.8928571428571429
11,Feet,Rest,41.947537422180176,0.9642857142857144,1.0,"(84, 64, 1000)","(112, 64, 1000)",1234,567,0.9642857142857144
11,Tongue,Rest,43.91082286834717,0.6666666666666666,1.0,"(84, 64, 1000)","(112, 64, 1000)",1234,567,0.6547619047619048
11,Mis,Rest,43.565274715423584,0.8095238095238095,1.0,"(84, 64, 1000)","(112, 64, 1000)",1234,567,0.7738095238095238
