participant,class1,class2,running_time,test_acc,train_acc,test_size,train_size,train_block,test_block,test_acc_vote
13,Hand,Rest,42.62727689743042,0.8571428571428571,0.9196428571428572,"(84, 64, 1000)","(112, 64, 1000)",1234,567,0.8095238095238095
13,Feet,Rest,42.22263789176941,0.8809523809523809,1.0,"(84, 64, 1000)","(112, 64, 1000)",1234,567,0.8690476190476191
13,Tongue,Rest,44.2119517326355,0.7976190476190477,1.0,"(84, 64, 1000)","(112, 64, 1000)",1234,567,0.7857142857142857
13,Mis,Rest,43.30825233459473,0.8095238095238095,0.9553571428571429,"(84, 64, 1000)","(112, 64, 1000)",1234,567,0.7976190476190477
