participant,class1,class2,running_time,test_acc,train_acc,test_size,train_size,train_block,test_block,test_acc_vote
6,Hand,Rest,42.77915716171265,0.6428571428571429,1.0,"(84, 64, 1000)","(112, 64, 1000)",1234,567,0.6785714285714286
6,Feet,Rest,41.942138671875,0.7976190476190477,1.0,"(84, 64, 1000)","(112, 64, 1000)",1234,567,0.7619047619047619
6,Tongue,Rest,44.13038492202759,0.6666666666666666,1.0,"(84, 64, 1000)","(112, 64, 1000)",1234,567,0.5952380952380952
6,Mis,Rest,43.624125242233276,0.7380952380952381,0.9821428571428571,"(84, 64, 1000)","(112, 64, 1000)",1234,567,0.7023809523809523
