participant,class1,class2,running_time,test_acc,train_acc,test_size,train_size,train_block,test_block,test_acc_vote
9,Hand,Rest,42.95257496833801,0.9404761904761904,0.9910714285714286,"(84, 64, 1000)","(112, 64, 1000)",1234,567,0.9404761904761904
9,Feet,Rest,42.351794481277466,0.988095238095238,1.0,"(84, 64, 1000)","(112, 64, 1000)",1234,567,0.988095238095238
9,Tongue,Rest,44.03272223472595,0.7738095238095238,1.0,"(84, 64, 1000)","(112, 64, 1000)",1234,567,0.7619047619047619
9,Mis,Rest,43.475221157073975,0.7261904761904762,1.0,"(84, 64, 1000)","(112, 64, 1000)",1234,567,0.6904761904761905
