participant,class1,class2,running_time,test_acc,train_acc,test_size,train_size,train_block,test_block,test_acc_vote
10,Hand,Rest,52.08381485939026,0.5476190476190477,1.0,"(168, 64, 1000)","(28, 64, 1000)",1,234567,0.5297619047619048
10,Feet,Rest,52.25029921531677,0.5595238095238095,1.0,"(168, 64, 1000)","(28, 64, 1000)",1,234567,0.5238095238095238
10,Tongue,Rest,53.498788595199585,0.6964285714285714,1.0,"(168, 64, 1000)","(28, 64, 1000)",1,234567,0.6428571428571428
10,Mis,Rest,53.423709869384766,0.6071428571428571,1.0,"(168, 64, 1000)","(28, 64, 1000)",1,234567,0.5773809523809523
