participant,class1,class2,running_time,test_acc,train_acc,test_size,train_size,train_block,test_block,test_acc_vote
14,Hand,Rest,53.26295852661133,0.6607142857142857,1.0,"(168, 64, 1000)","(28, 64, 1000)",1,234567,0.6071428571428572
14,Feet,Rest,52.135457038879395,0.5416666666666666,1.0,"(168, 64, 1000)","(28, 64, 1000)",1,234567,0.494047619047619
14,Tongue,Rest,53.54097008705139,0.5714285714285714,1.0,"(168, 64, 1000)","(28, 64, 1000)",1,234567,0.5714285714285714
14,Mis,Rest,53.900259256362915,0.5059523809523809,1.0,"(168, 64, 1000)","(28, 64, 1000)",1,234567,0.5119047619047619
