participant,class1,class2,running_time,test_acc,train_acc,test_size,train_size,train_block,test_block,test_acc_vote
14,Hand,Rest,68.00448656082153,0.8660714285714286,1.0,"(112, 64, 500)","(280, 64, 500)",12345,67,0.8482142857142857
14,Feet,Rest,68.2769284248352,0.7142857142857143,1.0,"(112, 64, 500)","(280, 64, 500)",12345,67,0.7857142857142857
14,Tongue,Rest,69.64978575706482,0.6696428571428571,1.0,"(112, 64, 500)","(280, 64, 500)",12345,67,0.6428571428571428
14,Mis,Rest,69.37313580513,0.6964285714285714,1.0,"(112, 64, 500)","(280, 64, 500)",12345,67,0.7142857142857143
