participant,class1,class2,running_time,test_acc,train_acc,test_size,train_size,train_block,test_block,test_acc_vote
16,Hand,Rest,68.41655421257019,0.6160714285714286,1.0,"(112, 64, 500)","(280, 64, 500)",12345,67,0.625
16,Feet,Rest,68.88714361190796,0.625,1.0,"(112, 64, 500)","(280, 64, 500)",12345,67,0.6339285714285714
16,Tongue,Rest,68.1410346031189,0.7321428571428571,1.0,"(112, 64, 500)","(280, 64, 500)",12345,67,0.8125
16,Mis,Rest,67.96518039703369,0.8035714285714286,1.0,"(112, 64, 500)","(280, 64, 500)",12345,67,0.7767857142857143
