participant,class1,class2,running_time,test_acc,train_acc,test_size,train_size,train_block,test_block,test_acc_vote
17,Hand,Rest,67.82642960548401,0.7678571428571429,1.0,"(112, 64, 500)","(280, 64, 500)",12345,67,0.8035714285714286
17,Feet,Rest,68.55453634262085,0.7232142857142857,1.0,"(112, 64, 500)","(280, 64, 500)",12345,67,0.7589285714285714
17,Tongue,Rest,69.46216154098511,0.7946428571428571,1.0,"(112, 64, 500)","(280, 64, 500)",12345,67,0.7857142857142857
17,Mis,Rest,69.16270709037781,0.8035714285714286,1.0,"(112, 64, 500)","(280, 64, 500)",12345,67,0.7767857142857143
