participant,class1,class2,running_time,test_acc,train_acc,test_size,train_size,train_block,test_block,test_acc_vote
18,Hand,Rest,69.344797372818,0.7053571428571429,1.0,"(112, 64, 500)","(280, 64, 500)",12345,67,0.7142857142857143
18,Feet,Rest,70.39105343818665,0.6696428571428571,1.0,"(112, 64, 500)","(280, 64, 500)",12345,67,0.5892857142857143
18,Tongue,Rest,68.08977007865906,0.7946428571428571,1.0,"(112, 64, 500)","(280, 64, 500)",12345,67,0.7946428571428572
18,Mis,Rest,68.09259462356567,0.6785714285714286,1.0,"(112, 64, 500)","(280, 64, 500)",12345,67,0.6964285714285714
