participant,class1,class2,running_time,test_acc,train_acc,test_size,train_size,train_block,test_block,test_acc_vote
19,Hand,Rest,69.37610411643982,0.7946428571428571,1.0,"(112, 64, 500)","(280, 64, 500)",12345,67,0.8035714285714286
19,Feet,Rest,70.62097215652466,0.6517857142857143,1.0,"(112, 64, 500)","(280, 64, 500)",12345,67,0.6875
19,Tongue,Rest,69.25123524665833,0.8035714285714286,1.0,"(112, 64, 500)","(280, 64, 500)",12345,67,0.8125
19,Mis,Rest,69.40260171890259,0.7321428571428571,1.0,"(112, 64, 500)","(280, 64, 500)",12345,67,0.7678571428571428
