participant,class1,class2,running_time,test_acc,train_acc,test_size,train_size,train_block,test_block,test_acc_vote
3,Hand,Rest,68.80895209312439,0.8482142857142857,1.0,"(112, 64, 500)","(280, 64, 500)",12345,67,0.9017857142857144
3,Feet,Rest,68.13901972770691,0.625,1.0,"(112, 64, 500)","(280, 64, 500)",12345,67,0.625
3,Tongue,Rest,69.8711187839508,0.7053571428571429,1.0,"(112, 64, 500)","(280, 64, 500)",12345,67,0.7321428571428572
3,Mis,Rest,69.77771258354187,0.8035714285714286,1.0,"(112, 64, 500)","(280, 64, 500)",12345,67,0.8035714285714286
