participant,class1,class2,running_time,test_acc,train_acc,test_size,train_size,train_block,test_block,test_acc_vote
6,Hand,Rest,68.81684303283691,0.7410714285714286,1.0,"(112, 64, 500)","(280, 64, 500)",12345,67,0.8214285714285714
6,Feet,Rest,70.41120719909668,0.7053571428571429,1.0,"(112, 64, 500)","(280, 64, 500)",12345,67,0.7053571428571428
6,Tongue,Rest,68.52780795097351,0.7410714285714286,1.0,"(112, 64, 500)","(280, 64, 500)",12345,67,0.7232142857142857
6,Mis,Rest,69.66803050041199,0.6964285714285714,1.0,"(112, 64, 500)","(280, 64, 500)",12345,67,0.7678571428571428
