participant,class1,class2,running_time,test_acc,train_acc,test_size,train_size,train_block,test_block,test_acc_vote
13,Hand,Rest,75.65455389022827,0.6758409785932722,1.0,"(654, 64, 1000)","(109, 64, 1000)",1,234567,0.6681957186544343
13,Feet,Rest,77.62837934494019,0.6406727828746177,1.0,"(654, 64, 1000)","(109, 64, 1000)",1,234567,0.636085626911315
13,Tongue,Rest,78.01686644554138,0.5886850152905199,1.0,"(654, 64, 1000)","(109, 64, 1000)",1,234567,0.5856269113149848
13,Mis,Rest,76.92664575576782,0.5474006116207951,1.0,"(654, 64, 1000)","(109, 64, 1000)",1,234567,0.5275229357798166
