participant,class1,class2,running_time,test_acc,train_acc,test_size,train_size,train_block,test_block,test_acc_vote
4,Hand,Rest,74.78519582748413,0.6253822629969419,1.0,"(654, 64, 1000)","(109, 64, 1000)",1,234567,0.6452599388379205
4,Feet,Rest,74.81119894981384,0.5519877675840978,1.0,"(654, 64, 1000)","(109, 64, 1000)",1,234567,0.5458715596330275
4,Tongue,Rest,77.1801540851593,0.6498470948012233,1.0,"(654, 64, 1000)","(109, 64, 1000)",1,234567,0.6391437308868502
4,Mis,Rest,76.96272087097168,0.5504587155963303,1.0,"(654, 64, 1000)","(109, 64, 1000)",1,234567,0.5519877675840978
