participant,class1,class2,running_time,test_acc,train_acc,test_size,train_size,train_block,test_block,test_acc_vote
7,Hand,Rest,76.48667430877686,0.5978593272171254,1.0,"(654, 64, 1000)","(109, 64, 1000)",1,234567,0.6039755351681957
7,Feet,Rest,74.79724502563477,0.6085626911314985,1.0,"(654, 64, 1000)","(109, 64, 1000)",1,234567,0.6162079510703364
7,Tongue,Rest,77.02174210548401,0.4954128440366973,1.0,"(654, 64, 1000)","(109, 64, 1000)",1,234567,0.4954128440366973
7,Mis,Rest,76.8113362789154,0.5336391437308868,1.0,"(654, 64, 1000)","(109, 64, 1000)",1,234567,0.5290519877675841
