class,test_acc,vote_acc
Hand,0.8267857142857145,0.8053571428571429
Feet,0.8392857142857142,0.825
Tongue,0.7678571428571428,0.7464285714285713
Mis,0.7678571428571428,0.7482142857142857
