participant,class1,class2,running_time,test_acc,train_acc,test_size,train_size,train_block,test_block,test_acc_vote
3,Hand,Rest,52.92568778991699,0.7857142857142857,1.0,"(168, 64, 1000)","(28, 64, 1000)",1,234567,0.7797619047619048
3,Feet,Rest,51.454792976379395,0.6369047619047619,1.0,"(168, 64, 1000)","(28, 64, 1000)",1,234567,0.5952380952380952
3,Tongue,Rest,54.651556968688965,0.6190476190476191,1.0,"(168, 64, 1000)","(28, 64, 1000)",1,234567,0.6071428571428572
3,Mis,Rest,54.462544202804565,0.6011904761904762,1.0,"(168, 64, 1000)","(28, 64, 1000)",1,234567,0.5952380952380952
