participant,class1,class2,running_time,test_acc,train_acc,test_size,train_size,train_block,test_block,test_acc_vote
5,Hand,Rest,52.91195487976074,0.6666666666666666,1.0,"(168, 64, 1000)","(28, 64, 1000)",1,234567,0.6547619047619048
5,Feet,Rest,51.39764189720154,0.5476190476190477,1.0,"(168, 64, 1000)","(28, 64, 1000)",1,234567,0.5595238095238095
5,Tongue,Rest,52.36939001083374,0.5714285714285714,1.0,"(168, 64, 1000)","(28, 64, 1000)",1,234567,0.5476190476190477
5,Mis,Rest,52.98214793205261,0.49404761904761907,1.0,"(168, 64, 1000)","(28, 64, 1000)",1,234567,0.47023809523809523
