participant,class1,class2,running_time,test_acc,train_acc,test_size,train_size,train_block,test_block,test_acc_vote
3,Hand,Rest,26.187586307525635,0.5357142857142857,1.0,"(112, 64, 500)","(56, 64, 500)",1,67,0.4910714285714286
3,Feet,Rest,26.223437786102295,0.5892857142857143,1.0,"(112, 64, 500)","(56, 64, 500)",1,67,0.5446428571428572
3,Tongue,Rest,26.844404220581055,0.5,1.0,"(112, 64, 500)","(56, 64, 500)",1,67,0.5267857142857143
3,Mis,Rest,26.256956815719604,0.5982142857142857,1.0,"(112, 64, 500)","(56, 64, 500)",1,67,0.5535714285714286
