participant,class1,class2,running_time,test_acc,train_acc,test_size,train_size,train_block,test_block,test_acc_vote
7,Hand,Rest,26.332921981811523,0.625,1.0,"(112, 64, 500)","(56, 64, 500)",1,67,0.6428571428571428
7,Feet,Rest,26.57214093208313,0.5357142857142857,1.0,"(112, 64, 500)","(56, 64, 500)",1,67,0.5446428571428572
7,Tongue,Rest,26.461339712142944,0.5,1.0,"(112, 64, 500)","(56, 64, 500)",1,67,0.5089285714285714
7,Mis,Rest,26.560113430023193,0.5892857142857143,1.0,"(112, 64, 500)","(56, 64, 500)",1,67,0.5803571428571428
