participant,class1,class2,running_time,test_acc,train_acc,test_size,train_size,train_block,test_block,test_acc_vote
9,Hand,Rest,26.68333339691162,0.8392857142857143,1.0,"(112, 64, 500)","(56, 64, 500)",1,67,0.8571428571428572
9,Feet,Rest,26.508033275604248,0.7142857142857143,1.0,"(112, 64, 500)","(56, 64, 500)",1,67,0.7053571428571428
9,Tongue,Rest,26.56809163093567,0.5267857142857143,1.0,"(112, 64, 500)","(56, 64, 500)",1,67,0.4821428571428571
9,Mis,Rest,26.71991491317749,0.48214285714285715,1.0,"(112, 64, 500)","(56, 64, 500)",1,67,0.4642857142857143
