class,test_acc,vote_acc
Hand,0.8464285714285713,0.8267857142857142
Feet,0.825,0.8053571428571427
Tongue,0.7642857142857143,0.725
Mis,0.775,0.7642857142857142
