participant,class1,class2,running_time,test_acc,train_acc,test_size,train_size,train_block,test_block,test_acc_vote
11,Hand,Rest,146.35698866844177,0.908256880733945,0.9412844036697248,"(218, 64, 1000)","(545, 64, 1000)",12345,67,0.9128440366972476
11,Feet,Rest,145.84621596336365,0.8899082568807339,0.9541284403669724,"(218, 64, 1000)","(545, 64, 1000)",12345,67,0.8944954128440367
11,Tongue,Rest,145.84627199172974,0.6605504587155964,0.9394495412844036,"(218, 64, 1000)","(545, 64, 1000)",12345,67,0.6651376146788991
11,Mis,Rest,145.7497866153717,0.6330275229357798,0.9321100917431193,"(218, 64, 1000)","(545, 64, 1000)",12345,67,0.6376146788990826
