participant,class1,class2,running_time,test_acc,train_acc,test_size,train_size,train_block,test_block,test_acc_vote
17,Hand,Rest,146.88558292388916,0.7752293577981652,0.9137614678899084,"(218, 64, 1000)","(545, 64, 1000)",12345,67,0.7752293577981652
17,Feet,Rest,145.45306730270386,0.7431192660550459,0.908256880733945,"(218, 64, 1000)","(545, 64, 1000)",12345,67,0.7431192660550459
17,Tongue,Rest,146.52733206748962,0.8486238532110092,0.9174311926605504,"(218, 64, 1000)","(545, 64, 1000)",12345,67,0.8532110091743119
17,Mis,Rest,145.57956838607788,0.7339449541284404,0.9247706422018349,"(218, 64, 1000)","(545, 64, 1000)",12345,67,0.7339449541284404
