participant,class1,class2,running_time,test_acc,train_acc,test_size,train_size,train_block,test_block,test_acc_vote
7,Hand,Rest,144.61978816986084,0.8211009174311926,0.9577981651376148,"(218, 64, 1000)","(545, 64, 1000)",12345,67,0.8302752293577982
7,Feet,Rest,145.55490493774414,0.8165137614678899,0.9541284403669724,"(218, 64, 1000)","(545, 64, 1000)",12345,67,0.8211009174311926
7,Tongue,Rest,146.10518145561218,0.6697247706422018,0.9577981651376148,"(218, 64, 1000)","(545, 64, 1000)",12345,67,0.6743119266055047
7,Mis,Rest,146.11122632026672,0.7568807339449541,0.9486238532110092,"(218, 64, 1000)","(545, 64, 1000)",12345,67,0.7614678899082569
