participant,class1,class2,running_time,test_acc,train_acc,test_size,train_size,train_block,test_block,test_acc_vote
10,Hand,Rest,51.58584499359131,0.6190476190476191,1.0,"(84, 64, 1000)","(56, 64, 1000)",12,84,0.5714285714285714
10,Feet,Rest,46.082648038864136,0.6309523809523809,1.0,"(84, 64, 1000)","(56, 64, 1000)",12,84,0.6666666666666667
10,Tongue,Rest,49.84372806549072,0.6190476190476191,1.0,"(84, 64, 1000)","(56, 64, 1000)",12,84,0.6547619047619048
10,Mis,Rest,41.17241048812866,0.6547619047619048,1.0,"(84, 64, 1000)","(56, 64, 1000)",12,84,0.7023809523809523
