participant,class1,class2,running_time,test_acc,train_acc,test_size,train_size,train_block,test_block,test_acc_vote
11,Hand,Rest,53.32218098640442,0.6309523809523809,0.9821428571428572,"(84, 64, 1000)","(56, 64, 1000)",12,84,0.7023809523809523
11,Feet,Rest,40.72000169754028,0.6190476190476191,0.9821428571428572,"(84, 64, 1000)","(56, 64, 1000)",12,84,0.5952380952380952
11,Tongue,Rest,53.3575177192688,0.6071428571428571,0.9285714285714286,"(84, 64, 1000)","(56, 64, 1000)",12,84,0.5714285714285714
11,Mis,Rest,37.35033965110779,0.6547619047619048,0.9107142857142857,"(84, 64, 1000)","(56, 64, 1000)",12,84,0.7261904761904762
