participant,class1,class2,running_time,test_acc,train_acc,test_size,train_size,train_block,test_block,test_acc_vote
12,Hand,Rest,50.89111804962158,0.8333333333333334,0.9821428571428572,"(84, 64, 1000)","(56, 64, 1000)",12,84,0.9285714285714286
12,Feet,Rest,39.86462926864624,0.7261904761904762,1.0,"(84, 64, 1000)","(56, 64, 1000)",12,84,0.7261904761904762
12,Tongue,Rest,40.92083811759949,0.7261904761904762,1.0,"(84, 64, 1000)","(56, 64, 1000)",12,84,0.8333333333333334
12,Mis,Rest,50.447293281555176,0.8333333333333334,1.0,"(84, 64, 1000)","(56, 64, 1000)",12,84,0.9166666666666666
