participant,class1,class2,running_time,test_acc,train_acc,test_size,train_size,train_block,test_block,test_acc_vote
14,Hand,Rest,39.43137836456299,1.0,1.0,"(84, 64, 1000)","(56, 64, 1000)",12,84,1.0
14,Feet,Rest,44.69232249259949,0.9761904761904762,1.0,"(84, 64, 1000)","(56, 64, 1000)",12,84,1.0
14,Tongue,Rest,43.41479825973511,0.9642857142857144,1.0,"(84, 64, 1000)","(56, 64, 1000)",12,84,1.0
14,Mis,Rest,43.46464514732361,0.9523809523809523,1.0,"(84, 64, 1000)","(56, 64, 1000)",12,84,0.9761904761904762
