participant,class1,class2,running_time,test_acc,train_acc,test_size,train_size,train_block,test_block,test_acc_vote
15,Hand,Rest,53.849753856658936,0.6547619047619048,1.0,"(84, 64, 1000)","(56, 64, 1000)",12,84,0.7023809523809523
15,Feet,Rest,37.8246169090271,0.7380952380952381,0.9821428571428572,"(84, 64, 1000)","(56, 64, 1000)",12,84,0.7738095238095238
15,Tongue,Rest,52.605881214141846,0.8809523809523809,0.9821428571428572,"(84, 64, 1000)","(56, 64, 1000)",12,84,0.9642857142857144
15,Mis,Rest,39.579530239105225,0.6547619047619048,0.9642857142857143,"(84, 64, 1000)","(56, 64, 1000)",12,84,0.6904761904761905
