participant,class1,class2,running_time,test_acc,train_acc,test_size,train_size,train_block,test_block,test_acc_vote
2,Hand,Rest,37.57006096839905,0.9761904761904762,0.9821428571428572,"(84, 64, 1000)","(56, 64, 1000)",12,84,1.0
2,Feet,Rest,46.989827156066895,0.9285714285714286,1.0,"(84, 64, 1000)","(56, 64, 1000)",12,84,1.0
2,Tongue,Rest,44.051878929138184,0.9285714285714286,1.0,"(84, 64, 1000)","(56, 64, 1000)",12,84,1.0
2,Mis,Rest,44.05942344665527,0.7857142857142857,1.0,"(84, 64, 1000)","(56, 64, 1000)",12,84,0.8809523809523809
