participant,class1,class2,running_time,test_acc,train_acc,test_size,train_size,train_block,test_block,test_acc_vote
4,Hand,Rest,56.34551429748535,0.6190476190476191,1.0,"(84, 64, 1000)","(56, 64, 1000)",12,84,0.5952380952380952
4,Feet,Rest,38.03987956047058,0.6190476190476191,1.0,"(84, 64, 1000)","(56, 64, 1000)",12,84,0.6428571428571428
4,Tongue,Rest,56.833640575408936,0.6785714285714286,1.0,"(84, 64, 1000)","(56, 64, 1000)",12,84,0.75
4,Mis,Rest,39.21659183502197,0.6428571428571429,1.0,"(84, 64, 1000)","(56, 64, 1000)",12,84,0.6309523809523809
