participant,class1,class2,running_time,test_acc,train_acc,test_size,train_size,train_block,test_block,test_acc_vote
7,Hand,Rest,41.57359981536865,0.8095238095238095,1.0,"(84, 64, 1000)","(56, 64, 1000)",12,84,0.8214285714285714
7,Feet,Rest,52.21996736526489,1.0,1.0,"(84, 64, 1000)","(56, 64, 1000)",12,84,1.0
7,Tongue,Rest,36.144139528274536,0.8928571428571429,0.9821428571428572,"(84, 64, 1000)","(56, 64, 1000)",12,84,0.9166666666666666
7,Mis,Rest,39.36685538291931,0.8571428571428571,1.0,"(84, 64, 1000)","(56, 64, 1000)",12,84,0.8809523809523809
