participant,class1,class2,running_time,test_acc,train_acc,test_size,train_size,train_block,test_block,test_acc_vote
10,Hand,Rest,40.931896924972534,0.7261904761904762,1.0,"(84, 64, 1000)","(112, 64, 1000)",1234,567,0.6904761904761905
10,Feet,Rest,40.35409474372864,0.7023809523809523,1.0,"(84, 64, 1000)","(112, 64, 1000)",1234,567,0.7142857142857143
10,Tongue,Rest,42.099848985672,0.6666666666666666,1.0,"(84, 64, 1000)","(112, 64, 1000)",1234,567,0.6309523809523809
10,Mis,Rest,41.47553586959839,0.7857142857142857,1.0,"(84, 64, 1000)","(112, 64, 1000)",1234,567,0.7619047619047619
