participant,class1,class2,running_time,test_acc,train_acc,test_size,train_size,train_block,test_block,test_acc_vote
3,Hand,Rest,40.82628774642944,0.8690476190476191,1.0,"(84, 64, 1000)","(112, 64, 1000)",1234,567,0.8452380952380952
3,Feet,Rest,40.12514638900757,0.5476190476190477,1.0,"(84, 64, 1000)","(112, 64, 1000)",1234,567,0.5119047619047619
3,Tongue,Rest,42.02212834358215,0.8571428571428571,1.0,"(84, 64, 1000)","(112, 64, 1000)",1234,567,0.7976190476190477
3,Mis,Rest,43.17965912818909,0.8452380952380952,1.0,"(84, 64, 1000)","(112, 64, 1000)",1234,567,0.8095238095238095
