participant,class1,class2,running_time,test_acc,train_acc,test_size,train_size,train_block,test_block,test_acc_vote
4,Hand,Rest,42.515278339385986,0.8214285714285714,1.0,"(84, 64, 1000)","(112, 64, 1000)",1234,567,0.8095238095238095
4,Feet,Rest,41.35584330558777,0.8452380952380952,1.0,"(84, 64, 1000)","(112, 64, 1000)",1234,567,0.7619047619047619
4,Tongue,Rest,42.983842611312866,0.7738095238095238,1.0,"(84, 64, 1000)","(112, 64, 1000)",1234,567,0.7142857142857143
4,Mis,Rest,43.29656744003296,0.7261904761904762,1.0,"(84, 64, 1000)","(112, 64, 1000)",1234,567,0.6785714285714286
