participant,class1,class2,running_time,test_acc,train_acc,test_size,train_size,train_block,test_block,test_acc_vote
10,Hand,Rest,39.63466572761536,0.6428571428571429,0.988095238095238,"(56, 64, 1000)","(84, 64, 1000)",123,67,0.625
10,Feet,Rest,39.43223428726196,0.6607142857142857,1.0,"(56, 64, 1000)","(84, 64, 1000)",123,67,0.6607142857142857
10,Tongue,Rest,39.70093297958374,0.7142857142857143,0.9523809523809524,"(56, 64, 1000)","(84, 64, 1000)",123,67,0.6785714285714286
10,Mis,Rest,40.015544176101685,0.7857142857142857,1.0,"(56, 64, 1000)","(84, 64, 1000)",123,67,0.7142857142857143
