participant,class1,class2,running_time,test_acc,train_acc,test_size,train_size,train_block,test_block,test_acc_vote
13,Hand,Rest,40.142356872558594,0.5892857142857143,0.9404761904761904,"(56, 64, 1000)","(84, 64, 1000)",123,67,0.5535714285714286
13,Feet,Rest,39.58217644691467,0.7678571428571429,1.0,"(56, 64, 1000)","(84, 64, 1000)",123,67,0.7857142857142857
13,Tongue,Rest,40.63433218002319,0.75,1.0,"(56, 64, 1000)","(84, 64, 1000)",123,67,0.75
13,Mis,Rest,41.03546404838562,0.75,0.9761904761904762,"(56, 64, 1000)","(84, 64, 1000)",123,67,0.6607142857142857
