participant,class1,class2,running_time,test_acc,train_acc,test_size,train_size,train_block,test_block,test_acc_vote
4,Hand,Rest,39.554805755615234,0.7678571428571429,1.0,"(56, 64, 1000)","(84, 64, 1000)",123,67,0.75
4,Feet,Rest,39.40114879608154,0.7678571428571429,1.0,"(56, 64, 1000)","(84, 64, 1000)",123,67,0.6607142857142857
4,Tongue,Rest,39.51734280586243,0.8392857142857143,1.0,"(56, 64, 1000)","(84, 64, 1000)",123,67,0.7857142857142857
4,Mis,Rest,40.49463725090027,0.7857142857142857,0.9880952380952381,"(56, 64, 1000)","(84, 64, 1000)",123,67,0.75
