participant,class1,class2,running_time,test_acc,train_acc,test_size,train_size,train_block,test_block,test_acc_vote
6,Hand,Rest,39.78080153465271,0.6964285714285714,1.0,"(56, 64, 1000)","(84, 64, 1000)",123,67,0.7321428571428572
6,Feet,Rest,39.683194160461426,0.7857142857142857,1.0,"(56, 64, 1000)","(84, 64, 1000)",123,67,0.7142857142857143
6,Tongue,Rest,39.985084772109985,0.7321428571428571,0.9761904761904762,"(56, 64, 1000)","(84, 64, 1000)",123,67,0.6964285714285714
6,Mis,Rest,40.182138204574585,0.6785714285714286,0.9523809523809523,"(56, 64, 1000)","(84, 64, 1000)",123,67,0.6071428571428572
