participant,class1,class2,running_time,test_acc,train_acc,test_size,train_size,train_block,test_block,test_acc_vote
7,Hand,Rest,40.7170193195343,0.8571428571428571,0.988095238095238,"(56, 64, 1000)","(84, 64, 1000)",123,67,0.8571428571428572
7,Feet,Rest,40.750861167907715,0.8928571428571429,1.0,"(56, 64, 1000)","(84, 64, 1000)",123,67,0.8928571428571429
7,Tongue,Rest,40.20762133598328,0.7321428571428571,0.988095238095238,"(56, 64, 1000)","(84, 64, 1000)",123,67,0.6428571428571428
7,Mis,Rest,39.47619700431824,0.6607142857142857,1.0,"(56, 64, 1000)","(84, 64, 1000)",123,67,0.5892857142857143
