participant,class1,class2,running_time,test_acc,train_acc,test_size,train_size,train_block,test_block,test_acc_vote
13,Hand,Rest,50.340320110321045,0.625,1.0,"(56, 64, 1000)","(112, 64, 1000)",1234,67,0.6071428571428572
13,Feet,Rest,50.27116584777832,0.7321428571428571,1.0,"(56, 64, 1000)","(112, 64, 1000)",1234,67,0.8214285714285714
13,Tongue,Rest,50.17497038841248,0.7142857142857143,1.0,"(56, 64, 1000)","(112, 64, 1000)",1234,67,0.6964285714285714
13,Mis,Rest,49.411139726638794,0.7321428571428571,1.0,"(56, 64, 1000)","(112, 64, 1000)",1234,67,0.6964285714285714
