participant,class1,class2,running_time,test_acc,train_acc,test_size,train_size,train_block,test_block,test_acc_vote
14,Hand,Rest,49.235883951187134,0.9107142857142856,1.0,"(56, 64, 1000)","(112, 64, 1000)",1234,67,0.875
14,Feet,Rest,49.27793788909912,0.8571428571428571,1.0,"(56, 64, 1000)","(112, 64, 1000)",1234,67,0.8214285714285714
14,Tongue,Rest,49.23983883857727,0.6607142857142857,1.0,"(56, 64, 1000)","(112, 64, 1000)",1234,67,0.625
14,Mis,Rest,49.27337336540222,0.6964285714285714,1.0,"(56, 64, 1000)","(112, 64, 1000)",1234,67,0.6785714285714286
