participant,class1,class2,running_time,test_acc,train_acc,test_size,train_size,train_block,test_block,test_acc_vote
15,Hand,Rest,48.806840658187866,0.9107142857142856,1.0,"(56, 64, 1000)","(103, 64, 1000)",1234,67,0.8571428571428572
15,Feet,Rest,49.91201710700989,0.7678571428571429,1.0,"(56, 64, 1000)","(112, 64, 1000)",1234,67,0.8035714285714286
15,Tongue,Rest,49.393970251083374,0.6071428571428571,1.0,"(56, 64, 1000)","(112, 64, 1000)",1234,67,0.625
15,Mis,Rest,50.407838344573975,0.6607142857142857,1.0,"(56, 64, 1000)","(112, 64, 1000)",1234,67,0.6964285714285714
