participant,class1,class2,running_time,test_acc,train_acc,test_size,train_size,train_block,test_block,test_acc_vote
18,Hand,Rest,49.34080958366394,0.7142857142857143,1.0,"(56, 64, 1000)","(112, 64, 1000)",1234,67,0.6964285714285714
18,Feet,Rest,49.1806321144104,0.6785714285714286,1.0,"(56, 64, 1000)","(112, 64, 1000)",1234,67,0.625
18,Tongue,Rest,49.30769968032837,0.8392857142857143,1.0,"(56, 64, 1000)","(112, 64, 1000)",1234,67,0.8214285714285714
18,Mis,Rest,49.836663246154785,0.6607142857142857,1.0,"(56, 64, 1000)","(112, 64, 1000)",1234,67,0.7321428571428572
