participant,class1,class2,running_time,test_acc,train_acc,test_size,train_size,train_block,test_block,test_acc_vote
5,Hand,Rest,49.01848363876343,0.6428571428571429,1.0,"(56, 64, 1000)","(112, 64, 1000)",1234,67,0.5892857142857143
5,Feet,Rest,49.38266706466675,0.8214285714285714,1.0,"(56, 64, 1000)","(112, 64, 1000)",1234,67,0.7678571428571428
5,Tongue,Rest,49.13387322425842,0.7678571428571429,1.0,"(56, 64, 1000)","(112, 64, 1000)",1234,67,0.8392857142857143
5,Mis,Rest,49.14331817626953,0.7678571428571429,1.0,"(56, 64, 1000)","(112, 64, 1000)",1234,67,0.7321428571428572
