participant,class1,class2,running_time,test_acc,train_acc,test_size,train_size,train_block,test_block,test_acc_vote
13,Hand,Rest,53.97978138923645,0.7946428571428571,0.9,"(112, 64, 500)","(280, 64, 500)",12345,67,0.7946428571428572
13,Feet,Rest,59.320645332336426,0.8035714285714286,0.9,"(112, 64, 500)","(280, 64, 500)",12345,67,0.8214285714285714
13,Tongue,Rest,58.57655906677246,0.7767857142857143,0.9464285714285714,"(112, 64, 500)","(280, 64, 500)",12345,67,0.7946428571428572
13,Mis,Rest,64.96536946296692,0.7142857142857143,0.9035714285714286,"(112, 64, 500)","(280, 64, 500)",12345,67,0.7232142857142857
