participant,class1,class2,running_time,test_acc,train_acc,test_size,train_size,train_block,test_block,test_acc_vote
17,Hand,Rest,64.74213171005249,0.7589285714285714,0.9071428571428573,"(112, 64, 500)","(280, 64, 500)",12345,67,0.7857142857142857
17,Feet,Rest,59.18605422973633,0.7053571428571429,0.8678571428571429,"(112, 64, 500)","(280, 64, 500)",12345,67,0.6875
17,Tongue,Rest,68.8540871143341,0.8214285714285714,0.85,"(112, 64, 500)","(280, 64, 500)",12345,67,0.8482142857142857
17,Mis,Rest,82.78371953964233,0.8035714285714286,0.9357142857142857,"(112, 64, 500)","(280, 64, 500)",12345,67,0.8125
