participant,class1,class2,running_time,test_acc,train_acc,test_size,train_size,train_block,test_block,test_acc_vote
18,Hand,Rest,63.2633843421936,0.6964285714285714,0.8857142857142857,"(112, 64, 500)","(280, 64, 500)",12345,67,0.6964285714285714
18,Feet,Rest,55.6433482170105,0.7321428571428571,0.9214285714285714,"(112, 64, 500)","(280, 64, 500)",12345,67,0.7410714285714286
18,Tongue,Rest,55.91947555541992,0.8125,0.8607142857142858,"(112, 64, 500)","(280, 64, 500)",12345,67,0.8303571428571428
18,Mis,Rest,54.812652587890625,0.7946428571428571,0.9071428571428571,"(112, 64, 500)","(280, 64, 500)",12345,67,0.8660714285714286
