participant,class1,class2,running_time,test_acc,train_acc,test_size,train_size,train_block,test_block,test_acc_vote
4,Hand,Rest,56.20599913597107,0.9107142857142856,0.9392857142857144,"(112, 64, 500)","(280, 64, 500)",12345,67,0.9464285714285714
4,Feet,Rest,49.46455931663513,0.7946428571428571,0.9214285714285714,"(112, 64, 500)","(280, 64, 500)",12345,67,0.7857142857142857
4,Tongue,Rest,53.02721691131592,0.7946428571428571,0.9285714285714286,"(112, 64, 500)","(280, 64, 500)",12345,67,0.8035714285714286
4,Mis,Rest,49.23541212081909,0.6696428571428571,0.9071428571428571,"(112, 64, 500)","(280, 64, 500)",12345,67,0.6607142857142857
