participant,class1,class2,running_time,test_acc,train_acc,test_size,train_size,train_block,test_block,test_acc_vote
9,Hand,Rest,54.60867619514465,0.8928571428571429,0.9357142857142856,"(112, 64, 500)","(280, 64, 500)",12345,67,0.8928571428571429
9,Feet,Rest,55.507612466812134,0.8660714285714286,0.975,"(112, 64, 500)","(280, 64, 500)",12345,67,0.875
9,Tongue,Rest,54.236210107803345,0.7053571428571429,0.9285714285714286,"(112, 64, 500)","(280, 64, 500)",12345,67,0.7142857142857143
9,Mis,Rest,64.54444789886475,0.7678571428571429,0.8928571428571429,"(112, 64, 500)","(280, 64, 500)",12345,67,0.7589285714285714
