participant,class1,class2,running_time,test_acc,train_acc,test_size,train_size,train_block,test_block,test_acc_vote
11,Hand,Rest,24.539222240448,0.5982142857142857,1.0,"(112, 64, 1000)","(28, 64, 1000)",1,112,0.6428571428571428
11,Feet,Rest,24.53349876403809,0.5535714285714286,1.0,"(112, 64, 1000)","(28, 64, 1000)",1,112,0.5714285714285714
11,Tongue,Rest,27.824652910232544,0.6071428571428571,1.0,"(112, 64, 1000)","(28, 64, 1000)",1,112,0.6696428571428572
11,Mis,Rest,23.270270347595215,0.5,1.0,"(112, 64, 1000)","(28, 64, 1000)",1,112,0.4642857142857143
