participant,class1,class2,running_time,test_acc,train_acc,test_size,train_size,train_block,test_block,test_acc_vote
14,Hand,Rest,24.86398434638977,1.0,1.0,"(112, 64, 1000)","(28, 64, 1000)",1,112,1.0
14,Feet,Rest,23.494302988052368,0.9375,1.0,"(112, 64, 1000)","(28, 64, 1000)",1,112,0.9910714285714286
14,Tongue,Rest,27.24402618408203,0.7232142857142857,1.0,"(112, 64, 1000)","(28, 64, 1000)",1,112,0.7589285714285714
14,Mis,Rest,25.009650945663452,0.6339285714285714,1.0,"(112, 64, 1000)","(28, 64, 1000)",1,112,0.6875
