participant,class1,class2,running_time,test_acc,train_acc,test_size,train_size,train_block,test_block,test_acc_vote
3,Hand,Rest,28.095860958099365,0.5982142857142857,1.0,"(112, 64, 1000)","(28, 64, 1000)",1,112,0.5446428571428572
3,Feet,Rest,28.23622679710388,0.6126126126126126,1.0,"(111, 64, 1000)","(28, 64, 1000)",1,111,0.5765765765765766
3,Tongue,Rest,24.10689425468445,0.5982142857142857,1.0,"(112, 64, 1000)","(28, 64, 1000)",1,112,0.625
3,Mis,Rest,24.470445156097412,0.7142857142857143,1.0,"(112, 64, 1000)","(28, 64, 1000)",1,112,0.6875
