participant,class1,class2,running_time,test_acc,train_acc,test_size,train_size,train_block,test_block,test_acc_vote
7,Hand,Rest,26.525609493255615,0.7142857142857143,1.0,"(112, 64, 1000)","(28, 64, 1000)",1,112,0.6875
7,Feet,Rest,24.94154953956604,0.6517857142857143,1.0,"(112, 64, 1000)","(28, 64, 1000)",1,112,0.6875
7,Tongue,Rest,27.803361177444454,0.75,1.0,"(112, 64, 1000)","(28, 64, 1000)",1,112,0.7589285714285714
7,Mis,Rest,27.043346166610718,0.7142857142857143,1.0,"(112, 64, 1000)","(28, 64, 1000)",1,112,0.7053571428571428
