participant,class1,class2,running_time,test_acc,train_acc,test_size,train_size,train_block,test_block,test_acc_vote
8,Hand,Rest,24.112915515899655,0.5982142857142857,1.0,"(112, 64, 1000)","(28, 64, 1000)",1,112,0.6428571428571428
8,Feet,Rest,26.94817805290222,0.5803571428571429,1.0,"(112, 64, 1000)","(28, 64, 1000)",1,112,0.6160714285714286
8,Tongue,Rest,22.87755560874939,0.5714285714285714,1.0,"(112, 64, 1000)","(28, 64, 1000)",1,112,0.6160714285714286
8,Mis,Rest,22.738778352737427,0.6964285714285714,1.0,"(112, 64, 1000)","(28, 64, 1000)",1,112,0.7232142857142857
