class,test_acc,vote_acc
Hand,0.7241071428571428,0.7406250000000002
Feet,0.7294642857142858,0.7375
Tongue,0.6821428571428572,0.7120535714285714
Mis,0.6691964285714286,0.6857142857142857
