participant,class1,class2,running_time,test_acc,train_acc,test_size,train_size,train_block,test_block,test_acc_vote
11,Hand,Rest,39.01075100898743,0.7589285714285714,1.0,"(224, 64, 500)","(168, 64, 500)",123,4567,0.78125
11,Feet,Rest,38.22904586791992,0.9017857142857144,1.0,"(224, 64, 500)","(168, 64, 500)",123,4567,0.9196428571428572
11,Tongue,Rest,40.10372018814087,0.7053571428571429,1.0,"(224, 64, 500)","(168, 64, 500)",123,4567,0.71875
11,Mis,Rest,39.62119936943054,0.6830357142857143,1.0,"(224, 64, 500)","(168, 64, 500)",123,4567,0.7008928571428572
