participant,class1,class2,running_time,test_acc,train_acc,test_size,train_size,train_block,test_block,test_acc_vote
3,Hand,Rest,38.82023620605469,0.7901785714285714,1.0,"(224, 64, 500)","(168, 64, 500)",123,4567,0.8035714285714286
3,Feet,Rest,38.58439612388611,0.5892857142857143,1.0,"(224, 64, 500)","(168, 64, 500)",123,4567,0.5669642857142857
3,Tongue,Rest,40.042667627334595,0.6830357142857143,1.0,"(224, 64, 500)","(168, 64, 500)",123,4567,0.6919642857142857
3,Mis,Rest,39.52347707748413,0.7991071428571429,1.0,"(224, 64, 500)","(168, 64, 500)",123,4567,0.7857142857142857
