participant,class1,class2,running_time,test_acc,train_acc,test_size,train_size,train_block,test_block,test_acc_vote
4,Hand,Rest,38.872349977493286,0.875,1.0,"(224, 64, 500)","(168, 64, 500)",123,4567,0.8883928571428571
4,Feet,Rest,38.618468046188354,0.7544642857142857,1.0,"(224, 64, 500)","(168, 64, 500)",123,4567,0.78125
4,Tongue,Rest,40.062880754470825,0.7633928571428571,1.0,"(224, 64, 500)","(168, 64, 500)",123,4567,0.7723214285714286
4,Mis,Rest,39.64917874336243,0.7321428571428571,1.0,"(224, 64, 500)","(168, 64, 500)",123,4567,0.7142857142857143
