participant,class1,class2,running_time,test_acc,train_acc,test_size,train_size,train_block,test_block,test_acc_vote
5,Hand,Rest,38.71964120864868,0.6205357142857143,1.0,"(224, 64, 500)","(168, 64, 500)",123,4567,0.6116071428571428
5,Feet,Rest,38.82627630233765,0.71875,1.0,"(224, 64, 500)","(168, 64, 500)",123,4567,0.7633928571428572
5,Tongue,Rest,39.765114545822144,0.6919642857142857,1.0,"(224, 64, 500)","(168, 64, 500)",123,4567,0.7232142857142857
5,Mis,Rest,39.56721353530884,0.5625,1.0,"(224, 64, 500)","(168, 64, 500)",123,4567,0.5580357142857143
