participant,class1,class2,running_time,test_acc,train_acc,test_size,train_size,train_block,test_block,test_acc_vote
6,Hand,Rest,38.89609122276306,0.6741071428571429,1.0,"(224, 64, 500)","(168, 64, 500)",123,4567,0.6830357142857143
6,Feet,Rest,38.33307099342346,0.7276785714285714,1.0,"(224, 64, 500)","(168, 64, 500)",123,4567,0.7366071428571428
6,Tongue,Rest,40.17761731147766,0.6517857142857143,1.0,"(224, 64, 500)","(168, 64, 500)",123,4567,0.6875
6,Mis,Rest,39.733250856399536,0.59375,1.0,"(224, 64, 500)","(168, 64, 500)",123,4567,0.6026785714285714
