participant,class1,class2,running_time,test_acc,train_acc,test_size,train_size,train_block,test_block,test_acc_vote
7,Hand,Rest,39.252689361572266,0.71875,1.0,"(224, 64, 500)","(168, 64, 500)",123,4567,0.7767857142857143
7,Feet,Rest,38.46874141693115,0.7053571428571429,1.0,"(224, 64, 500)","(168, 64, 500)",123,4567,0.7321428571428572
7,Tongue,Rest,39.94027996063232,0.6919642857142857,1.0,"(224, 64, 500)","(168, 64, 500)",123,4567,0.7410714285714286
7,Mis,Rest,39.64893698692322,0.6205357142857143,1.0,"(224, 64, 500)","(168, 64, 500)",123,4567,0.6607142857142857
