participant,class1,class2,running_time,test_acc,train_acc,test_size,train_size,train_block,test_block,test_acc_vote
11,Hand,Rest,71.80521035194397,0.8302752293577982,0.9678899082568808,"(218, 64, 1000)","(218, 64, 1000)",12,67,0.8256880733944953
11,Feet,Rest,72.08901357650757,0.8027522935779816,0.981651376146789,"(218, 64, 1000)","(218, 64, 1000)",12,67,0.8165137614678899
11,Tongue,Rest,71.6747817993164,0.6009174311926605,0.9954128440366972,"(218, 64, 1000)","(218, 64, 1000)",12,67,0.6146788990825688
11,Mis,Rest,71.17035222053528,0.591743119266055,0.9678899082568807,"(218, 64, 1000)","(218, 64, 1000)",12,67,0.5963302752293578
