participant,class1,class2,running_time,test_acc,train_acc,test_size,train_size,train_block,test_block,test_acc_vote
14,Hand,Rest,71.82837462425232,0.7889908256880734,0.963302752293578,"(218, 64, 1000)","(218, 64, 1000)",12,67,0.7798165137614679
14,Feet,Rest,71.73084712028503,0.6880733944954128,0.981651376146789,"(218, 64, 1000)","(218, 64, 1000)",12,67,0.6788990825688073
14,Tongue,Rest,72.29234552383423,0.7522935779816514,0.9908256880733946,"(218, 64, 1000)","(218, 64, 1000)",12,67,0.7660550458715596
14,Mis,Rest,71.83688235282898,0.6559633027522935,1.0,"(218, 64, 1000)","(218, 64, 1000)",12,67,0.6926605504587156
