participant,class1,class2,running_time,test_acc,train_acc,test_size,train_size,train_block,test_block,test_acc_vote
3,Hand,Rest,71.6523654460907,0.6697247706422018,0.9862385321100916,"(218, 64, 1000)","(218, 64, 1000)",12,67,0.6651376146788991
3,Feet,Rest,72.1436095237732,0.6009174311926605,0.9587155963302753,"(218, 64, 1000)","(218, 64, 1000)",12,67,0.591743119266055
3,Tongue,Rest,71.47464680671692,0.5825688073394495,0.9770642201834864,"(218, 64, 1000)","(218, 64, 1000)",12,67,0.5871559633027523
3,Mis,Rest,71.24709153175354,0.8165137614678899,0.9862385321100917,"(218, 64, 1000)","(218, 64, 1000)",12,67,0.8211009174311926
