participant,class1,class2,running_time,test_acc,train_acc,test_size,train_size,train_block,test_block,test_acc_vote
7,Hand,Rest,71.20290231704712,0.7660550458715596,0.9908256880733946,"(218, 64, 1000)","(218, 64, 1000)",12,67,0.7798165137614679
7,Feet,Rest,71.33477830886841,0.6605504587155964,0.981651376146789,"(218, 64, 1000)","(218, 64, 1000)",12,67,0.6743119266055047
7,Tongue,Rest,71.98484134674072,0.5642201834862385,0.9724770642201837,"(218, 64, 1000)","(218, 64, 1000)",12,67,0.5825688073394495
7,Mis,Rest,71.33550715446472,0.7110091743119266,0.9724770642201835,"(218, 64, 1000)","(218, 64, 1000)",12,67,0.7477064220183487
