participant,class1,class2,running_time,test_acc,train_acc,test_size,train_size,train_block,test_block,test_acc_vote
14,Hand,Rest,62.97135782241821,0.9285714285714286,1.0,"(56, 64, 1000)","(140, 64, 1000)",12345,67,0.9107142857142856
14,Feet,Rest,63.5990002155304,0.8214285714285714,1.0,"(56, 64, 1000)","(140, 64, 1000)",12345,67,0.7857142857142857
14,Tongue,Rest,64.57803845405579,0.7857142857142857,1.0,"(56, 64, 1000)","(140, 64, 1000)",12345,67,0.7857142857142857
14,Mis,Rest,66.1381254196167,0.6428571428571429,1.0,"(56, 64, 1000)","(140, 64, 1000)",12345,67,0.6428571428571428
