participant,class1,class2,running_time,test_acc,train_acc,test_size,train_size,train_block,test_block,test_acc_vote
6,Hand,Rest,62.3355872631073,0.75,1.0,"(56, 64, 1000)","(140, 64, 1000)",12345,67,0.7142857142857143
6,Feet,Rest,63.74035978317261,0.7678571428571429,1.0,"(56, 64, 1000)","(140, 64, 1000)",12345,67,0.7142857142857143
6,Tongue,Rest,65.49925136566162,0.8928571428571429,1.0,"(56, 64, 1000)","(140, 64, 1000)",12345,67,0.8571428571428572
6,Mis,Rest,64.57883739471436,0.8214285714285714,1.0,"(56, 64, 1000)","(140, 64, 1000)",12345,67,0.8214285714285714
