participant,class1,class2,running_time,test_acc,train_acc,test_size,train_size,train_block,test_block,test_acc_vote
7,Hand,Rest,62.91476774215698,0.7678571428571429,1.0,"(56, 64, 1000)","(140, 64, 1000)",12345,67,0.7321428571428572
7,Feet,Rest,63.97485375404358,0.9107142857142856,1.0,"(56, 64, 1000)","(140, 64, 1000)",12345,67,0.9107142857142856
7,Tongue,Rest,67.00256538391113,0.6785714285714286,1.0,"(56, 64, 1000)","(140, 64, 1000)",12345,67,0.6785714285714286
7,Mis,Rest,67.33360528945923,0.6428571428571429,1.0,"(56, 64, 1000)","(140, 64, 1000)",12345,67,0.6607142857142857
