class,test_acc,vote_acc
Hand,0.7732142857142856,0.7517857142857143
Feet,0.7455357142857142,0.73125
Tongue,0.7223214285714286,0.7017857142857143
Mis,0.6875000000000001,0.6580357142857143
