class,test_acc,vote_acc
Hand,0.6125,0.5797619047619047
Feet,0.5601190476190476,0.5434523809523809
Tongue,0.5226190476190476,0.5089285714285714
Mis,0.5589285714285713,0.531547619047619
