participant,class1,class2,running_time,test_acc,train_acc,test_size,train_size,train_block,test_block,test_acc_vote
11,Hand,Rest,53.74967050552368,0.5833333333333334,1.0,"(168, 64, 1000)","(28, 64, 1000)",1,234567,0.5476190476190477
11,Feet,Rest,52.513559341430664,0.6726190476190477,1.0,"(168, 64, 1000)","(28, 64, 1000)",1,234567,0.6071428571428572
11,Tongue,Rest,52.82433366775513,0.6011904761904762,1.0,"(168, 64, 1000)","(28, 64, 1000)",1,234567,0.5357142857142857
11,Mis,Rest,54.89696764945984,0.5773809523809523,1.0,"(168, 64, 1000)","(28, 64, 1000)",1,234567,0.5476190476190477
