participant,class1,class2,running_time,test_acc,train_acc,test_size,train_size,train_block,test_block,test_acc_vote
14,Hand,Rest,54.1735520362854,0.8154761904761905,1.0,"(168, 64, 1000)","(28, 64, 1000)",1,234567,0.75
14,Feet,Rest,53.92796349525452,0.6011904761904762,1.0,"(168, 64, 1000)","(28, 64, 1000)",1,234567,0.5714285714285714
14,Tongue,Rest,54.89966344833374,0.5238095238095238,1.0,"(168, 64, 1000)","(28, 64, 1000)",1,234567,0.5119047619047619
14,Mis,Rest,54.6083459854126,0.5238095238095238,1.0,"(168, 64, 1000)","(28, 64, 1000)",1,234567,0.45833333333333337
