participant,class1,class2,running_time,test_acc,train_acc,test_size,train_size,train_block,test_block,test_acc_vote
4,Hand,Rest,51.77789306640625,0.8452380952380952,1.0,"(168, 64, 1000)","(28, 64, 1000)",1,234567,0.7976190476190477
4,Feet,Rest,52.05207657814026,0.7083333333333334,1.0,"(168, 64, 1000)","(28, 64, 1000)",1,234567,0.6488095238095238
4,Tongue,Rest,51.89516305923462,0.5535714285714286,1.0,"(168, 64, 1000)","(28, 64, 1000)",1,234567,0.4821428571428571
4,Mis,Rest,53.80145525932312,0.5773809523809523,1.0,"(168, 64, 1000)","(28, 64, 1000)",1,234567,0.5476190476190477
