participant,class1,class2,running_time,test_acc,train_acc,test_size,train_size,train_block,test_block,test_acc_vote
5,Hand,Rest,52.19401216506958,0.5119047619047619,1.0,"(168, 64, 1000)","(28, 64, 1000)",1,234567,0.4821428571428571
5,Feet,Rest,52.50641751289368,0.5357142857142857,1.0,"(168, 64, 1000)","(28, 64, 1000)",1,234567,0.494047619047619
5,Tongue,Rest,52.712151288986206,0.4880952380952381,1.0,"(168, 64, 1000)","(28, 64, 1000)",1,234567,0.5059523809523809
5,Mis,Rest,53.640517473220825,0.5,1.0,"(168, 64, 1000)","(28, 64, 1000)",1,234567,0.49404761904761907
