participant,class1,class2,running_time,test_acc,train_acc,test_size,train_size,train_block,test_block,test_acc_vote
7,Hand,Rest,51.28241586685181,0.5059523809523809,1.0,"(168, 64, 1000)","(28, 64, 1000)",1,234567,0.5119047619047619
7,Feet,Rest,50.989797592163086,0.5416666666666666,1.0,"(168, 64, 1000)","(28, 64, 1000)",1,234567,0.5595238095238095
7,Tongue,Rest,52.944326877593994,0.494047619047619,1.0,"(168, 64, 1000)","(28, 64, 1000)",1,234567,0.5297619047619048
7,Mis,Rest,52.742873430252075,0.48214285714285715,1.0,"(168, 64, 1000)","(28, 64, 1000)",1,234567,0.48809523809523814
