participant,class1,class2,running_time,test_acc,train_acc,test_size,train_size,train_block,test_block,test_acc_vote
9,Hand,Rest,50.23159599304199,0.5654761904761905,1.0,"(168, 64, 1000)","(28, 64, 1000)",1,234567,0.5119047619047619
9,Feet,Rest,52.29223871231079,0.3988095238095238,1.0,"(168, 64, 1000)","(28, 64, 1000)",1,234567,0.4464285714285714
9,Tongue,Rest,53.644269704818726,0.4761904761904761,1.0,"(168, 64, 1000)","(28, 64, 1000)",1,234567,0.5059523809523809
9,Mis,Rest,53.11377477645874,0.5595238095238095,1.0,"(168, 64, 1000)","(28, 64, 1000)",1,234567,0.5238095238095238
