participant,class1,class2,running_time,test_acc,train_acc,test_size,train_size,train_block,test_block,test_acc_vote
5,Hand,Rest,37.238051891326904,0.6904761904761905,0.9910714285714286,"(84, 64, 1000)","(112, 64, 1000)",1234,567,0.6904761904761905
5,Feet,Rest,37.34729027748108,0.7976190476190477,0.9910714285714286,"(84, 64, 1000)","(112, 64, 1000)",1234,567,0.7380952380952381
5,Tongue,Rest,38.459224224090576,0.75,0.9910714285714286,"(84, 64, 1000)","(112, 64, 1000)",1234,567,0.7142857142857143
5,Mis,Rest,38.84018921852112,0.7976190476190477,1.0,"(84, 64, 1000)","(112, 64, 1000)",1234,567,0.7738095238095238
