participant,class1,class2,running_time,test_acc,train_acc,test_size,train_size,train_block,test_block,test_acc_vote
14,Hand,Rest,39.47805953025818,0.8258928571428571,1.0,"(224, 64, 500)","(168, 64, 500)",123,4567,0.7946428571428572
14,Feet,Rest,39.02490329742432,0.6294642857142857,1.0,"(224, 64, 500)","(168, 64, 500)",123,4567,0.6071428571428572
14,Tongue,Rest,40.69531846046448,0.5625,1.0,"(224, 64, 500)","(168, 64, 500)",123,4567,0.5446428571428572
14,Mis,Rest,40.36597967147827,0.6026785714285714,1.0,"(224, 64, 500)","(168, 64, 500)",123,4567,0.625
