participant,class1,class2,running_time,test_acc,train_acc,test_size,train_size,train_block,test_block,test_acc_vote
4,Hand,Rest,39.51967406272888,0.8303571428571429,1.0,"(224, 64, 500)","(168, 64, 500)",123,4567,0.8348214285714286
4,Feet,Rest,39.054851055145264,0.7723214285714286,1.0,"(224, 64, 500)","(168, 64, 500)",123,4567,0.8035714285714286
4,Tongue,Rest,40.595476388931274,0.7633928571428571,1.0,"(224, 64, 500)","(168, 64, 500)",123,4567,0.7544642857142857
4,Mis,Rest,40.25815939903259,0.7455357142857143,1.0,"(224, 64, 500)","(168, 64, 500)",123,4567,0.75
