participant,class1,class2,running_time,test_acc,train_acc,test_size,train_size,train_block,test_block,test_acc_vote
5,Hand,Rest,39.53824734687805,0.5892857142857143,1.0,"(224, 64, 500)","(168, 64, 500)",123,4567,0.5892857142857143
5,Feet,Rest,39.19770503044128,0.6607142857142857,1.0,"(224, 64, 500)","(168, 64, 500)",123,4567,0.6383928571428572
5,Tongue,Rest,40.952537536621094,0.8080357142857143,1.0,"(224, 64, 500)","(168, 64, 500)",123,4567,0.8214285714285714
5,Mis,Rest,40.2333767414093,0.5,1.0,"(224, 64, 500)","(168, 64, 500)",123,4567,0.5044642857142857
