participant,class1,class2,running_time,test_acc,train_acc,test_size,train_size,train_block,test_block,test_acc_vote
10,Hand,Rest,40.177053689956665,0.7678571428571429,1.0,"(56, 64, 1000)","(140, 64, 1000)",12345,67,0.6785714285714286
10,Feet,Rest,38.986650228500366,0.625,1.0,"(56, 64, 1000)","(140, 64, 1000)",12345,67,0.5892857142857143
10,Tongue,Rest,39.579694747924805,0.75,1.0,"(56, 64, 1000)","(140, 64, 1000)",12345,67,0.6785714285714286
10,Mis,Rest,40.23986482620239,0.7857142857142857,1.0,"(56, 64, 1000)","(140, 64, 1000)",12345,67,0.75
