participant,class1,class2,running_time,test_acc,train_acc,test_size,train_size,train_block,test_block,test_acc_vote
3,Hand,Rest,39.92544674873352,0.8214285714285714,1.0,"(56, 64, 1000)","(140, 64, 1000)",12345,67,0.7678571428571428
3,Feet,Rest,39.743521213531494,0.5714285714285714,1.0,"(56, 64, 1000)","(140, 64, 1000)",12345,67,0.4821428571428571
3,Tongue,Rest,40.72673153877258,0.7857142857142857,1.0,"(56, 64, 1000)","(140, 64, 1000)",12345,67,0.6964285714285714
3,Mis,Rest,44.302587270736694,0.8928571428571429,1.0,"(56, 64, 1000)","(140, 64, 1000)",12345,67,0.8928571428571429
