participant,class1,class2,running_time,test_acc,train_acc,test_size,train_size,train_block,test_block,test_acc_vote
13,Hand,Rest,198.59167289733887,0.6880733944954128,1.0,"(545, 64, 1000)","(218, 64, 1000)",12,34567,0.6678899082568808
13,Feet,Rest,196.3982105255127,0.763302752293578,1.0,"(545, 64, 1000)","(218, 64, 1000)",12,34567,0.7834862385321101
13,Tongue,Rest,111.76783180236816,0.7743119266055046,1.0,"(545, 64, 1000)","(218, 64, 1000)",12,34567,0.7834862385321101
13,Mis,Rest,90.15281510353088,0.7174311926605504,1.0,"(545, 64, 1000)","(218, 64, 1000)",12,34567,0.7394495412844037
