participant,class1,class2,running_time,test_acc,train_acc,test_size,train_size,train_block,test_block,test_acc_vote
14,Hand,Rest,87.91498351097107,0.7486238532110092,1.0,"(545, 64, 1000)","(218, 64, 1000)",12,34567,0.7504587155963303
14,Feet,Rest,89.38156723976135,0.653211009174312,1.0,"(545, 64, 1000)","(218, 64, 1000)",12,34567,0.655045871559633
14,Tongue,Rest,89.22920751571655,0.5908256880733945,1.0,"(545, 64, 1000)","(218, 64, 1000)",12,34567,0.5853211009174312
14,Mis,Rest,90.09268522262573,0.4972477064220184,1.0,"(545, 64, 1000)","(218, 64, 1000)",12,34567,0.510091743119266
