participant,class1,class2,running_time,test_acc,train_acc,test_size,train_size,train_block,test_block,test_acc_vote
3,Hand,Rest,127.33022260665894,0.6311926605504588,1.0,"(545, 64, 1000)","(218, 64, 1000)",12,34567,0.6256880733944954
3,Feet,Rest,168.42521047592163,0.6660550458715596,1.0,"(545, 64, 1000)","(218, 64, 1000)",12,34567,0.6844036697247706
3,Tongue,Rest,129.47477173805237,0.634862385321101,1.0,"(545, 64, 1000)","(218, 64, 1000)",12,34567,0.6403669724770642
3,Mis,Rest,112.57459616661072,0.655045871559633,1.0,"(545, 64, 1000)","(218, 64, 1000)",12,34567,0.6660550458715596
