participant,class1,class2,running_time,test_acc,train_acc,test_size,train_size,train_block,test_block,test_acc_vote
4,Hand,Rest,139.53555250167847,0.8458715596330275,1.0,"(545, 64, 1000)","(218, 64, 1000)",12,34567,0.8568807339449541
4,Feet,Rest,131.67790985107422,0.7431192660550459,1.0,"(545, 64, 1000)","(218, 64, 1000)",12,34567,0.7486238532110092
4,Tongue,Rest,164.2120430469513,0.7357798165137615,1.0,"(545, 64, 1000)","(218, 64, 1000)",12,34567,0.7467889908256881
4,Mis,Rest,199.2554054260254,0.708256880733945,1.0,"(545, 64, 1000)","(218, 64, 1000)",12,34567,0.7045871559633028
