participant,class1,class2,running_time,test_acc,train_acc,test_size,train_size,train_block,test_block,test_acc_vote
6,Hand,Rest,127.36074829101562,0.6128440366972477,1.0,"(545, 64, 1000)","(218, 64, 1000)",12,34567,0.6146788990825688
6,Feet,Rest,141.4655055999756,0.6,1.0,"(545, 64, 1000)","(218, 64, 1000)",12,34567,0.6036697247706422
6,Tongue,Rest,121.1715602874756,0.5614678899082569,1.0,"(545, 64, 1000)","(218, 64, 1000)",12,34567,0.5541284403669724
6,Mis,Rest,165.21069049835205,0.6220183486238532,1.0,"(545, 64, 1000)","(218, 64, 1000)",12,34567,0.6330275229357798
