participant,class1,class2,running_time,test_acc,train_acc,test_size,train_size,train_block,test_block,test_acc_vote
9,Hand,Rest,141.51633381843567,0.726605504587156,1.0,"(545, 64, 1000)","(218, 64, 1000)",12,34567,0.7357798165137615
9,Feet,Rest,89.55582427978516,0.6422018348623854,1.0,"(545, 64, 1000)","(218, 64, 1000)",12,34567,0.6330275229357798
9,Tongue,Rest,100.61713790893556,0.4678899082568807,1.0,"(545, 64, 1000)","(218, 64, 1000)",12,34567,0.4568807339449541
9,Mis,Rest,127.24803066253662,0.5577981651376147,1.0,"(545, 64, 1000)","(218, 64, 1000)",12,34567,0.5577981651376147
