participant,class1,class2,running_time,test_acc,train_acc,test_size,train_size,train_block,test_block,test_acc_vote
11,Hand,Rest,36.726171255111694,0.6160714285714286,1.0,"(224, 64, 250)","(112, 64, 250)",1,67,0.6517857142857143
11,Feet,Rest,36.57561755180359,0.5848214285714286,1.0,"(224, 64, 250)","(112, 64, 250)",1,67,0.5892857142857143
11,Tongue,Rest,36.65088868141174,0.5580357142857143,1.0,"(224, 64, 250)","(112, 64, 250)",1,67,0.5
11,Mis,Rest,36.55254602432251,0.5357142857142857,1.0,"(224, 64, 250)","(112, 64, 250)",1,67,0.5178571428571428
