participant,class1,class2,running_time,test_acc,train_acc,test_size,train_size,train_block,test_block,test_acc_vote
15,Hand,Rest,36.18291258811951,0.53125,1.0,"(224, 64, 250)","(112, 64, 250)",1,67,0.5223214285714286
15,Feet,Rest,37.01342797279358,0.5267857142857143,1.0,"(224, 64, 250)","(112, 64, 250)",1,67,0.5401785714285714
15,Tongue,Rest,36.49605131149292,0.5491071428571429,1.0,"(224, 64, 250)","(112, 64, 250)",1,67,0.5714285714285714
15,Mis,Rest,36.572407484054565,0.45089285714285715,1.0,"(224, 64, 250)","(112, 64, 250)",1,67,0.4107142857142857
