participant,class1,class2,running_time,test_acc,train_acc,test_size,train_size,train_block,test_block,test_acc_vote
16,Hand,Rest,36.39231610298157,0.5178571428571429,1.0,"(224, 64, 250)","(112, 64, 250)",1,67,0.5178571428571428
16,Feet,Rest,36.36840057373047,0.625,1.0,"(224, 64, 250)","(112, 64, 250)",1,67,0.65625
16,Tongue,Rest,37.2676215171814,0.59375,1.0,"(224, 64, 250)","(112, 64, 250)",1,67,0.5892857142857143
16,Mis,Rest,36.474344968795776,0.6071428571428571,1.0,"(224, 64, 250)","(112, 64, 250)",1,67,0.6160714285714286
