participant,class1,class2,running_time,test_acc,train_acc,test_size,train_size,train_block,test_block,test_acc_vote
7,Hand,Rest,100.311110496521,0.8073394495412844,0.9587155963302753,"(327, 64, 1000)","(436, 64, 1000)",1234,567,0.8287461773700306
7,Feet,Rest,90.773113489151,0.8256880733944955,0.9587155963302753,"(327, 64, 1000)","(436, 64, 1000)",1234,567,0.8287461773700306
7,Tongue,Rest,91.31804203987122,0.7828746177370031,0.970183486238532,"(327, 64, 1000)","(436, 64, 1000)",1234,567,0.7828746177370031
7,Mis,Rest,91.7948043346405,0.7217125382262997,0.9655963302752294,"(327, 64, 1000)","(436, 64, 1000)",1234,567,0.7400611620795108
