participant,class1,class2,running_time,test_acc,train_acc,test_size,train_size,train_block,test_block,test_acc_vote
11,Hand,Rest,77.44739246368408,0.8392857142857143,0.9955357142857144,"(224, 64, 250)","(448, 64, 250)",1234,67,0.8660714285714286
11,Feet,Rest,77.7778811454773,0.8482142857142857,1.0,"(224, 64, 250)","(448, 64, 250)",1234,67,0.90625
11,Tongue,Rest,76.67193794250488,0.6607142857142857,0.9977678571428572,"(224, 64, 250)","(448, 64, 250)",1234,67,0.6517857142857143
11,Mis,Rest,77.82367873191833,0.7232142857142857,1.0,"(224, 64, 250)","(448, 64, 250)",1234,67,0.7723214285714286
