participant,class1,class2,running_time,test_acc,train_acc,test_size,train_size,train_block,test_block,test_acc_vote
14,Hand,Rest,78.13277196884155,0.8080357142857143,0.9799107142857144,"(224, 64, 250)","(448, 64, 250)",1234,67,0.8169642857142857
14,Feet,Rest,77.10459303855896,0.6116071428571429,0.9977678571428572,"(224, 64, 250)","(448, 64, 250)",1234,67,0.5982142857142857
14,Tongue,Rest,76.42923998832703,0.65625,0.9955357142857144,"(224, 64, 250)","(448, 64, 250)",1234,67,0.6696428571428572
14,Mis,Rest,76.31940174102783,0.6383928571428571,0.9933035714285714,"(224, 64, 250)","(448, 64, 250)",1234,67,0.6651785714285714
