participant,class1,class2,running_time,test_acc,train_acc,test_size,train_size,train_block,test_block,test_acc_vote
17,Hand,Rest,76.35309314727783,0.7589285714285714,0.8995535714285714,"(224, 64, 250)","(448, 64, 250)",1234,67,0.7723214285714286
17,Feet,Rest,76.40861916542053,0.6919642857142857,0.8727678571428571,"(224, 64, 250)","(448, 64, 250)",1234,67,0.6785714285714286
17,Tongue,Rest,76.08645939826965,0.8035714285714286,0.9508928571428572,"(224, 64, 250)","(448, 64, 250)",1234,67,0.8303571428571428
17,Mis,Rest,76.33499312400818,0.7946428571428571,0.9397321428571429,"(224, 64, 250)","(448, 64, 250)",1234,67,0.7946428571428572
