participant,class1,class2,running_time,test_acc,train_acc,test_size,train_size,train_block,test_block,test_acc_vote
9,Hand,Rest,76.35199213027954,0.8214285714285714,0.9241071428571428,"(224, 64, 250)","(448, 64, 250)",1234,67,0.8660714285714286
9,Feet,Rest,76.29608058929443,0.8348214285714286,0.984375,"(224, 64, 250)","(448, 64, 250)",1234,67,0.8571428571428572
9,Tongue,Rest,77.00422167778015,0.7142857142857143,0.9107142857142856,"(224, 64, 250)","(448, 64, 250)",1234,67,0.7767857142857143
9,Mis,Rest,77.73017048835754,0.6696428571428571,0.9263392857142857,"(224, 64, 250)","(448, 64, 250)",1234,67,0.6875
