participant,class1,class2,running_time,test_acc,train_acc,test_size,train_size,train_block,test_block,test_acc_vote
3,Hand,Rest,53.51415419578552,0.7678571428571429,1.0,"(112, 64, 1000)","(84, 64, 1000)",123,4567,0.7053571428571428
3,Feet,Rest,52.77645444869995,0.625,1.0,"(112, 64, 1000)","(84, 64, 1000)",123,4567,0.6071428571428572
3,Tongue,Rest,54.967955589294434,0.8035714285714286,1.0,"(112, 64, 1000)","(84, 64, 1000)",123,4567,0.7410714285714286
3,Mis,Rest,54.73682713508606,0.7857142857142857,1.0,"(112, 64, 1000)","(84, 64, 1000)",123,4567,0.7857142857142857
