participant,class1,class2,running_time,test_acc,train_acc,test_size,train_size,train_block,test_block,test_acc_vote
7,Hand,Rest,53.483824014663696,0.75,1.0,"(112, 64, 1000)","(84, 64, 1000)",123,4567,0.7857142857142857
7,Feet,Rest,53.016056537628174,0.8214285714285714,1.0,"(112, 64, 1000)","(84, 64, 1000)",123,4567,0.8392857142857143
7,Tongue,Rest,55.29970121383667,0.7321428571428571,1.0,"(112, 64, 1000)","(84, 64, 1000)",123,4567,0.7232142857142857
7,Mis,Rest,54.915610790252686,0.5714285714285714,1.0,"(112, 64, 1000)","(84, 64, 1000)",123,4567,0.5714285714285714
