class,test_acc,vote_acc
Hand,0.8785714285714286,0.8571428571428572
Feet,0.75,0.7285714285714286
Tongue,0.5642857142857143,0.5357142857142857
Mis,0.55,0.5357142857142857
