participant,class1,class2,running_time,test_acc,train_acc,test_size,train_size,train_block,test_block,test_acc_vote
14,Hand,Rest,37.61824607849121,0.9464285714285714,1.0,"(56, 64, 1000)","(140, 64, 1000)",12345,67,0.9285714285714286
14,Feet,Rest,38.24926662445069,0.8928571428571429,1.0,"(56, 64, 1000)","(140, 64, 1000)",12345,67,0.875
14,Tongue,Rest,39.43935871124267,0.7857142857142857,1.0,"(56, 64, 1000)","(140, 64, 1000)",12345,67,0.7678571428571428
14,Mis,Rest,38.759066343307495,0.6964285714285714,1.0,"(56, 64, 1000)","(140, 64, 1000)",12345,67,0.6428571428571428
