participant,class1,class2,running_time,test_acc,train_acc,test_size,train_size,train_block,test_block,test_acc_vote
6,Hand,Rest,37.6376166343689,0.6428571428571429,1.0,"(56, 64, 1000)","(140, 64, 1000)",12345,67,0.6071428571428572
6,Feet,Rest,37.477511405944824,0.7857142857142857,1.0,"(56, 64, 1000)","(140, 64, 1000)",12345,67,0.8214285714285714
6,Tongue,Rest,38.58755278587341,0.8571428571428571,1.0,"(56, 64, 1000)","(140, 64, 1000)",12345,67,0.875
6,Mis,Rest,38.13793134689331,0.7678571428571429,1.0,"(56, 64, 1000)","(140, 64, 1000)",12345,67,0.7857142857142857
