participant,class1,class2,running_time,test_acc,train_acc,test_size,train_size,train_block,test_block,test_acc_vote
11,Hand,Rest,144.25457191467285,0.8577981651376146,1.0,"(218, 64, 1000)","(545, 64, 1000)",12345,67,0.8807339449541285
11,Feet,Rest,145.3867266178131,0.8807339449541285,1.0,"(218, 64, 1000)","(545, 64, 1000)",12345,67,0.8990825688073394
11,Tongue,Rest,144.9975426197052,0.6009174311926605,1.0,"(218, 64, 1000)","(545, 64, 1000)",12345,67,0.5963302752293578
11,Mis,Rest,143.16822028160095,0.6467889908256881,1.0,"(218, 64, 1000)","(545, 64, 1000)",12345,67,0.6513761467889908
