participant,class1,class2,running_time,test_acc,train_acc,test_size,train_size,train_block,test_block,test_acc_vote
15,Hand,Rest,136.89318823814392,0.8394495412844036,1.0,"(218, 64, 1000)","(509, 64, 1000)",12345,67,0.8532110091743119
15,Feet,Rest,144.63493156433103,0.7339449541284404,1.0,"(218, 64, 1000)","(545, 64, 1000)",12345,67,0.7339449541284404
15,Tongue,Rest,145.62574362754822,0.6284403669724771,1.0,"(218, 64, 1000)","(545, 64, 1000)",12345,67,0.6513761467889908
15,Mis,Rest,145.11596846580505,0.7385321100917431,1.0,"(218, 64, 1000)","(545, 64, 1000)",12345,67,0.7385321100917431
