participant,class1,class2,running_time,test_acc,train_acc,test_size,train_size,train_block,test_block,test_acc_vote
16,Hand,Rest,143.4742558002472,0.6834862385321101,1.0,"(218, 64, 1000)","(545, 64, 1000)",12345,67,0.6880733944954128
16,Feet,Rest,145.14505100250244,0.7339449541284404,1.0,"(218, 64, 1000)","(545, 64, 1000)",12345,67,0.7155963302752293
16,Tongue,Rest,143.56861066818237,0.7568807339449541,1.0,"(218, 64, 1000)","(545, 64, 1000)",12345,67,0.7844036697247706
16,Mis,Rest,143.42111253738403,0.8715596330275229,1.0,"(218, 64, 1000)","(545, 64, 1000)",12345,67,0.9036697247706422
