participant,class1,class2,running_time,test_acc,train_acc,test_size,train_size,train_block,test_block,test_acc_vote
5,Hand,Rest,144.96206164360046,0.7018348623853211,1.0,"(218, 64, 1000)","(545, 64, 1000)",12345,67,0.6972477064220184
5,Feet,Rest,144.42021799087524,0.7155963302752294,1.0,"(218, 64, 1000)","(545, 64, 1000)",12345,67,0.7064220183486238
5,Tongue,Rest,143.98988246917725,0.7798165137614679,1.0,"(218, 64, 1000)","(545, 64, 1000)",12345,67,0.7752293577981652
5,Mis,Rest,148.22643160820007,0.7247706422018348,1.0,"(218, 64, 1000)","(545, 64, 1000)",12345,67,0.7064220183486238
