participant,class1,class2,running_time,test_acc,train_acc,test_size,train_size,train_block,test_block,test_acc_vote
9,Hand,Rest,143.53311944007874,0.8990825688073395,1.0,"(218, 64, 1000)","(545, 64, 1000)",12345,67,0.9174311926605504
9,Feet,Rest,143.35457968711853,0.8761467889908257,1.0,"(218, 64, 1000)","(545, 64, 1000)",12345,67,0.8990825688073394
9,Tongue,Rest,145.27140498161316,0.7935779816513762,1.0,"(218, 64, 1000)","(545, 64, 1000)",12345,67,0.7935779816513762
9,Mis,Rest,144.62274885177612,0.7798165137614679,1.0,"(218, 64, 1000)","(545, 64, 1000)",12345,67,0.7981651376146789
