participant,class1,class2,running_time,test_acc,train_acc,test_size,train_size,train_block,test_block,test_acc_vote
11,Hand,Rest,31.461891651153564,0.8035714285714286,1.0,"(56, 64, 1000)","(56, 64, 1000)",12,67,0.7678571428571428
11,Feet,Rest,32.24893879890442,0.8571428571428571,1.0,"(56, 64, 1000)","(56, 64, 1000)",12,67,0.8214285714285714
11,Tongue,Rest,32.03339409828186,0.75,1.0,"(56, 64, 1000)","(56, 64, 1000)",12,67,0.75
11,Mis,Rest,32.47303771972656,0.5892857142857143,1.0,"(56, 64, 1000)","(56, 64, 1000)",12,67,0.5535714285714286
