participant,class1,class2,running_time,test_acc,train_acc,test_size,train_size,train_block,test_block,test_acc_vote
13,Hand,Rest,31.613091230392456,0.6071428571428571,0.9464285714285714,"(56, 64, 1000)","(56, 64, 1000)",12,67,0.5714285714285714
13,Feet,Rest,31.611006498336792,0.7678571428571429,1.0,"(56, 64, 1000)","(56, 64, 1000)",12,67,0.75
13,Tongue,Rest,32.0739426612854,0.6607142857142857,1.0,"(56, 64, 1000)","(56, 64, 1000)",12,67,0.6607142857142857
13,Mis,Rest,31.383033752441406,0.6964285714285714,0.9821428571428571,"(56, 64, 1000)","(56, 64, 1000)",12,67,0.6964285714285714
