participant,class1,class2,running_time,test_acc,train_acc,test_size,train_size,train_block,test_block,test_acc_vote
14,Hand,Rest,31.665518522262573,0.7857142857142857,1.0,"(56, 64, 1000)","(56, 64, 1000)",12,67,0.7321428571428572
14,Feet,Rest,31.828153371810913,0.6428571428571429,1.0,"(56, 64, 1000)","(56, 64, 1000)",12,67,0.625
14,Tongue,Rest,31.63435387611389,0.5357142857142857,1.0,"(56, 64, 1000)","(56, 64, 1000)",12,67,0.4821428571428571
14,Mis,Rest,32.41184735298157,0.625,1.0,"(56, 64, 1000)","(56, 64, 1000)",12,67,0.6071428571428572
