participant,class1,class2,running_time,test_acc,train_acc,test_size,train_size,train_block,test_block,test_acc_vote
3,Hand,Rest,31.692768096923828,0.5178571428571429,1.0,"(56, 64, 1000)","(56, 64, 1000)",12,67,0.4821428571428571
3,Feet,Rest,31.56538200378418,0.5714285714285714,0.9821428571428572,"(56, 64, 1000)","(56, 64, 1000)",12,67,0.5178571428571428
3,Tongue,Rest,31.455076217651367,0.6428571428571429,1.0,"(56, 64, 1000)","(56, 64, 1000)",12,67,0.5714285714285714
3,Mis,Rest,31.74129629135132,0.6071428571428571,1.0,"(56, 64, 1000)","(56, 64, 1000)",12,67,0.5714285714285714
