participant,class1,class2,running_time,test_acc,train_acc,test_size,train_size,train_block,test_block,test_acc_vote
5,Hand,Rest,31.507049322128296,0.4821428571428571,1.0,"(56, 64, 1000)","(56, 64, 1000)",12,67,0.4821428571428571
5,Feet,Rest,31.52761697769165,0.7321428571428571,1.0,"(56, 64, 1000)","(56, 64, 1000)",12,67,0.6785714285714286
5,Tongue,Rest,32.41776704788208,0.9107142857142856,1.0,"(56, 64, 1000)","(56, 64, 1000)",12,67,0.8928571428571429
5,Mis,Rest,32.122297286987305,0.7142857142857143,1.0,"(56, 64, 1000)","(56, 64, 1000)",12,67,0.6785714285714286
