participant,class1,class2,running_time,test_acc,train_acc,test_size,train_size,train_block,test_block,test_acc_vote
9,Hand,Rest,32.11167025566101,0.7857142857142857,0.9821428571428572,"(56, 64, 1000)","(56, 64, 1000)",12,67,0.7142857142857143
9,Feet,Rest,32.13620209693909,0.8928571428571429,1.0,"(56, 64, 1000)","(56, 64, 1000)",12,67,0.875
9,Tongue,Rest,32.40012049674988,0.7142857142857143,1.0,"(56, 64, 1000)","(56, 64, 1000)",12,67,0.6964285714285714
9,Mis,Rest,31.533365964889526,0.6785714285714286,1.0,"(56, 64, 1000)","(56, 64, 1000)",12,67,0.6607142857142857
