participant,class1,class2,running_time,test_acc,train_acc,test_size,train_size,train_block,test_block,test_acc_vote
16,Hand,Rest,71.37262058258057,0.6216216216216216,0.990990990990991,"(222, 64, 500)","(333, 64, 500)",123,67,0.6396396396396397
16,Feet,Rest,70.78641080856323,0.6801801801801802,0.996996996996997,"(222, 64, 500)","(333, 64, 500)",123,67,0.6891891891891893
16,Tongue,Rest,71.46785354614258,0.6711711711711712,0.981981981981982,"(222, 64, 500)","(333, 64, 500)",123,67,0.6846846846846847
16,Mis,Rest,70.5008807182312,0.7927927927927928,0.9579579579579579,"(222, 64, 500)","(333, 64, 500)",123,67,0.8153153153153153
