participant,class1,class2,running_time,test_acc,train_acc,test_size,train_size,train_block,test_block,test_acc_vote
18,Hand,Rest,70.14885139465332,0.6846846846846847,0.975975975975976,"(222, 64, 500)","(333, 64, 500)",123,67,0.7162162162162162
18,Feet,Rest,70.15624761581421,0.6306306306306306,0.96996996996997,"(222, 64, 500)","(333, 64, 500)",123,67,0.6216216216216216
18,Tongue,Rest,70.29528594017029,0.7747747747747747,0.990990990990991,"(222, 64, 500)","(333, 64, 500)",123,67,0.7612612612612613
18,Mis,Rest,70.44555521011353,0.7342342342342343,0.972972972972973,"(222, 64, 500)","(333, 64, 500)",123,67,0.7387387387387387
