participant,class1,class2,running_time,test_acc,train_acc,test_size,train_size,train_block,test_block,test_acc_vote
19,Hand,Rest,70.27206683158875,0.8243243243243243,0.93993993993994,"(222, 64, 500)","(333, 64, 500)",123,67,0.8648648648648649
19,Feet,Rest,69.91171050071716,0.5675675675675675,0.987987987987988,"(222, 64, 500)","(333, 64, 500)",123,67,0.5585585585585586
19,Tongue,Rest,70.5985038280487,0.8108108108108109,0.96996996996997,"(222, 64, 500)","(333, 64, 500)",123,67,0.8378378378378378
19,Mis,Rest,70.71812653541565,0.7612612612612613,0.9819819819819819,"(222, 64, 500)","(333, 64, 500)",123,67,0.8198198198198199
