participant,class1,class2,running_time,test_acc,train_acc,test_size,train_size,train_block,test_block,test_acc_vote
4,Hand,Rest,70.94325423240662,0.6981981981981982,0.96996996996997,"(222, 64, 500)","(333, 64, 500)",123,67,0.6936936936936937
4,Feet,Rest,70.01412868499756,0.6531531531531531,0.960960960960961,"(222, 64, 500)","(333, 64, 500)",123,67,0.6531531531531531
4,Tongue,Rest,70.51252102851868,0.7027027027027027,0.960960960960961,"(222, 64, 500)","(333, 64, 500)",123,67,0.7207207207207207
4,Mis,Rest,70.08713388442993,0.6801801801801802,0.9819819819819819,"(222, 64, 500)","(333, 64, 500)",123,67,0.6621621621621622
