participant,class1,class2,running_time,test_acc,train_acc,test_size,train_size,train_block,test_block,test_acc_vote
7,Hand,Rest,70.65833473205566,0.6891891891891891,0.996996996996997,"(222, 64, 500)","(333, 64, 500)",123,67,0.7027027027027026
7,Feet,Rest,70.9993531703949,0.7072072072072072,0.996996996996997,"(222, 64, 500)","(333, 64, 500)",123,67,0.7207207207207207
7,Tongue,Rest,70.83720278739929,0.6576576576576577,0.993993993993994,"(222, 64, 500)","(333, 64, 500)",123,67,0.6801801801801801
7,Mis,Rest,71.11289286613464,0.5765765765765766,0.96996996996997,"(222, 64, 500)","(333, 64, 500)",123,67,0.5810810810810811
