participant,class1,class2,running_time,test_acc,train_acc,test_size,train_size,train_block,test_block,test_acc_vote
10,Hand,Rest,49.630581855773926,0.7678571428571429,0.95,"(56, 64, 1000)","(140, 64, 1000)",12345,67,0.7321428571428572
10,Feet,Rest,50.20109272003174,0.7678571428571429,0.9642857142857144,"(56, 64, 1000)","(140, 64, 1000)",12345,67,0.7321428571428572
10,Tongue,Rest,49.635661602020264,0.6964285714285714,0.9714285714285714,"(56, 64, 1000)","(140, 64, 1000)",12345,67,0.7142857142857143
10,Mis,Rest,49.74735450744629,0.9464285714285714,0.9714285714285714,"(56, 64, 1000)","(140, 64, 1000)",12345,67,0.9285714285714286
