participant,class1,class2,running_time,test_acc,train_acc,test_size,train_size,train_block,test_block,test_acc_vote
13,Hand,Rest,51.78315258026123,0.6428571428571429,0.9285714285714286,"(56, 64, 1000)","(140, 64, 1000)",12345,67,0.5892857142857143
13,Feet,Rest,50.266772508621216,0.8214285714285714,0.9857142857142858,"(56, 64, 1000)","(140, 64, 1000)",12345,67,0.8392857142857143
13,Tongue,Rest,50.288387298583984,0.8035714285714286,1.0,"(56, 64, 1000)","(140, 64, 1000)",12345,67,0.8214285714285714
13,Mis,Rest,50.136117458343506,0.7678571428571429,0.9428571428571428,"(56, 64, 1000)","(140, 64, 1000)",12345,67,0.7142857142857143
