participant,class1,class2,running_time,test_acc,train_acc,test_size,train_size,train_block,test_block,test_acc_vote
15,Hand,Rest,48.09597396850586,0.8928571428571429,0.9694656488549618,"(56, 64, 1000)","(131, 64, 1000)",12345,67,0.8392857142857143
15,Feet,Rest,49.32494807243347,0.8035714285714286,0.9642857142857144,"(56, 64, 1000)","(140, 64, 1000)",12345,67,0.8035714285714286
15,Tongue,Rest,50.06843447685242,0.6071428571428571,0.9428571428571428,"(56, 64, 1000)","(140, 64, 1000)",12345,67,0.5892857142857143
15,Mis,Rest,49.38312244415283,0.8392857142857143,0.9642857142857143,"(56, 64, 1000)","(140, 64, 1000)",12345,67,0.8214285714285714
