participant,class1,class2,running_time,test_acc,train_acc,test_size,train_size,train_block,test_block,test_acc_vote
11,Hand,Rest,105.98258686065674,0.7174311926605504,1.0,"(545, 64, 1000)","(218, 64, 1000)",12,34567,0.7412844036697248
11,Feet,Rest,109.17456555366516,0.8844036697247707,1.0,"(545, 64, 1000)","(218, 64, 1000)",12,34567,0.891743119266055
11,Tongue,Rest,110.73788499832152,0.6293577981651376,1.0,"(545, 64, 1000)","(218, 64, 1000)",12,34567,0.6385321100917432
11,Mis,Rest,110.35508418083191,0.5266055045871559,1.0,"(545, 64, 1000)","(218, 64, 1000)",12,34567,0.5266055045871559
