participant,class1,class2,running_time,test_acc,train_acc,test_size,train_size,train_block,test_block,test_acc_vote
7,Hand,Rest,104.10586500167848,0.7944954128440367,1.0,"(545, 64, 1000)","(218, 64, 1000)",12,34567,0.8128440366972477
7,Feet,Rest,103.85119009017944,0.7651376146788991,1.0,"(545, 64, 1000)","(218, 64, 1000)",12,34567,0.7816513761467889
7,Tongue,Rest,104.69342684745789,0.5522935779816514,1.0,"(545, 64, 1000)","(218, 64, 1000)",12,34567,0.5541284403669724
7,Mis,Rest,104.1950991153717,0.6568807339449542,1.0,"(545, 64, 1000)","(218, 64, 1000)",12,34567,0.656880733944954
