participant,class1,class2,running_time,test_acc,train_acc,test_size,train_size,train_block,test_block,test_acc_vote
11,Hand,Rest,49.67607808113098,0.9464285714285714,1.0,"(56, 64, 1000)","(112, 64, 1000)",1234,67,0.9642857142857144
11,Feet,Rest,50.981873750686646,0.9464285714285714,1.0,"(56, 64, 1000)","(112, 64, 1000)",1234,67,0.9464285714285714
11,Tongue,Rest,50.58742594718933,0.6071428571428571,1.0,"(56, 64, 1000)","(112, 64, 1000)",1234,67,0.5892857142857143
11,Mis,Rest,49.37122917175293,0.6964285714285714,1.0,"(56, 64, 1000)","(112, 64, 1000)",1234,67,0.6428571428571428
