participant,class1,class2,running_time,test_acc,train_acc,test_size,train_size,train_block,test_block,test_acc_vote
16,Hand,Rest,49.642717361450195,0.7321428571428571,1.0,"(56, 64, 1000)","(112, 64, 1000)",1234,67,0.7321428571428572
16,Feet,Rest,49.87124729156494,0.6428571428571429,1.0,"(56, 64, 1000)","(112, 64, 1000)",1234,67,0.6785714285714286
16,Tongue,Rest,49.7269024848938,0.75,1.0,"(56, 64, 1000)","(112, 64, 1000)",1234,67,0.6785714285714286
16,Mis,Rest,49.459033727645874,0.875,1.0,"(56, 64, 1000)","(112, 64, 1000)",1234,67,0.875
