participant,class1,class2,running_time,test_acc,train_acc,test_size,train_size,train_block,test_block,test_acc_vote
17,Hand,Rest,49.62431216239929,0.8571428571428571,0.9910714285714286,"(56, 64, 1000)","(112, 64, 1000)",1234,67,0.875
17,Feet,Rest,49.34156680107117,0.6785714285714286,1.0,"(56, 64, 1000)","(112, 64, 1000)",1234,67,0.7321428571428572
17,Tongue,Rest,50.74091911315918,0.7142857142857143,1.0,"(56, 64, 1000)","(112, 64, 1000)",1234,67,0.6071428571428572
17,Mis,Rest,49.266528367996216,0.7678571428571429,1.0,"(56, 64, 1000)","(112, 64, 1000)",1234,67,0.7321428571428572
