participant,class1,class2,running_time,test_acc,train_acc,test_size,train_size,train_block,test_block,test_acc_vote
19,Hand,Rest,50.644848346710205,0.8928571428571429,1.0,"(56, 64, 1000)","(112, 64, 1000)",1234,67,0.875
19,Feet,Rest,50.10413432121277,0.7321428571428571,1.0,"(56, 64, 1000)","(112, 64, 1000)",1234,67,0.6964285714285714
19,Tongue,Rest,49.52192521095276,0.8392857142857143,1.0,"(56, 64, 1000)","(112, 64, 1000)",1234,67,0.8035714285714286
19,Mis,Rest,49.58490347862244,0.7857142857142857,1.0,"(56, 64, 1000)","(112, 64, 1000)",1234,67,0.7857142857142857
