participant,class1,class2,running_time,test_acc,train_acc,test_size,train_size,train_block,test_block,test_acc_vote
3,Hand,Rest,49.625065088272095,0.8928571428571429,1.0,"(56, 64, 1000)","(112, 64, 1000)",1234,67,0.875
3,Feet,Rest,50.10157012939453,0.6964285714285714,1.0,"(56, 64, 1000)","(112, 64, 1000)",1234,67,0.625
3,Tongue,Rest,50.207231283187866,0.7142857142857143,1.0,"(56, 64, 1000)","(112, 64, 1000)",1234,67,0.7142857142857143
3,Mis,Rest,50.3865864276886,0.8392857142857143,1.0,"(56, 64, 1000)","(112, 64, 1000)",1234,67,0.8214285714285714
