participant,class1,class2,running_time,test_acc,train_acc,test_size,train_size,train_block,test_block,test_acc_vote
7,Hand,Rest,49.46586179733277,0.7142857142857143,1.0,"(56, 64, 1000)","(112, 64, 1000)",1234,67,0.6785714285714286
7,Feet,Rest,49.53586626052856,0.7678571428571429,1.0,"(56, 64, 1000)","(112, 64, 1000)",1234,67,0.7857142857142857
7,Tongue,Rest,49.47934937477112,0.5714285714285714,1.0,"(56, 64, 1000)","(112, 64, 1000)",1234,67,0.6071428571428572
7,Mis,Rest,49.48251390457153,0.7678571428571429,1.0,"(56, 64, 1000)","(112, 64, 1000)",1234,67,0.75
