participant,class1,class2,running_time,test_acc,train_acc,test_size,train_size,train_block,test_block,test_acc_vote
15,Hand,Rest,96.7562985420227,0.8153153153153153,0.9190751445086706,"(222, 64, 500)","(519, 64, 500)",12345,67,0.8468468468468469
15,Feet,Rest,100.99824142456056,0.7522522522522522,0.9405405405405406,"(222, 64, 500)","(555, 64, 500)",12345,67,0.7657657657657657
15,Tongue,Rest,101.33945035934448,0.6711711711711712,0.9009009009009008,"(222, 64, 500)","(555, 64, 500)",12345,67,0.6801801801801801
15,Mis,Rest,100.66179466247559,0.7117117117117117,0.9297297297297298,"(222, 64, 500)","(555, 64, 500)",12345,67,0.7207207207207207
