participant,class1,class2,running_time,test_acc,train_acc,test_size,train_size,train_block,test_block,test_acc_vote
16,Hand,Rest,102.65473794937134,0.6486486486486487,0.9225225225225224,"(222, 64, 500)","(555, 64, 500)",12345,67,0.6576576576576576
16,Feet,Rest,101.72224116325378,0.6441441441441441,0.9315315315315316,"(222, 64, 500)","(555, 64, 500)",12345,67,0.6711711711711712
16,Tongue,Rest,100.8199508190155,0.8108108108108109,0.9081081081081082,"(222, 64, 500)","(555, 64, 500)",12345,67,0.8513513513513513
16,Mis,Rest,101.81687021255493,0.7972972972972973,0.9081081081081082,"(222, 64, 500)","(555, 64, 500)",12345,67,0.8243243243243243
