participant,class1,class2,running_time,test_acc,train_acc,test_size,train_size,train_block,test_block,test_acc_vote
17,Hand,Rest,101.35302424430849,0.7522522522522522,0.8882882882882883,"(222, 64, 500)","(555, 64, 500)",12345,67,0.7612612612612613
17,Feet,Rest,101.67492365837096,0.7207207207207207,0.8792792792792793,"(222, 64, 500)","(555, 64, 500)",12345,67,0.7297297297297297
17,Tongue,Rest,102.9478006362915,0.8468468468468469,0.8828828828828829,"(222, 64, 500)","(555, 64, 500)",12345,67,0.8558558558558559
17,Mis,Rest,102.05670595169067,0.7522522522522522,0.9063063063063063,"(222, 64, 500)","(555, 64, 500)",12345,67,0.7567567567567568
