participant,class1,class2,running_time,test_acc,train_acc,test_size,train_size,train_block,test_block,test_acc_vote
18,Hand,Rest,101.5584499835968,0.7117117117117117,0.8810810810810811,"(222, 64, 500)","(555, 64, 500)",12345,67,0.7297297297297297
18,Feet,Rest,102.41419291496275,0.6756756756756757,0.9153153153153152,"(222, 64, 500)","(555, 64, 500)",12345,67,0.6846846846846847
18,Tongue,Rest,101.14113187789916,0.8468468468468469,0.8954954954954955,"(222, 64, 500)","(555, 64, 500)",12345,67,0.8513513513513513
18,Mis,Rest,101.92467045783997,0.7792792792792793,0.9153153153153153,"(222, 64, 500)","(555, 64, 500)",12345,67,0.7927927927927928
