participant,class1,class2,running_time,test_acc,train_acc,test_size,train_size,train_block,test_block,test_acc_vote
19,Hand,Rest,100.45559763908386,0.8243243243243243,0.9315315315315316,"(222, 64, 500)","(555, 64, 500)",12345,67,0.8288288288288288
19,Feet,Rest,100.44667649269104,0.6981981981981982,0.9333333333333332,"(222, 64, 500)","(555, 64, 500)",12345,67,0.7207207207207207
19,Tongue,Rest,101.4242377281189,0.8513513513513513,0.8882882882882883,"(222, 64, 500)","(555, 64, 500)",12345,67,0.8693693693693694
19,Mis,Rest,102.78644728660583,0.7207207207207207,0.9279279279279279,"(222, 64, 500)","(555, 64, 500)",12345,67,0.7387387387387387
