participant,class1,class2,running_time,test_acc,train_acc,test_size,train_size,train_block,test_block,test_acc_vote
4,Hand,Rest,100.31546449661256,0.7882882882882883,0.90990990990991,"(222, 64, 500)","(555, 64, 500)",12345,67,0.7882882882882882
4,Feet,Rest,101.8319103717804,0.7387387387387387,0.9045045045045044,"(222, 64, 500)","(555, 64, 500)",12345,67,0.7612612612612613
4,Tongue,Rest,100.66169905662537,0.7747747747747747,0.8864864864864865,"(222, 64, 500)","(555, 64, 500)",12345,67,0.8018018018018018
4,Mis,Rest,100.16687631607056,0.6666666666666666,0.9117117117117117,"(222, 64, 500)","(555, 64, 500)",12345,67,0.6711711711711712
