participant,class1,class2,running_time,test_acc,train_acc,test_size,train_size,train_block,test_block,test_acc_vote
5,Hand,Rest,101.44778871536256,0.7522522522522522,0.9423423423423424,"(222, 64, 500)","(555, 64, 500)",12345,67,0.7612612612612613
5,Feet,Rest,100.88326907157898,0.6621621621621622,0.9333333333333332,"(222, 64, 500)","(555, 64, 500)",12345,67,0.6711711711711712
5,Tongue,Rest,100.61902070045473,0.7927927927927928,0.927927927927928,"(222, 64, 500)","(555, 64, 500)",12345,67,0.7837837837837838
5,Mis,Rest,100.80954909324646,0.8018018018018018,0.9333333333333333,"(222, 64, 500)","(555, 64, 500)",12345,67,0.8423423423423424
