participant,class1,class2,running_time,test_acc,train_acc,test_size,train_size,train_block,test_block,test_acc_vote
9,Hand,Rest,100.30577087402344,0.8693693693693694,0.8990990990990991,"(222, 64, 500)","(555, 64, 500)",12345,67,0.8738738738738738
9,Feet,Rest,102.21805453300476,0.8738738738738738,0.9495495495495496,"(222, 64, 500)","(555, 64, 500)",12345,67,0.8918918918918919
9,Tongue,Rest,101.79753494262695,0.7117117117117117,0.8684684684684685,"(222, 64, 500)","(555, 64, 500)",12345,67,0.7477477477477478
9,Mis,Rest,101.35272908210754,0.7342342342342343,0.8864864864864865,"(222, 64, 500)","(555, 64, 500)",12345,67,0.7522522522522522
