participant,class1,class2,running_time,test_acc,train_acc,test_size,train_size,train_block,test_block,test_acc_vote
11,Hand,Rest,21.42276430130005,0.75,0.9375,"(28, 64, 1123)","(112, 64, 1123)",1234,28 randomly chosen!,0.8571428571428572
11,Feet,Rest,21.678596258163452,0.6785714285714286,0.9553571428571428,"(28, 64, 1123)","(112, 64, 1123)",1234,28 randomly chosen!,0.6428571428571428
11,Tongue,Rest,22.109377145767212,0.7142857142857143,0.9196428571428572,"(28, 64, 1123)","(112, 64, 1123)",1234,28 randomly chosen!,0.7857142857142857
11,Mis,Rest,22.04009699821472,0.7142857142857143,0.9196428571428571,"(28, 64, 1123)","(112, 64, 1123)",1234,28 randomly chosen!,0.7857142857142857
