participant,class1,class2,running_time,test_acc,train_acc,test_size,train_size,train_block,test_block,test_acc_vote
12,Hand,Rest,21.367882013320923,0.75,0.9821428571428572,"(28, 64, 1123)","(112, 64, 1123)",1234,28 randomly chosen!,0.7857142857142857
12,Feet,Rest,21.735061645507812,0.7857142857142857,0.9553571428571428,"(28, 64, 1123)","(112, 64, 1123)",1234,28 randomly chosen!,0.7857142857142857
12,Tongue,Rest,21.14368200302124,0.7857142857142857,0.9910714285714286,"(28, 64, 1123)","(112, 64, 1123)",1234,28 randomly chosen!,0.8214285714285714
12,Mis,Rest,20.812992572784424,0.8571428571428571,0.9642857142857143,"(28, 64, 1123)","(112, 64, 1123)",1234,28 randomly chosen!,0.9285714285714286
