participant,class1,class2,running_time,test_acc,train_acc,test_size,train_size,train_block,test_block,test_acc_vote
15,Hand,Rest,21.145135641098022,0.6071428571428571,0.9464285714285714,"(28, 64, 1123)","(112, 64, 1123)",1234,28 randomly chosen!,0.7142857142857143
15,Feet,Rest,21.42499279975891,0.8214285714285714,0.9464285714285714,"(28, 64, 1123)","(112, 64, 1123)",1234,28 randomly chosen!,0.8928571428571429
15,Tongue,Rest,21.063262462615967,0.7857142857142857,0.9553571428571428,"(28, 64, 1123)","(112, 64, 1123)",1234,28 randomly chosen!,0.9285714285714286
15,Mis,Rest,20.940685987472534,0.7142857142857143,0.9553571428571429,"(28, 64, 1123)","(112, 64, 1123)",1234,28 randomly chosen!,0.8214285714285714
