participant,class1,class2,running_time,test_acc,train_acc,test_size,train_size,train_block,test_block,test_acc_vote
5,Hand,Rest,22.715208530426025,0.8214285714285714,0.9910714285714286,"(28, 64, 1123)","(112, 64, 1123)",1234,28 randomly chosen!,0.7857142857142857
5,Feet,Rest,23.22964572906494,0.9642857142857144,1.0,"(28, 64, 1123)","(112, 64, 1123)",1234,28 randomly chosen!,1.0
5,Tongue,Rest,22.4308021068573,0.8214285714285714,0.9910714285714286,"(28, 64, 1123)","(112, 64, 1123)",1234,28 randomly chosen!,0.8571428571428572
5,Mis,Rest,21.470064640045166,0.8928571428571429,0.9910714285714286,"(28, 64, 1123)","(112, 64, 1123)",1234,28 randomly chosen!,0.9285714285714286
