participant,class1,class2,running_time,test_acc,train_acc,test_size,train_size,train_block,test_block,test_acc_vote
6,Hand,Rest,21.773727416992188,0.8214285714285714,0.9821428571428572,"(28, 64, 1123)","(112, 64, 1123)",1234,28 randomly chosen!,0.7857142857142857
6,Feet,Rest,21.321570873260494,0.9285714285714286,0.9910714285714286,"(28, 64, 1123)","(112, 64, 1123)",1234,28 randomly chosen!,0.9642857142857144
6,Tongue,Rest,21.86466813087463,0.8214285714285714,0.9017857142857144,"(28, 64, 1123)","(112, 64, 1123)",1234,28 randomly chosen!,0.8928571428571429
6,Mis,Rest,21.304646968841553,0.9642857142857143,0.9732142857142857,"(28, 64, 1123)","(112, 64, 1123)",1234,28 randomly chosen!,1.0
