participant,class1,class2,running_time,test_acc,train_acc,test_size,train_size,train_block,test_block,test_acc_vote
7,Hand,Rest,21.575203895568848,0.9642857142857144,0.9821428571428572,"(28, 64, 1123)","(112, 64, 1123)",1234,28 randomly chosen!,1.0
7,Feet,Rest,21.188456296920776,1.0,1.0,"(28, 64, 1123)","(112, 64, 1123)",1234,28 randomly chosen!,1.0
7,Tongue,Rest,21.31312918663025,0.9285714285714286,1.0,"(28, 64, 1123)","(112, 64, 1123)",1234,28 randomly chosen!,0.9642857142857144
7,Mis,Rest,21.371132612228394,1.0,1.0,"(28, 64, 1123)","(112, 64, 1123)",1234,28 randomly chosen!,1.0
