class,test_acc,vote_acc
Hand,0.8017857142857142,0.8223214285714286
Feet,0.7589285714285714,0.7705357142857143
Tongue,0.7151785714285713,0.73125
Mis,0.7258928571428571,0.7482142857142857
