participant,class1,class2,running_time,test_acc,train_acc,test_size,train_size,train_block,test_block,test_acc_vote
10,Hand,Rest,42.67724895477295,0.7053571428571429,1.0,"(112, 64, 500)","(280, 64, 500)",12345,67,0.6964285714285714
10,Feet,Rest,42.40275764465332,0.6785714285714286,1.0,"(112, 64, 500)","(280, 64, 500)",12345,67,0.6339285714285714
10,Tongue,Rest,43.432433128356934,0.6339285714285714,1.0,"(112, 64, 500)","(280, 64, 500)",12345,67,0.5982142857142857
10,Mis,Rest,43.73484802246094,0.7321428571428571,1.0,"(112, 64, 500)","(280, 64, 500)",12345,67,0.7321428571428572
