participant,class1,class2,running_time,test_acc,train_acc,test_size,train_size,train_block,test_block,test_acc_vote
11,Hand,Rest,42.579877614974976,0.8839285714285714,1.0,"(112, 64, 500)","(280, 64, 500)",12345,67,0.9107142857142856
11,Feet,Rest,42.5489239692688,0.8928571428571429,1.0,"(112, 64, 500)","(280, 64, 500)",12345,67,0.9017857142857144
11,Tongue,Rest,43.42376232147217,0.6696428571428571,1.0,"(112, 64, 500)","(280, 64, 500)",12345,67,0.6607142857142857
11,Mis,Rest,43.721137285232544,0.7053571428571429,1.0,"(112, 64, 500)","(280, 64, 500)",12345,67,0.75
