participant,class1,class2,running_time,test_acc,train_acc,test_size,train_size,train_block,test_block,test_acc_vote
13,Hand,Rest,42.56385374069214,0.7232142857142857,1.0,"(112, 64, 500)","(280, 64, 500)",12345,67,0.6964285714285714
13,Feet,Rest,42.33642387390137,0.7589285714285714,1.0,"(112, 64, 500)","(280, 64, 500)",12345,67,0.7678571428571428
13,Tongue,Rest,43.53130221366882,0.75,1.0,"(112, 64, 500)","(280, 64, 500)",12345,67,0.7678571428571428
13,Mis,Rest,43.64005494117737,0.6875,1.0,"(112, 64, 500)","(280, 64, 500)",12345,67,0.7053571428571428
