participant,class1,class2,running_time,test_acc,train_acc,test_size,train_size,train_block,test_block,test_acc_vote
5,Hand,Rest,43.15839505195618,0.7678571428571429,1.0,"(112, 64, 500)","(280, 64, 500)",12345,67,0.7857142857142857
5,Feet,Rest,41.38211274147034,0.8125,1.0,"(112, 64, 500)","(280, 64, 500)",12345,67,0.8035714285714286
5,Tongue,Rest,43.0333993434906,0.7767857142857143,1.0,"(112, 64, 500)","(280, 64, 500)",12345,67,0.8571428571428572
5,Mis,Rest,43.23417353630066,0.7857142857142857,1.0,"(112, 64, 500)","(280, 64, 500)",12345,67,0.8125
