participant,class1,class2,running_time,test_acc,train_acc,test_size,train_size,train_block,test_block,test_acc_vote
7,Hand,Rest,42.513071060180664,0.7410714285714286,1.0,"(112, 64, 500)","(280, 64, 500)",12345,67,0.7589285714285714
7,Feet,Rest,42.37872076034546,0.8392857142857143,1.0,"(112, 64, 500)","(280, 64, 500)",12345,67,0.9017857142857144
7,Tongue,Rest,43.63121247291565,0.6428571428571429,1.0,"(112, 64, 500)","(280, 64, 500)",12345,67,0.6964285714285714
7,Mis,Rest,43.72100234031677,0.7767857142857143,1.0,"(112, 64, 500)","(280, 64, 500)",12345,67,0.7767857142857143
