participant,class1,class2,running_time,test_acc,train_acc,test_size,train_size,train_block,test_block,test_acc_vote
14,Hand,Rest,55.13790488243103,0.9047619047619048,1.0,"(84, 64, 1000)","(112, 64, 1000)",1234,567,0.8571428571428572
14,Feet,Rest,55.737205505371094,0.7619047619047619,1.0,"(84, 64, 1000)","(112, 64, 1000)",1234,567,0.7261904761904762
14,Tongue,Rest,57.93870806694031,0.4880952380952381,1.0,"(84, 64, 1000)","(112, 64, 1000)",1234,567,0.4642857142857143
14,Mis,Rest,57.65713596343994,0.7142857142857143,1.0,"(84, 64, 1000)","(112, 64, 1000)",1234,567,0.6785714285714286
