participant,class1,class2,running_time,test_acc,train_acc,test_size,train_size,train_block,test_block,test_acc_vote
10,Hand,Rest,60.69915318489075,0.7678571428571429,0.9142857142857144,"(56, 64, 1000)","(140, 64, 1000)",12345,67,0.7678571428571428
10,Feet,Rest,59.992477893829346,0.5178571428571429,0.9,"(56, 64, 1000)","(140, 64, 1000)",12345,67,0.5714285714285714
10,Tongue,Rest,61.62588906288147,0.7321428571428571,0.9214285714285714,"(56, 64, 1000)","(140, 64, 1000)",12345,67,0.6785714285714286
10,Mis,Rest,61.75681829452515,0.8392857142857143,0.95,"(56, 64, 1000)","(140, 64, 1000)",12345,67,0.8392857142857143
