participant,class1,class2,running_time,test_acc,train_acc,test_size,train_size,train_block,test_block,test_acc_vote
14,Hand,Rest,59.5168821811676,0.9642857142857144,0.9928571428571428,"(56, 64, 1000)","(140, 64, 1000)",12345,67,0.9464285714285714
14,Feet,Rest,58.74516248703003,0.875,0.9071428571428573,"(56, 64, 1000)","(140, 64, 1000)",12345,67,0.8571428571428572
14,Tongue,Rest,60.918811082839966,0.6964285714285714,0.7928571428571428,"(56, 64, 1000)","(140, 64, 1000)",12345,67,0.6964285714285714
14,Mis,Rest,60.60827350616455,0.6964285714285714,0.8714285714285714,"(56, 64, 1000)","(140, 64, 1000)",12345,67,0.7321428571428572
