participant,class1,class2,running_time,test_acc,train_acc,test_size,train_size,train_block,test_block,test_acc_vote
3,Hand,Rest,58.20618462562561,0.9285714285714286,0.9142857142857144,"(56, 64, 1000)","(140, 64, 1000)",12345,67,0.9107142857142856
3,Feet,Rest,58.993130922317505,0.5357142857142857,0.8071428571428572,"(56, 64, 1000)","(140, 64, 1000)",12345,67,0.5714285714285714
3,Tongue,Rest,60.83685898780823,0.75,0.8857142857142857,"(56, 64, 1000)","(140, 64, 1000)",12345,67,0.6607142857142857
3,Mis,Rest,61.20653700828552,0.8928571428571429,0.9285714285714286,"(56, 64, 1000)","(140, 64, 1000)",12345,67,0.9107142857142857
