participant,class1,class2,running_time,test_acc,train_acc,test_size,train_size,train_block,test_block,test_acc_vote
6,Hand,Rest,59.39216661453247,0.8392857142857143,0.8857142857142857,"(56, 64, 1000)","(140, 64, 1000)",12345,67,0.8035714285714286
6,Feet,Rest,59.02892446517944,0.75,0.9428571428571428,"(56, 64, 1000)","(140, 64, 1000)",12345,67,0.7321428571428572
6,Tongue,Rest,60.565486907958984,0.8214285714285714,0.9357142857142856,"(56, 64, 1000)","(140, 64, 1000)",12345,67,0.8392857142857143
6,Mis,Rest,62.063528537750244,0.6428571428571429,0.8428571428571429,"(56, 64, 1000)","(140, 64, 1000)",12345,67,0.6071428571428572
