participant,class1,class2,running_time,test_acc,train_acc,test_size,train_size,train_block,test_block,test_acc_vote
10,Hand,Rest,23.139236450195312,0.6071428571428571,1.0,"(56, 64, 1000)","(28, 64, 1000)",1,67,0.625
10,Feet,Rest,23.481776237487793,0.6785714285714286,1.0,"(56, 64, 1000)","(28, 64, 1000)",1,67,0.6785714285714286
10,Tongue,Rest,23.480499982833862,0.625,1.0,"(56, 64, 1000)","(28, 64, 1000)",1,67,0.6071428571428572
10,Mis,Rest,23.12606930732727,0.5535714285714286,1.0,"(56, 64, 1000)","(28, 64, 1000)",1,67,0.5714285714285714
