participant,class1,class2,running_time,test_acc,train_acc,test_size,train_size,train_block,test_block,test_acc_vote
16,Hand,Rest,23.3632755279541,0.6785714285714286,1.0,"(56, 64, 1000)","(28, 64, 1000)",1,67,0.6071428571428572
16,Feet,Rest,23.890977144241333,0.625,1.0,"(56, 64, 1000)","(28, 64, 1000)",1,67,0.5357142857142857
16,Tongue,Rest,23.117212772369385,0.7321428571428571,1.0,"(56, 64, 1000)","(28, 64, 1000)",1,67,0.6785714285714286
16,Mis,Rest,24.27423334121704,0.6785714285714286,1.0,"(56, 64, 1000)","(28, 64, 1000)",1,67,0.625
