participant,class1,class2,running_time,test_acc,train_acc,test_size,train_size,train_block,test_block,test_acc_vote
3,Hand,Rest,23.146235704421997,0.5,1.0,"(56, 64, 1000)","(28, 64, 1000)",1,67,0.4821428571428571
3,Feet,Rest,23.228874921798703,0.5178571428571429,1.0,"(56, 64, 1000)","(28, 64, 1000)",1,67,0.4821428571428571
3,Tongue,Rest,23.383190631866455,0.6785714285714286,1.0,"(56, 64, 1000)","(28, 64, 1000)",1,67,0.625
3,Mis,Rest,23.228180646896362,0.625,1.0,"(56, 64, 1000)","(28, 64, 1000)",1,67,0.5714285714285714
