participant,class1,class2,running_time,test_acc,train_acc,test_size,train_size,train_block,test_block,test_acc_vote
4,Hand,Rest,23.553334951400757,0.8035714285714286,1.0,"(56, 64, 1000)","(28, 64, 1000)",1,67,0.7678571428571428
4,Feet,Rest,23.458101272583008,0.6607142857142857,1.0,"(56, 64, 1000)","(28, 64, 1000)",1,67,0.625
4,Tongue,Rest,23.376389503479004,0.6964285714285714,1.0,"(56, 64, 1000)","(28, 64, 1000)",1,67,0.6607142857142857
4,Mis,Rest,23.747073888778687,0.6785714285714286,1.0,"(56, 64, 1000)","(28, 64, 1000)",1,67,0.6607142857142857
