class,test_acc,vote_acc
Hand,0.5297619047619048,0.5
Feet,0.625,0.5773809523809523
Tongue,0.4523809523809524,0.4464285714285714
Mis,0.4821428571428571,0.4761904761904761
