participant,class1,class2,running_time,test_acc,train_acc,test_size,train_size,train_block,test_block,test_acc_vote
11,Hand,Rest,51.85638165473938,0.5238095238095238,1.0,"(168, 64, 1000)","(28, 64, 1000)",1,234567,0.5
11,Feet,Rest,53.708471059799194,0.8392857142857143,1.0,"(168, 64, 1000)","(28, 64, 1000)",1,234567,0.8452380952380952
11,Tongue,Rest,54.85386538505554,0.5119047619047619,1.0,"(168, 64, 1000)","(28, 64, 1000)",1,234567,0.5059523809523809
11,Mis,Rest,53.56518316268921,0.5357142857142857,1.0,"(168, 64, 1000)","(28, 64, 1000)",1,234567,0.49404761904761907
