class,test_acc,vote_acc
Hand,0.8267857142857142,0.7982142857142857
Feet,0.7964285714285715,0.7678571428571429
Tongue,0.75,0.7357142857142855
Mis,0.7839285714285713,0.7553571428571428
