participant,class1,class2,running_time,test_acc,train_acc,test_size,train_size,train_block,test_block,test_acc_vote
11,Hand,Rest,36.197021484375,0.8125,0.9761904761904762,"(112, 64, 500)","(168, 64, 500)",123,67,0.8392857142857143
11,Feet,Rest,36.56959581375122,0.9017857142857144,0.9702380952380952,"(112, 64, 500)","(168, 64, 500)",123,67,0.9285714285714286
11,Tongue,Rest,37.015424728393555,0.6517857142857143,0.988095238095238,"(112, 64, 500)","(168, 64, 500)",123,67,0.6517857142857143
11,Mis,Rest,41.134599924087524,0.7142857142857143,1.0,"(112, 64, 500)","(168, 64, 500)",123,67,0.7232142857142857
