participant,class1,class2,running_time,test_acc,train_acc,test_size,train_size,train_block,test_block,test_acc_vote
15,Hand,Rest,35.458425998687744,0.8482142857142857,0.9761904761904762,"(112, 64, 500)","(168, 64, 500)",123,67,0.875
15,Feet,Rest,37.19607734680176,0.7410714285714286,0.9821428571428572,"(112, 64, 500)","(168, 64, 500)",123,67,0.7410714285714286
15,Tongue,Rest,39.15935277938843,0.6607142857142857,0.9642857142857144,"(112, 64, 500)","(168, 64, 500)",123,67,0.6428571428571428
15,Mis,Rest,35.46124315261841,0.7142857142857143,0.9761904761904762,"(112, 64, 500)","(168, 64, 500)",123,67,0.7857142857142857
