participant,class1,class2,running_time,test_acc,train_acc,test_size,train_size,train_block,test_block,test_acc_vote
16,Hand,Rest,37.305434465408325,0.6071428571428571,0.988095238095238,"(112, 64, 500)","(168, 64, 500)",123,67,0.625
16,Feet,Rest,35.78477191925049,0.6607142857142857,0.9821428571428572,"(112, 64, 500)","(168, 64, 500)",123,67,0.7053571428571428
16,Tongue,Rest,35.811405181884766,0.7232142857142857,0.9642857142857144,"(112, 64, 500)","(168, 64, 500)",123,67,0.7589285714285714
16,Mis,Rest,36.68901753425598,0.6696428571428571,0.9583333333333334,"(112, 64, 500)","(168, 64, 500)",123,67,0.7410714285714286
