participant,class1,class2,running_time,test_acc,train_acc,test_size,train_size,train_block,test_block,test_acc_vote
17,Hand,Rest,39.33863353729248,0.75,0.9107142857142856,"(112, 64, 500)","(168, 64, 500)",123,67,0.7857142857142857
17,Feet,Rest,48.975889682769775,0.6696428571428571,0.8630952380952381,"(112, 64, 500)","(168, 64, 500)",123,67,0.6517857142857143
17,Tongue,Rest,35.72245931625366,0.8125,0.9107142857142856,"(112, 64, 500)","(168, 64, 500)",123,67,0.8392857142857143
17,Mis,Rest,36.0913143157959,0.6964285714285714,0.9226190476190477,"(112, 64, 500)","(168, 64, 500)",123,67,0.6875
