participant,class1,class2,running_time,test_acc,train_acc,test_size,train_size,train_block,test_block,test_acc_vote
3,Hand,Rest,38.331549644470215,0.7946428571428571,0.9226190476190476,"(112, 64, 500)","(168, 64, 500)",123,67,0.8125
3,Feet,Rest,38.98008346557617,0.625,0.9523809523809524,"(112, 64, 500)","(168, 64, 500)",123,67,0.6339285714285714
3,Tongue,Rest,35.112255573272705,0.6339285714285714,0.9464285714285714,"(112, 64, 500)","(168, 64, 500)",123,67,0.6160714285714286
3,Mis,Rest,71.5338237285614,0.8303571428571429,0.9523809523809523,"(112, 64, 500)","(168, 64, 500)",123,67,0.8482142857142857
