participant,class1,class2,running_time,test_acc,train_acc,test_size,train_size,train_block,test_block,test_acc_vote
5,Hand,Rest,44.18527102470398,0.5178571428571429,0.988095238095238,"(112, 64, 500)","(168, 64, 500)",123,67,0.5267857142857143
5,Feet,Rest,40.26409578323364,0.6696428571428571,0.9761904761904762,"(112, 64, 500)","(168, 64, 500)",123,67,0.6607142857142857
5,Tongue,Rest,38.374337673187256,0.5357142857142857,0.988095238095238,"(112, 64, 500)","(168, 64, 500)",123,67,0.5089285714285714
5,Mis,Rest,36.05001378059387,0.6071428571428571,0.9821428571428571,"(112, 64, 500)","(168, 64, 500)",123,67,0.5982142857142857
