participant,class1,class2,running_time,test_acc,train_acc,test_size,train_size,train_block,test_block,test_acc_vote
6,Hand,Rest,35.923497915267944,0.6428571428571429,0.9523809523809524,"(112, 64, 500)","(168, 64, 500)",123,67,0.6875
6,Feet,Rest,36.27510738372803,0.7053571428571429,0.9464285714285714,"(112, 64, 500)","(168, 64, 500)",123,67,0.7321428571428572
6,Tongue,Rest,47.272454261779785,0.6607142857142857,0.9583333333333334,"(112, 64, 500)","(168, 64, 500)",123,67,0.7321428571428572
6,Mis,Rest,36.13277816772461,0.5625,0.9523809523809523,"(112, 64, 500)","(168, 64, 500)",123,67,0.5803571428571428
