participant,class1,class2,running_time,test_acc,train_acc,test_size,train_size,train_block,test_block,test_acc_vote
11,Hand,Rest,68.57367134094238,0.8035714285714286,1.0,"(112, 64, 1000)","(84, 64, 1000)",123,67,0.7767857142857143
11,Feet,Rest,67.19530892372131,0.9464285714285714,1.0,"(112, 64, 1000)","(84, 64, 1000)",123,67,0.9464285714285714
11,Tongue,Rest,67.15977883338928,0.6696428571428571,0.988095238095238,"(112, 64, 1000)","(84, 64, 1000)",123,67,0.6517857142857143
11,Mis,Rest,69.14014768600464,0.7232142857142857,1.0,"(112, 64, 1000)","(84, 64, 1000)",123,67,0.6607142857142857
