participant,class1,class2,running_time,test_acc,train_acc,test_size,train_size,train_block,test_block,test_acc_vote
13,Hand,Rest,68.42968535423279,0.6785714285714286,0.9404761904761904,"(112, 64, 1000)","(84, 64, 1000)",123,67,0.6517857142857143
13,Feet,Rest,67.69583678245544,0.7857142857142857,1.0,"(112, 64, 1000)","(84, 64, 1000)",123,67,0.7767857142857143
13,Tongue,Rest,67.66254758834839,0.8303571428571429,1.0,"(112, 64, 1000)","(84, 64, 1000)",123,67,0.8035714285714286
13,Mis,Rest,67.5822160243988,0.8482142857142857,0.9761904761904762,"(112, 64, 1000)","(84, 64, 1000)",123,67,0.7857142857142857
