participant,class1,class2,running_time,test_acc,train_acc,test_size,train_size,train_block,test_block,test_acc_vote
14,Hand,Rest,68.8458743095398,0.8035714285714286,1.0,"(112, 64, 1000)","(84, 64, 1000)",123,67,0.75
14,Feet,Rest,67.69694709777832,0.5803571428571429,1.0,"(112, 64, 1000)","(84, 64, 1000)",123,67,0.5535714285714286
14,Tongue,Rest,67.62197065353394,0.5535714285714286,1.0,"(112, 64, 1000)","(84, 64, 1000)",123,67,0.5267857142857143
14,Mis,Rest,68.60930180549622,0.6071428571428571,1.0,"(112, 64, 1000)","(84, 64, 1000)",123,67,0.5714285714285714
