participant,class1,class2,running_time,test_acc,train_acc,test_size,train_size,train_block,test_block,test_acc_vote
17,Hand,Rest,71.87580871582031,0.8125,0.9761904761904762,"(112, 64, 1000)","(84, 64, 1000)",123,67,0.7857142857142857
17,Feet,Rest,70.27587389945984,0.7678571428571429,0.9523809523809524,"(112, 64, 1000)","(84, 64, 1000)",123,67,0.7589285714285714
17,Tongue,Rest,68.78208804130554,0.6964285714285714,0.9642857142857144,"(112, 64, 1000)","(84, 64, 1000)",123,67,0.6607142857142857
17,Mis,Rest,69.42752456665039,0.8125,1.0,"(112, 64, 1000)","(84, 64, 1000)",123,67,0.7767857142857143
