participant,class1,class2,running_time,test_acc,train_acc,test_size,train_size,train_block,test_block,test_acc_vote
19,Hand,Rest,87.96079134941101,0.8928571428571429,0.9761904761904762,"(112, 64, 1000)","(84, 64, 1000)",123,67,0.8839285714285714
19,Feet,Rest,71.96473956108093,0.7232142857142857,0.988095238095238,"(112, 64, 1000)","(84, 64, 1000)",123,67,0.7053571428571428
19,Tongue,Rest,73.54752039909363,0.7589285714285714,1.0,"(112, 64, 1000)","(84, 64, 1000)",123,67,0.7142857142857143
19,Mis,Rest,69.83018088340759,0.7857142857142857,0.9642857142857143,"(112, 64, 1000)","(84, 64, 1000)",123,67,0.7232142857142857
