participant,class1,class2,running_time,test_acc,train_acc,test_size,train_size,train_block,test_block,test_acc_vote
4,Hand,Rest,98.4591145515442,0.8392857142857143,1.0,"(112, 64, 1000)","(84, 64, 1000)",123,67,0.8392857142857143
4,Feet,Rest,101.0427589416504,0.7678571428571429,1.0,"(112, 64, 1000)","(84, 64, 1000)",123,67,0.7053571428571428
4,Tongue,Rest,96.24695038795473,0.8660714285714286,1.0,"(112, 64, 1000)","(84, 64, 1000)",123,67,0.8214285714285714
4,Mis,Rest,94.00736594200134,0.7678571428571429,0.9880952380952381,"(112, 64, 1000)","(84, 64, 1000)",123,67,0.7410714285714286
