participant,class1,class2,running_time,test_acc,train_acc,test_size,train_size,train_block,test_block,test_acc_vote
6,Hand,Rest,95.14183831214903,0.6517857142857143,1.0,"(112, 64, 1000)","(84, 64, 1000)",123,67,0.6607142857142857
6,Feet,Rest,90.86188101768494,0.7589285714285714,1.0,"(112, 64, 1000)","(84, 64, 1000)",123,67,0.7321428571428572
6,Tongue,Rest,98.20178318023682,0.75,0.9761904761904762,"(112, 64, 1000)","(84, 64, 1000)",123,67,0.6964285714285714
6,Mis,Rest,96.63302445411682,0.6428571428571429,0.9523809523809523,"(112, 64, 1000)","(84, 64, 1000)",123,67,0.5892857142857143
