participant,class1,class2,running_time,test_acc,train_acc,test_size,train_size,train_block,test_block,test_acc_vote
7,Hand,Rest,91.88702154159546,0.8660714285714286,0.988095238095238,"(112, 64, 1000)","(84, 64, 1000)",123,67,0.8839285714285714
7,Feet,Rest,90.6341905593872,0.9107142857142856,1.0,"(112, 64, 1000)","(84, 64, 1000)",123,67,0.9107142857142856
7,Tongue,Rest,88.46756267547607,0.7767857142857143,0.988095238095238,"(112, 64, 1000)","(84, 64, 1000)",123,67,0.7321428571428572
7,Mis,Rest,84.68635487556458,0.6696428571428571,1.0,"(112, 64, 1000)","(84, 64, 1000)",123,67,0.625
