participant,class1,class2,running_time,test_acc,train_acc,test_size,train_size,train_block,test_block,test_acc_vote
9,Hand,Rest,93.87689709663393,0.875,0.9642857142857144,"(112, 64, 1000)","(84, 64, 1000)",123,67,0.8482142857142857
9,Feet,Rest,94.81205654144289,0.9553571428571428,1.0,"(112, 64, 1000)","(84, 64, 1000)",123,67,0.9375
9,Tongue,Rest,96.2952024936676,0.7321428571428571,1.0,"(112, 64, 1000)","(84, 64, 1000)",123,67,0.7232142857142857
9,Mis,Rest,97.62669038772583,0.7589285714285714,1.0,"(112, 64, 1000)","(84, 64, 1000)",123,67,0.7232142857142857
