participant,class1,class2,running_time,test_acc,train_acc,test_size,train_size,train_block,test_block,test_acc_vote
13,Hand,Rest,56.9740936756134,0.6607142857142857,1.0,"(56, 64, 1000)","(140, 64, 1000)",12345,67,0.5892857142857143
13,Feet,Rest,56.7897789478302,0.7857142857142857,1.0,"(56, 64, 1000)","(140, 64, 1000)",12345,67,0.7857142857142857
13,Tongue,Rest,59.573378801345825,0.75,1.0,"(56, 64, 1000)","(140, 64, 1000)",12345,67,0.7321428571428572
13,Mis,Rest,58.87375569343567,0.7142857142857143,1.0,"(56, 64, 1000)","(140, 64, 1000)",12345,67,0.6428571428571428
