participant,class1,class2,running_time,test_acc,train_acc,test_size,train_size,train_block,test_block,test_acc_vote
14,Hand,Rest,57.37256956100464,0.875,1.0,"(56, 64, 1000)","(140, 64, 1000)",12345,67,0.8214285714285714
14,Feet,Rest,56.4916672706604,0.8928571428571429,1.0,"(56, 64, 1000)","(140, 64, 1000)",12345,67,0.8571428571428572
14,Tongue,Rest,58.19868040084839,0.7142857142857143,1.0,"(56, 64, 1000)","(140, 64, 1000)",12345,67,0.75
14,Mis,Rest,58.63997220993042,0.7321428571428571,1.0,"(56, 64, 1000)","(140, 64, 1000)",12345,67,0.7142857142857143
