participant,class1,class2,running_time,test_acc,train_acc,test_size,train_size,train_block,test_block,test_acc_vote
6,Hand,Rest,62.94075846672058,0.6607142857142857,1.0,"(56, 64, 1000)","(140, 64, 1000)",12345,67,0.6071428571428572
6,Feet,Rest,62.67223143577576,0.8035714285714286,1.0,"(56, 64, 1000)","(140, 64, 1000)",12345,67,0.8214285714285714
6,Tongue,Rest,62.49172830581665,0.8214285714285714,1.0,"(56, 64, 1000)","(140, 64, 1000)",12345,67,0.8035714285714286
6,Mis,Rest,61.87571048736572,0.75,1.0,"(56, 64, 1000)","(140, 64, 1000)",12345,67,0.6964285714285714
