participant,class1,class2,running_time,test_acc,train_acc,test_size,train_size,train_block,test_block,test_acc_vote
10,Hand,Rest,51.43686294555664,0.5535714285714286,1.0,"(168, 64, 1000)","(28, 64, 1000)",1,234567,0.5238095238095238
10,Feet,Rest,49.98763060569763,0.6726190476190477,1.0,"(168, 64, 1000)","(28, 64, 1000)",1,234567,0.6369047619047619
10,Tongue,Rest,51.69756007194519,0.5595238095238095,1.0,"(168, 64, 1000)","(28, 64, 1000)",1,234567,0.5238095238095238
10,Mis,Rest,51.5360164642334,0.6428571428571429,1.0,"(168, 64, 1000)","(28, 64, 1000)",1,234567,0.6607142857142857
