participant,class1,class2,running_time,test_acc,train_acc,test_size,train_size,train_block,test_block,test_acc_vote
11,Hand,Rest,72.01669836044312,0.7889908256880734,1.0,"(218, 64, 1000)","(218, 64, 1000)",12,67,0.8165137614678899
11,Feet,Rest,72.25381326675415,0.8394495412844036,1.0,"(218, 64, 1000)","(218, 64, 1000)",12,67,0.8532110091743119
11,Tongue,Rest,70.55765533447266,0.6146788990825688,1.0,"(218, 64, 1000)","(218, 64, 1000)",12,67,0.6055045871559632
11,Mis,Rest,72.45263123512268,0.6238532110091743,1.0,"(218, 64, 1000)","(218, 64, 1000)",12,67,0.6192660550458715
