participant,class1,class2,running_time,test_acc,train_acc,test_size,train_size,train_block,test_block,test_acc_vote
13,Hand,Rest,72.04665899276733,0.7201834862385321,1.0,"(218, 64, 1000)","(218, 64, 1000)",12,67,0.6972477064220184
13,Feet,Rest,72.05892634391785,0.7018348623853211,1.0,"(218, 64, 1000)","(218, 64, 1000)",12,67,0.7201834862385321
13,Tongue,Rest,72.44966053962708,0.7018348623853211,1.0,"(218, 64, 1000)","(218, 64, 1000)",12,67,0.7201834862385321
13,Mis,Rest,71.04406213760376,0.6422018348623854,1.0,"(218, 64, 1000)","(218, 64, 1000)",12,67,0.6467889908256881
