participant,class1,class2,running_time,test_acc,train_acc,test_size,train_size,train_block,test_block,test_acc_vote
17,Hand,Rest,71.20186638832092,0.7201834862385321,1.0,"(218, 64, 1000)","(218, 64, 1000)",12,67,0.7431192660550459
17,Feet,Rest,71.12851572036743,0.6467889908256881,1.0,"(218, 64, 1000)","(218, 64, 1000)",12,67,0.6559633027522935
17,Tongue,Rest,70.8947172164917,0.6788990825688074,1.0,"(218, 64, 1000)","(218, 64, 1000)",12,67,0.6972477064220184
17,Mis,Rest,70.65091872215271,0.555045871559633,1.0,"(218, 64, 1000)","(218, 64, 1000)",12,67,0.5596330275229358
