participant,class1,class2,running_time,test_acc,train_acc,test_size,train_size,train_block,test_block,test_acc_vote
3,Hand,Rest,70.35566973686218,0.6513761467889908,1.0,"(218, 64, 1000)","(218, 64, 1000)",12,67,0.6422018348623852
3,Feet,Rest,71.1077983379364,0.6146788990825688,1.0,"(218, 64, 1000)","(218, 64, 1000)",12,67,0.6238532110091743
3,Tongue,Rest,71.14109230041504,0.5458715596330275,1.0,"(218, 64, 1000)","(218, 64, 1000)",12,67,0.536697247706422
3,Mis,Rest,71.67633867263794,0.6926605504587156,1.0,"(218, 64, 1000)","(218, 64, 1000)",12,67,0.6926605504587156
