participant,class1,class2,running_time,test_acc,train_acc,test_size,train_size,train_block,test_block,test_acc_vote
5,Hand,Rest,70.71197438240051,0.5,1.0,"(218, 64, 1000)","(218, 64, 1000)",12,67,0.4862385321100917
5,Feet,Rest,70.10052418708801,0.5779816513761468,1.0,"(218, 64, 1000)","(218, 64, 1000)",12,67,0.5779816513761468
5,Tongue,Rest,70.79922580718994,0.5321100917431193,1.0,"(218, 64, 1000)","(218, 64, 1000)",12,67,0.5229357798165137
5,Mis,Rest,71.87430596351624,0.573394495412844,1.0,"(218, 64, 1000)","(218, 64, 1000)",12,67,0.573394495412844
