participant,class1,class2,running_time,test_acc,train_acc,test_size,train_size,train_block,test_block,test_acc_vote
4,Hand,Rest,35.341612100601196,0.6964285714285714,1.0,"(168, 64, 1000)","(28, 64, 1000)",1,234567,0.6547619047619048
4,Feet,Rest,34.53100776672363,0.4107142857142857,1.0,"(168, 64, 1000)","(28, 64, 1000)",1,234567,0.4047619047619047
4,Tongue,Rest,35.849937915802,0.6071428571428571,1.0,"(168, 64, 1000)","(28, 64, 1000)",1,234567,0.625
4,Mis,Rest,36.18269658088684,0.6011904761904762,1.0,"(168, 64, 1000)","(28, 64, 1000)",1,234567,0.5892857142857143
