participant,class1,class2,running_time,test_acc,train_acc,test_size,train_size,train_block,test_block,test_acc_vote
11,Hand,Rest,55.54998064041138,0.7142857142857143,1.0,"(112, 64, 1000)","(84, 64, 1000)",123,4567,0.6428571428571428
11,Feet,Rest,55.42211294174194,0.9553571428571428,1.0,"(112, 64, 1000)","(84, 64, 1000)",123,4567,0.9464285714285714
11,Tongue,Rest,56.02553081512451,0.6071428571428571,1.0,"(112, 64, 1000)","(84, 64, 1000)",123,4567,0.5892857142857143
11,Mis,Rest,57.011327505111694,0.7053571428571429,1.0,"(112, 64, 1000)","(84, 64, 1000)",123,4567,0.6875
