participant,class1,class2,running_time,test_acc,train_acc,test_size,train_size,train_block,test_block,test_acc_vote
3,Hand,Rest,55.845412254333496,0.8660714285714286,1.0,"(112, 64, 1000)","(84, 64, 1000)",123,4567,0.8214285714285714
3,Feet,Rest,54.76597857475281,0.5625,1.0,"(112, 64, 1000)","(84, 64, 1000)",123,4567,0.5267857142857143
3,Tongue,Rest,56.99106550216675,0.7678571428571429,1.0,"(112, 64, 1000)","(84, 64, 1000)",123,4567,0.7232142857142857
3,Mis,Rest,56.13516449928284,0.8392857142857143,1.0,"(112, 64, 1000)","(84, 64, 1000)",123,4567,0.8035714285714286
