participant,class1,class2,running_time,test_acc,train_acc,test_size,train_size,train_block,test_block,test_acc_vote
10,Hand,Rest,85.44819927215576,0.6621621621621622,1.0,"(222, 64, 500)","(444, 64, 500)",1234,67,0.6711711711711712
10,Feet,Rest,84.16714215278625,0.5765765765765766,1.0,"(222, 64, 500)","(444, 64, 500)",1234,67,0.5540540540540541
10,Tongue,Rest,86.13245892524719,0.5990990990990991,1.0,"(222, 64, 500)","(444, 64, 500)",1234,67,0.6036036036036037
10,Mis,Rest,86.11373376846313,0.7252252252252253,1.0,"(222, 64, 500)","(444, 64, 500)",1234,67,0.7567567567567568
