participant,class1,class2,running_time,test_acc,train_acc,test_size,train_size,train_block,test_block,test_acc_vote
11,Hand,Rest,86.07463788986206,0.8513513513513513,1.0,"(222, 64, 500)","(444, 64, 500)",1234,67,0.8648648648648649
11,Feet,Rest,86.82729005813599,0.8738738738738738,1.0,"(222, 64, 500)","(444, 64, 500)",1234,67,0.8963963963963963
11,Tongue,Rest,85.61460638046265,0.6396396396396397,1.0,"(222, 64, 500)","(444, 64, 500)",1234,67,0.6756756756756757
11,Mis,Rest,84.64261674880981,0.6981981981981982,1.0,"(222, 64, 500)","(444, 64, 500)",1234,67,0.7207207207207207
