participant,class1,class2,running_time,test_acc,train_acc,test_size,train_size,train_block,test_block,test_acc_vote
13,Hand,Rest,84.91204833984375,0.5990990990990991,1.0,"(222, 64, 500)","(444, 64, 500)",1234,67,0.5900900900900901
13,Feet,Rest,85.17366981506348,0.7432432432432432,1.0,"(222, 64, 500)","(444, 64, 500)",1234,67,0.7702702702702703
13,Tongue,Rest,84.70346736907959,0.7342342342342343,1.0,"(222, 64, 500)","(444, 64, 500)",1234,67,0.7432432432432432
13,Mis,Rest,84.66851949691772,0.6981981981981982,1.0,"(222, 64, 500)","(444, 64, 500)",1234,67,0.6846846846846847
