participant,class1,class2,running_time,test_acc,train_acc,test_size,train_size,train_block,test_block,test_acc_vote
14,Hand,Rest,86.141117811203,0.7927927927927928,1.0,"(222, 64, 500)","(444, 64, 500)",1234,67,0.8288288288288288
14,Feet,Rest,86.30491423606873,0.6846846846846847,1.0,"(222, 64, 500)","(444, 64, 500)",1234,67,0.7162162162162162
14,Tongue,Rest,84.70852518081665,0.6891891891891891,1.0,"(222, 64, 500)","(444, 64, 500)",1234,67,0.7297297297297297
14,Mis,Rest,86.73717260360718,0.5900900900900901,1.0,"(222, 64, 500)","(444, 64, 500)",1234,67,0.5945945945945945
