participant,class1,class2,running_time,test_acc,train_acc,test_size,train_size,train_block,test_block,test_acc_vote
15,Hand,Rest,80.93889021873474,0.7837837837837838,1.0,"(222, 64, 500)","(408, 64, 500)",1234,67,0.7882882882882882
15,Feet,Rest,85.55055165290833,0.6396396396396397,1.0,"(222, 64, 500)","(444, 64, 500)",1234,67,0.6486486486486487
15,Tongue,Rest,84.48213076591492,0.6126126126126126,1.0,"(222, 64, 500)","(444, 64, 500)",1234,67,0.6351351351351351
15,Mis,Rest,85.01939010620117,0.7027027027027027,1.0,"(222, 64, 500)","(444, 64, 500)",1234,67,0.7117117117117118
