participant,class1,class2,running_time,test_acc,train_acc,test_size,train_size,train_block,test_block,test_acc_vote
17,Hand,Rest,86.3520393371582,0.7387387387387387,1.0,"(222, 64, 500)","(444, 64, 500)",1234,67,0.7522522522522522
17,Feet,Rest,84.79264736175537,0.7027027027027027,1.0,"(222, 64, 500)","(444, 64, 500)",1234,67,0.7072072072072072
17,Tongue,Rest,85.23536086082458,0.7252252252252253,1.0,"(222, 64, 500)","(444, 64, 500)",1234,67,0.7567567567567568
17,Mis,Rest,84.98949599266052,0.7297297297297297,1.0,"(222, 64, 500)","(444, 64, 500)",1234,67,0.7252252252252251
