participant,class1,class2,running_time,test_acc,train_acc,test_size,train_size,train_block,test_block,test_acc_vote
3,Hand,Rest,86.52341628074646,0.8333333333333334,1.0,"(222, 64, 500)","(444, 64, 500)",1234,67,0.8693693693693694
3,Feet,Rest,85.01036810874939,0.509009009009009,1.0,"(222, 64, 500)","(444, 64, 500)",1234,67,0.4954954954954955
3,Tongue,Rest,85.57687044143677,0.6891891891891891,1.0,"(222, 64, 500)","(444, 64, 500)",1234,67,0.7207207207207207
3,Mis,Rest,84.86889362335205,0.8243243243243243,1.0,"(222, 64, 500)","(444, 64, 500)",1234,67,0.8468468468468469
