participant,class1,class2,running_time,test_acc,train_acc,test_size,train_size,train_block,test_block,test_acc_vote
5,Hand,Rest,86.03099298477173,0.7567567567567568,1.0,"(222, 64, 500)","(444, 64, 500)",1234,67,0.7927927927927928
5,Feet,Rest,84.36063432693481,0.6306306306306306,1.0,"(222, 64, 500)","(444, 64, 500)",1234,67,0.6666666666666667
5,Tongue,Rest,86.12916111946106,0.6756756756756757,1.0,"(222, 64, 500)","(444, 64, 500)",1234,67,0.6891891891891893
5,Mis,Rest,86.42206954956055,0.6891891891891891,1.0,"(222, 64, 500)","(444, 64, 500)",1234,67,0.7342342342342343
