participant,class1,class2,running_time,test_acc,train_acc,test_size,train_size,train_block,test_block,test_acc_vote
7,Hand,Rest,84.3296205997467,0.7432432432432432,1.0,"(222, 64, 500)","(444, 64, 500)",1234,67,0.7657657657657657
7,Feet,Rest,86.41918349266052,0.8423423423423423,1.0,"(222, 64, 500)","(444, 64, 500)",1234,67,0.8648648648648649
7,Tongue,Rest,84.63134407997131,0.6981981981981982,1.0,"(222, 64, 500)","(444, 64, 500)",1234,67,0.7747747747747747
7,Mis,Rest,86.00630640983582,0.6711711711711712,1.0,"(222, 64, 500)","(444, 64, 500)",1234,67,0.7162162162162162
