participant,class1,class2,running_time,test_acc,train_acc,test_size,train_size,train_block,test_block,test_acc_vote
16,Hand,Rest,84.82652807235718,0.6081081081081081,1.0,"(222, 64, 500)","(444, 64, 500)",1234,67,0.6261261261261262
16,Feet,Rest,86.59472298622131,0.6666666666666666,1.0,"(222, 64, 500)","(444, 64, 500)",1234,67,0.6756756756756757
16,Tongue,Rest,86.307692527771,0.7477477477477478,1.0,"(222, 64, 500)","(444, 64, 500)",1234,67,0.7792792792792793
16,Mis,Rest,85.24449896812439,0.7837837837837838,1.0,"(222, 64, 500)","(444, 64, 500)",1234,67,0.7927927927927928
