participant,class1,class2,running_time,test_acc,train_acc,test_size,train_size,train_block,test_block,test_acc_vote
19,Hand,Rest,84.50445866584778,0.8243243243243243,1.0,"(222, 64, 500)","(444, 64, 500)",1234,67,0.8918918918918919
19,Feet,Rest,85.69662809371948,0.6621621621621622,1.0,"(222, 64, 500)","(444, 64, 500)",1234,67,0.6621621621621622
19,Tongue,Rest,84.71947503089905,0.7882882882882883,1.0,"(222, 64, 500)","(444, 64, 500)",1234,67,0.8198198198198199
19,Mis,Rest,85.268869638443,0.7837837837837838,1.0,"(222, 64, 500)","(444, 64, 500)",1234,67,0.8243243243243243
