participant,class1,class2,running_time,test_acc,train_acc,test_size,train_size,train_block,test_block,test_acc_vote
7,Hand,Rest,57.369287967681885,0.7619047619047619,1.0,"(84, 64, 1000)","(112, 64, 1000)",1234,567,0.7619047619047619
7,Feet,Rest,57.14876627922058,0.7976190476190477,0.9910714285714286,"(84, 64, 1000)","(112, 64, 1000)",1234,567,0.7857142857142857
7,Tongue,Rest,57.25364708900452,0.6190476190476191,1.0,"(84, 64, 1000)","(112, 64, 1000)",1234,567,0.5476190476190477
7,Mis,Rest,57.230369329452515,0.7261904761904762,0.9821428571428571,"(84, 64, 1000)","(112, 64, 1000)",1234,567,0.7142857142857143
