participant,class1,class2,running_time,test_acc,train_acc,test_size,train_size,train_block,test_block,test_acc_vote
9,Hand,Rest,55.944807052612305,0.8333333333333334,0.9910714285714286,"(84, 64, 1000)","(112, 64, 1000)",1234,567,0.8214285714285714
9,Feet,Rest,56.044127464294434,0.8214285714285714,0.9910714285714286,"(84, 64, 1000)","(112, 64, 1000)",1234,567,0.7857142857142857
9,Tongue,Rest,59.002593994140625,0.7857142857142857,0.9910714285714286,"(84, 64, 1000)","(112, 64, 1000)",1234,567,0.7976190476190477
9,Mis,Rest,59.03166913986206,0.8095238095238095,1.0,"(84, 64, 1000)","(112, 64, 1000)",1234,567,0.7738095238095238
