participant,class1,class2,running_time,test_acc,train_acc,test_size,train_size,train_block,test_block,test_acc_vote
10,Hand,Rest,58.47421479225159,0.75,1.0,"(56, 64, 1000)","(140, 64, 1000)",12345,67,0.7321428571428572
10,Feet,Rest,45.88475561141968,0.6071428571428571,1.0,"(56, 64, 1000)","(140, 64, 1000)",12345,67,0.625
10,Tongue,Rest,55.50428748130798,0.6785714285714286,1.0,"(56, 64, 1000)","(140, 64, 1000)",12345,67,0.6428571428571428
10,Mis,Rest,51.884127616882324,0.8928571428571429,1.0,"(56, 64, 1000)","(140, 64, 1000)",12345,67,0.9107142857142857
