participant,class1,class2,running_time,test_acc,train_acc,test_size,train_size,train_block,test_block,test_acc_vote
13,Hand,Rest,41.583404302597046,0.7857142857142857,1.0,"(56, 64, 1000)","(140, 64, 1000)",12345,67,0.7321428571428572
13,Feet,Rest,49.7026629447937,0.8392857142857143,1.0,"(56, 64, 1000)","(140, 64, 1000)",12345,67,0.8392857142857143
13,Tongue,Rest,50.01316213607788,0.7857142857142857,1.0,"(56, 64, 1000)","(140, 64, 1000)",12345,67,0.6964285714285714
13,Mis,Rest,50.066614866256714,0.75,1.0,"(56, 64, 1000)","(140, 64, 1000)",12345,67,0.6785714285714286
