participant,class1,class2,running_time,test_acc,train_acc,test_size,train_size,train_block,test_block,test_acc_vote
7,Hand,Rest,42.88569474220276,0.7321428571428571,1.0,"(56, 64, 1000)","(140, 64, 1000)",12345,67,0.75
7,Feet,Rest,51.63167119026184,0.8928571428571429,1.0,"(56, 64, 1000)","(140, 64, 1000)",12345,67,0.9107142857142856
7,Tongue,Rest,43.36074376106262,0.6785714285714286,1.0,"(56, 64, 1000)","(140, 64, 1000)",12345,67,0.6428571428571428
7,Mis,Rest,43.563575983047485,0.7142857142857143,1.0,"(56, 64, 1000)","(140, 64, 1000)",12345,67,0.75
