class,test_acc,vote_acc
Hand,0.613095238095238,0.5904761904761905
Feet,0.5714285714285714,0.55
Tongue,0.5482142857142858,0.5363095238095238
Mis,0.5577380952380953,0.5428571428571429
