participant,class1,class2,running_time,test_acc,train_acc,test_size,train_size,train_block,test_block,test_acc_vote
10,Hand,Rest,38.4207980632782,0.5892857142857143,1.0,"(168, 64, 1000)","(28, 64, 1000)",1,234567,0.5714285714285714
10,Feet,Rest,38.58054089546203,0.6369047619047619,1.0,"(168, 64, 1000)","(28, 64, 1000)",1,234567,0.6130952380952381
10,Tongue,Rest,39.69181442260742,0.6071428571428571,1.0,"(168, 64, 1000)","(28, 64, 1000)",1,234567,0.5357142857142857
10,Mis,Rest,40.05684232711792,0.625,1.0,"(168, 64, 1000)","(28, 64, 1000)",1,234567,0.5595238095238095
