participant,class1,class2,running_time,test_acc,train_acc,test_size,train_size,train_block,test_block,test_acc_vote
11,Hand,Rest,38.63569521903992,0.6130952380952381,1.0,"(168, 64, 1000)","(28, 64, 1000)",1,234567,0.5952380952380952
11,Feet,Rest,38.42404079437256,0.4642857142857143,1.0,"(168, 64, 1000)","(28, 64, 1000)",1,234567,0.4642857142857143
11,Tongue,Rest,39.86902379989624,0.5357142857142857,1.0,"(168, 64, 1000)","(28, 64, 1000)",1,234567,0.5357142857142857
11,Mis,Rest,39.658997774124146,0.48214285714285715,1.0,"(168, 64, 1000)","(28, 64, 1000)",1,234567,0.5
