participant,class1,class2,running_time,test_acc,train_acc,test_size,train_size,train_block,test_block,test_acc_vote
13,Hand,Rest,38.61438322067261,0.5714285714285714,1.0,"(168, 64, 1000)","(28, 64, 1000)",1,234567,0.5297619047619048
13,Feet,Rest,38.647296667099,0.6190476190476191,1.0,"(168, 64, 1000)","(28, 64, 1000)",1,234567,0.5773809523809523
13,Tongue,Rest,40.01853680610657,0.5297619047619048,1.0,"(168, 64, 1000)","(28, 64, 1000)",1,234567,0.5297619047619048
13,Mis,Rest,39.721088886260986,0.5714285714285714,1.0,"(168, 64, 1000)","(28, 64, 1000)",1,234567,0.5357142857142857
