participant,class1,class2,running_time,test_acc,train_acc,test_size,train_size,train_block,test_block,test_acc_vote
4,Hand,Rest,38.37578058242798,0.7976190476190477,1.0,"(168, 64, 1000)","(28, 64, 1000)",1,234567,0.7738095238095238
4,Feet,Rest,38.673677921295166,0.6547619047619048,1.0,"(168, 64, 1000)","(28, 64, 1000)",1,234567,0.5952380952380952
4,Tongue,Rest,39.858123540878296,0.5297619047619048,1.0,"(168, 64, 1000)","(28, 64, 1000)",1,234567,0.5178571428571428
4,Mis,Rest,40.164912700653076,0.6190476190476191,1.0,"(168, 64, 1000)","(28, 64, 1000)",1,234567,0.5892857142857143
