participant,class1,class2,running_time,test_acc,train_acc,test_size,train_size,train_block,test_block,test_acc_vote
7,Hand,Rest,38.596349000930786,0.6369047619047619,1.0,"(168, 64, 1000)","(28, 64, 1000)",1,234567,0.5773809523809523
7,Feet,Rest,38.62248992919922,0.5952380952380952,1.0,"(168, 64, 1000)","(28, 64, 1000)",1,234567,0.5476190476190477
7,Tongue,Rest,39.739399433135986,0.5357142857142857,1.0,"(168, 64, 1000)","(28, 64, 1000)",1,234567,0.5773809523809523
7,Mis,Rest,39.93431568145752,0.5,1.0,"(168, 64, 1000)","(28, 64, 1000)",1,234567,0.5
