participant,class1,class2,running_time,test_acc,train_acc,test_size,train_size,train_block,test_block,test_acc_vote
9,Hand,Rest,39.36348605155945,0.6428571428571429,1.0,"(168, 64, 1000)","(28, 64, 1000)",1,234567,0.6547619047619048
9,Feet,Rest,38.54827642440796,0.5892857142857143,1.0,"(168, 64, 1000)","(28, 64, 1000)",1,234567,0.5595238095238095
9,Tongue,Rest,39.853243350982666,0.5476190476190477,1.0,"(168, 64, 1000)","(28, 64, 1000)",1,234567,0.4821428571428571
9,Mis,Rest,40.08102560043335,0.49404761904761907,1.0,"(168, 64, 1000)","(28, 64, 1000)",1,234567,0.5178571428571428
