participant,class1,class2,running_time,test_acc,train_acc,test_size,train_size,train_block,test_block,test_acc_vote
13,Hand,Rest,96.76310420036316,0.591743119266055,1.0,"(218, 64, 1000)","(327, 64, 1000)",123,67,0.5871559633027523
13,Feet,Rest,97.60696697235107,0.7614678899082569,1.0,"(218, 64, 1000)","(327, 64, 1000)",123,67,0.7844036697247706
13,Tongue,Rest,97.34394764900208,0.7064220183486238,1.0,"(218, 64, 1000)","(327, 64, 1000)",123,67,0.7110091743119267
13,Mis,Rest,97.9037127494812,0.6651376146788991,1.0,"(218, 64, 1000)","(327, 64, 1000)",123,67,0.6743119266055047
