participant,class1,class2,running_time,test_acc,train_acc,test_size,train_size,train_block,test_block,test_acc_vote
15,Hand,Rest,98.47000980377196,0.8486238532110092,1.0,"(218, 64, 1000)","(327, 64, 1000)",123,67,0.8715596330275229
15,Feet,Rest,99.02211165428162,0.6834862385321101,1.0,"(218, 64, 1000)","(327, 64, 1000)",123,67,0.6834862385321101
15,Tongue,Rest,97.31324863433838,0.6605504587155964,1.0,"(218, 64, 1000)","(327, 64, 1000)",123,67,0.6743119266055047
15,Mis,Rest,97.56445503234863,0.7018348623853211,1.0,"(218, 64, 1000)","(327, 64, 1000)",123,67,0.6972477064220184
