participant,class1,class2,running_time,test_acc,train_acc,test_size,train_size,train_block,test_block,test_acc_vote
18,Hand,Rest,97.46040391921996,0.6926605504587156,1.0,"(218, 64, 1000)","(327, 64, 1000)",123,67,0.6972477064220184
18,Feet,Rest,98.14677810668944,0.6192660550458715,1.0,"(218, 64, 1000)","(327, 64, 1000)",123,67,0.6192660550458715
18,Tongue,Rest,97.54712176322936,0.8073394495412844,1.0,"(218, 64, 1000)","(327, 64, 1000)",123,67,0.8027522935779816
18,Mis,Rest,97.80972909927368,0.6926605504587156,1.0,"(218, 64, 1000)","(327, 64, 1000)",123,67,0.7018348623853211
