participant,class1,class2,running_time,test_acc,train_acc,test_size,train_size,train_block,test_block,test_acc_vote
3,Hand,Rest,97.09896564483644,0.8119266055045872,1.0,"(218, 64, 1000)","(327, 64, 1000)",123,67,0.8348623853211009
3,Feet,Rest,97.13397026062012,0.6055045871559633,1.0,"(218, 64, 1000)","(327, 64, 1000)",123,67,0.6100917431192661
3,Tongue,Rest,97.44825839996338,0.6834862385321101,1.0,"(218, 64, 1000)","(327, 64, 1000)",123,67,0.7155963302752293
3,Mis,Rest,97.63656520843506,0.6926605504587156,1.0,"(218, 64, 1000)","(327, 64, 1000)",123,67,0.7018348623853211
