participant,class1,class2,running_time,test_acc,train_acc,test_size,train_size,train_block,test_block,test_acc_vote
14,Hand,Rest,34.65072703361511,0.625,1.0,"(224, 64, 250)","(112, 64, 250)",1,67,0.5758928571428572
14,Feet,Rest,57.74744534492493,0.5625,1.0,"(224, 64, 250)","(112, 64, 250)",1,67,0.5580357142857143
14,Tongue,Rest,75.33252191543579,0.4732142857142857,1.0,"(224, 64, 250)","(112, 64, 250)",1,67,0.4642857142857143
14,Mis,Rest,68.6098427772522,0.5,1.0,"(224, 64, 250)","(112, 64, 250)",1,67,0.5044642857142857
