participant,class1,class2,running_time,test_acc,train_acc,test_size,train_size,train_block,test_block,test_acc_vote
17,Hand,Rest,25.57484793663025,0.6875,0.9375,"(224, 64, 250)","(112, 64, 250)",1,67,0.7276785714285714
17,Feet,Rest,25.489418029785156,0.6517857142857143,0.9732142857142856,"(224, 64, 250)","(112, 64, 250)",1,67,0.6785714285714286
17,Tongue,Rest,25.18497896194458,0.65625,1.0,"(224, 64, 250)","(112, 64, 250)",1,67,0.6473214285714286
17,Mis,Rest,25.648967266082764,0.5267857142857143,0.9910714285714286,"(224, 64, 250)","(112, 64, 250)",1,67,0.5401785714285714
