participant,class1,class2,running_time,test_acc,train_acc,test_size,train_size,train_block,test_block,test_acc_vote
5,Hand,Rest,126.2706515789032,0.5871559633027523,0.9755351681957186,"(436, 64, 1000)","(327, 64, 1000)",123,4567,0.6009174311926606
5,Feet,Rest,125.44810509681702,0.6467889908256881,0.981651376146789,"(436, 64, 1000)","(327, 64, 1000)",123,4567,0.6444954128440368
5,Tongue,Rest,127.8633177280426,0.7591743119266054,0.9724770642201837,"(436, 64, 1000)","(327, 64, 1000)",123,4567,0.7568807339449541
5,Mis,Rest,129.55172634124756,0.7201834862385321,0.9877675840978594,"(436, 64, 1000)","(327, 64, 1000)",123,4567,0.731651376146789
