participant,class1,class2,running_time,test_acc,train_acc,test_size,train_size,train_block,test_block,test_acc_vote
7,Hand,Rest,130.0360095500946,0.768348623853211,0.9724770642201837,"(436, 64, 1000)","(327, 64, 1000)",123,4567,0.7844036697247706
7,Feet,Rest,127.17183113098145,0.7637614678899083,0.981651376146789,"(436, 64, 1000)","(327, 64, 1000)",123,4567,0.786697247706422
7,Tongue,Rest,130.63180685043335,0.6674311926605505,0.9847094801223242,"(436, 64, 1000)","(327, 64, 1000)",123,4567,0.6674311926605505
7,Mis,Rest,128.80769515037537,0.6903669724770642,0.9510703363914373,"(436, 64, 1000)","(327, 64, 1000)",123,4567,0.7110091743119267
