participant,class1,class2,running_time,test_acc,train_acc,test_size,train_size,train_block,test_block,test_acc_vote
10,Hand,Rest,38.06391143798828,0.5765765765765766,1.0,"(222, 64, 500)","(111, 64, 500)",1,67,0.5675675675675675
10,Feet,Rest,37.91997742652893,0.6081081081081081,1.0,"(222, 64, 500)","(111, 64, 500)",1,67,0.6036036036036037
10,Tongue,Rest,37.49759888648987,0.5900900900900901,1.0,"(222, 64, 500)","(111, 64, 500)",1,67,0.5990990990990991
10,Mis,Rest,37.871607542037964,0.5585585585585585,1.0,"(222, 64, 500)","(111, 64, 500)",1,67,0.5630630630630631
