participant,class1,class2,running_time,test_acc,train_acc,test_size,train_size,train_block,test_block,test_acc_vote
19,Hand,Rest,37.78892207145691,0.6981981981981982,1.0,"(222, 64, 500)","(111, 64, 500)",1,67,0.7207207207207207
19,Feet,Rest,38.04603219032288,0.5765765765765766,1.0,"(222, 64, 500)","(111, 64, 500)",1,67,0.5945945945945945
19,Tongue,Rest,37.63280653953552,0.6081081081081081,1.0,"(222, 64, 500)","(111, 64, 500)",1,67,0.5945945945945945
19,Mis,Rest,37.78478932380676,0.7252252252252253,1.0,"(222, 64, 500)","(111, 64, 500)",1,67,0.7297297297297297
