participant,class1,class2,running_time,test_acc,train_acc,test_size,train_size,train_block,test_block,test_acc_vote
3,Hand,Rest,38.326151609420776,0.509009009009009,1.0,"(222, 64, 500)","(111, 64, 500)",1,67,0.5
3,Feet,Rest,37.749757528305054,0.509009009009009,1.0,"(222, 64, 500)","(111, 64, 500)",1,67,0.509009009009009
3,Tongue,Rest,37.61519908905029,0.5495495495495496,1.0,"(222, 64, 500)","(111, 64, 500)",1,67,0.5360360360360361
3,Mis,Rest,37.571356534957886,0.6036036036036037,1.0,"(222, 64, 500)","(111, 64, 500)",1,67,0.5945945945945945
