participant,class1,class2,running_time,test_acc,train_acc,test_size,train_size,train_block,test_block,test_acc_vote
9,Hand,Rest,38.13300061225891,0.7252252252252253,0.954954954954955,"(222, 64, 500)","(111, 64, 500)",1,67,0.7297297297297297
9,Feet,Rest,37.86744785308838,0.6396396396396397,1.0,"(222, 64, 500)","(111, 64, 500)",1,67,0.6306306306306306
9,Tongue,Rest,37.654714584350586,0.5495495495495496,1.0,"(222, 64, 500)","(111, 64, 500)",1,67,0.527027027027027
9,Mis,Rest,37.59956407546997,0.4864864864864865,1.0,"(222, 64, 500)","(111, 64, 500)",1,67,0.463963963963964
