participant,class1,class2,running_time,test_acc,train_acc,test_size,train_size,train_block,test_block,test_acc_vote
15,Hand,Rest,98.02878928184508,0.8440366972477065,0.9847094801223242,"(218, 64, 1000)","(327, 64, 1000)",123,67,0.8440366972477065
15,Feet,Rest,99.34507274627686,0.7339449541284404,0.9877675840978594,"(218, 64, 1000)","(327, 64, 1000)",123,67,0.7385321100917431
15,Tongue,Rest,97.96633648872375,0.6834862385321101,0.9847094801223242,"(218, 64, 1000)","(327, 64, 1000)",123,67,0.6834862385321101
15,Mis,Rest,99.653813123703,0.7064220183486238,0.981651376146789,"(218, 64, 1000)","(327, 64, 1000)",123,67,0.7018348623853211
