participant,class1,class2,running_time,test_acc,train_acc,test_size,train_size,train_block,test_block,test_acc_vote
16,Hand,Rest,98.15232515335084,0.573394495412844,0.9785932721712538,"(218, 64, 1000)","(327, 64, 1000)",123,67,0.5779816513761468
16,Feet,Rest,98.79991292953493,0.7110091743119266,0.9877675840978594,"(218, 64, 1000)","(327, 64, 1000)",123,67,0.7064220183486238
16,Tongue,Rest,99.01075887680054,0.8073394495412844,0.9663608562691132,"(218, 64, 1000)","(327, 64, 1000)",123,67,0.8211009174311926
16,Mis,Rest,99.91167950630188,0.8119266055045872,0.9571865443425076,"(218, 64, 1000)","(327, 64, 1000)",123,67,0.8119266055045872
