participant,class1,class2,running_time,test_acc,train_acc,test_size,train_size,train_block,test_block,test_acc_vote
19,Hand,Rest,98.18488693237305,0.8394495412844036,0.9388379204892966,"(218, 64, 1000)","(327, 64, 1000)",123,67,0.8440366972477065
19,Feet,Rest,98.24030685424805,0.6055045871559633,0.981651376146789,"(218, 64, 1000)","(327, 64, 1000)",123,67,0.6055045871559632
19,Tongue,Rest,98.14902782440186,0.8302752293577982,0.9847094801223242,"(218, 64, 1000)","(327, 64, 1000)",123,67,0.8348623853211009
19,Mis,Rest,99.07162570953369,0.7339449541284404,0.9755351681957186,"(218, 64, 1000)","(327, 64, 1000)",123,67,0.7339449541284404
