participant,class1,class2,running_time,test_acc,train_acc,test_size,train_size,train_block,test_block,test_acc_vote
6,Hand,Rest,98.26678228378296,0.7064220183486238,0.9847094801223242,"(218, 64, 1000)","(327, 64, 1000)",123,67,0.7110091743119267
6,Feet,Rest,100.00758576393127,0.6192660550458715,0.9755351681957186,"(218, 64, 1000)","(327, 64, 1000)",123,67,0.6146788990825688
6,Tongue,Rest,99.492604970932,0.7018348623853211,0.9755351681957186,"(218, 64, 1000)","(327, 64, 1000)",123,67,0.7064220183486238
6,Mis,Rest,99.62721157073975,0.6238532110091743,0.9694189602446484,"(218, 64, 1000)","(327, 64, 1000)",123,67,0.6055045871559632
