participant,class1,class2,running_time,test_acc,train_acc,test_size,train_size,train_block,test_block,test_acc_vote
4,Hand,Rest,60.78070282936096,0.8928571428571429,1.0,"(56, 64, 1000)","(140, 64, 1000)",12345,67,0.875
4,Feet,Rest,61.22935700416565,0.8571428571428571,1.0,"(56, 64, 1000)","(140, 64, 1000)",12345,67,0.7678571428571428
4,Tongue,Rest,62.216232776641846,0.7857142857142857,1.0,"(56, 64, 1000)","(140, 64, 1000)",12345,67,0.75
4,Mis,Rest,63.835692405700684,0.6428571428571429,1.0,"(56, 64, 1000)","(140, 64, 1000)",12345,67,0.6071428571428572
