participant,class1,class2,running_time,test_acc,train_acc,test_size,train_size,train_block,test_block,test_acc_vote
11,Hand,Rest,50.37082242965698,0.5238095238095238,1.0,"(168, 64, 1000)","(28, 64, 1000)",1,234567,0.5
11,Feet,Rest,51.54805588722229,0.8392857142857143,1.0,"(168, 64, 1000)","(28, 64, 1000)",1,234567,0.8452380952380952
11,Tongue,Rest,52.37810134887695,0.5119047619047619,1.0,"(168, 64, 1000)","(28, 64, 1000)",1,234567,0.5059523809523809
11,Mis,Rest,52.89377546310425,0.5357142857142857,1.0,"(168, 64, 1000)","(28, 64, 1000)",1,234567,0.49404761904761907
